country,year,gdp,total_population,poverty_headcount,secondary_enrollment,unemployment_rate,inequality_measure,control_of_corruption,rule_of_law,government_effectiveness,political_stability,voice_and_accountability,regulatory_quality,attacks,log_attacks,year_q
afghanistan,2004,1.414117993,23560654,0.057169535,19.21438026,9.5495,0.4095,0.0,0.075,0.25,0.1875,0.0,0.1071429,88.0,4.48863636973214,1996–01
afghanistan,2005,11.22971483,24404567,0.057169535,20.27350998,9.5495,0.4095,0.0,0.075,0.25,0.0625,0.0,0.1071429,155.0,5.049856007249537,2002–06
afghanistan,2006,5.357403247,25424094,0.057169535,29.52388954,9.5495,0.4095,0.0,0.025,0.0,0.0625,0.102,0.1071429,283.0,5.648974238161206,2002–06
afghanistan,2009,21.39052839,27466101,0.057169535,44.29994965,9.5495,0.3982,0.0,0.075,0.0,0.125,0.1006667,0.1071429,503.0,6.222576268071369,2002–06
afghanistan,2010,14.36244147,28284089,0.057169535,50.44062042,9.5495,0.3948,0.0,0.075,0.0,0.125,0.0826667,0.1071429,542.0,6.297109319933935,2007–10
afghanistan,2011,0.426354777,29347708,0.057169535,52.44742966,9.5495,0.3846,0.0,0.075,0.0,0.125,0.0826667,0.1071429,421.0,6.045005314036012,2007–10
afghanistan,2012,12.75228709,30560034,0.057169535,54.37285995,1.692,0.378,0.0,0.075,0.0,0.125,0.0826667,0.1071429,1469.0,7.293017679772782,2007–10
afghanistan,2013,5.600744659,31622704,0.057169535,54.88336945,9.5495,0.3826,0.0,0.075,0.0,0.125,0.0826667,0.1071429,1443.0,7.275172319452771,2007–10
afghanistan,2014,2.724543362,32792523,0.057169535,54.29365158,7.915,0.3861,0.0,0.075,0.0,0.125,0.0923333,0.1071429,1824.0,7.509335266016592,2011–15
afghanistan,2015,1.451314661,33831764,0.057169535,53.15010834,9.5495,0.3885,0.0,0.075,0.0,0.125,0.0923333,0.1428571,1928.0,7.564757012905729,2011–15
afghanistan,2016,2.260314203,34700612,0.057169535,53.43503952,9.5495,0.3937,0.0,0.075,0.0,0.125,0.08499999999999999,0.1428571,1616.0,7.388327859577107,2011–15
afghanistan,2017,2.647003203,35688935,0.057169535,55.53643036,11.184,0.3994,0.0,0.075,0.0,0.125,0.08499999999999999,0.1428571,1415.0,7.255591274253665,2011–15
afghanistan,2018,1.189228129,36743039,0.057169535,57.35784912,9.5495,0.3994,0.0,0.075,0.0,0.125,0.09899999999999999,0.1428571,1777.0,7.48324441607385,2016–20
afghanistan,2019,3.911603416,37856121,0.057169535,53.15010834,9.5495,0.3994,0.0,0.075,0.0,0.125,0.095,0.1428571,1806.0,7.499423290592229,2016–20
afghanistan,2020,-2.351100672,39068979,0.057169535,53.15010834,11.71,0.3994,0.0,0.075,0.0,0.125,0.095,0.1428571,2604.0,7.865187954187467,2016–20
albania,2006,6.01898124,2992547,0.017945902,84.32576752,13.8,0.3291,0.25,0.4,0.25,0.5625,0.5303333,0.5,0.0,0.0,2002–06
albania,2007,6.500092612,2970017,0.017945902,86.21885681,15.966,0.3211,0.25,0.4,0.25,0.5,0.5303333,0.5,0.0,0.0,2002–06
albania,2008,6.907062307,2947314,0.008273079,87.83383942,13.06,0.3306,0.25,0.4,0.25,0.5,0.5303333,0.5,0.0,0.0,2002–06
albania,2009,2.690751524,2927519,0.017945902,89.3157196,13.674,0.3279,0.25,0.4,0.25,0.4375,0.5303333,0.5,1.0,0.6931471805599453,2002–06
albania,2010,2.973154427,2913021,0.017945902,93.68182373,14.086,0.3272,0.25,0.4,0.25,0.4375,0.5286666999999999,0.5,0.0,0.0,2007–10
albania,2011,2.463516839,2905195,0.017945902,95.47052765,13.481,0.3312,0.125,0.4,0.25,0.25,0.527,0.5,0.0,0.0,2007–10
albania,2012,0.98412988,2860708,0.017945902,97.60861206,13.376,0.3301,0.125,0.4,0.25,0.3125,0.5223333,0.5,0.0,0.0,2007–10
albania,2013,1.707228318,2816902,0.017945902,102.9032095,15.866,0.3463,0.125,0.425,0.25,0.4375,0.6056667,0.5,1.0,0.6931471805599453,2007–10
albania,2014,2.240226954,2773767,0.036761395,103.3213775,18.055,0.3556,0.125,0.425,0.25,0.5625,0.6056667,0.5,2.0,1.0986122886681098,2011–15
albania,2015,2.227704075,2731293,0.011148642,102.4407293,17.193,0.3524,0.125,0.425,0.25,0.5625,0.6136667,0.5,4.0,1.6094379124341003,2011–15
albania,2016,3.908935514,2689469,0.0574550355,99.17075505,15.418,0.3579,0.25,0.425,0.25,0.5625,0.6136667,0.5357143,2.0,1.0986122886681098,2011–15
albania,2017,3.283175933,2648285,0.051563215,97.57436975,13.616,0.3543,0.25,0.425,0.25,0.625,0.616,0.5357143,1.0,0.6931471805599453,2011–15
albania,2018,3.671419281,2607733,0.038002488,98.82238786,12.304,0.3503,0.25,0.425,0.25,0.625,0.616,0.5357143,0.0,0.0,2016–20
albania,2019,2.062577902,2567801,0.002723695,99.01515357,11.466,0.3451,0.25,0.425,0.25,0.5625,0.613,0.5714286,1.0,0.6931471805599453,2016–20
albania,2020,-3.313756369,2528480,0.003409224,95.92944745,11.639,0.345,0.125,0.45,0.25,0.5625,0.6193333,0.5714286,1.0,0.6931471805599453,2016–20
algeria,1996,4.099998472,29033044,0.0,58.93128967,11.33,0.4562,0.125,0.175,0.5,0.0,0.375,0.3214286,129.0,4.867534450455582,1996–01
algeria,1998,5.100003611,30054133,0.0,79.93050002999999,11.33,0.4562,0.0,0.15,0.25,0.0,0.25,0.3214286,151.0,5.0238805208462765,1996–01
algeria,2000,3.800000002,30903893,0.0,64.59542084,29.77,0.4562,0.0,0.15,0.0,0.25,0.25,0.3214286,138.0,4.9344739331306915,1996–01
algeria,2002,5.4,31750835,0.0,72.58306885,25.9,0.4562,0.0,0.5,0.25,0.1875,0.5,0.3571429,132.0,4.890349128221754,1996–01
algeria,2003,6.500000001,32175818,0.0,75.43586731,23.72,0.4562,0.0,0.45,0.0,0.375,0.375,0.3214286,75.0,4.330733340286331,1996–01
algeria,2004,4.5,32628286,0.0,79.62985992,17.65,0.4562,0.0,0.4,0.0,0.4375,0.375,0.3214286,67.0,4.219507705176107,1996–01
algeria,2005,5.4,33109249,0.0,81.85636902,15.27,0.4562,0.25,0.375,0.0,0.4375,0.375,0.3214286,104.0,4.653960350157523,2002–06
algeria,2006,2.899999999,33623506,0.0,83.48119354,12.27,0.4562,0.25,0.375,0.0,0.4375,0.3556667,0.3214286,152.0,5.030437921392435,2002–06
algeria,2007,3.100000001,34189416,0.0,73.51782227,13.79,0.4491,0.25,0.375,0.0,0.5,0.3556667,0.375,124.0,4.8283137373023015,2002–06
algeria,2008,2.499999999,34816961,0.0,80.23114014,11.33,0.4422,0.25,0.35,0.0,0.5625,0.3606667,0.3214286,107.0,4.68213122712422,2002–06
algeria,2009,1.2,35490445,0.0,96.39295959,10.16,0.4354,0.25,0.325,0.0,0.3125,0.3606667,0.2142857,108.0,4.6913478822291435,2002–06
algeria,2010,4.800000001,36188236,0.0,100.7397766,9.96,0.4286,0.25,0.325,0.0,0.1875,0.3646667,0.2142857,100.0,4.61512051684126,2007–10
algeria,2011,2.999999999,36903376,0.0,103.1842728,9.96,0.422,0.25,0.325,0.0,0.3125,0.3646667,0.1785714,15.0,2.772588722239781,2007–10
algeria,2012,2.4,37646166,0.0,79.93050002999999,10.97,0.4544,0.25,0.325,0.0,0.375,0.3776667,0.1785714,41.0,3.7376696182833684,2007–10
algeria,2013,2.600000001,38414171,0.0,79.93050002999999,9.82,0.4873,0.25,0.35,0.0,0.375,0.3776667,0.1785714,22.0,3.1354942159291497,2007–10
algeria,2014,4.099999999,39205031,0.0,79.93050002999999,10.207,0.4873,0.25,0.35,0.0,0.375,0.3776667,0.1785714,13.0,2.6390573296152584,2011–15
algeria,2015,3.200000001,40019529,0.0,79.93050002999999,11.206,0.4873,0.25,0.35,0.0,0.375,0.3816667,0.1785714,15.0,2.772588722239781,2011–15
algeria,2016,3.9,40850721,0.0,79.93050002999999,10.202,0.4873,0.25,0.35,0.25,0.375,0.3686667,0.2142857,9.0,2.302585092994046,2011–15
algeria,2017,1.499999999,41689299,0.0,79.93050002999999,12.0,0.4873,0.25,0.35,0.25,0.375,0.3686667,0.2142857,14.0,2.70805020110221,2011–15
algeria,2018,1.400000001,42505035,0.0,79.93050002999999,11.33,0.4873,0.25,0.35,0.25,0.375,0.2833333,0.1428571,7.0,2.0794415416798357,2016–20
algeria,2019,0.899999999,43294546,0.0,79.93050002999999,11.33,0.4873,0.125,0.35,0.25,0.25,0.3003333,0.1071429,0.0,0.0,2016–20
algeria,2020,-4.999999999,44042091,0.0,79.93050002999999,11.33,0.4873,0.125,0.35,0.25,0.25,0.2923333,0.1071429,4.0,1.6094379124341003,2016–20
angola,1996,13.54436976,14170973,0.269546383,23.56552029,13.005,0.5783,0.0,0.075,0.0,0.0,0.125,0.1428571,4.0,1.6094379124341003,1996–01
angola,1998,4.691146451,15159370,0.269546383,11.89748001,13.005,0.5783,0.0,0.075,0.0,0.0,0.125,0.1428571,20.0,3.044522437723423,1996–01
angola,2000,3.054624234,16194869,0.269546383,13.36907005,13.005,0.5783,0.0,0.075,0.0,0.0,0.125,0.1428571,22.0,3.1354942159291497,1996–01
angola,2002,13.66568876,17327699,0.269546383,16.14959908,13.005,0.5559,0.0,0.075,0.0,0.0625,0.125,0.1428571,6.0,1.9459101490553132,1996–01
angola,2003,3.487312401,17943712,0.269546383,23.56552029,13.005,0.5447,0.0,0.075,0.0,0.1875,0.125,0.1428571,0.0,0.0,1996–01
angola,2004,11.41986339,18600423,0.269546383,23.56552029,23.643,0.5334,0.125,0.15,0.0,0.4375,0.125,0.1428571,0.0,0.0,1996–01
angola,2005,14.15477753,19291161,0.269546383,23.56552029,13.005,0.5222,0.125,0.175,0.0,0.375,0.25,0.1428571,0.0,0.0,2002–06
angola,2006,11.84181788,20015279,0.269546383,23.56552029,13.005,0.511,0.0,0.225,0.0,0.375,0.0803333,0.3571429,0.0,0.0,2002–06
angola,2007,13.00268895,20778561,0.269546383,23.56552029,13.005,0.4998,0.0,0.225,0.0,0.46875,0.1636667,0.375,0.0,0.0,2002–06
angola,2008,10.78663605,21578655,0.220795824,22.79902077,13.005,0.4885,0.0,0.275,0.0,0.625,0.2783333,0.3928571,0.0,0.0,2002–06
angola,2009,1.995589098,22414773,0.269546383,24.33201981,3.782,0.4974,0.0,0.275,0.25,0.5625,0.195,0.3928571,1.0,0.6931471805599453,2002–06
angola,2010,5.293665728,23294825,0.269546383,28.21080388,9.43,0.5062,0.0,0.25,0.25,0.625,0.194,0.4285714,2.0,1.0986122886681098,2007–10
angola,2011,3.593869602,24218352,0.269546383,29.68695178,16.77,0.5151,0.0,0.25,0.25,0.5625,0.194,0.4285714,0.0,0.0,2007–10
angola,2012,8.503122839,25177394,0.269546383,23.56552029,13.005,0.524,0.0,0.25,0.25,0.5625,0.195,0.4285714,0.0,0.0,2007–10
angola,2013,4.883061297,26165620,0.269546383,23.56552029,13.005,0.5328,0.0,0.25,0.25,0.5625,0.195,0.3571429,0.0,0.0,2007–10
angola,2014,4.655723563,27160769,0.269546383,23.56552029,9.579,0.5417,0.0,0.25,0.25,0.5625,0.195,0.3214286,0.0,0.0,2011–15
angola,2015,0.763177711,28157798,0.269546383,23.56552029,13.005,0.5505,0.0,0.25,0.25,0.5,0.195,0.3214286,0.0,0.0,2011–15
angola,2016,-1.700530363,29183070,0.269546383,54.41679873,13.005,0.5594,0.0,0.25,0.25,0.5,0.1966667,0.2857143,2.0,1.0986122886681098,2011–15
angola,2017,-0.149396226,30234839,0.269546383,23.56552029,13.005,0.5682,0.0,0.25,0.25,0.5625,0.204,0.2857143,6.0,1.9459101490553132,2011–15
angola,2018,-0.594411227,31297155,0.392947051,23.56552029,13.005,0.5771,0.125,0.25,0.25,0.625,0.204,0.2857143,0.0,0.0,2016–20
angola,2019,-0.204680246,32375632,0.269546383,23.56552029,16.431,0.5771,0.125,0.25,0.25,0.625,0.2073333,0.2857143,1.0,0.6931471805599453,2016–20
angola,2020,-4.042447246,33451132,0.269546383,23.56552029,13.005,0.5771,0.125,0.25,0.25,0.625,0.2053333,0.2857143,1.0,0.6931471805599453,2016–20
argentina,1996,5.526689827,35513793,0.057169535,78.49260712,17.11,0.5057,0.25,0.5,0.75,0.5,0.5,0.6071428999999999,19.0,2.995732273553991,1996–01
argentina,1998,3.850178852,36372860,0.057169535,80.65203094,12.65,0.5057,0.25,0.5,0.5,0.5,0.5,0.6071428999999999,0.0,0.0,1996–01
argentina,2000,-0.788998939,37213984,0.057169535,96.21411896,15.0,0.5057,0.25,0.45,0.5,0.5625,0.5,0.5714286,0.0,0.0,1996–01
argentina,2002,-10.89448483,38029349,0.057169535,96.99656677,19.59,0.5324,0.25,0.375,0.5,0.3125,0.5,0.3571429,0.0,0.0,1996–01
argentina,2003,8.837040796,38424282,0.057169535,96.04644775,15.36,0.5025,0.25,0.375,0.5,0.5,0.5,0.3928571,1.0,0.6931471805599453,1996–01
argentina,2004,9.029573301,38815916,0.057169535,95.45755768,13.522,0.495,0.25,0.425,0.5,0.5625,0.625,0.3928571,0.0,0.0,1996–01
argentina,2005,8.85165992,39216789,0.057169535,93.63767242,11.506,0.4674,0.25,0.425,0.5,0.625,0.625,0.3571429,3.0,1.3862943611198906,2002–06
argentina,2006,8.0471515,39622115,0.057169535,92.40757751,10.078,0.4455,0.25,0.425,0.5,0.5625,0.6376666999999999,0.2857143,0.0,0.0,2002–06
argentina,2007,9.007650875,40016763,0.057169535,92.18740845,8.47,0.4742,0.25,0.4375,0.5,0.59375,0.6376666999999999,0.3035714,0.0,0.0,2002–06
argentina,2008,4.057233103,40424148,0.057169535,93.18321991,7.837,0.414,0.25,0.45,0.5,0.625,0.6376666999999999,0.3214286,0.0,0.0,2002–06
argentina,2009,-5.918525076,40854831,0.057169535,96.4056778,8.645,0.4171,0.25,0.425,0.5,0.5,0.6376666999999999,0.3214286,1.0,0.6931471805599453,2002–06
argentina,2010,10.12539816,41288694,0.057169535,99.07099915,7.714,0.4258,0.25,0.425,0.5,0.5,0.6446666999999999,0.3214286,5.0,1.791759469228055,2007–10
argentina,2011,6.003951693,41730660,0.057169535,100.8845596,7.18,0.4003,0.25,0.425,0.5,0.4375,0.6446666999999999,0.3214286,1.0,0.6931471805599453,2007–10
argentina,2012,-1.026420454,42161721,0.057169535,102.7099915,7.217,0.3881,0.125,0.4,0.5,0.4375,0.6446666999999999,0.25,2.0,1.0986122886681098,2007–10
argentina,2013,2.405323781,42582455,0.057169535,104.540863,7.1,0.3985,0.125,0.4,0.5,0.4375,0.6446666999999999,0.25,2.0,1.0986122886681098,2007–10
argentina,2014,-2.512615321,43024071,0.057169535,106.0389023,7.268,0.416,0.125,0.4,0.5,0.4375,0.6446666999999999,0.25,1.0,0.6931471805599453,2011–15
argentina,2015,2.731159828,43477012,0.057169535,107.5048676,9.531500000000001,0.4165,0.125,0.425,0.5,0.5,0.6506666999999999,0.25,1.0,0.6931471805599453,2011–15
argentina,2016,-2.080327844,43900313,0.057169535,109.5983276,9.531500000000001,0.4172,0.375,0.5499999999999999,0.5,0.5,0.6486666999999999,0.3928571,2.0,1.0986122886681098,2011–15
argentina,2017,2.818502978,44288894,0.057169535,110.3778,8.347,0.4179,0.375,0.5499999999999999,0.5,0.625,0.6486666999999999,0.4642857,3.0,1.3862943611198906,2011–15
argentina,2018,-2.617396463,44654882,0.057169535,109.6712418,9.22,0.4176,0.375,0.5499999999999999,0.5,0.5625,0.6506666999999999,0.5357143,5.0,1.791759469228055,2016–20
argentina,2019,-2.000861003,44973465,0.057169535,110.4601517,9.843,0.437,0.375,0.475,0.5,0.5,0.6506666999999999,0.4285714,1.0,0.6931471805599453,2016–20
argentina,2020,-9.900484814,45191965,0.057169535,112.3767319,11.461,0.4511,0.375,0.475,0.5,0.5,0.6483333,0.3928571,5.0,1.791759469228055,2016–20
australia,1996,3.865674792,18224767,0.005840973500000001,148.8163452,8.506,0.3095,0.875,0.8999999999999999,0.75,1.0,0.75,0.7142856999999999,5.0,1.791759469228055,1996–01
australia,1998,4.676813735,18607584,0.005840973500000001,148.8163452,7.676,0.3108,0.875,0.8999999999999999,0.75,1.0,0.75,0.75,6.0,1.9459101490553132,1996–01
australia,2000,3.916057488,19028802,0.005840973500000001,148.8163452,6.283,0.319,0.875,0.8999999999999999,0.75,0.9375,0.75,0.7857143,1.0,0.6931471805599453,1996–01
australia,2002,3.949805358,19495210,0.005840973500000001,148.8163452,6.368,0.3264,0.875,0.8999999999999999,0.75,0.9375,0.75,0.7857143,0.0,0.0,1996–01
australia,2003,3.0912801,19720737,0.009973307,148.8163452,5.929,0.3262,0.875,0.8999999999999999,0.75,0.9375,0.75,0.7857143,0.0,0.0,1996–01
australia,2004,4.218941475,19932722,0.007125372,148.8163452,5.395,0.3331,0.625,0.875,0.75,1.0,0.75,0.8928571,0.0,0.0,1996–01
australia,2005,3.155481213,20176844,0.005840973500000001,148.8163452,5.032,0.337,0.625,0.8999999999999999,0.75,1.0,0.875,0.8571428999999999,0.0,0.0,2002–06
australia,2006,2.770926174,20450966,0.005840973500000001,148.8163452,4.782,0.3383,0.625,0.8999999999999999,0.75,0.9375,0.8863333,0.8214286,2.0,1.0986122886681098,2002–06
australia,2007,3.789471199,20827622,0.005840973500000001,148.8163452,4.377,0.3416,0.75,0.8999999999999999,0.75,0.9375,0.8863333,0.8214286,0.0,0.0,2002–06
australia,2008,3.623985036,21249199,0.006694529,148.8163452,4.234,0.3431,0.875,0.8999999999999999,0.75,0.9375,0.8863333,0.8214286,1.0,0.6931471805599453,2002–06
australia,2009,1.954848263,21691653,0.005840973500000001,148.8163452,5.561,0.3514,0.875,0.8999999999999999,0.75,0.875,0.8863333,0.8214286,1.0,0.6931471805599453,2002–06
australia,2010,2.210047953,22031750,0.003491684,148.8163452,5.211,0.3488,0.875,0.8999999999999999,0.75,0.875,0.8906666999999999,0.7857143,1.0,0.6931471805599453,2007–10
australia,2011,2.394734943,22340024,0.005840973500000001,148.8163452,5.081,0.3516,0.875,0.8999999999999999,0.75,0.875,0.8906666999999999,0.8214286,0.0,0.0,2007–10
australia,2012,3.952471381,22733465,0.005840973500000001,148.8163452,5.224,0.3509,0.875,0.8999999999999999,0.75,0.875,0.8906666999999999,0.8571428999999999,0.0,0.0,2007–10
australia,2013,2.654453026,23128129,0.005840973500000001,148.8163452,5.662,0.3483,0.75,0.9249999999999999,0.75,0.875,0.8876666999999999,0.9285713999999999,1.0,0.6931471805599453,2007–10
australia,2014,2.601189782,23475686,0.004984838,148.8163452,6.077,0.3487,0.875,0.9249999999999999,1.0,0.875,0.8836666999999999,0.9285713999999999,8.0,2.1972245773362196,2011–15
australia,2015,2.164347806,23815995,0.005840973500000001,159.1107635,6.054,0.3449,0.875,0.9249999999999999,1.0,0.875,0.8836666999999999,0.9285713999999999,12.0,2.5649493574615367,2011–15
australia,2016,2.755640655,24190907,0.004987418,155.5943909,5.714,0.3374,0.875,0.9249999999999999,1.0,0.875,0.8836666999999999,0.9642856999999999,9.0,2.302585092994046,2011–15
australia,2017,2.293310302,24592588,0.005840973500000001,153.5761261,5.604,0.3436,0.875,0.9249999999999999,1.0,0.875,0.8863333,0.9285713999999999,4.0,1.6094379124341003,2011–15
australia,2018,2.874170395,24963258,0.00497094,136.105545,5.345,0.3376,0.875,0.9249999999999999,1.0,0.875,0.8863333,0.9285713999999999,3.0,1.3862943611198906,2016–20
australia,2019,2.194017036,25334826,0.005840973500000001,144.0565643,5.143,0.3293,0.875,0.9249999999999999,1.0,0.875,0.8863333,0.9285713999999999,2.0,1.0986122886681098,2016–20
australia,2020,-0.133531904,25649248,0.009892079,137.4907379,6.394,0.3406,0.875,0.9249999999999999,1.0,0.875,0.882,0.9285713999999999,5.0,1.791759469228055,2016–20
austria,1996,2.215767131,7959017,0.0,100.24597929999999,5.282,0.3081,0.875,0.9249999999999999,1.0,1.0,0.875,0.8214286,4.0,1.6094379124341003,1996–01
austria,1998,3.49288003,7976789,0.002394451,100.24597929999999,5.483,0.3164,0.875,0.9249999999999999,1.0,1.0,0.875,0.8214286,1.0,0.6931471805599453,1996–01
austria,2000,3.18952293,8011566,0.00244632,98.61234283,4.687,0.3164,0.875,0.9249999999999999,1.0,1.0,0.875,0.8214286,0.0,0.0,1996–01
austria,2002,1.484368776,8081957,0.003814212,98.95127106,4.852,0.3154,0.875,0.9249999999999999,1.0,1.0,0.875,0.8571428999999999,0.0,0.0,1996–01
austria,2003,1.141565045,8121423,0.003732266,99.39745331,4.779,0.3158,0.875,0.9249999999999999,1.0,1.0,0.875,0.8571428999999999,0.0,0.0,1996–01
austria,2004,2.565255341,8171966,0.000816529,99.2856369,5.969,0.3198,0.875,0.9249999999999999,1.0,0.9375,0.875,0.8214286,0.0,0.0,1996–01
austria,2005,2.320365143,8227829,0.001536901,100.1994324,5.682,0.3149,0.875,0.8999999999999999,1.0,0.9375,0.75,0.8571428999999999,0.0,0.0,2002–06
austria,2006,3.269336015,8268641,0.001453272,100.4166794,5.32,0.3221,0.875,0.95,0.75,1.0,0.9563332999999999,0.8214286,1.0,0.6931471805599453,2002–06
austria,2007,3.775224687,8295487,0.003814212,100.1025696,4.909,0.3207,0.875,0.95,0.75,0.9375,0.9563332999999999,0.8214286,1.0,0.6931471805599453,2002–06
austria,2008,1.453305621,8321496,0.005091001,100.1261292,4.198,0.3198,0.875,0.95,0.75,0.9375,0.9496667,0.8214286,7.0,2.0794415416798357,2002–06
austria,2009,-3.586264726,8343323,0.006884822,100.5940933,5.371,0.3082,0.875,0.9249999999999999,0.75,0.875,0.9496667,0.8214286,3.0,1.3862943611198906,2002–06
austria,2010,1.80898243,8363404,0.005196234,100.2639694,4.883,0.3203,0.75,0.9249999999999999,1.0,0.875,0.9496667,0.8214286,0.0,0.0,2007–10
austria,2011,2.927468002,8391643,0.004768217,99.67295837,4.637,0.3171,0.75,0.9249999999999999,0.75,0.875,0.8663333,0.8214286,1.0,0.6931471805599453,2007–10
austria,2012,0.628246239,8429991,0.006715152,100.1087265,4.909,0.3131,0.75,0.95,0.75,1.0,0.8706667,0.8214286,0.0,0.0,2007–10
austria,2013,-0.250726423,8479823,0.003379979,101.1732101,5.367,0.3096,0.75,0.95,0.75,1.0,0.866,0.8214286,1.0,0.6931471805599453,2007–10
austria,2014,0.75579885,8546356,0.002242602,101.3048096,5.674,0.3054,0.75,0.95,0.75,1.0,0.868,0.8214286,0.0,0.0,2011–15
austria,2015,1.303523318,8642699,0.006846073,101.4115829,5.802,0.3072,0.75,0.95,0.75,1.0,0.868,0.8214286,0.0,0.0,2011–15
austria,2016,2.117219645,8736668,0.006640635,100.2279892,6.064,0.3209,0.75,0.95,0.75,1.0,0.8636667,0.8571428999999999,3.0,1.3862943611198906,2011–15
austria,2017,2.27224992,8797566,0.003497298,100.3378983,5.561,0.3099,0.75,0.95,0.75,1.0,0.864,0.8571428999999999,1.0,0.6931471805599453,2011–15
austria,2018,2.484221141,8840521,0.005683584,100.6925964,4.933,0.3113,0.75,0.95,0.75,0.875,0.8596667,0.8214286,1.0,0.6931471805599453,2016–20
austria,2019,1.754976196,8879920,0.006466445,101.5436325,4.56,0.3076,0.75,0.95,0.75,0.875,0.8596667,0.8214286,0.0,0.0,2016–20
austria,2020,-6.318255092,8916864,0.007386065,101.6905594,5.201,0.3076,0.75,0.95,0.75,0.875,0.8553333,0.7857143,4.0,1.6094379124341003,2016–20
azerbaijan,1996,1.299999405,7763000,0.0014461595,84.80985864,0.9,0.4267,0.0,0.2,0.0,0.25,0.125,0.3214286,2.0,1.0986122886681098,1996–01
azerbaijan,1998,9.999999612,7913000,0.0014461595,84.80985864,1.13,0.4276,0.0,0.2,0.0,0.125,0.125,0.3214286,0.0,0.0,1996–01
azerbaijan,2000,11.09999914,8048600,0.0014461595,84.80985864,11.78,0.4274,0.0,0.2,0.0,0.25,0.125,0.3214286,1.0,0.6931471805599453,1996–01
azerbaijan,2002,9.438916269,8171950,0.002424022,84.80985864,10.04,0.3665,0.0,0.3,0.0,0.125,0.125,0.2857143,1.0,0.6931471805599453,1996–01
azerbaijan,2003,10.2082994,8234100,0.002487477,84.80985864,9.17,0.3613,0.0,0.3,0.0,0.125,0.125,0.2857143,0.0,0.0,1996–01
azerbaijan,2004,9.253801797,8306500,0.000468297,84.80985864,7.99,0.3688,0.0,0.3,0.0,0.125,0.125,0.2857143,0.0,0.0,1996–01
azerbaijan,2005,27.96153811,8391850,0.0,84.80985864,7.26,0.3772,0.0,0.3,0.0,0.125,0.125,0.2857143,0.0,0.0,2002–06
azerbaijan,2006,34.46620962,8484550,0.0014461595,84.80985864,6.62,0.4169,0.0,0.25,0.0,0.25,0.1936667,0.3214286,0.0,0.0,2002–06
azerbaijan,2007,25.46321573,8581300,0.0014461595,84.80985864,6.33,0.426,0.0,0.25,0.0,0.375,0.1936667,0.3214286,1.0,0.6931471805599453,2002–06
azerbaijan,2008,10.59143746,8763400,0.0014461595,84.80985864,5.86,0.3743,0.0,0.25,0.0,0.375,0.1896667,0.3214286,2.0,1.0986122886681098,2002–06
azerbaijan,2009,9.369502603,8947243,0.0014461595,84.80985864,5.74,0.3712,0.0,0.25,0.0,0.3125,0.1896667,0.3214286,2.0,1.0986122886681098,2002–06
azerbaijan,2010,4.788832488,9054332,0.0014461595,83.08531815,5.63,0.3651,0.0,0.25,0.0,0.375,0.1883333,0.3214286,0.0,0.0,2007–10
azerbaijan,2011,-1.572997351,9173082,0.0014461595,82.91762054,5.42,0.3704,0.0,0.25,0.0,0.3125,0.1883333,0.3214286,0.0,0.0,2007–10
azerbaijan,2012,2.202938917,9295784,0.0014461595,82.76227492,5.19,0.3765,0.0,0.25,0.0,0.3125,0.1883333,0.3214286,0.0,0.0,2007–10
azerbaijan,2013,5.843415905,9416801,0.0014461595,83.13765536,4.97,0.372,0.0,0.3,0.0,0.375,0.1853333,0.3928571,0.0,0.0,2007–10
azerbaijan,2014,2.797585214,9535079,0.0014461595,83.43866002,4.91,0.372,0.0,0.325,0.0,0.375,0.1776667,0.3928571,3.0,1.3862943611198906,2011–15
azerbaijan,2015,1.049546412,9649341,0.0014461595,84.80985864,4.96,0.3666,0.0,0.325,0.0,0.375,0.1736667,0.3928571,0.0,0.0,2011–15
azerbaijan,2016,-3.063598423,9757812,0.0014461595,86.58569358,5.0,0.3586,0.125,0.325,0.25,0.375,0.1716667,0.4285714,2.0,1.0986122886681098,2011–15
azerbaijan,2017,0.153614662,9854033,0.0014461595,89.26251647,5.0,0.3675,0.125,0.325,0.25,0.375,0.1716667,0.3928571,2.0,1.0986122886681098,2011–15
azerbaijan,2018,1.500401672,9939771,0.0014461595,108.4887811,4.9,0.3675,0.125,0.325,0.25,0.375,0.1716667,0.3928571,1.0,0.6931471805599453,2016–20
azerbaijan,2019,2.479808792,10024283,0.0014461595,107.8639605,5.0,0.3675,0.125,0.325,0.25,0.375,0.175,0.3928571,0.0,0.0,2016–20
azerbaijan,2020,-4.198960653,10093121,0.0014461595,91.3655135,7.24,0.3675,0.125,0.325,0.25,0.3125,0.1726667,0.3928571,0.0,0.0,2016–20
bahrain,1996,4.110006317,573792,0.057169535,89.68965912,3.85,0.5614,0.125,0.35,0.5,0.1875,0.375,0.5,16.0,2.833213344056216,1996–01
bahrain,1998,4.790003593,604842,0.057169535,89.32608795,3.85,0.5675,0.125,0.45,0.5,0.3125,0.375,0.5,0.0,0.0,1996–01
bahrain,2000,5.300069403,637582,0.057169535,91.4384079,3.85,0.5738,0.125,0.45,0.5,0.5,0.375,0.5,0.0,0.0,1996–01
bahrain,2002,3.348550671,710553,0.057169535,85.68901825,3.85,0.5803,0.375,0.625,0.5,0.5,0.375,0.5,0.0,0.0,1996–01
bahrain,2003,6.296441291,764517,0.057169535,81.4129715,3.85,0.5837,0.375,0.625,0.5,0.375,0.375,0.5714286,1.0,0.6931471805599453,1996–01
bahrain,2004,6.980961759,823741,0.057169535,80.49240112,3.85,0.5871,0.375,0.65,0.5,0.3125,0.5,0.5714286,0.0,0.0,1996–01
bahrain,2005,6.768997378,888822,0.057169535,81.27992249,3.85,0.5906,0.375,0.625,0.5,0.3125,0.375,0.5714286,0.0,0.0,2002–06
bahrain,2006,6.46699952,960424,0.057169535,83.5526886,3.85,0.5684,0.375,0.625,0.5,0.4375,0.3676667,0.5714286,1.0,0.6931471805599453,2002–06
bahrain,2007,8.293961291,1039295,0.057169535,90.81767469,5.6,0.544,0.375,0.625,0.5,0.4375,0.3676667,0.5714286,0.0,0.0,2002–06
bahrain,2008,6.24501095,1103496,0.057169535,89.02088928,3.7,0.5171,0.375,0.6,0.5,0.4375,0.3626667,0.5357143,1.0,0.6931471805599453,2002–06
bahrain,2009,2.539885702,1178415,0.057169535,90.12888336,4.0,0.4873,0.375,0.6,0.5,0.4375,0.3626667,0.5357143,0.0,0.0,2002–06
bahrain,2010,4.334298975,1228543,0.057169535,90.19694148,1.13,0.5028,0.375,0.6,0.5,0.4375,0.3663333,0.5357143,2.0,1.0986122886681098,2007–10
bahrain,2011,1.928157912,1195020,0.057169535,93.29389909,4.0,0.5176,0.375,0.525,0.5,0.3125,0.1806667,0.5357143,1.0,0.6931471805599453,2007–10
bahrain,2012,3.80302899,1208964,0.057169535,98.47329148,1.2,0.5317,0.375,0.525,0.5,0.3125,0.1676667,0.5357143,26.0,3.295836866004329,2007–10
bahrain,2013,5.292622249,1253191,0.057169535,107.6104726,3.85,0.5452,0.375,0.525,0.5,0.3125,0.179,0.5,52.0,3.970291913552122,2007–10
bahrain,2014,4.308856927,1314562,0.057169535,104.2038469,3.85,0.5582,0.375,0.5499999999999999,0.5,0.3125,0.2623333,0.5,42.0,3.7612001156935624,2011–15
bahrain,2015,2.507872053,1370322,0.057169535,100.3039148,3.85,0.5706,0.375,0.5499999999999999,0.5,0.25,0.2596667,0.5357143,18.0,2.9444389791664403,2011–15
bahrain,2016,3.814993274,1423726,0.057169535,100.5836493,3.85,0.5706,0.375,0.525,0.5,0.25,0.1763333,0.5357143,3.0,1.3862943611198906,2011–15
bahrain,2017,4.953835341,1501116,0.057169535,100.9234129,3.85,0.5706,0.375,0.525,0.5,0.25,0.1736667,0.5357143,21.0,3.091042453358316,2011–15
bahrain,2018,2.05258865,1503091,0.057169535,100.7018874,3.85,0.5706,0.375,0.525,0.5,0.25,0.1736667,0.5357143,1.0,0.6931471805599453,2016–20
bahrain,2019,2.052877744,1483756,0.057169535,102.1282819,3.85,0.5706,0.375,0.525,0.5,0.25,0.1683333,0.5357143,0.0,0.0,2016–20
bahrain,2020,-5.911362952,1472204,0.057169535,90.81767469,3.85,0.5706,0.375,0.525,0.5,0.25,0.1663333,0.5714286,0.0,0.0,2016–20
bangladesh,1996,4.522919217,124862179,0.287174579,49.572925565,2.51,0.4382,0.25,0.275,0.25,0.3125,0.25,0.1785714,161.0,5.087596335232384,1996–01
bangladesh,1998,5.177026873,129622332,0.287174579,41.92987823,4.25,0.4361,0.25,0.275,0.25,0.3125,0.25,0.1785714,2.0,1.0986122886681098,1996–01
bangladesh,2000,5.293294719,134544304,0.413734879,46.72100067,3.27,0.4355,0.25,0.275,0.25,0.375,0.25,0.1785714,23.0,3.1780538303479458,1996–01
bangladesh,2002,3.83312394,138933658,0.287174579,49.61994934,4.25,0.4396,0.125,0.2,0.25,0.25,0.125,0.1428571,5.0,1.791759469228055,1996–01
bangladesh,2003,4.7395674,140970351,0.287174579,49.52590179,4.32,0.4433,0.125,0.2,0.25,0.3125,0.125,0.1428571,4.0,1.6094379124341003,1996–01
bangladesh,2004,5.23953291,142902856,0.287174579,46.30842972,4.25,0.4443,0.0,0.25,0.25,0.375,0.125,0.1428571,11.0,2.4849066497880004,1996–01
bangladesh,2005,6.535944939,144715786,0.323163258,45.16950989,4.25,0.4459,0.0,0.25,0.25,0.3125,0.125,0.1428571,23.0,3.1780538303479458,2002–06
bangladesh,2006,6.671904986,146405973,0.287174579,45.70079041,3.591,0.4423,0.0,0.3,0.25,0.3125,0.287,0.25,23.0,3.1780538303479458,2002–06
bangladesh,2007,7.058599354,147989278,0.287174579,46.46588135,4.25,0.4397,0.0,0.3125,0.25,0.46875,0.287,0.25,9.0,2.302585092994046,2002–06
bangladesh,2008,6.013789757,149474264,0.287174579,44.5729599,4.25,0.4313,0.0,0.325,0.25,0.375,0.2673333,0.25,19.0,2.995732273553991,2002–06
bangladesh,2009,5.045124799,150873714,0.287174579,48.12557983,5.0,0.4265,0.0,0.325,0.25,0.3125,0.2673333,0.25,27.0,3.332204510175204,2002–06
bangladesh,2010,5.571788185,152201981,0.2511859,49.50311068,3.379,0.4267,0.0,0.325,0.25,0.375,0.279,0.25,22.0,3.1354942159291497,2007–10
bangladesh,2011,6.464379125,153591076,0.287174579,49.75154965,2.504,0.4232,0.0,0.325,0.25,0.25,0.2786667,0.25,13.0,2.6390573296152584,2007–10
bangladesh,2012,6.521458779,155070101,0.287174579,51.6718483,4.25,0.4219,0.0,0.325,0.25,0.25,0.2786667,0.25,18.0,2.9444389791664403,2007–10
bangladesh,2013,6.013605658,156532141,0.287174579,55.62143322,4.426,0.4204,0.0,0.375,0.25,0.25,0.2786667,0.25,138.0,4.9344739331306915,2007–10
bangladesh,2014,6.061059359,157964929,0.287174579,49.572925565,4.25,0.4181,0.0,0.375,0.25,0.3125,0.276,0.25,130.0,4.875197323201151,2011–15
bangladesh,2015,6.552639878,159383179,0.287174579,59.42174149,4.25,0.4148,0.0,0.375,0.25,0.3125,0.2743333,0.25,469.0,6.152732694704104,2011–15
bangladesh,2016,7.113478213,160811932,0.195111669,64.16645461,4.35,0.4138,0.0,0.375,0.25,0.3125,0.2743333,0.2142857,89.0,4.499809670330265,2011–15
bangladesh,2017,6.590249998,162186147,0.287174579,62.34086392,4.372,0.4139,0.0,0.35,0.25,0.375,0.2643333,0.2142857,41.0,3.7376696182833684,2011–15
bangladesh,2018,7.31941263,163523103,0.287174579,65.27148888,4.25,0.4139,0.0,0.375,0.25,0.375,0.269,0.25,33.0,3.5263605246161616,2016–20
bangladesh,2019,7.881915151,164913055,0.287174579,65.11854135,4.25,0.4139,0.0,0.375,0.25,0.4375,0.2793333,0.25,32.0,3.4965075614664802,2016–20
bangladesh,2020,3.448017551,166298024,0.287174579,66.43295485,4.25,0.4139,0.0,0.375,0.25,0.4375,0.283,0.25,30.0,3.4339872044851463,2016–20
barbados,2009,-5.017275383,274123,0.016773976,110.2822418,10.02,0.5366,0.625,0.75,0.5,1.0,0.875,0.5357143,0.0,0.0,2002–06
barbados,2010,-2.217710856,275243,0.016773976,107.6825409,10.69,0.5355,0.625,0.75,0.5,0.875,0.875,0.5357143,0.0,0.0,2007–10
barbados,2011,-0.310320188,276139,0.016773976,107.3000717,9.803,0.5303,0.75,0.75,0.5,0.875,0.875,0.5357143,0.0,0.0,2007–10
barbados,2012,-3.413908212,276938,0.016773976,108.19116975,9.803,0.5252,0.75,0.75,0.5,0.875,0.875,0.5357143,0.0,0.0,2007–10
barbados,2013,-1.771174941,277665,0.016773976,108.19116975,11.55,0.52,0.75,0.75,0.5,0.875,0.875,0.5357143,0.0,0.0,2007–10
barbados,2014,0.752615447,278348,0.016773976,108.1863098,12.17,0.515,0.75,0.75,0.5,0.875,0.875,0.5357143,0.0,0.0,2011–15
barbados,2015,-1.17048019,278990,0.016773976,108.1960297,9.803,0.5099,0.75,0.725,0.5,0.8125,0.875,0.5357143,0.0,0.0,2011–15
barbados,2016,1.496506225,279598,0.016773976,108.3107376,8.247,0.5049,0.75,0.725,0.5,0.8125,0.875,0.5357143,0.0,0.0,2011–15
barbados,2017,0.708386729,280171,0.016773976,109.8042374,8.62,0.4999,0.75,0.6749999999999999,0.5,0.8125,0.875,0.5,0.0,0.0,2011–15
barbados,2018,-1.276024177,280711,0.016773976,108.2167511,8.321,0.495,0.75,0.625,0.5,0.75,0.875,0.5357143,0.0,0.0,2016–20
barbados,2019,0.227712137,281207,0.016773976,106.0863266,8.41,0.4901,0.75,0.625,0.5,0.8125,0.875,0.5714286,0.0,0.0,2016–20
barbados,2020,-14.36471193,281698,0.016773976,104.3189926,9.803,0.4857,0.75,0.625,0.5,0.8125,0.875,0.5714286,0.0,0.0,2016–20
belarus,2006,9.99999473,9604924,0.010611135,103.5103512,1.2,0.3282,0.125,0.175,0.25,0.5625,0.1113333,0.1428571,1.0,0.6931471805599453,2002–06
belarus,2007,8.600006598,9560953,0.010624937,103.5103512,1.0,0.3511,0.125,0.175,0.25,0.59375,0.1113333,0.1428571,0.0,0.0,2002–06
belarus,2008,10.19999949,9527985,0.005179286,115.7135925,0.8,0.3437,0.125,0.175,0.25,0.625,0.1113333,0.1428571,1.0,0.6931471805599453,2002–06
belarus,2009,0.199995232,9504583,0.005401619,113.7015381,6.1,0.3397,0.125,0.2,0.25,0.5625,0.1113333,0.1428571,0.0,0.0,2002–06
belarus,2010,7.750017075,9483836,0.001721331,111.0289985,1.1,0.334,0.125,0.2,0.25,0.4375,0.1113333,0.1428571,2.0,1.0986122886681098,2007–10
belarus,2011,5.549974716,9461643,0.000546813,108.9898674,0.6,0.3546,0.125,0.2,0.25,0.4375,0.1053333,0.1428571,1.0,0.6931471805599453,2007–10
belarus,2012,1.707852534,9446836,0.00081205,107.6577864,0.5,0.3395,0.25,0.2,0.25,0.4375,0.1013333,0.1428571,3.0,1.3862943611198906,2007–10
belarus,2013,0.9987193,9443211,0.000224735,104.5231241,0.5,0.3168,0.25,0.2,0.25,0.4375,0.1013333,0.1428571,0.0,0.0,2007–10
belarus,2014,1.651124702,9448515,0.0,103.5103512,0.5,0.3273,0.25,0.2,0.25,0.4375,0.123,0.1428571,0.0,0.0,2011–15
belarus,2015,-3.829570568,9461076,0.0,102.895731,1.0,0.3097,0.25,0.2,0.25,0.4375,0.1206667,0.1428571,0.0,0.0,2011–15
belarus,2016,-2.526446446,9469379,0.0,102.9690059,5.844,0.3139,0.25,0.2,0.25,0.5625,0.118,0.1785714,0.0,0.0,2011–15
belarus,2017,2.532183495,9458989,0.000275216,102.4808505,5.648,0.3178,0.25,0.2,0.25,0.5625,0.1043333,0.1785714,0.0,0.0,2011–15
belarus,2018,3.149197583,9438785,0.000220122,101.596011,4.763,0.3171,0.25,0.2,0.25,0.5625,0.1043333,0.1785714,0.0,0.0,2016–20
belarus,2019,1.446455482,9419758,0.0,100.4387442,4.165,0.3155,0.25,0.2,0.25,0.625,0.0826667,0.2857143,0.0,0.0,2016–20
belarus,2020,-0.672742919,9379952,0.0,100.5757104,4.049,0.3155,0.25,0.175,0.0,0.125,0.0863333,0.2857143,2.0,1.0986122886681098,2016–20
belgium,1996,1.321432144,10156637,0.001421017,159.11426545,9.483,0.3246,0.75,0.85,1.0,1.0,0.875,0.8214286,0.0,0.0,1996–01
belgium,1998,1.961832405,10203008,0.001421017,159.11426545,9.322,0.3239,0.75,0.85,1.0,1.0,0.875,0.8214286,3.0,1.3862943611198906,1996–01
belgium,2000,3.716705107,10251250,0.00305506,146.9197845,6.586,0.3244,0.75,0.85,1.0,1.0,0.875,0.8214286,0.0,0.0,1996–01
belgium,2002,1.706894303,10332785,0.001421017,157.6487732,6.91,0.3142,0.75,0.85,1.0,1.0,0.875,0.8214286,3.0,1.3862943611198906,1996–01
belgium,2003,1.037955182,10376133,0.00393274,158.8792267,7.68,0.314,0.75,0.85,1.0,1.0,0.875,0.8214286,8.0,2.1972245773362196,1996–01
belgium,2004,3.571206719,10421137,0.00052022,151.638092,7.363,0.3196,0.75,0.7999999999999999,1.0,0.875,0.875,0.7857143,0.0,0.0,1996–01
belgium,2005,2.321737929,10478617,0.002526065,157.343399,8.44,0.3166,0.75,0.7999999999999999,1.0,0.9375,0.875,0.7857143,0.0,0.0,2002–06
belgium,2006,2.552340873,10547958,0.001921149,158.6851044,8.246,0.3204,0.75,0.7999999999999999,0.75,0.875,0.855,0.7857143,0.0,0.0,2002–06
belgium,2007,3.676924625,10625700,0.001704831,159.4398956,7.459,0.329,0.75,0.7999999999999999,0.75,0.84375,0.855,0.7857143,1.0,0.6931471805599453,2002–06
belgium,2008,0.446905131,10709973,0.001184167,160.468811,6.976,0.3129,0.75,0.7999999999999999,0.75,0.8125,0.8553333,0.75,0.0,0.0,2002–06
belgium,2009,-1.906441055,10796493,0.001180588,159.6615448,7.908,0.3065,0.75,0.85,1.0,0.8125,0.8553333,0.7857143,1.0,0.6931471805599453,2002–06
belgium,2010,2.710311503,10895586,0.001421017,160.6604767,8.293,0.311,0.75,0.85,1.0,0.75,0.8516667,0.7857143,0.0,0.0,2007–10
belgium,2011,1.931155024,11038264,0.001840943,159.3493042,7.14,0.3096,0.75,0.85,1.0,0.75,0.8516667,0.7857143,0.0,0.0,2007–10
belgium,2012,0.215803612,11106932,0.001720728,160.1105347,7.542,0.312,0.75,0.85,1.0,0.75,0.8516667,0.7857143,1.0,0.6931471805599453,2007–10
belgium,2013,0.305494549,11159407,0.001445081,161.8458862,8.425,0.3148,0.75,0.85,1.0,0.75,0.8516667,0.7857143,0.0,0.0,2007–10
belgium,2014,1.765540381,11209057,0.00076496,162.4219818,8.523,0.3164,0.75,0.85,0.5,0.75,0.8476667,0.7857143,2.0,1.0986122886681098,2011–15
belgium,2015,1.474164337,11274196,0.001371884,164.0798187,8.482,0.3174,0.75,0.85,0.5,0.75,0.8476667,0.8571428999999999,0.0,0.0,2011–15
belgium,2016,1.19350273,11331422,0.000598162,160.68927,7.83,0.3203,0.75,0.85,0.5,0.75,0.8423333,0.8571428999999999,6.0,1.9459101490553132,2011–15
belgium,2017,1.474467616,11375158,0.001749619,158.6702881,7.09,0.3173,0.75,0.85,0.5,0.75,0.8426667,0.8571428999999999,3.0,1.3862943611198906,2011–15
belgium,2018,1.877968474,11427054,0.000897512,156.5097656,5.941,0.324,0.75,0.85,0.5,0.75,0.8426667,0.8214286,3.0,1.3862943611198906,2016–20
belgium,2019,2.442890045,11488980,0.001068481,156.635376,5.364,0.3252,0.75,0.85,0.5,0.75,0.838,0.8214286,1.0,0.6931471805599453,2016–20
belgium,2020,-4.792983908,11538604,0.000858029,151.7275085,5.545,0.3252,0.75,0.85,0.5,0.75,0.8336667,0.8214286,3.0,1.3862943611198906,2016–20
belize,2006,4.511454602,287878,0.010364783,76.09268188,9.39,0.5516,0.25,0.475,0.25,0.5,0.5,0.3571429,0.0,0.0,2002–06
belize,2007,3.339397383,296100,0.010364783,75.48921967,8.51,0.5618,0.25,0.475,0.25,0.5,0.5,0.3571429,0.0,0.0,2002–06
belize,2008,-1.627477764,304361,0.010364783,75.40952301,8.18,0.553,0.375,0.425,0.25,0.5625,0.5,0.3571429,0.0,0.0,2002–06
belize,2009,-0.446709637,312614,0.010364783,75.11128998,8.2965,0.5446,0.5,0.425,0.25,0.5625,0.625,0.3571429,0.0,0.0,2002–06
belize,2010,1.417410992,320245,0.010364783,75.62230373,8.2965,0.5455,0.5,0.425,0.25,0.5625,0.625,0.3571429,0.0,0.0,2007–10
belize,2011,-0.130071123,327298,0.010364783,76.1272789,8.2965,0.5384,0.5,0.425,0.25,0.5625,0.625,0.3571429,0.0,0.0,2007–10
belize,2012,3.943893218,334414,0.010364783,78.80953972,8.2965,0.5325,0.5,0.4,0.25,0.5625,0.625,0.3571429,0.0,0.0,2007–10
belize,2013,4.066465616,341627,0.010364783,80.66943037,8.349,0.5398,0.5,0.4,0.25,0.5625,0.625,0.3571429,1.0,0.6931471805599453,2007–10
belize,2014,3.892260672,348923,0.010364783,80.35830337,8.244,0.5319,0.5,0.375,0.25,0.5625,0.625,0.3571429,0.0,0.0,2011–15
belize,2015,2.760260274,356333,0.010364783,81.29361995,7.578,0.5282,0.5,0.375,0.25,0.5625,0.625,0.3571429,0.0,0.0,2011–15
belize,2016,-0.018741496,364705,0.010364783,87.73137263,7.0,0.5295,0.5,0.375,0.25,0.5625,0.625,0.3571429,0.0,0.0,2011–15
belize,2017,-1.833237291,373202,0.010364783,86.3238932,6.596,0.5299,0.5,0.375,0.25,0.5625,0.625,0.3571429,0.0,0.0,2011–15
belize,2018,0.822068593,380226,0.010364783,86.28335614,9.346,0.5327,0.5,0.375,0.25,0.5625,0.625,0.3571429,0.0,0.0,2016–20
belize,2019,4.2565871,385829,0.010364783,87.45265967,9.053,0.5258,0.5,0.375,0.25,0.5625,0.625,0.3571429,0.0,0.0,2016–20
belize,2020,-13.52289971,390812,0.010364783,86.18865962,8.2965,0.5411,0.5,0.375,0.25,0.5625,0.625,0.3571429,0.0,0.0,2016–20
benin,2006,3.943738828,8693242,0.658208951,52.31655884,1.706,0.4936,0.25,0.425,0.25,0.75,0.5386666999999999,0.3214286,0.0,0.0,2002–06
benin,2007,5.986349322,8953969,0.658208951,52.31655884,1.706,0.4975,0.25,0.425,0.25,0.75,0.5386666999999999,0.3214286,1.0,0.6931471805599453,2002–06
benin,2008,4.896577084,9228466,0.658208951,52.31655884,1.706,0.5015,0.25,0.375,0.25,0.6875,0.3686667,0.3214286,0.0,0.0,2002–06
benin,2009,2.319292139,9509423,0.658208951,52.31655884,1.706,0.5054,0.125,0.3,0.25,0.6875,0.452,0.3571429,0.0,0.0,2002–06
benin,2010,2.114064726,9797484,0.658208951,52.31655884,1.04,0.5093,0.125,0.275,0.25,0.625,0.4556667,0.3571429,0.0,0.0,2007–10
benin,2011,2.963752919,10093623,0.68410868,45.7294693,2.647,0.5133,0.125,0.275,0.25,0.625,0.452,0.3571429,0.0,0.0,2007–10
benin,2012,4.811223316,10397657,0.658208951,52.31655884,1.706,0.5217,0.125,0.275,0.25,0.625,0.45,0.3571429,0.0,0.0,2007–10
benin,2013,7.191433721,10708834,0.658208951,52.03784943,2.198,0.5302,0.125,0.275,0.25,0.625,0.4456667,0.3571429,0.0,0.0,2007–10
benin,2014,6.357679098,11030004,0.658208951,52.59526825,1.706,0.5387,0.125,0.275,0.25,0.625,0.4383333,0.3571429,0.0,0.0,2011–15
benin,2015,1.77815106,11360681,0.658208951,55.13330841,1.706,0.5472,0.25,0.3,0.25,0.625,0.4406667,0.3214286,0.0,0.0,2011–15
benin,2016,3.339673426,11697842,0.658208951,55.29459,1.706,0.5201,0.25,0.3,0.25,0.625,0.439,0.3214286,0.0,0.0,2011–15
benin,2017,5.671561952,12039780,0.658208951,52.31655884,1.706,0.493,0.25,0.3,0.25,0.625,0.437,0.2857143,0.0,0.0,2011–15
benin,2018,6.697253622,12383347,0.37176537,52.31655884,1.706,0.4659,0.25,0.3,0.25,0.625,0.4413333,0.2857143,0.0,0.0,2016–20
benin,2019,6.865686628,12726755,0.658208951,52.31655884,1.214,0.454,0.25,0.275,0.25,0.5625,0.4196667,0.25,1.0,0.6931471805599453,2016–20
benin,2020,3.8487924,13070169,0.658208951,43.98587036,1.706,0.442,0.375,0.275,0.25,0.5625,0.4026667,0.25,1.0,0.6931471805599453,2016–20
bhutan,2007,16.10478365,678641,0.120296588,50.22494125,3.7,0.4445,0.5,0.5125,0.5,0.875,0.262,0.32142855000000004,0.0,0.0,2002–06
bhutan,2009,7.667492386,693988,0.036468899,58.55374146,3.96,0.4476,0.375,0.425,0.5,0.875,0.3863333,0.1785714,0.0,0.0,2002–06
bhutan,2010,11.93187384,701632,0.036468899,62.93544006,3.32,0.4538,0.375,0.425,0.5,0.875,0.406,0.1785714,0.0,0.0,2007–10
bhutan,2011,8.489258484,709377,0.036468899,66.98612213,3.23,0.4545,0.375,0.425,0.5,0.875,0.4023333,0.1785714,1.0,0.6931471805599453,2007–10
bhutan,2012,5.164820127,717279,0.036468899,72.13021851,2.05,0.4566,0.375,0.425,0.5,0.875,0.405,0.1785714,0.0,0.0,2007–10
bhutan,2013,1.736340395,725273,0.036468899,76.68079376,2.87,0.4476,0.375,0.45,0.5,0.875,0.494,0.1071429,0.0,0.0,2007–10
bhutan,2014,5.881085507,733139,0.036468899,84.14041901,2.63,0.4384,0.5,0.45,0.5,0.875,0.4956667,0.1071429,1.0,0.6931471805599453,2011–15
bhutan,2015,6.660801289,740618,0.036468899,85.23130798,2.45,0.4284,0.5,0.575,0.5,0.875,0.4976667,0.4642857,0.0,0.0,2011–15
bhutan,2016,8.475943392,747866,0.036468899,85.67661285,3.23,0.4208,0.5,0.575,0.5,0.875,0.4976667,0.4642857,0.0,0.0,2011–15
bhutan,2017,2.086845227,754335,0.026142048,86.56004333,3.23,0.4141,0.75,0.625,0.5,0.875,0.5026667,0.5714286,0.0,0.0,2011–15
bhutan,2018,3.501871857,759759,0.036468899,87.57228707,3.35,0.4141,0.75,0.6,0.5,0.875,0.51,0.5714286,0.0,0.0,2016–20
bhutan,2019,5.755148512,764824,0.036468899,90.61855755,2.72,0.4141,0.75,0.6,0.5,0.9375,0.51,0.5714286,0.0,0.0,2016–20
bhutan,2020,-10.21839742,770006,0.036468899,89.77114289,5.03,0.4141,0.75,0.6,0.5,0.875,0.5236666999999999,0.5714286,0.0,0.0,2016–20
bolivia,1996,4.361341952,8021736,0.075246162,87.218201795,5.23,0.5541,0.125,0.425,0.5,0.4375,0.25,0.5714286,1.0,0.6931471805599453,1996–01
bolivia,1998,5.029354755,8313394,0.075246162,87.218201795,3.655,0.5541,0.25,0.45,0.5,0.625,0.375,0.5357143,0.0,0.0,1996–01
bolivia,2000,2.507810809,8606326,0.282539865,72.75763702,4.47,0.5541,0.25,0.45,0.5,0.5,0.375,0.5357143,0.0,0.0,1996–01
bolivia,2002,2.485565738,8900355,0.238880453,80.63069916,5.48,0.5619,0.125,0.425,0.5,0.3125,0.25,0.5357143,0.0,0.0,1996–01
bolivia,2003,2.711339837,9050700,0.075246162,83.46972656,3.655,0.562,0.125,0.425,0.5,0.25,0.25,0.5357143,1.0,0.6931471805599453,1996–01
bolivia,2004,4.173295589,9204287,0.132452656,86.3809967,4.17,0.5588,0.125,0.4,0.25,0.3125,0.25,0.5,0.0,0.0,1996–01
bolivia,2005,4.421433127,9360754,0.186803087,87.42555237,5.45,0.5548,0.0,0.375,0.25,0.3125,0.375,0.4642857,1.0,0.6931471805599453,2002–06
bolivia,2006,4.797008824,9521689,0.159090098,86.59062958,5.08,0.5516,0.25,0.3,0.25,0.3125,0.4493333,0.3571429,0.0,0.0,2002–06
bolivia,2007,4.564384269,9685960,0.120687993,86.04959869,5.18,0.5618,0.25,0.3,0.25,0.3125,0.4493333,0.3571429,3.0,1.3862943611198906,2002–06
bolivia,2008,6.148497875,9850858,0.105672092,85.36837769,2.603,0.553,0.25,0.3,0.25,0.3125,0.455,0.3571429,0.0,0.0,2002–06
bolivia,2009,3.356999574,10016275,0.100365788,83.75238037,2.973,0.5446,0.25,0.275,0.25,0.375,0.455,0.2857143,3.0,1.3862943611198906,2002–06
bolivia,2010,4.126722591,10182345,0.075246162,87.76018764,3.655,0.5455,0.25,0.25,0.25,0.375,0.4473333,0.2857143,0.0,0.0,2007–10
bolivia,2011,5.204092443,10348929,0.069346738,85.30040795,2.255,0.5384,0.25,0.25,0.25,0.375,0.4446667,0.2857143,0.0,0.0,2007–10
bolivia,2012,5.122275581,10515807,0.078767117,87.01085122,2.066,0.5325,0.25,0.25,0.25,0.25,0.4446667,0.2857143,1.0,0.6931471805599453,2007–10
bolivia,2013,6.796011428,10682608,0.067578285,88.76505571,2.437,0.5398,0.25,0.25,0.25,0.375,0.443,0.2857143,0.0,0.0,2007–10
bolivia,2014,5.460569506,10848888,0.055981645,89.45648198,2.021,0.5319,0.25,0.275,0.25,0.375,0.443,0.2857143,0.0,0.0,2011–15
bolivia,2015,4.85718718,11014705,0.06209847,90.6139032,3.111,0.5282,0.25,0.275,0.25,0.375,0.4416667,0.2857143,0.0,0.0,2011–15
bolivia,2016,4.263920864,11180020,0.071725207,90.61528528,3.498,0.5295,0.25,0.275,0.25,0.375,0.4376667,0.2857143,0.0,0.0,2011–15
bolivia,2017,4.195206334,11344587,0.064122793,89.40002128,3.655,0.5299,0.25,0.275,0.25,0.375,0.433,0.2857143,0.0,0.0,2011–15
bolivia,2018,2.868084048,11508368,0.046958622,88.72189996,3.519,0.5327,0.25,0.275,0.25,0.375,0.44,0.2857143,2.0,1.0986122886681098,2016–20
bolivia,2019,1.506721027,11671386,0.031385939,88.82350466,3.682,0.5258,0.25,0.275,0.25,0.375,0.4113333,0.2857143,1.0,0.6931471805599453,2016–20
bolivia,2020,-12.71946901,11816299,0.04246919,88.86723698,7.903,0.5411,0.25,0.275,0.25,0.25,0.4193333,0.2857143,9.0,2.302585092994046,2016–20
bosnia and herzegovina,1996,54.19930017,3875246,0.002351145,85.60005188,27.312,0.3109,0.25,0.5,0.0,0.5,0.625,0.4285714,33.0,3.5263605246161616,1996–01
bosnia and herzegovina,1998,16.6163745,4089356,0.002351145,85.60005188,27.312,0.3207,0.25,0.5,0.0,0.5,0.625,0.4285714,9.0,2.302585092994046,1996–01
bosnia and herzegovina,2000,5.41431595,4159771,0.002351145,85.60005188,27.312,0.3207,0.25,0.5,0.0,0.5,0.625,0.4285714,6.0,1.9459101490553132,1996–01
bosnia and herzegovina,2002,5.027444647,4188002,0.002351145,85.60005188,27.312,0.3317,0.25,0.5,0.0,0.5,0.625,0.4285714,3.0,1.3862943611198906,1996–01
bosnia and herzegovina,2003,3.86713552,4178523,0.002351145,85.60005188,27.312,0.3388,0.25,0.5,0.0,0.5,0.625,0.4285714,1.0,0.6931471805599453,1996–01
bosnia and herzegovina,2004,6.325267949,4140987,0.003954833,85.60005188,27.312,0.3415,0.25,0.5,0.0,0.5,0.625,0.4285714,0.0,0.0,1996–01
bosnia and herzegovina,2005,3.897183205,4096493,0.002351145,85.60005188,27.312,0.3402,0.25,0.5,0.0,0.5,0.625,0.4285714,1.0,0.6931471805599453,2002–06
bosnia and herzegovina,2006,5.414002996,4063272,0.002351145,85.60005188,31.11,0.338,0.25,0.5,0.0,0.5625,0.6093333,0.4285714,1.0,0.6931471805599453,2002–06
bosnia and herzegovina,2007,5.859116894,4013424,0.001721799,80.98944855,28.984,0.337,0.25,0.475,0.0,0.5,0.5676667,0.3928571,2.0,1.0986122886681098,2002–06
bosnia and herzegovina,2008,5.441847302,3947544,0.002351145,85.2279129,23.405,0.3439,0.25,0.45,0.0,0.5,0.5233333,0.3571429,4.0,1.6094379124341003,2002–06
bosnia and herzegovina,2009,-3.004455539,3879794,0.002351145,87.00093079,24.068,0.3421,0.25,0.45,0.0,0.375,0.5233333,0.3571429,1.0,0.6931471805599453,2002–06
bosnia and herzegovina,2010,0.865667236,3811472,0.002351145,85.51837158,27.312,0.3433,0.25,0.425,0.0,0.375,0.4273333,0.3571429,1.0,0.6931471805599453,2007–10
bosnia and herzegovina,2011,0.95951171,3741798,0.002351145,87.72799683,27.582,0.3463,0.25,0.4,0.0,0.3125,0.3413333,0.3571429,1.0,0.6931471805599453,2007–10
bosnia and herzegovina,2012,-0.821837253,3670113,0.002351145,90.78530884,28.01,0.3447,0.25,0.4,0.0,0.3125,0.337,0.3571429,0.0,0.0,2007–10
bosnia and herzegovina,2013,2.349858732,3610859,0.002351145,92.29839325,27.49,0.3443,0.25,0.4,0.0,0.3125,0.334,0.3571429,1.0,0.6931471805599453,2007–10
bosnia and herzegovina,2014,1.153847934,3564829,0.002351145,90.2868576,27.517,0.3442,0.25,0.4,0.0,0.3125,0.326,0.3571429,3.0,1.3862943611198906,2011–15
bosnia and herzegovina,2015,4.284130161,3518541,0.002351145,85.71617889,27.695,0.3453,0.25,0.4,0.0,0.3125,0.3276667,0.3571429,6.0,1.9459101490553132,2011–15
bosnia and herzegovina,2016,3.242258222,3473003,0.002351145,83.16995239,25.408,0.3448,0.25,0.4,0.0,0.3125,0.329,0.3571429,0.0,0.0,2011–15
bosnia and herzegovina,2017,3.244098953,3428682,0.002351145,83.66808319,20.527,0.3472,0.25,0.4,0.0,0.3125,0.329,0.4642857,0.0,0.0,2011–15
bosnia and herzegovina,2018,3.829003993,3387000,0.002351145,85.64099121,18.4,0.3454,0.25,0.4,0.0,0.3125,0.3326667,0.4642857,2.0,1.0986122886681098,2016–20
bosnia and herzegovina,2019,2.885852421,3345533,0.002351145,85.54013062,15.692,0.3422,0.25,0.4,0.0,0.3125,0.3286667,0.4642857,0.0,0.0,2016–20
bosnia and herzegovina,2020,-3.015093355,3299349,0.002351145,85.55911255,15.868,0.3421,0.25,0.4,0.0,0.3125,0.328,0.4642857,0.0,0.0,2016–20
botswana,1996,5.829800014,1535914,0.213652593,77.80651093,21.593,0.681,0.625,0.6,0.5,0.75,0.5,0.6785713999999999,0.0,0.0,1996–01
botswana,1998,0.443663586,1606899,0.213652593,74.40514374,20.86,0.6762,0.625,0.6,0.5,0.75,0.5,0.6785713999999999,0.0,0.0,1996–01
botswana,2000,1.987695834,1677382,0.213652593,76.19682312,15.88,0.6714,0.625,0.6,0.5,0.625,0.5,0.6785713999999999,0.0,0.0,1996–01
botswana,2002,6.069530876,1744763,0.348094008,75.87957001,20.052,0.6665,0.625,0.6,0.5,0.75,0.5,0.6785713999999999,0.0,0.0,1996–01
botswana,2003,4.62589475,1775736,0.213652593,76.56487274,23.8,0.6632,0.875,0.65,0.5,0.875,0.75,0.6785713999999999,0.0,0.0,1996–01
botswana,2004,2.705821706,1807146,0.213652593,78.39881897,20.052,0.6599,0.75,0.625,0.5,0.75,0.625,0.6785713999999999,0.0,0.0,1996–01
botswana,2005,4.556645653,1839877,0.213652593,79.56362152,20.052,0.6566,0.875,0.625,0.5,0.8125,0.625,0.6785713999999999,0.0,0.0,2002–06
botswana,2006,8.363871093,1874516,0.213652593,81.69483948,17.782,0.6533,0.625,0.6,0.5,0.9375,0.5866667,0.6428571,0.0,0.0,2002–06
botswana,2007,5.792555777,1911201,0.213652593,82.48670959,20.052,0.65,0.625,0.6,0.5,0.9375,0.5866667,0.6607143,0.0,0.0,2002–06
botswana,2008,3.252072958,1949970,0.213652593,77.80651093,20.052,0.6466,0.625,0.6,0.5,0.9375,0.5823332999999999,0.6785713999999999,0.0,0.0,2002–06
botswana,2009,-14.14423462,1990673,0.210708839,77.80651093,16.169,0.6433,0.625,0.6,0.5,0.9375,0.5823332999999999,0.6785713999999999,0.0,0.0,2002–06
botswana,2010,10.11972332,2033111,0.213652593,77.80651093,17.86,0.6366,0.625,0.6,0.5,0.875,0.5876667,0.6785713999999999,0.0,0.0,2007–10
botswana,2011,6.838410525,2073535,0.213652593,77.80651093,20.01,0.6298,0.625,0.6,0.5,0.875,0.5876667,0.6785713999999999,0.0,0.0,2007–10
botswana,2012,-0.170857099,2108617,0.213652593,77.80651093,20.052,0.623,0.625,0.6,0.5,0.875,0.595,0.6785713999999999,0.0,0.0,2007–10
botswana,2013,11.10290687,2140682,0.213652593,77.80651093,20.052,0.6162,0.625,0.6,0.5,0.875,0.5993333,0.6428571,0.0,0.0,2007–10
botswana,2014,5.697144221,2172044,0.213652593,77.80651093,20.052,0.6095,0.625,0.6,0.5,0.875,0.5956667,0.6071428999999999,0.0,0.0,2011–15
botswana,2015,-4.851325074,2203273,0.213652593,77.80651093,20.052,0.6027,0.625,0.6,0.5,0.875,0.5956667,0.6071428999999999,0.0,0.0,2011–15
botswana,2016,7.204424759,2234776,0.213652593,77.80651093,20.052,0.6027,0.625,0.6,0.5,0.875,0.5956667,0.6071428999999999,0.0,0.0,2011–15
botswana,2017,4.114378564,2266747,0.213652593,77.80651093,20.052,0.6027,0.625,0.6,0.5,0.875,0.5936667,0.6071428999999999,0.0,0.0,2011–15
botswana,2018,4.188692372,2299141,0.213652593,77.80651093,20.052,0.6027,0.625,0.6,0.5,0.875,0.5936667,0.6071428999999999,0.0,0.0,2016–20
botswana,2019,3.031773395,2332083,0.213652593,77.80651093,20.094,0.6027,0.625,0.6,0.5,0.875,0.5936667,0.6071428999999999,0.0,0.0,2016–20
botswana,2020,-8.72888244,2365894,0.213652593,77.80651093,21.017,0.6027,0.625,0.6,0.5,0.875,0.5873333,0.6071428999999999,0.0,0.0,2016–20
brazil,1996,2.208864051,164202549,0.206502716,103.0159607,8.035,0.5861,0.375,0.45,0.25,0.5625,0.375,0.6428571,18.0,2.9444389791664403,1996–01
brazil,1998,0.338097902,169159655,0.191343457,103.0159607,10.15,0.5861,0.375,0.45,0.25,0.5,0.375,0.6428571,2.0,1.0986122886681098,1996–01
brazil,2000,4.387949444,174018282,0.0778152155,103.0159607,9.882,0.5861,0.375,0.45,0.25,0.8125,0.375,0.5714286,2.0,1.0986122886681098,1996–01
brazil,2002,3.053461857,178503484,0.161935211,103.0159607,10.641,0.5934,0.25,0.425,0.25,0.75,0.375,0.5,1.0,0.6931471805599453,1996–01
brazil,2003,1.140828999,180622688,0.171287049,103.0159607,11.168,0.5898,0.25,0.4,0.25,0.75,0.375,0.5357143,1.0,0.6931471805599453,1996–01
brazil,2004,5.759964637,182675143,0.15330197,103.0159607,10.072,0.5818,0.25,0.4,0.25,0.75,0.375,0.5357143,0.0,0.0,1996–01
brazil,2005,3.202132062,184688101,0.136648474,103.0159607,10.551,0.6049,0.25,0.4,0.25,0.75,0.375,0.5357143,0.0,0.0,2002–06
brazil,2006,3.961988709,186653106,0.113691751,103.0159607,9.692,0.6039,0.25,0.4,0.25,0.75,0.496,0.5,3.0,1.3862943611198906,2002–06
brazil,2007,6.069870607,188552320,0.107904789,103.0159607,9.28,0.5878,0.25,0.4125,0.25,0.75,0.496,0.5178571,0.0,0.0,2002–06
brazil,2008,5.094195448,190367302,0.091210861,103.0159607,8.268,0.5844,0.25,0.45,0.25,0.75,0.496,0.5357143,0.0,0.0,2002–06
brazil,2009,-0.125812003,192079951,0.084444935,103.0159607,9.419,0.5798,0.25,0.45,0.25,0.75,0.496,0.5357143,0.0,0.0,2002–06
brazil,2010,7.528225818,193701929,0.0778152155,103.0159607,9.882,0.5875,0.25,0.5,0.25,0.75,0.5706667,0.5357143,0.0,0.0,2007–10
brazil,2011,3.974423079,195284734,0.071185496,103.0159607,7.578,0.5952,0.25,0.5,0.25,0.75,0.5706667,0.4642857,0.0,0.0,2007–10
brazil,2012,1.921175985,196876111,0.063941837,94.32097626,7.251,0.5856,0.25,0.5,0.25,0.75,0.5706667,0.4642857,1.0,0.6931471805599453,2007–10
brazil,2013,3.00482267,198478299,0.053788607,103.9176865,7.071,0.5759,0.25,0.475,0.5,0.5625,0.4873333,0.4642857,3.0,1.3862943611198906,2007–10
brazil,2014,0.50395574,200085127,0.047357453,102.6355286,6.755,0.5792,0.25,0.475,0.5,0.5625,0.496,0.4642857,3.0,1.3862943611198906,2011–15
brazil,2015,-3.545763393,201675532,0.053538469,100.920517,8.538,0.5913,0.25,0.475,0.5,0.5,0.482,0.4642857,5.0,1.791759469228055,2011–15
brazil,2016,-3.275916906,203218114,0.064787099,102.5695038,11.58,0.5835,0.25,0.5,0.5,0.5625,0.5633332999999999,0.4642857,3.0,1.3862943611198906,2011–15
brazil,2017,1.322869054,204703445,0.069389639,103.0159607,12.792,0.5785,0.25,0.475,0.5,0.5625,0.5619999999999999,0.4642857,2.0,1.0986122886681098,2011–15
brazil,2018,1.783666761,206107261,0.068849212,105.0070724,12.329,0.5742,0.25,0.45,0.5,0.5625,0.4823333,0.4642857,12.0,2.5649493574615367,2016–20
brazil,2019,1.220777823,207455459,0.070203095,103.9532776,11.936,0.5645,0.25,0.45,0.5,0.5625,0.4786667,0.4642857,3.0,1.3862943611198906,2016–20
brazil,2020,-3.276758796,208660842,0.027703788,104.1259995,13.697,0.5908,0.25,0.45,0.5,0.625,0.4806667,0.4642857,6.0,1.9459101490553132,2016–20
bulgaria,1996,5.205393138,8362826,0.024469985,94.786136625,12.5,0.3825,0.125,0.35,0.0,0.1875,0.375,0.4642857,12.0,2.5649493574615367,1996–01
bulgaria,1998,3.789120958,8256786,0.024469985,94.786136625,12.2,0.3552,0.25,0.425,0.25,0.75,0.5,0.5357143,2.0,1.0986122886681098,1996–01
bulgaria,2000,4.587225414,8170172,0.024469985,79.8759079,16.218,0.3445,0.375,0.5499999999999999,0.25,0.8125,0.5,0.5357143,2.0,1.0986122886681098,1996–01
bulgaria,2002,5.871931081,7837161,0.024469985,83.981987,18.11,0.3703,0.375,0.6,0.25,0.75,0.625,0.6071428999999999,1.0,0.6931471805599453,1996–01
bulgaria,2003,5.23715365,7775327,0.022282076,88.11878204,13.733,0.3588,0.375,0.575,0.25,0.75,0.625,0.6071428999999999,0.0,0.0,1996–01
bulgaria,2004,6.510425784,7716860,0.024469985,90.53427124,12.037,0.3531,0.375,0.575,0.25,0.75,0.625,0.6071428999999999,0.0,0.0,1996–01
bulgaria,2005,7.056348735,7658972,0.024469985,91.36676788,10.083,0.3578,0.375,0.575,0.25,0.75,0.625,0.6071428999999999,0.0,0.0,2002–06
bulgaria,2006,6.802589436,7601022,0.080208278,92.41201019,8.951,0.3567,0.375,0.575,0.25,0.8125,0.6533333,0.6071428999999999,0.0,0.0,2002–06
bulgaria,2007,6.654387924,7545338,0.0179107265,93.15415955,6.878,0.3412,0.375,0.575,0.25,0.8125,0.6533333,0.6071428999999999,0.0,0.0,2002–06
bulgaria,2008,6.129558416,7492561,0.019363105,92.38407135,5.609,0.331,0.375,0.5499999999999999,0.25,0.8125,0.6506666999999999,0.6071428999999999,2.0,1.0986122886681098,2002–06
bulgaria,2009,-3.347141497,7444443,0.017649868,92.52137756,6.817,0.3504,0.25,0.5499999999999999,0.25,0.75,0.6506666999999999,0.6071428999999999,0.0,0.0,2002–06
bulgaria,2010,1.555359799,7395599,0.026657894,94.18192291,10.279,0.35,0.25,0.5499999999999999,0.25,0.75,0.6446666999999999,0.6071428999999999,0.0,0.0,2007–10
bulgaria,2011,2.090175078,7348328,0.034488253,96.43612671,11.26,0.3528,0.25,0.5499999999999999,0.25,0.75,0.6426666999999999,0.6071428999999999,2.0,1.0986122886681098,2007–10
bulgaria,2012,0.748815412,7305888,0.030123001,95.39035034,12.27,0.3729,0.25,0.5499999999999999,0.25,0.75,0.6406666999999999,0.6071428999999999,2.0,1.0986122886681098,2007–10
bulgaria,2013,-0.542751389,7160005,0.032666991,100.7858124,12.941,0.3579,0.25,0.5499999999999999,0.25,0.6875,0.6443333,0.6071428999999999,3.0,1.3862943611198906,2007–10
bulgaria,2014,0.949449091,7073572,0.027208172,104.9421997,11.424,0.3763,0.25,0.5499999999999999,0.25,0.6875,0.641,0.6071428999999999,1.0,0.6931471805599453,2011–15
bulgaria,2015,3.397553368,6984225,0.045807728,103.8893433,9.143,0.3878,0.25,0.5499999999999999,0.25,0.75,0.6546666999999999,0.6428571,2.0,1.0986122886681098,2011–15
bulgaria,2016,3.026628412,6894139,0.030671726,103.0039215,7.575,0.4148,0.25,0.5499999999999999,0.25,0.75,0.6503333,0.7142856999999999,1.0,0.6931471805599453,2011–15
bulgaria,2017,2.745926761,6803468,0.020031644,103.4610214,6.164,0.438,0.25,0.5499999999999999,0.25,0.75,0.651,0.7142856999999999,0.0,0.0,2011–15
bulgaria,2018,2.330152134,6710798,0.014946728,104.0439224,5.211,0.4357,0.25,0.5,0.25,0.8125,0.5676667,0.6785713999999999,1.0,0.6931471805599453,2016–20
bulgaria,2019,3.793317654,6616726,0.016310848,102.6569366,4.148,0.4134,0.25,0.5,0.25,0.75,0.5676667,0.6785713999999999,0.0,0.0,2016–20
bulgaria,2020,-3.133233031,6550696,0.007054354,101.3549423,5.037,0.4134,0.25,0.5,0.25,0.6875,0.5569999999999999,0.6428571,1.0,0.6931471805599453,2016–20
burkina faso,2006,6.253164688,14373707,0.587374624,14.15445995,2.353,0.501,0.25,0.5,0.25,0.6875,0.4573333,0.4642857,0.0,0.0,2002–06
burkina faso,2007,4.111379018,14816307,0.587374624,15.27937031,3.3,0.4986,0.25,0.4875,0.375,0.65625,0.4156667,0.4642857,0.0,0.0,2002–06
burkina faso,2008,5.799991741,15258093,0.587374624,17.99473953,3.3,0.4962,0.25,0.475,0.5,0.5,0.37,0.5,0.0,0.0,2002–06
burkina faso,2009,2.961950859,15710066,0.671733665,19.43535042,3.3,0.4937,0.25,0.525,0.5,0.5,0.4533333,0.5,0.0,0.0,2002–06
burkina faso,2010,8.446281577,16176498,0.587374624,21.17802019,3.3,0.4879,0.25,0.525,0.5,0.5625,0.453,0.5,0.0,0.0,2007–10
burkina faso,2011,6.622562613,16661908,0.587374624,23.17643719,3.3,0.482,0.25,0.4,0.5,0.3125,0.3696667,0.5,0.0,0.0,2007–10
burkina faso,2012,6.45267238,17172287,0.587374624,25.2399681,3.3,0.4761,0.125,0.4,0.25,0.375,0.3673333,0.5,0.0,0.0,2007–10
burkina faso,2013,5.792584845,17695409,0.587374624,27.60088807,3.3,0.4702,0.125,0.4,0.25,0.375,0.3883333,0.5,1.0,0.6931471805599453,2007–10
burkina faso,2014,4.326845615,18229461,0.587374624,29.56687444,6.481,0.4643,0.125,0.4,0.25,0.375,0.3863333,0.4642857,0.0,0.0,2011–15
burkina faso,2015,3.921228794,18777487,0.587374624,32.89313436,3.3,0.4801,0.25,0.375,0.25,0.3125,0.4066667,0.4285714,6.0,1.9459101490553132,2011–15
burkina faso,2016,5.957976708,19334856,0.587374624,34.93362808,3.3,0.4959,0.375,0.375,0.25,0.3125,0.4066667,0.4285714,10.0,2.3978952727983707,2011–15
burkina faso,2017,6.203489411,19894407,0.587374624,37.16275108,3.3,0.5118,0.375,0.375,0.25,0.375,0.4083333,0.4285714,32.0,3.4965075614664802,2011–15
burkina faso,2018,6.604569068,20438288,0.476810634,39.62784675,4.695,0.5276,0.375,0.375,0.25,0.3125,0.4083333,0.3928571,72.0,4.290459441148391,2016–20
burkina faso,2019,5.889204971,20961952,0.587374624,40.07704603,1.56,0.5079,0.375,0.35,0.25,0.25,0.3013333,0.3214286,161.0,5.087596335232384,2016–20
burkina faso,2020,2.010772624,21478690,0.587374624,39.25400848,3.3,0.4883,0.375,0.325,0.25,0.1875,0.2076667,0.3214286,110.0,4.709530201312334,2016–20
burundi,2006,5.413807145,7865547,0.815030704,14.33810997,3.185,0.4425,0.125,0.4,0.0,0.5,0.317,0.3571429,5.0,1.791759469228055,2002–06
burundi,2007,3.444493647,8161874,0.758243573,15.33611965,1.603,0.4475,0.125,0.375,0.0,0.5625,0.2336667,0.3571429,3.0,1.3862943611198906,2002–06
burundi,2008,4.908741908,8505637,0.758243573,37.2382883,1.634,0.4525,0.125,0.375,0.0,0.5,0.2336667,0.3571429,7.0,2.0794415416798357,2002–06
burundi,2009,3.787075831,8947646,0.758243573,20.89340019,1.603,0.4575,0.125,0.275,0.0,0.4375,0.2336667,0.3571429,0.0,0.0,2002–06
burundi,2010,5.093736973,9376444,0.758243573,23.76470947,1.603,0.4625,0.125,0.275,0.0,0.375,0.217,0.3571429,29.0,3.4011973816621555,2007–10
burundi,2011,4.024427939,9717978,0.758243573,26.79438019,1.603,0.4676,0.125,0.275,0.0,0.375,0.217,0.3571429,8.0,2.1972245773362196,2007–10
burundi,2012,4.423031185,10071028,0.758243573,29.57328987,1.603,0.4726,0.0,0.275,0.0,0.3125,0.2033333,0.2857143,4.0,1.6094379124341003,2007–10
burundi,2013,4.923924851,10439341,0.758243573,34.21245073,1.603,0.4776,0.0,0.275,0.25,0.3125,0.197,0.2857143,2.0,1.0986122886681098,2007–10
burundi,2014,4.244908031,10799785,0.758243573,40.26412587,1.572,0.4757,0.0,0.275,0.25,0.3125,0.1943333,0.2857143,5.0,1.791759469228055,2011–15
burundi,2015,-0.404525595,11047580,0.758243573,43.93519298,1.603,0.4738,0.0,0.25,0.25,0.1875,0.1663333,0.2857143,102.0,4.634728988229636,2011–15
burundi,2016,3.200174706,11239451,0.758243573,47.47153428,1.603,0.4719,0.0,0.2,0.25,0.125,0.1633333,0.2857143,83.0,4.430816798843313,2011–15
burundi,2017,3.831857569,11506762,0.758243573,48.22434873,1.603,0.4701,0.0,0.2,0.25,0.1875,0.161,0.2857143,21.0,3.091042453358316,2011–15
burundi,2018,5.342244731,11859446,0.758243573,46.33039417,1.603,0.4682,0.0,0.175,0.25,0.25,0.161,0.2857143,10.0,2.3978952727983707,2016–20
burundi,2019,4.459342024,12255336,0.758243573,41.83524175,1.603,0.4663,0.0,0.175,0.25,0.25,0.155,0.2857143,6.0,1.9459101490553132,2016–20
burundi,2020,0.306443809,12617036,0.74199178,44.91517174,1.03,0.4644,0.0,0.175,0.25,0.3125,0.1546667,0.25,7.0,2.0794415416798357,2016–20
cambodia,1996,5.897505607,10801270,0.057169535,40.440050125,0.963,0.5556,0.125,0.15,0.0,0.1875,0.0,0.4642857,33.0,3.5263605246161616,1996–01
cambodia,1998,4.681632104,12058173,0.057169535,16.92086983,0.716,0.5556,0.125,0.15,0.0,0.1875,0.0,0.4642857,7.0,2.0794415416798357,1996–01
cambodia,2000,9.993580323,12462336,0.057169535,18.12844086,2.764,0.5556,0.125,0.15,0.0,0.1875,0.0,0.4642857,4.0,1.6094379124341003,1996–01
cambodia,2002,6.265072805,12855241,0.057169535,23.89594078,0.716,0.5556,0.125,0.15,0.0,0.1875,0.0,0.4642857,3.0,1.3862943611198906,1996–01
cambodia,2003,10.28368131,13050968,0.057169535,27.83922005,0.909,0.5556,0.125,0.15,0.0,0.1875,0.0,0.4642857,1.0,0.6931471805599453,1996–01
cambodia,2004,9.457694811,13244731,0.057169535,30.97751045,7.53,0.5556,0.125,0.15,0.0,0.25,0.0,0.5,0.0,0.0,1996–01
cambodia,2005,13.30333384,13439202,0.057169535,40.440050125,0.716,0.5556,0.125,0.15,0.0,0.25,0.0,0.5,0.0,0.0,2002–06
cambodia,2006,10.94336007,13639028,0.057169535,39.14353943,0.716,0.5556,0.125,0.15,0.0,0.25,0.159,0.4642857,0.0,0.0,2002–06
cambodia,2007,10.3984581,13841770,0.057169535,41.73656082,1.257,0.5556,0.125,0.15,0.0,0.25,0.159,0.4642857,0.0,0.0,2002–06
cambodia,2008,7.476366066,14053479,0.057169535,44.25049973,0.825,0.5556,0.125,0.15,0.0,0.25,0.1623333,0.4642857,2.0,1.0986122886681098,2002–06
cambodia,2009,4.074778506,14276810,0.057169535,40.440050125,0.579,0.5556,0.125,0.15,0.0,0.3125,0.1623333,0.4285714,0.0,0.0,2002–06
cambodia,2010,5.076918432,14500726,0.057169535,40.440050125,0.771,0.5546,0.125,0.15,0.0,0.3125,0.1623333,0.4285714,0.0,0.0,2007–10
cambodia,2011,7.286658139,14722584,0.057169535,40.440050125,0.577,0.4627,0.125,0.175,0.0,0.375,0.1623333,0.4285714,0.0,0.0,2007–10
cambodia,2012,7.650256579,14945085,0.057169535,40.440050125,1.279,0.4509,0.125,0.175,0.0,0.3125,0.1653333,0.4285714,0.0,0.0,2007–10
cambodia,2013,7.857499755,15170208,0.057169535,40.440050125,0.438,0.4731,0.125,0.175,0.0,0.375,0.1533333,0.4285714,2.0,1.0986122886681098,2007–10
cambodia,2014,8.000320746,15396772,0.057169535,40.440050125,0.692,0.4531,0.125,0.175,0.0,0.375,0.1593333,0.4642857,0.0,0.0,2011–15
cambodia,2015,7.207034725,15623251,0.057169535,40.440050125,0.393,0.4529,0.125,0.15,0.0,0.375,0.1423333,0.4285714,0.0,0.0,2011–15
cambodia,2016,7.905501161,15852803,0.057169535,40.440050125,0.716,0.4532,0.125,0.125,0.0,0.4375,0.1423333,0.3928571,0.0,0.0,2011–15
cambodia,2017,8.075039155,16073372,0.057169535,48.94244587,0.141,0.4529,0.125,0.175,0.0,0.4375,0.2043333,0.3928571,0.0,0.0,2011–15
cambodia,2018,8.776223762,16274522,0.057169535,50.19909972,0.716,0.4523,0.125,0.15,0.0,0.4375,0.1196667,0.3928571,1.0,0.6931471805599453,2016–20
cambodia,2019,7.936950136,16481304,0.057169535,49.73445189,0.499,0.4523,0.125,0.225,0.0,0.4375,0.1176667,0.3928571,0.0,0.0,2016–20
cambodia,2020,-3.555721934,16725474,0.057169535,51.81969833,0.172,0.4523,0.125,0.225,0.0,0.375,0.1033333,0.3928571,1.0,0.6931471805599453,2016–20
cameroon,1996,4.21507215,13414757,0.564792891,35.649263385,8.06,0.5372,0.0,0.05,0.0,0.0625,0.0,0.2142857,0.0,0.0,1996–01
cameroon,1998,4.725534848,14144860,0.360153899,25.41883087,4.11,0.5271,0.125,0.175,0.25,0.375,0.0,0.2857143,1.0,0.6931471805599453,1996–01
cameroon,2000,3.832417794,14912631,0.360153899,28.46063995,4.11,0.517,0.125,0.175,0.25,0.5625,0.0,0.2857143,0.0,0.0,1996–01
cameroon,2002,4.477026834,15725528,0.360153899,29.3418808,4.11,0.5096,0.0,0.125,0.25,0.375,0.0,0.25,0.0,0.0,1996–01
cameroon,2003,5.453153689,16160340,0.360153899,30.93568039,4.11,0.5073,0.125,0.15,0.25,0.375,0.125,0.25,0.0,0.0,1996–01
cameroon,2004,7.048862819,16610487,0.360153899,27.50962067,4.11,0.5049,0.125,0.15,0.25,0.375,0.125,0.25,0.0,0.0,1996–01
cameroon,2005,2.228270209,17074594,0.360153899,28.00790024,21.382,0.5026,0.0,0.125,0.25,0.375,0.0,0.25,0.0,0.0,2002–06
cameroon,2006,3.809583276,17550407,0.360153899,24.40801048,4.11,0.5002,0.25,0.2,0.25,0.5,0.1923333,0.25,0.0,0.0,2002–06
cameroon,2007,4.32758901,18049896,0.360153899,33.44971848,3.063,0.4979,0.25,0.2375,0.25,0.5,0.2756667,0.2678571,1.0,0.6931471805599453,2002–06
cameroon,2008,2.847677889,18574056,0.360153899,37.84880829,4.11,0.5005,0.25,0.275,0.25,0.4375,0.3653333,0.2857143,1.0,0.6931471805599453,2002–06
cameroon,2009,2.579251777,19113974,0.360153899,41.77436066,4.11,0.5032,0.25,0.25,0.25,0.375,0.282,0.2857143,1.0,0.6931471805599453,2002–06
cameroon,2010,2.899024721,19668066,0.360153899,35.649263385,4.11,0.5059,0.25,0.25,0.25,0.3125,0.2803333,0.25,3.0,1.3862943611198906,2007–10
cameroon,2011,3.379211285,20232304,0.360153899,49.87324611,4.11,0.5086,0.25,0.25,0.25,0.3125,0.2803333,0.2142857,3.0,1.3862943611198906,2007–10
cameroon,2012,4.625978722,20809529,0.360153899,53.10208872,4.11,0.5113,0.125,0.25,0.25,0.3125,0.2813333,0.2142857,0.0,0.0,2007–10
cameroon,2013,4.995529161,21402376,0.360153899,54.90127849,4.11,0.5139,0.125,0.225,0.25,0.3125,0.2006667,0.1785714,3.0,1.3862943611198906,2007–10
cameroon,2014,5.719818145,22059893,0.290259296,59.12535636,3.534,0.5166,0.125,0.225,0.25,0.3125,0.197,0.1785714,69.0,4.248495242049359,2011–15
cameroon,2015,5.666952987,22763414,0.360153899,60.49608836,4.11,0.5101,0.125,0.25,0.25,0.3125,0.2886667,0.1785714,83.0,4.430816798843313,2011–15
cameroon,2016,4.535794237,23454161,0.360153899,61.40370451,4.11,0.5037,0.125,0.25,0.25,0.3125,0.282,0.1785714,58.0,4.07753744390572,2011–15
cameroon,2017,3.541176549,24128601,0.360153899,35.649263385,4.11,0.4972,0.125,0.25,0.25,0.3125,0.287,0.1785714,111.0,4.718498871295094,2011–15
cameroon,2018,3.955514239,24806383,0.360153899,35.649263385,4.11,0.4908,0.125,0.25,0.25,0.3125,0.276,0.1785714,236.0,5.4680601411351315,2016–20
cameroon,2019,3.475059982,25506095,0.360153899,35.649263385,4.11,0.4843,0.125,0.25,0.25,0.1875,0.2616667,0.1785714,146.0,4.990432586778736,2016–20
cameroon,2020,0.259932916,26210558,0.360153899,35.649263385,4.11,0.4778,0.125,0.25,0.25,0.125,0.259,0.1785714,145.0,4.983606621708336,2016–20
canada,1996,1.688961225,29610218,0.004859595,109.6280594,9.62,0.3383,0.875,0.875,1.0,1.0,1.0,0.8928571,1.0,0.6931471805599453,1996–01
canada,1998,3.892886543,30155173,0.004996556,109.6280594,8.278,0.3486,0.875,0.875,1.0,1.0,1.0,0.8928571,4.0,1.6094379124341003,1996–01
canada,2000,5.13853918,30685730,0.002478209,101.9927368,6.829,0.3648,0.875,0.875,1.0,1.0,1.0,0.8928571,5.0,1.791759469228055,1996–01
canada,2002,2.99925535,31359199,0.002423058,109.6280594,7.665,0.366,0.875,0.875,1.0,1.0,1.0,0.8928571,0.0,0.0,1996–01
canada,2003,1.806385123,31642461,0.002371085,109.6280594,7.574,0.3695,0.875,0.875,1.0,1.0,1.0,0.8928571,0.0,0.0,1996–01
canada,2004,3.092363843,31938807,0.002435585,109.6280594,7.185,0.3756,0.875,0.875,1.0,0.8125,1.0,0.8928571,2.0,1.0986122886681098,1996–01
canada,2005,3.210454391,32242732,0.002449899,100.2748566,6.758,0.3807,0.875,0.85,1.0,1.0,0.875,0.9285713999999999,0.0,0.0,2002–06
canada,2006,2.63794375,32571193,0.002491476,100.4493103,6.484,0.3838,0.875,0.9249999999999999,1.0,0.9375,0.8856666999999999,0.8571428999999999,2.0,1.0986122886681098,2002–06
canada,2007,2.049904637,32888886,0.002482524,101.2722473,6.156,0.3838,0.875,0.9249999999999999,1.0,0.96875,0.8856666999999999,0.7857143,0.0,0.0,2002–06
canada,2008,0.995406301,33247298,0.002454623,102.2784195,6.284,0.3758,0.875,0.9249999999999999,1.0,1.0,0.8856666999999999,0.7857143,5.0,1.791759469228055,2002–06
canada,2009,-2.915086216,33630069,0.002443097,102.97995,8.46,0.3588,0.875,0.8999999999999999,1.0,0.875,0.8023332999999999,0.7857143,4.0,1.6094379124341003,2002–06
canada,2010,3.090806345,34005902,0.00248831,102.5102615,8.178,0.3652,0.875,0.8999999999999999,1.0,0.875,0.8026667,0.7857143,2.0,1.0986122886681098,2007–10
canada,2011,3.137194422,34339221,0.002261454,102.8239517,7.637,0.3647,0.875,0.8999999999999999,1.0,0.875,0.8026667,0.7857143,0.0,0.0,2007–10
canada,2012,1.755661291,34713395,0.002465214,110.8738327,7.392,0.3582,0.875,0.8999999999999999,1.0,0.875,0.8026667,0.7857143,3.0,1.3862943611198906,2007–10
canada,2013,2.325813548,35080992,0.004964854,111.407608,7.143,0.3587,0.875,0.8999999999999999,1.0,0.875,0.8026667,0.8214286,4.0,1.6094379124341003,2007–10
canada,2014,2.873466778,35434066,0.002421581,111.6815567,7.023,0.3565,0.875,0.8999999999999999,1.0,0.9375,0.8026667,0.8214286,3.0,1.3862943611198906,2011–15
canada,2015,0.649971002,35704498,0.004959172,111.7372818,6.945,0.3539,0.875,0.9249999999999999,1.0,0.9375,0.886,0.8214286,5.0,1.791759469228055,2011–15
canada,2016,1.038550925,36110803,0.004998126,111.6073303,7.038,0.3413,0.875,0.9249999999999999,1.0,0.9375,0.8883333,0.8928571,6.0,1.9459101490553132,2011–15
canada,2017,3.033834912,36545075,0.004973831,111.9745178,6.426,0.3481,0.875,0.9249999999999999,1.0,0.9375,0.8883333,0.8928571,16.0,2.833213344056216,2011–15
canada,2018,2.742963449,37072620,0.002499711,111.8336792,5.837,0.346,0.875,0.9249999999999999,1.0,0.9375,0.8883333,0.8214286,7.0,2.0794415416798357,2016–20
canada,2019,1.908431946,37618495,0.002486375,110.980072,5.69,0.3438,0.875,0.9249999999999999,1.0,0.9375,0.8906666999999999,0.8214286,5.0,1.791759469228055,2016–20
canada,2020,-5.038233435,38028638,0.002488486,109.6280594,9.657,0.3518,0.875,0.9249999999999999,1.0,0.9375,0.8913333,0.8214286,14.0,2.70805020110221,2016–20
central african republic,2009,8.587260426,4529047,0.057169535,11.99551964,5.926,0.635,0.125,0.225,0.0,0.1875,0.062,0.3928571,5.0,1.791759469228055,2002–06
central african republic,2010,4.630818432,4492995,0.057169535,15.61975956,5.926,0.6236,0.125,0.225,0.0,0.25,0.0606667,0.3928571,13.0,2.6390573296152584,2007–10
central african republic,2011,4.194615337,4565021,0.057169535,15.91895962,5.926,0.6123,0.125,0.225,0.0,0.25,0.0606667,0.3928571,3.0,1.3862943611198906,2007–10
central african republic,2012,5.053761254,4610848,0.057169535,15.61975956,5.926,0.601,0.125,0.2,0.0,0.1875,0.0663333,0.3571429,4.0,1.6094379124341003,2007–10
central african republic,2013,-36.3919771,4642419,0.057169535,15.61975956,5.926,0.5897,0.125,0.05,0.0,0.0,0.0496667,0.3571429,21.0,3.091042453358316,2007–10
central african republic,2014,0.081070515,4623182,0.057169535,15.61975956,5.926,0.5783,0.125,0.05,0.0,0.0,0.0496667,0.3571429,94.0,4.553876891600541,2011–15
central african republic,2015,4.33712103,4629320,0.057169535,15.61975956,5.926,0.567,0.0,0.075,0.0,0.0,0.1356667,0.2857143,49.0,3.912023005428146,2011–15
central african republic,2016,4.750316841,4713663,0.057169535,13.94655037,5.926,0.5557,0.0,0.075,0.0,0.0625,0.137,0.2857143,38.0,3.6635616461296463,2011–15
central african republic,2017,4.527278213,4793511,0.057169535,15.8074398,5.926,0.5444,0.0,0.075,0.0,0.0625,0.134,0.2857143,43.0,3.784189633918261,2011–15
central african republic,2018,3.789443593,4878657,0.057169535,15.61975956,5.926,0.533,0.0,0.075,0.0,0.0625,0.134,0.2857143,46.0,3.8501476017100584,2016–20
central african republic,2019,3.1,4944703,0.057169535,15.61975956,5.926,0.5217,0.0,0.075,0.0,0.0625,0.1273333,0.2857143,15.0,2.772588722239781,2016–20
central african republic,2020,0.899999997,5026628,0.057169535,15.61975956,5.926,0.5104,0.0,0.075,0.0,0.0625,0.1273333,0.2857143,36.0,3.6109179126442243,2016–20
chad,2006,-0.542829571,10706424,0.4352955385,15.86979008,1.135,0.4783,0.125,0.225,0.0,0.25,0.1383333,0.2857143,11.0,2.4849066497880004,2002–06
chad,2007,4.200174182,11081660,0.4352955385,18.29099083,1.135,0.4805,0.125,0.225,0.0,0.21875,0.1383333,0.2678571,7.0,2.0794415416798357,2002–06
chad,2008,3.081190339,11476296,0.4352955385,20.7904892,1.135,0.4827,0.0,0.2,0.0,0.1875,0.2173333,0.25,8.0,2.1972245773362196,2002–06
chad,2009,-1.408282627,11893754,0.4352955385,22.75427055,1.135,0.4849,0.0,0.175,0.0,0.25,0.2173333,0.2857143,3.0,1.3862943611198906,2002–06
chad,2010,13.67382727,12312575,0.4352955385,22.36927181,1.135,0.4871,0.0,0.15,0.0,0.4375,0.134,0.2857143,1.0,0.6931471805599453,2007–10
chad,2011,4.495429669,12754997,0.451976534,22.82248176,1.135,0.4893,0.0,0.15,0.0,0.375,0.1373333,0.2857143,0.0,0.0,2007–10
chad,2012,9.061803923,13210998,0.4352955385,22.10879034,1.135,0.4851,0.0,0.15,0.0,0.375,0.1373333,0.2857143,0.0,0.0,2007–10
chad,2013,2.838215248,13691079,0.4352955385,24.53260355,1.135,0.481,0.0,0.15,0.0,0.375,0.1333333,0.2857143,0.0,0.0,2007–10
chad,2014,2.062830743,14188678,0.4352955385,22.84857941,1.135,0.4768,0.0,0.15,0.0,0.375,0.1333333,0.2857143,1.0,0.6931471805599453,2011–15
chad,2015,3.304159798,14647621,0.4352955385,22.24542488,1.135,0.4727,0.0,0.15,0.0,0.4375,0.1333333,0.2857143,27.0,3.332204510175204,2011–15
chad,2016,-4.122503327,15114655,0.4352955385,22.53049085,1.135,0.4685,0.0,0.15,0.0,0.4375,0.1333333,0.2857143,5.0,1.791759469228055,2011–15
chad,2017,-1.617469228,15622759,0.4352955385,20.58556785,1.135,0.4644,0.0,0.2,0.0,0.4375,0.1333333,0.2857143,6.0,1.9459101490553132,2011–15
chad,2018,5.741115808,16156531,0.418614543,20.00211807,1.135,0.4602,0.0,0.2,0.0,0.3125,0.137,0.2857143,12.0,2.5649493574615367,2016–20
chad,2019,5.382822029,16685223,0.4352955385,20.19287747,1.135,0.4595,0.0,0.2,0.0,0.3125,0.137,0.2857143,14.0,2.70805020110221,2016–20
chad,2020,-0.393646583,17224679,0.4352955385,22.17710761,1.135,0.4588,0.0,0.2,0.0,0.3125,0.135,0.2857143,15.0,2.772588722239781,2016–20
chile,1996,7.114862627,14734046,0.079555156,91.77406311,7.414,0.6273,0.75,0.825,0.75,0.8125,0.875,0.8571428999999999,8.0,2.1972245773362196,1996–01
chile,1998,4.180886627,15127799,0.073965672,91.77406311,7.307,0.6273,0.75,0.825,0.75,0.5625,0.875,0.8571428999999999,1.0,0.6931471805599453,1996–01
chile,2000,4.971621488,15503635,0.086048065,86.90135956,10.491,0.6273,0.75,0.825,0.75,0.6875,0.875,0.8571428999999999,2.0,1.0986122886681098,1996–01
chile,2002,3.202799135,15857925,0.026483012,89.42163849,10.168,0.6102,0.75,0.85,0.75,0.875,1.0,0.8214286,1.0,0.6931471805599453,1996–01
chile,2003,4.723245269,16024752,0.07940843,90.62095642,9.765,0.6016,0.75,0.85,0.75,0.875,1.0,0.8571428999999999,2.0,1.0986122886681098,1996–01
chile,2004,6.674254168,16187322,0.026483012,91.0151062,10.162,0.6163,0.75,0.85,0.75,0.875,1.0,0.8571428999999999,0.0,0.0,1996–01
chile,2005,5.837045719,16348778,0.026483012,92.00456238,9.34,0.6309,0.75,0.85,0.75,0.875,1.0,0.8571428999999999,0.0,0.0,2002–06
chile,2006,6.049990826,16509195,0.033363518,91.99732971,9.024,0.6455,0.75,0.85,0.75,0.8125,0.9296667,0.8571428999999999,1.0,0.6931471805599453,2002–06
chile,2007,5.168230985,16671581,0.026483012,91.55079651,8.427,0.6415,0.75,0.85,0.75,0.78125,0.9296667,0.8571428999999999,8.0,2.1972245773362196,2002–06
chile,2008,3.789392806,16838988,0.026483012,91.54200745,9.285,0.6374,0.75,0.85,0.75,0.75,0.9296667,0.8571428999999999,4.0,1.6094379124341003,2002–06
chile,2009,-1.118037236,17009731,0.026483012,89.85975647,11.313,0.6334,0.75,0.85,0.75,0.75,0.9296667,0.8571428999999999,8.0,2.1972245773362196,2002–06
chile,2010,5.851651022,17181464,0.026483012,90.99951172,8.547,0.6581,0.75,0.825,0.75,0.75,0.839,0.8571428999999999,5.0,1.791759469228055,2007–10
chile,2011,6.223896785,17351816,0.016561192,90.98262024,7.492,0.6829,0.75,0.825,0.75,0.75,0.8346667,0.8571428999999999,6.0,1.9459101490553132,2007–10
chile,2012,6.155340019,17519119,0.026483012,89.50314331,6.79,0.6718,0.75,0.825,0.75,0.75,0.8346667,0.8571428999999999,2.0,1.0986122886681098,2007–10
chile,2013,3.308508247,17687006,0.007804124,99.15207672,6.361,0.6607,0.75,0.825,0.75,0.75,0.8433333,0.8571428999999999,5.0,1.791759469228055,2007–10
chile,2014,1.792649471,17864195,0.026483012,99.86544037,6.761,0.6564,0.75,0.825,0.75,0.75,0.8433333,0.8571428999999999,17.0,2.8903717578961645,2011–15
chile,2015,2.1519425,18047625,0.006747478,100.9216766,6.605,0.6522,0.75,0.7999999999999999,0.75,0.75,0.7613333,0.7857143,1.0,0.6931471805599453,2011–15
chile,2016,1.753038749,18267221,0.026483012,101.4881363,6.926,0.6434,0.75,0.7999999999999999,0.75,0.6875,0.7593333,0.7857143,19.0,2.995732273553991,2011–15
chile,2017,1.357695373,18558868,0.004827645,102.2948227,7.257,0.6346,0.75,0.7999999999999999,0.75,0.75,0.7613333,0.7857143,17.0,2.8903717578961645,2011–15
chile,2018,3.990029478,18893191,0.026483012,103.1730499,7.673,0.6199,0.75,0.7999999999999999,0.75,0.75,0.7656666999999999,0.8214286,47.0,3.871201010907891,2016–20
chile,2019,0.634367534,19197744,0.026483012,104.4057693,7.559,0.6052,0.75,0.7999999999999999,0.75,0.75,0.7693333,0.8214286,27.0,3.332204510175204,2016–20
chile,2020,-6.143474792,19370624,0.017220364,103.6916885,11.18,0.5905,0.75,0.7749999999999999,0.75,0.625,0.6926667,0.8214286,54.0,4.007333185232471,2016–20
china,1996,9.976199921,1217550000,0.620022224,52.30776978,3.0,0.3391,0.25,0.3,0.5,0.4375,0.125,0.3928571,62.0,4.143134726391533,1996–01
china,1998,7.920792079,1241935000,0.062256405,78.1607132,3.1,0.3425,0.25,0.35,0.25,0.4375,0.125,0.3928571,2.0,1.0986122886681098,1996–01
china,2000,8.586432018,1262645000,0.062256405,59.49248123,3.707,0.3587,0.25,0.35,0.25,0.375,0.125,0.4285714,4.0,1.6094379124341003,1996–01
china,2002,9.243393266,1280400000,0.481455375,62.83789825,4.0,0.3968,0.125,0.3,0.25,0.4375,0.125,0.3571429,2.0,1.0986122886681098,1996–01
china,2003,10.11819286,1288400000,0.062256405,64.05413055,4.3,0.4051,0.125,0.3,0.25,0.4375,0.125,0.3928571,3.0,1.3862943611198906,1996–01
china,2004,10.13140736,1296075000,0.062256405,78.1607132,4.2,0.4121,0.125,0.3,0.25,0.4375,0.125,0.4285714,2.0,1.0986122886681098,1996–01
china,2005,11.45823846,1303720000,0.330984316,78.1607132,4.2,0.4216,0.125,0.3,0.25,0.4375,0.125,0.4642857,1.0,0.6931471805599453,2002–06
china,2006,12.67467517,1311020000,0.062256405,74.05756378,4.1,0.4236,0.0,0.35,0.25,0.4375,0.1823333,0.4642857,0.0,0.0,2002–06
china,2007,14.14998549,1317885000,0.062256405,78.1607132,4.0,0.4269,0.0,0.375,0.25,0.4375,0.1823333,0.4642857,0.0,0.0,2002–06
china,2008,9.670245886,1324655000,0.262423338,82.67925262,4.2,0.4269,0.0,0.4,0.25,0.4375,0.1846667,0.4642857,20.0,3.044522437723423,2002–06
china,2009,9.402699728,1331260000,0.062256405,88.28749847,4.3,0.4262,0.0,0.4,0.25,0.375,0.1846667,0.4642857,7.0,2.0794415416798357,2002–06
china,2010,10.59627198,1337705000,0.205866401,90.78291733,4.1,0.4283,0.0,0.425,0.25,0.375,0.188,0.4642857,1.0,0.6931471805599453,2007–10
china,2011,9.461335887,1345035000,0.156968148,92.03294252,4.1,0.4311,0.0,0.425,0.25,0.375,0.188,0.4642857,4.0,1.6094379124341003,2007–10
china,2012,7.856174271,1354190000,0.132419545,92.2603063,4.1,0.4169,0.0,0.425,0.25,0.4375,0.1833333,0.4642857,4.0,1.6094379124341003,2007–10
china,2013,7.778724094,1363240000,0.062256405,78.1607132,4.05,0.4235,0.125,0.425,0.25,0.4375,0.1833333,0.4285714,12.0,2.5649493574615367,2007–10
china,2014,7.461900282,1371860000,0.047445186,78.1607132,4.1,0.4156,0.25,0.45,0.5,0.4375,0.2666667,0.5714286,37.0,3.6375861597263857,2011–15
china,2015,6.978780027,1379860000,0.0297972,78.1607132,4.1,0.4166,0.25,0.45,0.5,0.4375,0.2713333,0.5714286,17.0,2.8903717578961645,2011–15
china,2016,6.775555628,1387790000,0.021982438,78.1607132,4.1,0.4168,0.25,0.45,0.5,0.4375,0.2713333,0.6071428999999999,5.0,1.791759469228055,2011–15
china,2017,6.891266362,1396215000,0.016652044,78.1607132,3.9,0.4271,0.25,0.45,0.5,0.5,0.27,0.5714286,6.0,1.9459101490553132,2011–15
china,2018,6.756718002,1402760000,0.007953106,78.1607132,4.93,0.4241,0.25,0.45,0.5,0.5,0.2773333,0.5357143,1.0,0.6931471805599453,2016–20
china,2019,6.068502351,1407745000,0.0,78.1607132,5.15,0.4224,0.25,0.45,0.5,0.625,0.242,0.5357143,14.0,2.70805020110221,2016–20
china,2020,2.340188431,1411100000,0.0,78.1607132,5.61,0.4308,0.375,0.45,0.5,0.625,0.2423333,0.5714286,21.0,3.091042453358316,2016–20
colombia,1996,2.055854713,36462745,0.247902013,97.67411804,11.81,0.6397,0.25,0.35,0.5,0.625,0.25,0.5,409.0,6.016157159698354,1996–01
colombia,1998,0.569784088,37792165,0.131106533,97.67411804,15.0,0.6397,0.25,0.4,0.5,0.375,0.25,0.5714286,94.0,4.553876891600541,1996–01
colombia,2000,2.924861482,39089934,0.239181059,76.40447998,20.52,0.6397,0.125,0.25,0.5,0.3125,0.25,0.6071428999999999,137.0,4.927253685157205,1996–01
colombia,2002,2.503980467,40324680,0.212347819,78.15519714,14.481,0.6397,0.25,0.35,0.25,0.3125,0.375,0.4642857,150.0,5.017279836814924,1996–01
colombia,2003,3.918271903,40937429,0.197630509,97.67411804,13.221,0.6011,0.25,0.375,0.25,0.25,0.375,0.4642857,98.0,4.59511985013459,1996–01
colombia,2004,5.333022068,41543171,0.192086106,82.95046234,12.736,0.6224,0.25,0.375,0.25,0.25,0.375,0.4642857,37.0,3.6375861597263857,1996–01
colombia,2005,4.828761108,42128977,0.168003517,86.96164703,11.062,0.6111,0.25,0.4,0.25,0.3125,0.375,0.5357143,42.0,3.7612001156935624,2002–06
colombia,2006,6.716868698,42691084,0.131106533,90.28766632,10.52,0.613,0.25,0.4,0.25,0.4375,0.4633333,0.5714286,43.0,3.784189633918261,2002–06
colombia,2007,6.738194691,43235374,0.131106533,93.01280975,10.252,0.6149,0.25,0.4,0.25,0.4375,0.4633333,0.5714286,30.0,3.4339872044851463,2002–06
colombia,2008,3.283446186,43758808,0.165645506,94.23155212,10.52,0.6168,0.25,0.4,0.25,0.4375,0.468,0.5714286,133.0,4.897839799950911,2002–06
colombia,2009,1.139648645,44271541,0.150200916,98.27008057,11.319,0.6058,0.25,0.4,0.25,0.4375,0.468,0.5714286,138.0,4.9344739331306915,2002–06
colombia,2010,4.494658971,44777319,0.131106533,99.95436859,11.153,0.6007,0.25,0.425,0.5,0.5,0.4683333,0.6071428999999999,136.0,4.919980925828125,2007–10
colombia,2011,6.947891982,45259614,0.112377523,101.2058182,10.288,0.6056,0.25,0.425,0.5,0.625,0.471,0.6785713999999999,94.0,4.553876891600541,2007–10
colombia,2012,3.912635767,45715810,0.108860189,97.2326889,9.959,0.5825,0.25,0.425,0.5,0.625,0.471,0.6785713999999999,115.0,4.7535901911063645,2007–10
colombia,2013,5.13399352,46151584,0.099394076,98.10150146,9.246,0.587,0.25,0.4,0.5,0.5,0.4683333,0.6428571,149.0,5.0106352940962555,2007–10
colombia,2014,4.499030001,46565429,0.089910069,97.36328888,8.799,0.5595,0.25,0.4,0.5,0.5,0.4683333,0.6428571,231.0,5.44673737166631,2011–15
colombia,2015,2.955901375,46969940,0.080784339,97.67411804,8.572,0.5626,0.375,0.45,0.5,0.5625,0.5539999999999999,0.6071428999999999,136.0,4.919980925828125,2011–15
colombia,2016,2.087382502,47437512,0.079806273,98.41562653,8.922,0.567,0.375,0.475,0.5,0.5625,0.5556667,0.6071428999999999,110.0,4.709530201312334,2011–15
colombia,2017,1.359360868,48131078,0.073062801,99.21932983,9.086,0.5897,0.375,0.45,0.5,0.625,0.5556667,0.6071428999999999,119.0,4.787491742782046,2011–15
colombia,2018,2.564324283,49024465,0.073782299,100.3733368,9.36,0.596,0.375,0.45,0.5,0.625,0.5653332999999999,0.6071428999999999,206.0,5.332718793265369,2016–20
colombia,2019,3.186855392,49907985,0.087890676,101.9893494,10.28,0.5969,0.375,0.45,0.5,0.6875,0.571,0.6428571,230.0,5.442417710521793,2016–20
colombia,2020,-7.185914138,50629997,0.134859769,101.4994507,15.568,0.6122,0.375,0.45,0.5,0.625,0.568,0.6428571,171.0,5.147494476813453,2016–20
comoros,2014,2.106669206,711503,0.313569638,61.50787743,8.142,0.4993,0.25,0.425,0.25,0.5625,0.352,0.4642857,0.0,0.0,2011–15
costa rica,1996,1.350459491,3619013,0.117491606,99.7109375,7.824,0.5177,0.625,0.7,0.5,0.875,0.75,0.7142856999999999,1.0,0.6931471805599453,1996–01
costa rica,1998,7.155308579,3782838,0.074750006,99.7109375,7.824,0.5177,0.625,0.65,0.5,0.875,0.75,0.7142856999999999,0.0,0.0,1996–01
costa rica,2000,3.86871809,3937739,0.097767517,59.65203857,7.824,0.5177,0.625,0.65,0.5,0.875,0.75,0.7142856999999999,0.0,0.0,1996–01
costa rica,2002,3.41687639,4075705,0.065660155,65.63790894,6.396,0.5177,0.5,0.625,0.5,0.875,0.75,0.6785713999999999,0.0,0.0,1996–01
costa rica,2003,4.317179866,4138784,0.068732227,99.7109375,6.654,0.5177,0.5,0.625,0.5,0.875,0.75,0.6785713999999999,0.0,0.0,1996–01
costa rica,2004,4.424599597,4200078,0.065921104,77.78919983,6.445,0.5177,0.5,0.625,0.5,0.875,0.75,0.6785713999999999,0.0,0.0,1996–01
costa rica,2005,3.976666368,4261240,0.050424627,79.19320679,6.749,0.5177,0.5,0.625,0.5,0.875,0.75,0.6785713999999999,0.0,0.0,2002–06
costa rica,2006,7.326695433,4321340,0.05160285,85.95723724,5.926,0.5177,0.5,0.625,0.5,0.875,0.768,0.6428571,0.0,0.0,2002–06
costa rica,2007,8.215131983,4380248,0.031409793,86.97624969,4.557,0.5177,0.5,0.625,0.5,0.875,0.768,0.6428571,0.0,0.0,2002–06
costa rica,2008,4.738174878,4440056,0.033739828,88.26229858,4.934,0.5177,0.5,0.65,0.5,0.875,0.768,0.7142856999999999,0.0,0.0,2002–06
costa rica,2009,-0.873455943,4499791,0.036088418,94.30343628,7.824,0.5177,0.625,0.7,0.5,0.875,0.768,0.7142856999999999,0.0,0.0,2002–06
costa rica,2010,5.360343526,4555962,0.022089726,97.50673676,7.171,0.5177,0.625,0.6749999999999999,0.5,0.875,0.768,0.6785713999999999,0.0,0.0,2007–10
costa rica,2011,4.40315924,4609833,0.027238454,99.7109375,9.518,0.5204,0.625,0.6749999999999999,0.5,0.875,0.77,0.6785713999999999,0.0,0.0,2007–10
costa rica,2012,4.88259241,4663934,0.025627971,103.2673035,9.11,0.5132,0.625,0.6749999999999999,0.5,0.875,0.77,0.6785713999999999,0.0,0.0,2007–10
costa rica,2013,2.494766112,4716147,0.026420895,108.5341263,8.218,0.528,0.625,0.6749999999999999,0.5,0.875,0.7676666999999999,0.6785713999999999,0.0,0.0,2007–10
costa rica,2014,3.542109878,4767119,0.023871448,114.2898636,8.499,0.5265,0.625,0.6749999999999999,0.5,0.875,0.7676666999999999,0.6785713999999999,0.0,0.0,2011–15
costa rica,2015,3.652080968,4818038,0.024401484,115.720871,8.415,0.5342,0.625,0.6749999999999999,0.5,0.875,0.7653333,0.6785713999999999,0.0,0.0,2011–15
costa rica,2016,4.204323252,4866998,0.024028999,118.2037125,8.085,0.5479,0.625,0.6749999999999999,0.5,0.875,0.7626666999999999,0.7142856999999999,0.0,0.0,2011–15
costa rica,2017,4.157698963,4913177,0.017488793,121.5149612,7.729,0.5266,0.5,0.6749999999999999,0.5,0.875,0.7626666999999999,0.7142856999999999,0.0,0.0,2011–15
costa rica,2018,2.615904404,4957818,0.02320724,125.9643478,9.01,0.5231,0.625,0.6749999999999999,0.5,0.8125,0.769,0.75,0.0,0.0,2016–20
costa rica,2019,2.417511818,4999553,0.017298358,132.8493347,10.807,0.5516,0.625,0.6749999999999999,0.5,0.8125,0.771,0.7142856999999999,2.0,1.0986122886681098,2016–20
costa rica,2020,-4.273354322,5034320,0.033517811,132.6786804,16.432,0.5608,0.625,0.6749999999999999,0.5,0.8125,0.772,0.7142856999999999,0.0,0.0,2016–20
croatia,1996,6.10898085,4557097,0.00581106325,99.30599594,9.68,0.3245,0.0,0.25,0.25,0.25,0.25,0.4285714,3.0,1.3862943611198906,1996–01
croatia,1998,2.251677913,4532135,0.0,99.30599594,11.392,0.3301,0.0,0.3,0.25,0.375,0.25,0.4285714,0.0,0.0,1996–01
croatia,2000,2.945253151,4468302,0.0,99.30599594,16.064,0.3234,0.375,0.475,0.25,0.375,0.375,0.4285714,2.0,1.0986122886681098,1996–01
croatia,2002,5.803328259,4302174,0.00581106325,95.02172852,15.053,0.3142,0.5,0.45,0.25,0.625,0.5,0.4642857,0.0,0.0,1996–01
croatia,2003,5.568372828,4303399,0.00581106325,95.49564362,13.924,0.309,0.5,0.575,0.25,0.6875,0.625,0.5,0.0,0.0,1996–01
croatia,2004,4.170484899,4304600,0.0,99.30599594,13.664,0.319,0.375,0.575,0.25,0.6875,0.625,0.5,0.0,0.0,1996–01
croatia,2005,4.327076425,4310145,0.00581106325,99.07688904,12.598,0.3314,0.375,0.575,0.25,0.6875,0.625,0.5,1.0,0.6931471805599453,2002–06
croatia,2006,5.069077708,4311159,0.00581106325,99.03450775,11.13,0.3328,0.375,0.575,0.25,0.6875,0.6513333,0.5,0.0,0.0,2002–06
croatia,2007,5.049276352,4310217,0.00581106325,99.01252747,9.909,0.341,0.375,0.575,0.25,0.6875,0.6513333,0.5,0.0,0.0,2002–06
croatia,2008,1.972870067,4309705,0.000318027,98.99922943,8.53,0.3385,0.375,0.575,0.25,0.6875,0.6513333,0.5,2.0,1.0986122886681098,2002–06
croatia,2009,-6.812312176,4305181,0.0054567505,98.93942261,9.202,0.3267,0.375,0.5499999999999999,0.25,0.6875,0.6513333,0.5,1.0,0.6931471805599453,2002–06
croatia,2010,-1.336046724,4295427,0.0071921025,98.89552307,11.62,0.3261,0.375,0.5499999999999999,0.25,0.75,0.6436666999999999,0.5,0.0,0.0,2007–10
croatia,2011,-0.110906722,4280622,0.009928041,99.26560211,13.678,0.3382,0.375,0.5499999999999999,0.25,0.6875,0.641,0.5,0.0,0.0,2007–10
croatia,2012,-2.237433601,4260368,0.010719465,99.34638977,16.046,0.3357,0.375,0.5499999999999999,0.25,0.6875,0.6476666999999999,0.5,0.0,0.0,2007–10
croatia,2013,-0.133645737,4233922,0.012065837,101.800499,17.231,0.338,0.375,0.5499999999999999,0.25,0.6875,0.6476666999999999,0.5,2.0,1.0986122886681098,2007–10
croatia,2014,-0.557692914,4201598,0.011621529,102.528923,17.209,0.342,0.375,0.5499999999999999,0.25,0.75,0.6476666999999999,0.5,0.0,0.0,2011–15
croatia,2015,2.319986927,4151725,0.006963191,102.9813309,16.15,0.3418,0.375,0.5499999999999999,0.25,0.75,0.6476666999999999,0.5,0.0,0.0,2011–15
croatia,2016,3.466461143,4106867,0.008571757,103.7194366,13.015,0.3302,0.375,0.6,0.25,0.8125,0.6416666999999999,0.6428571,0.0,0.0,2011–15
croatia,2017,3.283963216,4041407,0.006165376,104.2144165,11.078,0.3309,0.375,0.625,0.25,0.8125,0.6376666999999999,0.6428571,0.0,0.0,2011–15
croatia,2018,2.911075934,3988775,0.005039287,104.960083,8.322,0.3463,0.375,0.625,0.25,0.8125,0.6356666999999999,0.6428571,0.0,0.0,2016–20
croatia,2019,3.101526839,3949390,0.003641373,105.1359787,6.551,0.3441,0.375,0.625,0.25,0.8125,0.6356666999999999,0.6428571,0.0,0.0,2016–20
croatia,2020,-8.310864015,3914206,0.004439274,105.5854187,7.389,0.3441,0.5,0.6,0.25,0.6875,0.6333333,0.5,1.0,0.6931471805599453,2016–20
cuba,1996,7.838749659,10962010,0.057169535,82.66752625,7.61,0.5114,0.25,0.2,0.25,0.5,0.25,0.1785714,1.0,0.6931471805599453,1996–01
cuba,1998,0.159146052,11034712,0.057169535,92.40794094,6.23,0.5114,0.25,0.25,0.25,0.4375,0.25,0.2142857,0.0,0.0,1996–01
cuba,2000,5.914760174,11109109,0.057169535,81.88301086,5.45,0.5114,0.25,0.25,0.5,0.4375,0.25,0.2142857,0.0,0.0,1996–01
cuba,2002,1.424821261,11177418,0.057169535,88.5996933,3.31,0.5215,0.25,0.25,0.5,0.4375,0.25,0.2142857,0.0,0.0,1996–01
cuba,2003,3.792740223,11209383,0.057169535,91.78713226,2.33,0.514,0.25,0.25,0.5,0.375,0.25,0.2142857,0.0,0.0,1996–01
cuba,2004,5.77053807,11238756,0.057169535,91.12374115,1.854,0.5053,0.25,0.25,0.5,0.5,0.25,0.1428571,0.0,0.0,1996–01
cuba,2005,11.20165642,11262554,0.057169535,92.37484741,1.95,0.489,0.25,0.225,0.0,0.5,0.125,0.2142857,0.0,0.0,2002–06
cuba,2006,12.06586311,11278550,0.057169535,93.15399933,1.913,0.4749,0.75,0.45,0.5,0.625,0.284,0.25,0.0,0.0,2002–06
cuba,2007,7.262136966,11287272,0.057169535,93.1459198,1.788,0.5048,0.75,0.4625,0.5,0.625,0.3256667,0.25,1.0,0.6931471805599453,2002–06
cuba,2008,4.116828042,11291762,0.057169535,93.16905212,1.583,0.4699,0.75,0.475,0.5,0.625,0.3673333,0.25,0.0,0.0,2002–06
cuba,2009,1.451305431,11294719,0.057169535,92.1000824,1.67,0.4608,0.75,0.475,0.5,0.625,0.3673333,0.25,0.0,0.0,2002–06
cuba,2010,2.390352297,11297409,0.057169535,92.40794094,2.5,0.4672,0.75,0.475,0.5,0.625,0.3673333,0.25,0.0,0.0,2007–10
cuba,2011,2.802300836,11301571,0.057169535,92.22151843,3.18,0.4326,0.75,0.475,0.5,0.625,0.3673333,0.25,0.0,0.0,2007–10
cuba,2012,3.014900289,11303175,0.057169535,90.92685663,3.498,0.4288,0.75,0.475,0.5,0.625,0.3673333,0.25,0.0,0.0,2007–10
cuba,2013,2.747602563,11298167,0.057169535,91.33100394,3.29,0.4299,0.625,0.475,0.5,0.625,0.3673333,0.2142857,0.0,0.0,2007–10
cuba,2014,1.047576632,11285775,0.057169535,95.98679902,2.7,0.4289,0.625,0.475,0.5,0.625,0.3673333,0.2142857,0.0,0.0,2011–15
cuba,2015,4.438333589,11275065,0.057169535,96.09290991,2.4,0.4258,0.625,0.45,0.5,0.625,0.3673333,0.2142857,0.0,0.0,2011–15
cuba,2016,0.512843096,11265612,0.057169535,97.80056411,2.0,0.4231,0.375,0.45,0.5,0.625,0.3653333,0.25,0.0,0.0,2011–15
cuba,2017,1.809791784,11247829,0.057169535,98.89163814,1.7,0.4318,0.375,0.45,0.5,0.625,0.3603333,0.25,0.0,0.0,2011–15
cuba,2018,2.247948529,11227118,0.057169535,99.58059265,1.7,0.44,0.375,0.45,0.5,0.625,0.35,0.25,0.0,0.0,2016–20
cuba,2019,-0.163087224,11202846,0.057169535,100.4678099,2.365,0.4419,0.375,0.475,0.5,0.625,0.3446667,0.25,0.0,0.0,2016–20
cuba,2020,-10.9494359,11176354,0.057169535,101.4879906,2.365,0.4564,0.375,0.475,0.5,0.625,0.3446667,0.25,0.0,0.0,2016–20
cyprus,1996,1.248541475,880290,0.000541303,96.60437012,3.1,0.3533,0.875,0.7749999999999999,0.75,0.6875,0.875,0.7142856999999999,10.0,2.3978952727983707,1996–01
cyprus,1998,6.110882949,914548,0.000541303,96.60437012,3.3,0.3963,0.75,0.75,0.75,0.6875,0.75,0.6785713999999999,1.0,0.6931471805599453,1996–01
cyprus,2000,5.965304455,947667,0.000541303,93.37213898,4.766,0.342,0.75,0.75,0.75,0.75,0.75,0.6428571,2.0,1.0986122886681098,1996–01
cyprus,2002,3.722974911,981440,0.000541303,96.91520691,3.336,0.3732,0.75,0.7,0.75,0.5,0.75,0.6785713999999999,0.0,0.0,1996–01
cyprus,2003,2.623299623,999590,0.000541303,97.55622864,4.153,0.3581,0.625,0.625,0.5,0.4375,0.75,0.6785713999999999,0.0,0.0,1996–01
cyprus,2004,5.026272267,1017875,0.000940679,96.29353333,4.77,0.3032,0.5,0.6,0.5,0.5625,0.625,0.7142856999999999,1.0,0.6931471805599453,1996–01
cyprus,2005,4.852987622,1036151,0.000541303,94.00523376,5.481,0.3015,0.5,0.6,0.5,0.5625,0.625,0.7142856999999999,0.0,0.0,2002–06
cyprus,2006,4.713783586,1054418,0.000181988,93.14047241,4.593,0.3192,0.625,0.7749999999999999,0.5,0.75,0.8366667,0.8214286,0.0,0.0,2002–06
cyprus,2007,5.098226149,1072714,0.000251592,92.91394043,3.946,0.3025,0.625,0.7749999999999999,0.5,0.75,0.7949999999999999,0.8214286,1.0,0.6931471805599453,2002–06
cyprus,2008,3.646989221,1091026,8.47e-05,92.36916351,3.756,0.3418,0.625,0.7749999999999999,0.5,0.8125,0.7566666999999999,0.7857143,0.0,0.0,2002–06
cyprus,2009,-2.015082037,1109371,0.00111965,91.92617798,5.594,0.3457,0.625,0.7749999999999999,0.5,0.8125,0.7566666999999999,0.7857143,0.0,0.0,2002–06
cyprus,2010,2.282671001,1127816,0.000588181,91.44080353,6.359,0.3325,0.625,0.75,0.75,0.8125,0.743,0.7857143,0.0,0.0,2007–10
cyprus,2011,0.416711868,1146493,0.000320713,92.82562256,7.942,0.3712,0.625,0.75,0.75,0.8125,0.743,0.7857143,0.0,0.0,2007–10
cyprus,2012,-3.447381514,1165397,4.24e-05,95.29985046,12.097,0.3765,0.625,0.75,0.75,0.8125,0.743,0.7857143,1.0,0.6931471805599453,2007–10
cyprus,2013,-6.587477511,1183895,0.000970186,98.31169128,16.131,0.4213,0.625,0.75,0.75,0.75,0.743,0.7857143,2.0,1.0986122886681098,2007–10
cyprus,2014,-1.776058677,1201801,0.000979789,99.41673279,16.277,0.3763,0.625,0.725,0.75,0.8125,0.7466667,0.75,2.0,1.0986122886681098,2011–15
cyprus,2015,3.418920389,1219502,0.000452805,99.77831268,15.026,0.3739,0.625,0.725,0.75,0.8125,0.751,0.75,0.0,0.0,2011–15
cyprus,2016,6.573590809,1237112,0.000762345,99.11930847,13.006,0.3586,0.625,0.725,0.75,0.8125,0.755,0.75,2.0,1.0986122886681098,2011–15
cyprus,2017,5.750832366,1254275,0.000513025,100.33255,11.155,0.3504,0.625,0.725,0.75,0.8125,0.753,0.7142856999999999,0.0,0.0,2011–15
cyprus,2018,6.271663601,1270737,0.000781816,100.2535172,8.504,0.3676,0.5,0.7,0.5,0.8125,0.753,0.75,0.0,0.0,2016–20
cyprus,2019,5.875595834,1286671,0.001747171,100.8504333,7.155,0.3312,0.5,0.7,0.5,0.8125,0.753,0.75,0.0,0.0,2016–20
cyprus,2020,-3.220630186,1302247,0.000220837,101.4274063,7.755,0.3312,0.5,0.6749999999999999,0.5,0.625,0.752,0.75,11.0,2.4849066497880004,2016–20
djibouti,2009,5.545080812,911527,0.263751496,85.67661285,26.064,0.5021,0.125,0.3,0.25,0.625,0.2456667,0.25,0.0,0.0,2002–06
djibouti,2010,5.545080812,930251,0.263751496,85.67661285,26.064,0.5062,0.125,0.275,0.25,0.5625,0.24,0.25,0.0,0.0,2007–10
djibouti,2011,5.545080812,948558,0.263751496,85.67661285,26.064,0.5102,0.125,0.275,0.25,0.4375,0.256,0.25,0.0,0.0,2007–10
djibouti,2012,5.545080812,966747,0.263751496,85.67661285,26.064,0.5142,0.125,0.275,0.25,0.4375,0.258,0.25,0.0,0.0,2007–10
djibouti,2013,5.545080812,984824,0.312491499,85.67661285,26.064,0.5105,0.125,0.25,0.25,0.4375,0.182,0.25,0.0,0.0,2007–10
djibouti,2014,7.192987285,1002717,0.263751496,85.67661285,26.064,0.5057,0.125,0.25,0.25,0.4375,0.183,0.25,1.0,0.6931471805599453,2011–15
djibouti,2015,7.308985635,1020313,0.263751496,85.67661285,26.064,0.501,0.125,0.25,0.25,0.4375,0.18,0.25,1.0,0.6931471805599453,2011–15
djibouti,2016,7.123432337,1037653,0.263751496,85.67661285,26.064,0.4962,0.125,0.25,0.25,0.4375,0.1776667,0.25,0.0,0.0,2011–15
djibouti,2017,5.458091517,1054841,0.253608787,85.67661285,26.064,0.4915,0.125,0.25,0.25,0.375,0.1753333,0.25,1.0,0.6931471805599453,2011–15
djibouti,2018,4.774339349,1071882,0.263751496,85.67661285,26.064,0.4915,0.125,0.25,0.25,0.375,0.179,0.25,0.0,0.0,2016–20
djibouti,2019,5.545080812,1088709,0.263751496,85.67661285,26.064,0.4915,0.125,0.275,0.25,0.375,0.1756667,0.2857143,0.0,0.0,2016–20
djibouti,2020,1.202115173,1105188,0.263751496,85.67661285,26.064,0.4915,0.125,0.25,0.25,0.4375,0.1736667,0.2857143,0.0,0.0,2016–20
dominican republic,1996,5.961193194,8032894,0.079587758,79.54652236999999,6.3294999999999995,0.5443,0.25,0.375,0.25,0.5,0.25,0.3571429,3.0,1.3862943611198906,1996–01
dominican republic,1998,6.705855708,8310362,0.055469352,79.54652236999999,6.3294999999999995,0.5443,0.0,0.275,0.0,0.375,0.125,0.3928571,0.0,0.0,1996–01
dominican republic,2000,4.651725503,8584190,0.082628248,59.44007874,6.432,0.5443,0.0,0.275,0.0,0.6875,0.125,0.4285714,0.0,0.0,1996–01
dominican republic,2002,4.48650367,8852235,0.090040733,67.81627655,6.779,0.5443,0.25,0.325,0.0,0.5625,0.25,0.4285714,0.0,0.0,1996–01
dominican republic,2003,-1.349357448,8980620,0.106751378,79.54652236999999,6.938,0.5443,0.0,0.225,0.0,0.375,0.125,0.3928571,0.0,0.0,1996–01
dominican republic,2004,2.585566674,9104892,0.146348648,68.88931274,6.303,0.5443,0.25,0.3,0.0,0.4375,0.25,0.3928571,0.0,0.0,1996–01
dominican republic,2005,9.43178932,9225034,0.098547278,70.52304077,6.587,0.5443,0.125,0.3,0.0,0.4375,0.25,0.3928571,0.0,0.0,2002–06
dominican republic,2006,9.17120651,9341183,0.081170187,79.54652236999999,5.654,0.5443,0.125,0.35,0.0,0.6875,0.371,0.4285714,0.0,0.0,2002–06
dominican republic,2007,7.418405778,9455658,0.078263493,79.92154694,5.158,0.5443,0.125,0.35,0.0,0.6875,0.371,0.4285714,0.0,0.0,2002–06
dominican republic,2008,3.268086713,9573130,0.071428702,78.75715637,4.764,0.5443,0.125,0.35,0.0,0.6875,0.3733333,0.4285714,0.0,0.0,2002–06
dominican republic,2009,1.00345293,9695265,0.063265634,80.71199799,5.467,0.5443,0.125,0.35,0.0,0.5625,0.3733333,0.4285714,0.0,0.0,2002–06
dominican republic,2010,8.401145412,9820175,0.055469352,77.97182754,5.212,0.5443,0.125,0.35,0.0,0.625,0.3733333,0.4642857,0.0,0.0,2007–10
dominican republic,2011,3.191962275,9945621,0.053372381,77.42722002,6.087,0.5443,0.125,0.35,0.0,0.625,0.3733333,0.4642857,0.0,0.0,2007–10
dominican republic,2012,2.775671008,10070411,0.054305074,77.98610639,6.722,0.5443,0.25,0.375,0.25,0.625,0.383,0.4642857,0.0,0.0,2007–10
dominican republic,2013,4.934733007,10193833,0.044257072,79.1714978,7.351,0.5609,0.25,0.525,0.25,0.625,0.4746667,0.4642857,1.0,0.6931471805599453,2007–10
dominican republic,2014,7.111226297,10315528,0.041287046,80.11454425,6.719,0.5375,0.25,0.525,0.25,0.6875,0.4723333,0.4642857,0.0,0.0,2011–15
dominican republic,2015,6.987711312,10434829,0.032675568,79.93788964,7.605,0.5466,0.25,0.5,0.25,0.6875,0.4723333,0.5,0.0,0.0,2011–15
dominican republic,2016,6.719740787,10551430,0.029633386,80.09447287,7.284,0.5554,0.25,0.5,0.25,0.6875,0.4723333,0.5357143,0.0,0.0,2011–15
dominican republic,2017,3.933861764,10666843,0.015202537,79.94068011,5.832,0.5264,0.25,0.5,0.25,0.6875,0.472,0.5357143,1.0,0.6931471805599453,2011–15
dominican republic,2018,7.097516402,10782053,0.011012305,80.21593,5.861,0.5496,0.25,0.5,0.25,0.6875,0.468,0.5357143,0.0,0.0,2016–20
dominican republic,2019,4.894030115,10894043,0.01008983,81.85623604,6.356,0.5205,0.25,0.5,0.25,0.6875,0.468,0.5357143,0.0,0.0,2016–20
dominican republic,2020,-7.929052342,11008300,0.013026447,80.04441192,6.126,0.4986,0.25,0.5,0.25,0.625,0.4606667,0.5357143,0.0,0.0,2016–20
ecuador,1996,1.731747626,11810950,0.07774476,93.83716371,10.38,0.5443,0.125,0.325,0.0,0.125,0.25,0.4642857,5.0,1.791759469228055,1996–01
ecuador,1998,3.266529346,12251184,0.07774476,93.83716371,11.49,0.5443,0.125,0.325,0.25,0.4375,0.25,0.5357143,3.0,1.3862943611198906,1996–01
ecuador,2000,1.091801647,12689206,0.340527798,55.96126938,4.8,0.5443,0.125,0.35,0.0,0.25,0.25,0.4285714,4.0,1.6094379124341003,1996–01
ecuador,2002,4.928095496,13138472,0.07774476,57.24361038,3.836,0.5356,0.125,0.35,0.0,0.3125,0.375,0.3571429,2.0,1.0986122886681098,1996–01
ecuador,2003,2.884500365,13372306,0.188555889,56.81657028,5.662,0.5269,0.125,0.375,0.0,0.3125,0.375,0.3571429,4.0,1.6094379124341003,1996–01
ecuador,2004,6.832397366,13608701,0.194386829,57.40961075,5.002,0.5188,0.0,0.375,0.0,0.25,0.375,0.3571429,2.0,1.0986122886681098,1996–01
ecuador,2005,5.39862244,13846163,0.153785987,59.8716011,3.779,0.5108,0.0,0.35,0.0,0.3125,0.375,0.3214286,0.0,0.0,2002–06
ecuador,2006,4.341131986,14086131,0.108596484,61.9531517,3.55,0.4861,0.0,0.3,0.0,0.3125,0.438,0.25,0.0,0.0,2002–06
ecuador,2007,1.902428597,14328773,0.109398068,63.44718933,3.142,0.5429,0.0,0.2625,0.0,0.3125,0.438,0.25,0.0,0.0,2002–06
ecuador,2008,6.564920682,14575202,0.097861507,93.83716371,3.917,0.499,0.0,0.225,0.0,0.3125,0.438,0.25,2.0,1.0986122886681098,2002–06
ecuador,2009,1.09101297,14825954,0.09332509,85.97103882,4.608,0.4846,0.0,0.225,0.25,0.375,0.438,0.1071429,3.0,1.3862943611198906,2002–06
ecuador,2010,4.02913788,15076695,0.07774476,91.55838776,4.088,0.5073,0.0,0.225,0.25,0.375,0.4423333,0.1428571,0.0,0.0,2007–10
ecuador,2011,8.481476563,15326227,0.064440786,95.69297028,3.458,0.4475,0.0,0.225,0.25,0.375,0.4406667,0.1428571,1.0,0.6931471805599453,2007–10
ecuador,2012,5.783212336,15572194,0.060294713,98.55480194,3.235,0.4691,0.0,0.225,0.25,0.375,0.4426667,0.1428571,1.0,0.6931471805599453,2007–10
ecuador,2013,7.211236537,15807128,0.044902396,100.6592102,3.083,0.4524,0.0,0.3,0.25,0.5625,0.4456667,0.1428571,2.0,1.0986122886681098,2007–10
ecuador,2014,4.226065204,16035124,0.039699283,102.5903397,3.48,0.4374,0.0,0.3,0.25,0.5625,0.4456667,0.1428571,0.0,0.0,2011–15
ecuador,2015,0.119692109,16266225,0.047707905,100.7917862,3.616,0.4179,0.125,0.3,0.25,0.5,0.4456667,0.0714286,1.0,0.6931471805599453,2011–15
ecuador,2016,-0.687954246,16505139,0.049700648,98.08037649,4.597,0.4061,0.125,0.375,0.25,0.5,0.4436667,0.1428571,6.0,1.9459101490553132,2011–15
ecuador,2017,5.97039881,16759519,0.042794947,96.16376518,3.836,0.4224,0.125,0.375,0.25,0.5625,0.4506667,0.1428571,3.0,1.3862943611198906,2011–15
ecuador,2018,1.044294607,17049547,0.046928425,94.97481009,3.53,0.4416,0.125,0.375,0.25,0.5625,0.459,0.25,11.0,2.4849066497880004,2016–20
ecuador,2019,0.165404465,17340021,0.046479165,93.83716371,3.812,0.4366,0.125,0.4,0.25,0.4375,0.461,0.3214286,3.0,1.3862943611198906,2016–20
ecuador,2020,-9.245096192,17546065,0.084386389,93.98494913,6.116,0.4678,0.125,0.4,0.25,0.4375,0.4543333,0.3571429,5.0,1.791759469228055,2016–20
el salvador,1996,0.811461899,5805286,0.212448504,67.32131195,7.68,0.5085,0.0,0.175,0.0,0.375,0.125,0.5,7.0,2.0794415416798357,1996–01
el salvador,1998,2.6522773,5880781,0.263483755,51.07915878,7.1,0.5085,0.0,0.175,0.0,0.375,0.125,0.4642857,0.0,0.0,1996–01
el salvador,2000,1.127906977,5943366,0.184440179,54.83993149,6.96,0.5085,0.0,0.175,0.0,0.6875,0.125,0.4642857,0.0,0.0,1996–01
el salvador,2002,1.572918448,5986631,0.195356293,60.69784164,6.2,0.5009,0.125,0.3,0.0,0.6875,0.25,0.4642857,0.0,0.0,1996–01
el salvador,2003,1.565393031,5998599,0.209413676,64.14383698,6.9,0.4967,0.125,0.3,0.0,0.5625,0.25,0.4642857,0.0,0.0,1996–01
el salvador,2004,0.889404486,6004671,0.163151711,67.83882904,6.8,0.505,0.125,0.325,0.0,0.625,0.25,0.4285714,0.0,0.0,1996–01
el salvador,2005,2.680830094,6005578,0.164316627,67.62876129,7.22,0.5114,0.125,0.325,0.0,0.6875,0.25,0.4285714,0.0,0.0,2002–06
el salvador,2006,4.336998603,6002319,0.12622554,67.4043808,6.57,0.4979,0.125,0.325,0.0,0.6875,0.374,0.4285714,0.0,0.0,2002–06
el salvador,2007,1.847602206,6009824,0.091906379,67.32131195,6.41,0.5116,0.1875,0.325,0.0,0.75,0.374,0.4642857,0.0,0.0,2002–06
el salvador,2008,2.154402983,6029297,0.12627857,66.12458038,5.88,0.5055,0.25,0.325,0.0,0.8125,0.38,0.5,0.0,0.0,2002–06
el salvador,2009,-2.108768376,6048279,0.123565401,66.70648193,7.33,0.4994,0.25,0.3,0.0,0.75,0.38,0.5714286,0.0,0.0,2002–06
el salvador,2010,2.154195367,6068249,0.113605189,68.14482181,4.893,0.4746,0.25,0.3,0.25,0.75,0.3823333,0.5714286,0.0,0.0,2007–10
el salvador,2011,3.773584998,6090127,0.100932749,69.74462177,4.297,0.4671,0.25,0.3,0.25,0.75,0.3823333,0.5714286,0.0,0.0,2007–10
el salvador,2012,2.887700102,6113975,0.085443086,70.83097815,3.843,0.4598,0.25,0.325,0.25,0.75,0.3823333,0.5714286,0.0,0.0,2007–10
el salvador,2013,2.182952325,6138839,0.071413874,72.24528601,3.693,0.5269,0.25,0.325,0.25,0.75,0.3843333,0.5714286,0.0,0.0,2007–10
el salvador,2014,1.729399842,6162955,0.069533309,71.38583491,4.154,0.5174,0.25,0.325,0.25,0.6875,0.3843333,0.5714286,0.0,0.0,2011–15
el salvador,2015,2.400000089,6183676,0.053014436,70.72582538,3.998,0.4668,0.25,0.325,0.25,0.6875,0.388,0.5714286,0.0,0.0,2011–15
el salvador,2016,2.539062411,6200800,0.057748565,68.29660956,4.418,0.4878,0.25,0.325,0.25,0.6875,0.388,0.5714286,0.0,0.0,2011–15
el salvador,2017,2.247619081,6213533,0.045496539,66.1074424,4.385,0.4357,0.25,0.3,0.25,0.6875,0.381,0.5714286,0.0,0.0,2011–15
el salvador,2018,2.412444224,6219807,0.040671078,66.93257137,4.006,0.4383,0.25,0.3,0.25,0.625,0.3653333,0.5714286,0.0,0.0,2016–20
el salvador,2019,2.437471591,6222318,0.029840348,64.84865372,4.17,0.446,0.25,0.325,0.25,0.75,0.455,0.5714286,0.0,0.0,2016–20
el salvador,2020,-7.89310136,6234673,0.113605189,65.18371913,5.008,0.4771,0.25,0.325,0.25,0.75,0.4466667,0.5714286,0.0,0.0,2016–20
equatorial guinea,1996,66.57999722,593492,0.057169535,18.11887932,5.926,0.4477,0.0,0.09999999999999999,0.0,0.1875,0.0,0.0714286,0.0,0.0,1996–01
equatorial guinea,1998,23.77448233,641474,0.057169535,18.11887932,5.926,0.4477,0.0,0.09999999999999999,0.0,0.1875,0.0,0.0714286,0.0,0.0,1996–01
equatorial guinea,2000,18.21377996,703279,0.057169535,21.75351906,5.926,0.4477,0.0,0.09999999999999999,0.0,0.1875,0.0,0.0714286,0.0,0.0,1996–01
equatorial guinea,2002,19.46283404,797957,0.057169535,18.11887932,5.926,0.4477,0.0,0.09999999999999999,0.0,0.1875,0.0,0.0714286,0.0,0.0,1996–01
equatorial guinea,2003,13.95525032,847862,0.057169535,18.11887932,5.926,0.4477,0.0,0.09999999999999999,0.0,0.1875,0.0,0.0714286,0.0,0.0,1996–01
equatorial guinea,2004,37.99872686,899917,0.057169535,18.11887932,5.926,0.4477,0.0,0.09999999999999999,0.0,0.1875,0.0,0.0714286,0.0,0.0,1996–01
equatorial guinea,2005,16.74870061,947367,0.057169535,17.75947952,5.926,0.4477,0.0,0.09999999999999999,0.0,0.0,0.0,0.0714286,0.0,0.0,2002–06
equatorial guinea,2006,7.704917607,990343,0.057169535,18.11887932,5.926,0.4477,0.0,0.2,0.0,0.5,0.0696667,0.0714286,0.0,0.0,2002–06
equatorial guinea,2007,15.28211392,1036044,0.057169535,18.11887932,5.926,0.4477,0.0,0.2375,0.0,0.5,0.0696667,0.0892857,0.0,0.0,2002–06
equatorial guinea,2008,17.79910913,1084530,0.057169535,18.11887932,5.926,0.4477,0.0,0.275,0.0,0.5,0.073,0.1071429,0.0,0.0,2002–06
equatorial guinea,2009,1.343356288,1135673,0.057169535,18.11887932,5.926,0.4477,0.0,0.25,0.0,0.5625,0.073,0.1071429,1.0,0.6931471805599453,2002–06
equatorial guinea,2010,-8.924175889,1189085,0.057169535,18.11887932,5.926,0.4477,0.0,0.25,0.0,0.5625,0.0613333,0.1071429,0.0,0.0,2007–10
equatorial guinea,2011,6.52392363,1241835,0.057169535,18.11887932,5.926,0.4477,0.0,0.25,0.0,0.4375,0.059,0.1071429,0.0,0.0,2007–10
equatorial guinea,2012,8.312871844,1293483,0.057169535,18.11887932,5.926,0.4477,0.0,0.25,0.0,0.4375,0.061,0.1071429,0.0,0.0,2007–10
equatorial guinea,2013,-4.133198501,1346218,0.057169535,18.11887932,5.926,0.4477,0.0,0.25,0.0,0.4375,0.059,0.1071429,0.0,0.0,2007–10
equatorial guinea,2014,0.415066302,1399828,0.057169535,18.11887932,5.926,0.4477,0.0,0.25,0.0,0.4375,0.05533329999999999,0.1071429,0.0,0.0,2011–15
equatorial guinea,2015,-9.110041149,1453923,0.057169535,18.11887932,5.926,0.4477,0.0,0.25,0.0,0.4375,0.059,0.1071429,0.0,0.0,2011–15
equatorial guinea,2016,-8.816417232,1508186,0.057169535,18.11887932,5.926,0.4477,0.0,0.225,0.0,0.4375,0.0566667,0.1071429,0.0,0.0,2011–15
equatorial guinea,2017,-5.667508505,1562396,0.057169535,18.11887932,5.926,0.4477,0.0,0.225,0.0,0.4375,0.0603333,0.1071429,0.0,0.0,2011–15
equatorial guinea,2018,-6.236544067,1616422,0.057169535,18.11887932,5.926,0.4477,0.0,0.225,0.0,0.4375,0.064,0.1071429,0.0,0.0,2016–20
equatorial guinea,2019,-5.481825379,1670177,0.057169535,18.11887932,5.926,0.4477,0.0,0.25,0.0,0.4375,0.064,0.1428571,0.0,0.0,2016–20
equatorial guinea,2020,-4.791080834,1716468,0.057169535,18.11887932,5.926,0.4477,0.0,0.25,0.0,0.4375,0.064,0.1071429,0.0,0.0,2016–20
eritrea,2006,-0.969217111,2703502,0.057169535,53.11925888,5.926,0.4276,0.25,0.2,0.25,0.5,0.1603333,0.0714286,0.0,0.0,2002–06
eritrea,2007,1.426822211,2743222,0.057169535,50.1338501,5.926,0.4306,0.25,0.2,0.25,0.5,0.1603333,0.0714286,2.0,1.0986122886681098,2002–06
eritrea,2008,-9.783030018,2816327,0.057169535,51.39458084,5.926,0.4336,0.25,0.175,0.25,0.5,0.077,0.0714286,2.0,1.0986122886681098,2002–06
eritrea,2009,3.876501528,2887885,0.057169535,51.8130188,5.926,0.4366,0.25,0.175,0.25,0.5,0.077,0.0714286,1.0,0.6931471805599453,2002–06
eritrea,2010,2.194190349,2945186,0.057169535,51.56085968,5.926,0.4396,0.25,0.175,0.25,0.4375,0.077,0.0714286,1.0,0.6931471805599453,2007–10
eritrea,2011,8.679800101,2998485,0.057169535,51.8398819,5.926,0.4414,0.25,0.175,0.25,0.4375,0.078,0.0714286,1.0,0.6931471805599453,2007–10
eritrea,2012,1.8105062799999998,3036988,0.057169535,52.70793152,5.926,0.4432,0.25,0.175,0.25,0.4375,0.08,0.0714286,0.0,0.0,2007–10
eritrea,2013,1.8105062799999998,3074360,0.057169535,51.34619141,5.926,0.445,0.25,0.175,0.25,0.4375,0.08,0.0714286,0.0,0.0,2007–10
eritrea,2014,1.8105062799999998,3095173,0.057169535,50.66537857,5.926,0.4468,0.25,0.175,0.25,0.4375,0.0813333,0.0714286,0.0,0.0,2011–15
eritrea,2015,1.8105062799999998,3105546,0.057169535,46.17150116,5.926,0.4486,0.0,0.175,0.25,0.4375,0.079,0.0714286,0.0,0.0,2011–15
eritrea,2016,1.8105062799999998,3124698,0.057169535,51.370386125,5.926,0.4401,0.0,0.175,0.25,0.4375,0.079,0.0714286,0.0,0.0,2011–15
eritrea,2017,1.8105062799999998,3150347,0.057169535,44.91106033,5.926,0.4316,0.0,0.175,0.25,0.4375,0.079,0.0714286,0.0,0.0,2011–15
eritrea,2018,1.8105062799999998,3192760,0.057169535,46.17237854,5.926,0.4231,0.0,0.175,0.25,0.4375,0.079,0.0714286,0.0,0.0,2016–20
eritrea,2019,1.8105062799999998,3240194,0.057169535,51.370386125,5.926,0.4146,0.0,0.175,0.25,0.4375,0.079,0.0714286,0.0,0.0,2016–20
eritrea,2020,1.8105062799999998,3291271,0.057169535,51.370386125,5.926,0.4061,0.0,0.175,0.25,0.4375,0.0716667,0.0714286,7.0,2.0794415416798357,2016–20
estonia,1996,4.943012261,1415594,0.009919048,107.93730925,9.915,0.4382,0.375,0.575,0.5,0.6875,0.625,0.75,1.0,0.6931471805599453,1996–01
estonia,1998,4.339827612,1386156,0.0,107.93730925,9.51,0.4195,0.5,0.6,0.25,0.6875,0.75,0.75,0.0,0.0,1996–01
estonia,2000,10.08763858,1396985,0.029788593,95.02153778,13.36,0.42,0.5,0.65,0.5,0.75,0.75,0.75,0.0,0.0,1996–01
estonia,2002,6.933000826,1379350,0.028668715,99.08287048,10.026,0.4284,0.5,0.75,0.5,0.875,0.875,0.7857143,0.0,0.0,1996–01
estonia,2003,7.59630181,1370720,0.0327075395,99.07743835,11.288,0.4278,0.5,0.75,0.5,0.875,0.875,0.7857143,0.0,0.0,1996–01
estonia,2004,6.800701108,1362550,0.0155300695,101.4452286,10.248,0.4082,0.5,0.75,0.5,0.875,0.875,0.7857143,0.0,0.0,1996–01
estonia,2005,9.523053865,1354775,0.010830727,104.2218475,8.033,0.4451,0.5,0.7749999999999999,0.5,0.875,0.75,0.7857143,0.0,0.0,2002–06
estonia,2006,9.762571312,1346810,0.01086419,104.0280304,5.915,0.4051,0.5,0.7749999999999999,0.5,0.875,0.758,0.7857143,0.0,0.0,2002–06
estonia,2007,7.570918793,1340680,0.00596354,105.0911789,4.592,0.3894,0.5,0.7749999999999999,0.5,0.8125,0.758,0.7857143,0.0,0.0,2002–06
estonia,2008,-5.125311543,1337090,0.005535273,105.3950119,5.455,0.3697,0.5,0.7749999999999999,0.5,0.75,0.756,0.7857143,0.0,0.0,2002–06
estonia,2009,-14.63022254,1334515,0.007585305,107.4255524,13.548,0.3421,0.5,0.7749999999999999,0.5,0.6875,0.756,0.7857143,0.0,0.0,2002–06
estonia,2010,2.449750206,1331475,0.010475495,110.8886795,16.707,0.3591,0.5,0.7749999999999999,0.5,0.6875,0.756,0.7857143,0.0,0.0,2007–10
estonia,2011,7.606974589,1327439,0.011560695,112.2874069,12.328,0.3706,0.5,0.7749999999999999,0.5,0.6875,0.7536666999999999,0.7857143,1.0,0.6931471805599453,2007–10
estonia,2012,3.672018725,1322696,0.010474346,112.5360031,10.021,0.3886,0.5,0.7749999999999999,0.5,0.6875,0.7536666999999999,0.7857143,0.0,0.0,2007–10
estonia,2013,1.756493796,1317997,0.01075939,110.5217133,8.631,0.385,0.5,0.7749999999999999,0.5,0.6875,0.7536666999999999,0.7857143,0.0,0.0,2007–10
estonia,2014,3.322789882,1314545,0.009919048,107.6858215,7.352,0.3798,0.5,0.825,0.5,0.6875,0.8413333,0.8571428999999999,0.0,0.0,2011–15
estonia,2015,1.838152629,1315407,0.006605013,108.188797,6.412,0.354,0.5,0.825,0.5,0.6875,0.845,0.8928571,1.0,0.6931471805599453,2011–15
estonia,2016,3.093019208,1315790,0.005852308,111.596199,6.882,0.3488,0.5,0.825,0.5,0.6875,0.845,0.8928571,0.0,0.0,2011–15
estonia,2017,5.63467249,1317384,0.005189627,113.2497864,5.807,0.3476,0.5,0.825,0.5,0.6875,0.843,0.8928571,0.0,0.0,2011–15
estonia,2018,3.699697562,1321977,0.00417003,112.759697,5.412,0.3481,0.75,0.7999999999999999,0.75,0.6875,0.849,0.8214286,0.0,0.0,2016–20
estonia,2019,3.726649435,1326898,0.007201877,112.2872009,4.514,0.3998,0.75,0.7999999999999999,0.75,0.6875,0.8466667,0.8571428999999999,0.0,0.0,2016–20
estonia,2020,-2.883807515,1329522,0.004140315,112.5277023,6.956,0.3997,0.75,0.825,0.75,0.8125,0.8446667,0.8571428999999999,0.0,0.0,2016–20
eswatini,2006,6.728809466,1084436,0.5137356125,54.49879074,25.479,0.5854,0.5,0.425,0.25,0.5,0.3476667,0.4642857,1.0,0.6931471805599453,2002–06
eswatini,2007,4.317721449,1090705,0.5137356125,58.3698616,28.24,0.58,0.5,0.425,0.25,0.5,0.3476667,0.4642857,0.0,0.0,2002–06
eswatini,2008,1.440553587,1098091,0.5137356125,68.21863174500001,25.479,0.5746,0.5,0.425,0.25,0.5,0.3513333,0.4642857,3.0,1.3862943611198906,2002–06
eswatini,2009,1.433111342,1105153,0.582161902,59.57096863,25.479,0.5693,0.5,0.425,0.25,0.5,0.3513333,0.4642857,0.0,0.0,2002–06
eswatini,2010,3.824434874,1111650,0.5137356125,64.59770203,25.479,0.573,0.375,0.4,0.25,0.5,0.2633333,0.4642857,0.0,0.0,2007–10
eswatini,2011,1.839736259,1117833,0.5137356125,67.2353363,25.479,0.5767,0.375,0.4,0.25,0.25,0.2753333,0.4642857,0.0,0.0,2007–10
eswatini,2012,4.090481901,1123863,0.5137356125,69.20192719,25.479,0.5805,0.375,0.4,0.25,0.25,0.2733333,0.4642857,0.0,0.0,2007–10
eswatini,2013,4.094585221,1129990,0.5137356125,70.80808258,25.479,0.5842,0.375,0.4,0.25,0.3125,0.2733333,0.4642857,0.0,0.0,2007–10
eswatini,2014,2.057381792,1136299,0.5137356125,73.70523834,25.479,0.588,0.375,0.4,0.25,0.3125,0.2696667,0.4642857,0.0,0.0,2011–15
eswatini,2015,1.70425806,1142813,0.5137356125,76.28727722,25.479,0.5917,0.375,0.45,0.25,0.375,0.2696667,0.5,0.0,0.0,2011–15
eswatini,2016,2.949168211,1149507,0.445309323,82.02393577,22.718,0.5954,0.375,0.45,0.25,0.375,0.2676667,0.5,0.0,0.0,2011–15
eswatini,2017,3.52095346,1158195,0.5137356125,68.21863174500001,25.479,0.5954,0.375,0.45,0.25,0.375,0.2676667,0.5,0.0,0.0,2011–15
eswatini,2018,0.065395656,1168929,0.5137356125,68.21863174500001,25.479,0.5954,0.375,0.45,0.25,0.375,0.2676667,0.5,0.0,0.0,2016–20
eswatini,2019,6.431868887,1179874,0.5137356125,68.21863174500001,25.479,0.5954,0.375,0.4,0.25,0.375,0.2713333,0.5,0.0,0.0,2016–20
eswatini,2020,-2.951834534,1192729,0.5137356125,68.21863174500001,25.479,0.5954,0.375,0.4,0.25,0.375,0.2693333,0.5,0.0,0.0,2016–20
ethiopia,1996,12.42617378,59467635,0.374092014,11.07069016,2.3739999999999997,0.5366,0.0,0.15,0.0,0.3125,0.125,0.1071429,7.0,2.0794415416798357,1996–01
ethiopia,1998,-3.458139135,63363524,0.374092014,28.86445999,2.3739999999999997,0.4563,0.0,0.15,0.0,0.3125,0.125,0.1071429,0.0,0.0,1996–01
ethiopia,2000,6.073217481,67411494,0.374092014,14.45131969,2.3739999999999997,0.4172,0.0,0.15,0.0,0.3125,0.125,0.1071429,1.0,0.6931471805599453,1996–01
ethiopia,2002,1.514725707,71635517,0.374092014,19.19392014,2.3739999999999997,0.4194,0.0,0.15,0.0,0.3125,0.125,0.1071429,3.0,1.3862943611198906,1996–01
ethiopia,2003,-2.161359723,73832663,0.374092014,19.56677055,2.3739999999999997,0.4205,0.0,0.15,0.0,0.3125,0.125,0.1071429,1.0,0.6931471805599453,1996–01
ethiopia,2004,13.57260314,76077206,0.413287899,21.47705078,2.3739999999999997,0.4216,0.0,0.15,0.0,0.375,0.125,0.1428571,2.0,1.0986122886681098,1996–01
ethiopia,2005,11.81876595,78367470,0.374092014,23.85487938,2.497,0.4246,0.0,0.175,0.0,0.375,0.25,0.1428571,5.0,1.791759469228055,2002–06
ethiopia,2006,10.83472707,80703490,0.374092014,27.47756958,2.3739999999999997,0.4276,0.25,0.325,0.25,0.25,0.324,0.3214286,11.0,2.4849066497880004,2002–06
ethiopia,2007,11.456167,83103217,0.374092014,30.2513504,2.3739999999999997,0.4306,0.25,0.325,0.25,0.25,0.324,0.3214286,5.0,1.791759469228055,2002–06
ethiopia,2008,10.78852169,85543668,0.374092014,31.31093025,2.3739999999999997,0.4336,0.25,0.325,0.25,0.25,0.3173333,0.3571429,8.0,2.1972245773362196,2002–06
ethiopia,2009,8.802553199,88007636,0.374092014,31.64901924,2.3739999999999997,0.4366,0.25,0.325,0.25,0.25,0.3173333,0.3571429,2.0,1.0986122886681098,2002–06
ethiopia,2010,12.55053833,90538514,0.374092014,33.04785919,2.3739999999999997,0.4396,0.25,0.325,0.25,0.25,0.2893333,0.3571429,2.0,1.0986122886681098,2007–10
ethiopia,2011,11.17829623,93149970,0.374092014,34.44689941,2.3739999999999997,0.4414,0.25,0.325,0.25,0.25,0.293,0.2857143,3.0,1.3862943611198906,2007–10
ethiopia,2012,8.647811635,95798767,0.374092014,36.21934891,2.3739999999999997,0.4432,0.25,0.3,0.25,0.3125,0.2906667,0.2142857,3.0,1.3862943611198906,2007–10
ethiopia,2013,10.58227005,98438751,0.374092014,28.86445999,2.251,0.445,0.25,0.35,0.25,0.3125,0.2943333,0.1428571,5.0,1.791759469228055,2007–10
ethiopia,2014,10.25749296,101115610,0.374092014,28.86445999,2.3739999999999997,0.4468,0.25,0.4,0.25,0.3125,0.2906667,0.1785714,2.0,1.0986122886681098,2011–15
ethiopia,2015,10.39246301,103867135,0.329990453,33.9114222,2.3739999999999997,0.4486,0.25,0.4,0.25,0.3125,0.2943333,0.1785714,7.0,2.0794415416798357,2011–15
ethiopia,2016,9.43348266,106718162,0.374092014,28.86445999,2.3739999999999997,0.4401,0.375,0.4,0.25,0.25,0.2866667,0.1785714,13.0,2.6390573296152584,2011–15
ethiopia,2017,9.564189658,109666481,0.374092014,28.86445999,2.3739999999999997,0.4316,0.25,0.425,0.25,0.25,0.2806667,0.25,28.0,3.367295829986474,2011–15
ethiopia,2018,6.816147786,112664152,0.374092014,28.86445999,2.3739999999999997,0.4231,0.25,0.425,0.25,0.25,0.2783333,0.25,10.0,2.3978952727983707,2016–20
ethiopia,2019,8.364085733,115737383,0.374092014,28.86445999,2.3739999999999997,0.4146,0.25,0.425,0.25,0.25,0.2813333,0.25,26.0,3.295836866004329,2016–20
ethiopia,2020,6.059530891,118917671,0.374092014,28.86445999,2.3739999999999997,0.4061,0.25,0.425,0.25,0.0625,0.2793333,0.25,53.0,3.9889840465642745,2016–20
fiji,2008,1.03279422,903399,0.037875396,79.27690125,8.94,0.4536,0.25,0.425,0.25,0.5625,0.511,0.4642857,0.0,0.0,2002–06
gabon,1996,3.62504902,1152015,0.0649286955,45.63800812,18.65,0.5027,0.0,0.175,0.0,0.1875,0.0,0.3571429,1.0,0.6931471805599453,1996–01
gabon,1998,3.477833587,1211736,0.0649286955,49.4348793,18.65,0.5027,0.125,0.25,0.0,0.3125,0.0,0.3571429,0.0,0.0,1996–01
gabon,2000,-1.882966398,1275572,0.0649286955,49.4348793,18.65,0.5027,0.25,0.375,0.0,0.5,0.125,0.3571429,0.0,0.0,1996–01
gabon,2002,-0.249033169,1345135,0.0649286955,49.4348793,18.65,0.5027,0.25,0.375,0.0,0.5,0.125,0.3928571,0.0,0.0,1996–01
gabon,2003,2.247330012,1382350,0.0649286955,49.4348793,18.65,0.5027,0.25,0.375,0.0,0.5,0.125,0.3928571,0.0,0.0,1996–01
gabon,2004,0.689543058,1421609,0.0649286955,49.4348793,18.65,0.5027,0.25,0.375,0.0,0.4375,0.125,0.3928571,0.0,0.0,1996–01
gabon,2005,2.676203333,1463495,0.091752518,49.4348793,16.91,0.5027,0.25,0.375,0.0,0.5,0.125,0.3928571,0.0,0.0,2002–06
gabon,2006,-2.806578356,1508337,0.0649286955,49.4348793,18.65,0.4965,0.25,0.275,0.25,0.5625,0.174,0.2857143,0.0,0.0,2002–06
gabon,2007,6.008108025,1556237,0.0649286955,49.4348793,18.65,0.4903,0.25,0.325,0.25,0.59375,0.2156667,0.3214286,0.0,0.0,2002–06
gabon,2008,-3.308430649,1607175,0.0649286955,49.4348793,18.65,0.4841,0.25,0.4,0.25,0.625,0.35,0.3571429,0.0,0.0,2002–06
gabon,2009,0.13033112,1661556,0.0649286955,49.4348793,18.65,0.4779,0.25,0.375,0.25,0.4375,0.2666667,0.3571429,0.0,0.0,2002–06
gabon,2010,7.089887315,1719879,0.0649286955,49.4348793,20.39,0.4717,0.25,0.375,0.25,0.5625,0.2763333,0.3571429,0.0,0.0,2007–10
gabon,2011,7.091753343,1781985,0.0649286955,49.4348793,18.65,0.4655,0.25,0.375,0.25,0.5625,0.2826667,0.3571429,0.0,0.0,2007–10
gabon,2012,5.251076918,1846889,0.0649286955,49.4348793,18.65,0.4593,0.25,0.4,0.25,0.5625,0.3686667,0.3571429,0.0,0.0,2007–10
gabon,2013,5.638699003,1913059,0.0649286955,49.4348793,18.65,0.4531,0.25,0.4,0.25,0.5625,0.3753333,0.3571429,0.0,0.0,2007–10
gabon,2014,4.314964441,1978399,0.0649286955,49.4348793,18.65,0.447,0.25,0.4,0.25,0.5625,0.3753333,0.2857143,0.0,0.0,2011–15
gabon,2015,3.878899395,2040989,0.0649286955,49.4348793,18.65,0.4408,0.25,0.4,0.25,0.4375,0.3753333,0.2857143,0.0,0.0,2011–15
gabon,2016,2.091442208,2100306,0.0649286955,49.4348793,18.65,0.4346,0.25,0.4,0.25,0.4375,0.3746667,0.2857143,0.0,0.0,2011–15
gabon,2017,0.472642031,2156900,0.038104873,49.4348793,18.65,0.4284,0.25,0.4,0.25,0.4375,0.3703333,0.2857143,4.0,1.6094379124341003,2011–15
gabon,2018,0.837916581,2212318,0.0649286955,49.4348793,18.65,0.4284,0.25,0.4,0.25,0.4375,0.3703333,0.2857143,0.0,0.0,2016–20
gabon,2019,3.920808795,2267706,0.0649286955,70.26399664,18.65,0.4284,0.25,0.4,0.25,0.4375,0.3703333,0.25,1.0,0.6931471805599453,2016–20
gabon,2020,-1.837761064,2322539,0.0649286955,49.4348793,18.65,0.4284,0.25,0.4,0.25,0.4375,0.368,0.25,0.0,0.0,2016–20
georgia,2006,9.421480812,3880347,0.224766789,98.63510132,13.57,0.4472,0.375,0.425,0.25,0.4375,0.4133333,0.6428571,3.0,1.3862943611198906,2002–06
georgia,2007,12.57556982,3860158,0.238947204,107.9337769,13.28,0.469,0.3125,0.4875,0.375,0.375,0.4966667,0.6785713999999999,0.0,0.0,2002–06
georgia,2008,2.42161441,3848449,0.216621121,110.878418,17.87,0.4621,0.375,0.5,0.5,0.125,0.4873333,0.6785713999999999,33.0,3.5263605246161616,2002–06
georgia,2009,-3.650752296,3814419,0.211488464,106.6533279,20.71,0.4441,0.375,0.5,0.5,0.0625,0.4873333,0.6785713999999999,25.0,3.258096538021482,2002–06
georgia,2010,6.246408653,3786695,0.236178411,107.85683935,20.203,0.4521,0.375,0.5,0.5,0.3125,0.4863333,0.6785713999999999,7.0,2.0794415416798357,2007–10
georgia,2011,7.934336525,3756441,0.21624512,107.85683935,19.632,0.4917,0.375,0.5,0.5,0.3125,0.4913333,0.6785713999999999,3.0,1.3862943611198906,2007–10
georgia,2012,6.57883102,3728874,0.187821442,107.85683935,19.653,0.4572,0.375,0.5,0.5,0.4375,0.5176666999999999,0.6785713999999999,3.0,1.3862943611198906,2007–10
georgia,2013,5.132885312,3717668,0.148895102,107.0388323,19.416,0.4909,0.375,0.525,0.5,0.5,0.5316666999999999,0.6785713999999999,2.0,1.0986122886681098,2007–10
georgia,2014,4.090490596,3719414,0.12035514,105.7570889,17.439,0.4623,0.5,0.575,0.5,0.5,0.5273333,0.7142856999999999,2.0,1.0986122886681098,2011–15
georgia,2015,3.351023503,3725276,0.106034661,106.7641555,16.506,0.4634,0.5,0.575,0.5,0.5625,0.5293333,0.7142856999999999,1.0,0.6931471805599453,2011–15
georgia,2016,3.45021518,3727505,0.104713058,107.7799018,16.604,0.4777,0.5,0.575,0.5,0.5625,0.531,0.7142856999999999,4.0,1.6094379124341003,2011–15
georgia,2017,5.159902617,3728004,0.110653681,109.5232037,13.939,0.4852,0.625,0.575,0.5,0.5,0.531,0.7857143,1.0,0.6931471805599453,2011–15
georgia,2018,6.062036413,3726549,0.1099111,111.616827,12.667,0.48,0.625,0.575,0.5,0.5,0.5166666999999999,0.7857143,1.0,0.6931471805599453,2016–20
georgia,2019,5.380719266,3720161,0.097026938,111.9008539,11.565,0.4873,0.625,0.575,0.5,0.5,0.514,0.7857143,0.0,0.0,2016–20
georgia,2020,-6.290471785,3722716,0.119763277,108.0669948,11.734,0.4873,0.625,0.575,0.5,0.5,0.5103333,0.7857143,1.0,0.6931471805599453,2016–20
germany,1996,1.037875567,81914831,0.0,101.72313310000001,8.822,0.302,0.875,0.8999999999999999,1.0,1.0,1.0,0.8214286,52.0,3.970291913552122,1996–01
germany,1998,2.095612312,82047195,0.0,101.72313310000001,9.787,0.318,0.875,0.8999999999999999,1.0,1.0,1.0,0.8214286,6.0,1.9459101490553132,1996–01
germany,2000,2.876523125,82211508,0.0,99.12943268,7.917,0.319,0.875,0.8999999999999999,1.0,1.0,1.0,0.8571428999999999,8.0,2.1972245773362196,1996–01
germany,2002,-0.228255716,82488495,0.0,100.8536072,8.482,0.3208,0.875,0.875,1.0,0.9375,0.875,0.8928571,3.0,1.3862943611198906,1996–01
germany,2003,-0.529801394,82534176,0.002292279,101.2267838,9.779,0.3128,0.875,0.875,1.0,0.9375,0.875,0.8214286,2.0,1.0986122886681098,1996–01
germany,2004,1.162086845,82516260,0.0,101.3777771,10.727,0.3251,0.875,0.875,1.0,0.9375,0.875,0.8214286,3.0,1.3862943611198906,1996–01
germany,2005,0.885485293,82469422,0.0,101.4364929,11.193,0.3455,0.875,0.875,1.0,0.9375,0.875,0.7857143,3.0,1.3862943611198906,2002–06
germany,2006,3.866682415,82376451,0.0,102.4863968,10.277,0.3494,0.75,0.875,1.0,0.9375,0.8773333,0.7857143,4.0,1.6094379124341003,2002–06
germany,2007,2.889117414,82266372,0.0,102.0097733,8.732,0.3673,0.75,0.875,1.0,0.9375,0.8773333,0.8035713999999999,3.0,1.3862943611198906,2002–06
germany,2008,0.887902331,82110097,0.0,103.2407303,7.508,0.3639,0.75,0.875,1.0,0.9375,0.8773333,0.8214286,3.0,1.3862943611198906,2002–06
germany,2009,-5.544554519,81902307,0.0,103.3142929,7.88,0.3698,0.75,0.875,1.0,0.875,0.8773333,0.8214286,4.0,1.6094379124341003,2002–06
germany,2010,4.134637785,81776930,0.0,104.8913574,7.043,0.3643,0.75,0.875,1.0,0.875,0.8626667,0.8214286,1.0,0.6931471805599453,2007–10
germany,2011,3.757968845,80274983,0.0,105.3465118,5.967,0.3655,0.75,0.875,1.0,0.875,0.8613333,0.8214286,8.0,2.1972245773362196,2007–10
germany,2012,0.463512037,80425823,0.0,104.4422379,5.372,0.3607,0.75,0.875,1.0,0.875,0.8613333,0.7857143,5.0,1.791759469228055,2007–10
germany,2013,0.396995584,80645605,0.0,103.9353333,5.316,0.3763,0.75,0.875,1.0,0.875,0.8603333,0.7857143,0.0,0.0,2007–10
germany,2014,2.180186022,80982500,0.0,103.3038712,4.979,0.3808,0.75,0.875,1.0,0.875,0.8713333,0.7857143,14.0,2.70805020110221,2011–15
germany,2015,1.663006023,81686611,0.0,102.1924133,4.612,0.38,0.75,0.875,1.0,0.875,0.8713333,0.7857143,68.0,4.23410650459726,2011–15
germany,2016,2.222222163,82348669,0.0,100.8523102,4.104,0.3788,0.75,0.85,1.0,0.875,0.7876666999999999,0.8214286,45.0,3.828641396489095,2011–15
germany,2017,2.797906721,82657002,0.002444575,101.0956421,3.781,0.3759,0.75,0.85,1.0,0.875,0.7869999999999999,0.8214286,28.0,3.367295829986474,2011–15
germany,2018,1.135696046,82905782,0.0,100.8373032,3.384,0.3722,0.875,0.875,1.0,0.875,0.7893333,0.8214286,24.0,3.2188758248682006,2016–20
germany,2019,0.977734697,83092962,0.002495795,101.1525574,3.163,0.3729,0.875,0.875,1.0,0.875,0.7893333,0.8214286,17.0,2.8903717578961645,2016–20
germany,2020,-4.131914432,83160871,0.002437963,101.3078003,3.881,0.3728,0.875,0.875,1.0,0.875,0.7889999999999999,0.8214286,33.0,3.5263605246161616,2016–20
ghana,1996,4.602461156,17810181,0.513262228,55.60692978,5.384,0.4558,0.25,0.4,0.25,0.5,0.25,0.3571429,2.0,1.0986122886681098,1996–01
ghana,1998,4.700390784,18688036,0.653485754,55.60692978,8.2,0.4522,0.125,0.275,0.25,0.4375,0.25,0.3571429,0.0,0.0,1996–01
ghana,2000,3.700000082,19637087,0.513262228,32.57759094,10.456,0.4642,0.375,0.475,0.25,0.4375,0.25,0.3571429,0.0,0.0,1996–01
ghana,2002,4.499999559,20729388,0.513262228,32.26757813,5.384,0.4761,0.375,0.475,0.25,0.375,0.25,0.3571429,0.0,0.0,1996–01
ghana,2003,5.200000133,21296705,0.513262228,33.65478897,5.384,0.4821,0.375,0.475,0.25,0.375,0.25,0.3571429,0.0,0.0,1996–01
ghana,2004,5.599999991,21868298,0.513262228,36.14455032,5.384,0.4881,0.25,0.4,0.25,0.4375,0.25,0.3571429,0.0,0.0,1996–01
ghana,2005,5.900003819,22449438,0.608869443,38.12768936,5.384,0.494,0.25,0.425,0.25,0.4375,0.375,0.3571429,0.0,0.0,2002–06
ghana,2006,6.399912606,23040702,0.513262228,39.8474884,4.897,0.492,0.375,0.5,0.25,0.625,0.5116667,0.3571429,0.0,0.0,2002–06
ghana,2007,4.346819104,23642279,0.513262228,43.75952148,5.384,0.4899,0.375,0.5,0.25,0.59375,0.5116667,0.3571429,0.0,0.0,2002–06
ghana,2008,9.149798938,24249946,0.513262228,46.05958176,5.384,0.4878,0.375,0.5,0.25,0.5625,0.5116667,0.3571429,0.0,0.0,2002–06
ghana,2009,4.844487052,24862664,0.513262228,47.92771912,5.384,0.4857,0.375,0.45,0.25,0.6875,0.5116667,0.3571429,0.0,0.0,2002–06
ghana,2010,7.899711941,25474995,0.513262228,55.60692978,5.384,0.4837,0.375,0.45,0.25,0.6875,0.534,0.3571429,0.0,0.0,2007–10
ghana,2011,14.04712358,26095088,0.513262228,55.60692978,5.384,0.4816,0.375,0.45,0.25,0.6875,0.534,0.3571429,0.0,0.0,2007–10
ghana,2012,9.292789406,26734268,0.417655013,56.73260178,5.384,0.4795,0.375,0.45,0.25,0.6875,0.534,0.3571429,0.0,0.0,2007–10
ghana,2013,7.312525017,27386193,0.513262228,68.19914246,2.173,0.481,0.375,0.45,0.25,0.625,0.5443333,0.3928571,0.0,0.0,2007–10
ghana,2014,2.856240163,28041592,0.513262228,63.97456998,5.384,0.4825,0.375,0.475,0.25,0.625,0.5443333,0.3928571,1.0,0.6931471805599453,2011–15
ghana,2015,2.120759338,28696068,0.513262228,67.04865665,6.806,0.484,0.375,0.45,0.25,0.625,0.4786667,0.3571429,0.0,0.0,2011–15
ghana,2016,3.37346575,29356742,0.390257937,67.26441013,5.384,0.4855,0.5,0.425,0.25,0.625,0.475,0.3571429,1.0,0.6931471805599453,2011–15
ghana,2017,8.128894881,30008354,0.513262228,66.63594502,3.369,0.4855,0.375,0.45,0.25,0.75,0.473,0.4642857,0.0,0.0,2011–15
ghana,2018,6.200077681,30637585,0.513262228,68.2222558,5.384,0.4855,0.5,0.45,0.25,0.75,0.471,0.4285714,2.0,1.0986122886681098,2016–20
ghana,2019,6.507774794,31258945,0.513262228,71.1877006,5.384,0.4855,0.5,0.45,0.25,0.75,0.471,0.4285714,3.0,1.3862943611198906,2016–20
ghana,2020,0.513941671,31887809,0.513262228,74.01021863,5.384,0.4855,0.5,0.45,0.25,0.75,0.4666667,0.4285714,10.0,2.3978952727983707,2016–20
greece,1996,1.382470573,10608800,0.009424785,103.54220965,10.402,0.3602,0.625,0.7999999999999999,0.75,0.5625,0.75,0.75,20.0,3.044522437723423,1996–01
greece,1998,3.436935797,10720509,0.009424785,103.54220965,12.227,0.3874,0.75,0.7749999999999999,0.5,0.5625,0.875,0.75,28.0,3.367295829986474,1996–01
greece,2000,4.137826994,10805808,0.002362558,97.09967041,11.345,0.4028,0.75,0.7999999999999999,0.5,0.6875,0.875,0.75,28.0,3.367295829986474,1996–01
greece,2002,4.683137271,10902022,0.002417635,98.18379974,10.346,0.3762,0.5,0.75,0.5,0.8125,0.75,0.7142856999999999,10.0,2.3978952727983707,1996–01
greece,2003,5.796822743,10928070,0.00559221,94.34111786,9.839,0.3632,0.5,0.75,0.5,0.875,0.75,0.7142856999999999,12.0,2.5649493574615367,1996–01
greece,2004,5.377866346,10955141,0.009122613,92.8870163,10.628,0.3715,0.5,0.75,0.5,0.875,0.75,0.7142856999999999,4.0,1.6094379124341003,1996–01
greece,2005,1.183506355,10987314,0.004470559,96.8381424,10.074,0.3751,0.5,0.75,0.5,0.875,0.75,0.7142856999999999,6.0,1.9459101490553132,2002–06
greece,2006,6.443397625,11020362,0.006532315,96.81659698,8.906,0.3643,0.5,0.75,0.5,0.875,0.771,0.7142856999999999,23.0,3.1780538303479458,2002–06
greece,2007,3.506869766,11048473,0.006173905,95.97881317,8.351,0.3536,0.5,0.75,0.5,0.875,0.771,0.7142856999999999,15.0,2.772588722239781,2002–06
greece,2008,0.057474024,11077841,0.003650398,103.54220965,7.664,0.3294,0.5,0.75,0.5,0.875,0.771,0.7142856999999999,53.0,3.9889840465642745,2002–06
greece,2009,-4.119276067,11107017,0.006387006,103.54220965,9.546,0.3241,0.5,0.7,0.5,0.6875,0.771,0.6785713999999999,115.0,4.7535901911063645,2002–06
greece,2010,-5.693741216,11121341,0.010666923,107.8190536,12.719,0.3381,0.375,0.6749999999999999,0.5,0.5625,0.764,0.6428571,49.0,3.912023005428146,2007–10
greece,2011,-9.876778753,11104899,0.014706451,105.9560471,17.973,0.3149,0.375,0.6749999999999999,0.5,0.5625,0.755,0.6428571,11.0,2.4849066497880004,2007–10
greece,2012,-8.331134211,11045011,0.021395428,106.2905502,24.731,0.3183,0.375,0.625,0.5,0.5625,0.5883333,0.6428571,24.0,3.2188758248682006,2007–10
greece,2013,-2.272116999,10965211,0.015242863,107.4143066,27.686,0.3338,0.375,0.625,0.5,0.5625,0.5883333,0.6428571,56.0,4.04305126783455,2007–10
greece,2014,0.792225061,10892413,0.019677299,103.4685898,26.708,0.3579,0.375,0.65,0.5,0.75,0.5816667,0.6428571,27.0,3.332204510175204,2011–15
greece,2015,-0.228301892,10820883,0.019816222,103.3777008,24.981,0.3553,0.375,0.6,0.5,0.625,0.5816667,0.6428571,30.0,3.4339872044851463,2011–15
greece,2016,-0.031794768,10775971,0.013920055,103.9520721,23.514,0.3431,0.375,0.6,0.5,0.625,0.6576666999999999,0.6428571,30.0,3.4339872044851463,2011–15
greece,2017,1.473124727,10754679,0.010717371,104.2287903,21.413,0.3399,0.375,0.6,0.5,0.625,0.6596666999999999,0.6428571,44.0,3.8066624897703196,2011–15
greece,2018,2.064672079,10732882,0.001598767,103.8916931,19.179,0.3304,0.375,0.6,0.5,0.75,0.6596666999999999,0.6428571,26.0,3.295836866004329,2016–20
greece,2019,2.277180653,10721582,0.009726957,106.5278397,17.045,0.327,0.375,0.6,0.5,0.75,0.6643333,0.6428571,32.0,3.4965075614664802,2016–20
greece,2020,-9.196231497,10698599,0.010963271,103.6158295,15.899,0.327,0.375,0.6,0.5,0.75,0.6629999999999999,0.6785713999999999,50.0,3.9318256327243257,2016–20
guatemala,1996,2.957779887,10583526,0.0965595245,25.85479927,2.6500000000000004,0.5541,0.0,0.175,0.25,0.125,0.125,0.4642857,26.0,3.295836866004329,1996–01
guatemala,1998,4.993527803,11139145,0.1339,25.87759018,2.6500000000000004,0.5541,0.0,0.175,0.25,0.125,0.125,0.4285714,0.0,0.0,1996–01
guatemala,2000,3.608868717,11697592,0.087963362,30.98065948,2.6500000000000004,0.5541,0.125,0.25,0.0,0.25,0.125,0.4285714,1.0,0.6931471805599453,1996–01
guatemala,2002,3.839287086,12246915,0.0965595245,35.5038414,2.254,0.5619,0.25,0.25,0.25,0.3125,0.125,0.4285714,0.0,0.0,1996–01
guatemala,2003,2.560377668,12525842,0.0965595245,51.79569648,2.807,0.562,0.25,0.25,0.25,0.3125,0.125,0.4285714,3.0,1.3862943611198906,1996–01
guatemala,2004,3.137916836,12807402,0.0965595245,38.61787033,2.971,0.5588,0.25,0.25,0.0,0.375,0.125,0.3928571,2.0,1.0986122886681098,1996–01
guatemala,2005,3.276026926,13087629,0.0965595245,40.5942688,2.6500000000000004,0.5548,0.25,0.25,0.0,0.375,0.125,0.3928571,0.0,0.0,2002–06
guatemala,2006,5.351397787,13367459,0.105155687,42.43397141,1.902,0.5516,0.125,0.25,0.0,0.375,0.2856667,0.3928571,4.0,1.6094379124341003,2002–06
guatemala,2007,6.33771869,13652040,0.0965595245,44.24298859,2.6500000000000004,0.5618,0.1875,0.25,0.0,0.375,0.2856667,0.3928571,0.0,0.0,2002–06
guatemala,2008,3.293524,13935174,0.0965595245,45.23133087,2.6500000000000004,0.553,0.25,0.25,0.0,0.375,0.2856667,0.3928571,0.0,0.0,2002–06
guatemala,2009,0.476898107,14215611,0.0965595245,48.26572037,2.6500000000000004,0.5446,0.25,0.25,0.0,0.4375,0.2856667,0.3928571,0.0,0.0,2002–06
guatemala,2010,2.884175428,14500112,0.0965595245,52.18832002,3.497,0.5455,0.125,0.25,0.0,0.4375,0.285,0.3928571,0.0,0.0,2007–10
guatemala,2011,4.163906883,14792126,0.0965595245,52.76896096,4.126,0.5384,0.125,0.25,0.0,0.4375,0.2793333,0.3928571,0.0,0.0,2007–10
guatemala,2012,2.974708568,15089647,0.0965595245,53.11784933,2.765,0.5325,0.125,0.25,0.0,0.4375,0.2793333,0.3928571,1.0,0.6931471805599453,2007–10
guatemala,2013,3.69481895,15387337,0.0965595245,53.32331583,3.017,0.5398,0.125,0.225,0.0,0.4375,0.277,0.3928571,6.0,1.9459101490553132,2007–10
guatemala,2014,4.443977834,15681725,0.079611413,52.96680237,2.717,0.5319,0.125,0.225,0.0,0.4375,0.277,0.3928571,0.0,0.0,2011–15
guatemala,2015,4.092170816,15971743,0.0965595245,54.88641882,2.506,0.5282,0.125,0.225,0.0,0.4375,0.2806667,0.4642857,0.0,0.0,2011–15
guatemala,2016,2.677802776,16268760,0.0965595245,54.42525562,2.583,0.5295,0.125,0.225,0.0,0.5,0.2806667,0.5,0.0,0.0,2011–15
guatemala,2017,3.079851269,16567357,0.0965595245,54.04447732,2.462,0.5299,0.125,0.225,0.0,0.5,0.2786667,0.5,0.0,0.0,2011–15
guatemala,2018,3.406873483,16845685,0.0965595245,54.07976471,2.283,0.5327,0.125,0.225,0.0,0.5,0.27,0.5,2.0,1.0986122886681098,2016–20
guatemala,2019,4.01789785,17103803,0.0965595245,52.5563884,2.193,0.5258,0.125,0.225,0.0,0.5,0.2586667,0.5,0.0,0.0,2016–20
guatemala,2020,-1.785551751,17357325,0.0965595245,51.79569648,2.6500000000000004,0.5411,0.0,0.225,0.0,0.3125,0.249,0.5,3.0,1.3862943611198906,2016–20
guinea,2006,1.189602117,9441171,0.212595276,32.29708862,5.031,0.4712,0.125,0.275,0.0,0.25,0.234,0.25,0.0,0.0,2002–06
guinea,2007,6.817471111,9662281,0.440259176,36.74647903,5.031,0.4605,0.0,0.2,0.0,0.25,0.0673333,0.25,0.0,0.0,2002–06
guinea,2008,4.13301616,9898870,0.212595276,33.23809052,5.031,0.4525,0.0,0.15,0.0,0.1875,0.0696667,0.2142857,0.0,0.0,2002–06
guinea,2009,-1.122642048,10143534,0.212595276,36.74647903,5.031,0.4445,0.0,0.09999999999999999,0.0,0.125,0.153,0.2142857,0.0,0.0,2002–06
guinea,2010,4.81336017,10396086,0.212595276,36.74647903,5.031,0.4365,0.0,0.09999999999999999,0.0,0.125,0.1763333,0.2142857,0.0,0.0,2007–10
guinea,2011,5.612111774,10656810,0.212595276,36.74647903,5.031,0.4285,0.0,0.09999999999999999,0.0,0.1875,0.1763333,0.2142857,0.0,0.0,2007–10
guinea,2012,5.915286261,10921581,0.212595276,36.87668991,5.031,0.4205,0.0,0.09999999999999999,0.0,0.1875,0.1763333,0.2142857,0.0,0.0,2007–10
guinea,2013,3.945687086,11191873,0.212595276,36.74647903,5.031,0.4125,0.0,0.075,0.0,0.1875,0.178,0.2142857,2.0,1.0986122886681098,2007–10
guinea,2014,3.696553117,11472924,0.212595276,38.55487823,5.044,0.4044,0.0,0.075,0.0,0.375,0.1836667,0.2142857,0.0,0.0,2011–15
guinea,2015,3.825910569,11767070,0.212595276,36.74647903,5.031,0.3964,0.0,0.09999999999999999,0.0,0.5,0.2713333,0.2142857,2.0,1.0986122886681098,2011–15
guinea,2016,10.8206272,12073030,0.212595276,36.74647903,5.031,0.3883,0.0,0.15,0.0,0.5625,0.2713333,0.2142857,1.0,0.6931471805599453,2011–15
guinea,2017,10.30000534,12385659,0.212595276,36.74647903,5.031,0.3803,0.0,0.15,0.0,0.5,0.2713333,0.2142857,0.0,0.0,2011–15
guinea,2018,6.358491927,12704774,0.116504446,36.74647903,5.031,0.3723,0.0,0.15,0.0,0.4375,0.2713333,0.2142857,2.0,1.0986122886681098,2016–20
guinea,2019,5.616914469,13034346,0.212595276,36.74647903,5.018,0.3723,0.125,0.15,0.0,0.4375,0.2713333,0.2142857,0.0,0.0,2016–20
guinea,2020,4.704590961,13371183,0.212595276,36.74647903,5.031,0.3723,0.125,0.175,0.0,0.3125,0.2693333,0.2142857,0.0,0.0,2016–20
guyana,2006,5.129609348,758966,0.057169535,89.87500763,10.7,0.5516,0.25,0.45,0.5,0.3125,0.455,0.4642857,2.0,1.0986122886681098,2002–06
guyana,2007,7.191236241,756861,0.057169535,85.37798309,13.172,0.5618,0.25,0.45,0.5,0.4375,0.455,0.4642857,0.0,0.0,2002–06
guyana,2008,1.755223496,754606,0.057169535,86.24141693,13.172,0.553,0.25,0.425,0.25,0.5,0.454,0.4285714,3.0,1.3862943611198906,2002–06
guyana,2009,3.611508472,752094,0.057169535,89.87500763,13.172,0.5446,0.25,0.425,0.25,0.5,0.454,0.3928571,0.0,0.0,2002–06
guyana,2010,4.138441601,749256,0.057169535,93.28646088,13.172,0.5455,0.25,0.425,0.25,0.5,0.4516667,0.3928571,0.0,0.0,2007–10
guyana,2011,5.196251561,746153,0.057169535,101.134758,13.172,0.5384,0.25,0.425,0.25,0.4375,0.4516667,0.3928571,0.0,0.0,2007–10
guyana,2012,5.27633062,746288,0.057169535,102.622467,13.172,0.5325,0.25,0.425,0.25,0.4375,0.4516667,0.3928571,0.0,0.0,2007–10
guyana,2013,3.653384333,750021,0.057169535,89.87500763,13.172,0.5398,0.25,0.4,0.25,0.4375,0.4516667,0.3928571,0.0,0.0,2007–10
guyana,2014,1.68649445,754229,0.057169535,89.87500763,13.172,0.5319,0.25,0.4,0.25,0.4375,0.447,0.3928571,0.0,0.0,2011–15
guyana,2015,0.687404591,758781,0.057169535,89.87500763,13.172,0.5282,0.25,0.4,0.25,0.4375,0.4516667,0.3928571,0.0,0.0,2011–15
guyana,2016,3.807456264,763548,0.057169535,89.87500763,13.172,0.5295,0.25,0.425,0.25,0.625,0.4583333,0.3928571,1.0,0.6931471805599453,2011–15
guyana,2017,3.734491546,768479,0.057169535,89.87500763,13.172,0.5299,0.25,0.425,0.25,0.625,0.4653333,0.4285714,0.0,0.0,2011–15
guyana,2018,4.440912885,791556,0.057169535,89.87500763,13.627,0.5327,0.25,0.425,0.25,0.625,0.4723333,0.4285714,0.0,0.0,2016–20
guyana,2019,5.352840035,807665,0.057169535,89.87500763,13.172,0.5258,0.375,0.425,0.25,0.625,0.455,0.4285714,1.0,0.6931471805599453,2016–20
guyana,2020,43.47965172,807481,0.057169535,86.94001007,13.172,0.5411,0.375,0.425,0.25,0.625,0.4503333,0.4285714,6.0,1.9459101490553132,2016–20
haiti,2006,1.768750603,9216562,0.5275621865,85.67661285,15.45,0.5516,0.125,0.2,0.0,0.25,0.3063333,0.5357143,1.0,0.6931471805599453,2002–06
haiti,2007,4.70652994,9373296,0.5275621865,85.67661285,16.8,0.5618,0.125,0.225,0.0,0.25,0.3063333,0.5357143,2.0,1.0986122886681098,2002–06
haiti,2008,2.658032308,9530774,0.5275621865,85.67661285,15.45,0.553,0.125,0.3,0.0,0.25,0.3896667,0.5,0.0,0.0,2002–06
haiti,2009,5.890378948,9689581,0.5275621865,85.67661285,15.45,0.5446,0.125,0.3,0.0,0.3125,0.3896667,0.5357143,0.0,0.0,2002–06
haiti,2010,-5.651511534,9803294,0.5275621865,85.67661285,15.45,0.5455,0.0,0.25,0.0,0.25,0.3,0.3928571,0.0,0.0,2007–10
haiti,2011,5.098213544,9914904,0.5275621865,85.67661285,15.45,0.5384,0.0,0.25,0.0,0.1875,0.3,0.3928571,0.0,0.0,2007–10
haiti,2012,0.502424404,10069771,0.5275621865,85.67661285,14.1,0.5325,0.0,0.275,0.0,0.375,0.2986667,0.3928571,0.0,0.0,2007–10
haiti,2013,4.324784115,10222362,0.5275621865,85.67661285,15.45,0.5398,0.0,0.275,0.0,0.375,0.298,0.3571429,0.0,0.0,2007–10
haiti,2014,2.888772509,10373235,0.5275621865,85.67661285,15.45,0.5319,0.0,0.325,0.0,0.375,0.294,0.3928571,0.0,0.0,2011–15
haiti,2015,1.400000009,10523242,0.5275621865,85.67661285,15.45,0.5282,0.0,0.35,0.0,0.375,0.298,0.3928571,0.0,0.0,2011–15
haiti,2016,1.812468078,10671457,0.5275621865,85.67661285,15.45,0.5295,0.0,0.35,0.0,0.375,0.3006667,0.3571429,1.0,0.6931471805599453,2011–15
haiti,2017,2.510271345,10817754,0.5275621865,85.67661285,15.45,0.5299,0.0,0.35,0.0,0.375,0.301,0.3571429,0.0,0.0,2011–15
haiti,2018,1.667810955,10962362,0.5275621865,85.67661285,15.45,0.5327,0.0,0.35,0.0,0.375,0.3303333,0.3571429,5.0,1.791759469228055,2016–20
haiti,2019,-1.723096998,11105163,0.5275621865,85.67661285,15.45,0.5258,0.0,0.375,0.0,0.3125,0.319,0.3571429,4.0,1.6094379124341003,2016–20
haiti,2020,-3.30550547,11243848,0.5275621865,85.67661285,15.45,0.5411,0.0,0.3,0.0,0.3125,0.3073333,0.3571429,2.0,1.0986122886681098,2016–20
honduras,1996,22.9573909,5903954,0.381577916,59.50156021,4.37,0.5541,0.0,0.15,0.0,0.3125,0.0,0.4285714,19.0,2.995732273553991,1996–01
honduras,1998,11.57616598,6234431,0.323060005,59.50156021,4.02,0.5541,0.0,0.15,0.0,0.4375,0.0,0.4285714,0.0,0.0,1996–01
honduras,2000,9.612218817,6577773,0.208366616,59.50156021,4.909,0.5541,0.0,0.2,0.0,0.375,0.0,0.4285714,0.0,0.0,1996–01
honduras,2002,3.754337861,6938859,0.28954807,59.50156021,4.02,0.5619,0.0,0.225,0.0,0.4375,0.0,0.3928571,1.0,0.6931471805599453,1996–01
honduras,2003,4.547038052,7119213,0.340004556,59.50156021,5.3,0.562,0.0,0.225,0.0,0.375,0.0,0.3928571,0.0,0.0,1996–01
honduras,2004,6.232302961,7298994,0.332938286,59.50156021,5.99,0.5588,0.0,0.225,0.0,0.375,0.0,0.3928571,1.0,0.6931471805599453,1996–01
honduras,2005,6.050599222,7478355,0.313398166,59.50156021,4.909,0.5548,0.0,0.175,0.0,0.375,0.0,0.3928571,0.0,0.0,2002–06
honduras,2006,6.567243552,7656832,0.273066833,57.63871002,3.574,0.5516,0.0,0.175,0.0,0.375,0.2083333,0.3928571,0.0,0.0,2002–06
honduras,2007,6.188327167,7834798,0.220138483,59.51185989,3.211,0.5618,0.0,0.175,0.0,0.375,0.2083333,0.3928571,0.0,0.0,2002–06
honduras,2008,4.23160011,8012587,0.208798666,59.50156021,3.156,0.553,0.0,0.175,0.0,0.375,0.206,0.3928571,0.0,0.0,2002–06
honduras,2009,-2.43162788,8189899,0.180620216,59.50156021,3.292,0.5446,0.0,0.175,0.0,0.4375,0.206,0.3928571,8.0,2.1972245773362196,2002–06
honduras,2010,3.731140344,8365878,0.195584328,66.16819,4.119,0.5455,0.0,0.175,0.0,0.5,0.192,0.3928571,0.0,0.0,2007–10
honduras,2011,3.835690662,8540583,0.200840458,65.90184784,4.474,0.5384,0.0,0.175,0.0,0.5,0.1946667,0.3928571,1.0,0.6931471805599453,2007–10
honduras,2012,4.128687749,8715076,0.239685129,64.53279114,3.755,0.5325,0.0,0.175,0.0,0.5,0.1946667,0.3928571,0.0,0.0,2007–10
honduras,2013,2.791559757,8889278,0.207934566,61.92071152,5.646,0.5398,0.0,0.175,0.0,0.5,0.1946667,0.3928571,2.0,1.0986122886681098,2007–10
honduras,2014,3.058080562,9063122,0.20594995,49.47668218,7.078,0.5319,0.0,0.175,0.0,0.5,0.1946667,0.3928571,1.0,0.6931471805599453,2011–15
honduras,2015,3.840079971,9237305,0.19933634,50.35110851,6.147,0.5282,0.125,0.2,0.0,0.5,0.1946667,0.3928571,0.0,0.0,2011–15
honduras,2016,3.892972197,9412380,0.19842039,51.04664868,6.727,0.5295,0.125,0.2,0.25,0.5,0.1973333,0.3928571,1.0,0.6931471805599453,2011–15
honduras,2017,4.842913911,9588137,0.193274545,51.01203918,5.528,0.5299,0.125,0.25,0.25,0.4375,0.274,0.5357143,1.0,0.6931471805599453,2011–15
honduras,2018,3.84499477,9765210,0.198462495,59.50156021,5.648,0.5327,0.125,0.275,0.25,0.4375,0.3543333,0.5,0.0,0.0,2016–20
honduras,2019,2.559634346,9943633,0.187790312,64.35241699,5.698,0.5258,0.125,0.275,0.25,0.4375,0.3473333,0.5,5.0,1.791759469228055,2016–20
honduras,2020,-8.965082233,10119640,0.208366616,58.42689994,10.982,0.5411,0.125,0.275,0.25,0.4375,0.3453333,0.5,2.0,1.0986122886681098,2016–20
hungary,1996,0.101234228,10311238,0.0020230185,101.9219513,10.022,0.2579,0.625,0.7999999999999999,0.5,0.75,0.75,0.6428571,13.0,2.6390573296152584,1996–01
hungary,1998,3.848108144,10266570,0.003869214,101.9219513,8.925,0.2751,0.625,0.75,0.5,0.8125,0.75,0.6428571,2.0,1.0986122886681098,1996–01
hungary,2000,4.409375018,10210971,0.00133662,96.20510864,6.563,0.2845,0.625,0.75,0.5,0.75,0.75,0.6071428999999999,0.0,0.0,1996–01
hungary,2002,4.730065308,10158608,0.000509668,99.8345108,5.608,0.3194,0.5,0.7749999999999999,0.5,0.875,0.875,0.7857143,0.0,0.0,1996–01
hungary,2003,3.938777612,10129552,0.001587212,101.8508606,5.79,0.3197,0.5,0.7749999999999999,0.5,0.875,0.875,0.7857143,0.0,0.0,1996–01
hungary,2004,4.963125362,10107146,0.0016733155,95.94435883,5.832,0.3117,0.5,0.7749999999999999,0.5,0.875,0.875,0.7857143,0.0,0.0,1996–01
hungary,2005,4.300283185,10087065,0.005276819,97.37332916,7.189,0.3302,0.5,0.7749999999999999,0.5,0.875,0.875,0.7857143,0.0,0.0,2002–06
hungary,2006,3.933931627,10071370,0.001435583,97.7556076,7.494,0.3424,0.5,0.7749999999999999,0.5,0.875,0.8343332999999999,0.7857143,0.0,0.0,2002–06
hungary,2007,0.332354338,10055780,0.002339343,97.85636139,7.406,0.3451,0.5,0.7625,0.5,0.8125,0.8343332999999999,0.7857143,0.0,0.0,2002–06
hungary,2008,0.993437085,10038188,0.00089742,98.38033295,7.817,0.3375,0.5,0.75,0.5,0.75,0.8313332999999999,0.7857143,2.0,1.0986122886681098,2002–06
hungary,2009,-6.740166085,10022650,0.001127361,99.74337769,10.03,0.3317,0.5,0.75,0.5,0.75,0.8313332999999999,0.7857143,1.0,0.6931471805599453,2002–06
hungary,2010,1.067950682,10000023,0.001668813,101.9976883,11.172,0.3325,0.5,0.75,0.5,0.75,0.8236667,0.75,0.0,0.0,2007–10
hungary,2011,1.916709166,9971727,0.001706694,103.0810699,11.029,0.3248,0.5,0.75,0.5,0.75,0.818,0.75,0.0,0.0,2007–10
hungary,2012,-1.339484465,9920362,0.0047583,101.2340469,11.003,0.3159,0.5,0.75,0.5,0.75,0.8153332999999999,0.75,0.0,0.0,2007–10
hungary,2013,2.032169907,9872734,0.004609007,107.0703583,10.177,0.3303,0.5,0.75,0.5,0.75,0.8153332999999999,0.75,0.0,0.0,2007–10
hungary,2014,4.334353641,9833038,0.009814092,105.8414688,7.725,0.3256,0.5,0.75,0.5,0.8125,0.8133332999999999,0.75,1.0,0.6931471805599453,2011–15
hungary,2015,3.659816154,9797755,0.009690301,104.5464783,6.813,0.3257,0.5,0.75,0.5,0.8125,0.8113332999999999,0.75,1.0,0.6931471805599453,2011–15
hungary,2016,2.438641413,9759755,0.015732796,104.0468903,5.115,0.3276,0.5,0.75,0.5,0.8125,0.724,0.75,1.0,0.6931471805599453,2011–15
hungary,2017,4.124183895,9726756,0.009179572,104.2907791,4.156,0.3277,0.5,0.75,0.5,0.8125,0.7213333,0.7142856999999999,0.0,0.0,2011–15
hungary,2018,5.606138138,9706964,0.0020230185,103.7495499,3.667,0.3216,0.5,0.75,0.5,0.8125,0.721,0.7142856999999999,0.0,0.0,2016–20
hungary,2019,5.077184951,9694824,0.0020230185,102.5616379,3.411,0.3259,0.375,0.7,0.5,0.8125,0.721,0.7142856999999999,1.0,0.6931471805599453,2016–20
hungary,2020,-4.3387254,9670419,0.0020230185,101.993042,4.248,0.3256,0.375,0.7,0.5,0.8125,0.7186667,0.7142856999999999,0.0,0.0,2016–20
iceland,2006,5.671612485,303782,0.001842796,107.523468,2.83,0.312,0.625,0.8999999999999999,0.5,0.9375,0.9069999999999999,0.8928571,0.0,0.0,2002–06
iceland,2007,8.741329415,311566,0.000806142,106.3270035,2.251,0.3441,0.6875,0.8999999999999999,0.5,0.96875,0.9069999999999999,0.8928571,0.0,0.0,2002–06
iceland,2008,1.699610761,317414,0.00060815,106.2299423,2.946,0.2821,0.75,0.875,0.5,1.0,0.9049999999999999,0.8571428999999999,0.0,0.0,2002–06
iceland,2009,-8.321464143,318499,0.000972007,106.4782486,7.22,0.2691,0.875,0.875,0.5,0.9375,0.9049999999999999,0.8571428999999999,0.0,0.0,2002–06
iceland,2010,-2.221818476,318041,0.001493845,108.8190384,7.564,0.2621,0.875,0.875,0.5,0.9375,0.9049999999999999,0.8571428999999999,0.0,0.0,2007–10
iceland,2011,1.379996691,319014,0.001882956,109.7068634,7.028,0.2674,0.875,0.875,0.5,0.9375,0.9033333,0.8571428999999999,0.0,0.0,2007–10
iceland,2012,1.169311749,320716,0.000335558,113.5176697,6.0,0.2709,0.875,0.875,0.5,0.9375,0.9049999999999999,0.8571428999999999,1.0,0.6931471805599453,2007–10
iceland,2013,3.59695701,323764,0.000882093,122.0335693,5.376,0.2907,0.875,0.875,0.5,0.9375,0.9049999999999999,0.8571428999999999,0.0,0.0,2007–10
iceland,2014,1.913816091,327386,0.0,120.6325684,4.897,0.2894,0.75,0.875,0.5,0.9375,0.9026666999999999,0.8928571,1.0,0.6931471805599453,2011–15
iceland,2015,3.768590238,330815,0.000344902,119.8073578,3.979,0.2887,0.875,0.875,0.5,0.9375,0.9026666999999999,0.8928571,0.0,0.0,2011–15
iceland,2016,6.218087642,335439,0.0,117.1227722,2.978,0.2853,0.875,0.875,0.5,0.9375,0.8999999999999999,0.8928571,0.0,0.0,2011–15
iceland,2017,3.485067039,343400,0.0,115.7411423,2.742,0.2844,0.75,0.8999999999999999,0.5,0.9375,0.9026666999999999,0.8928571,0.0,0.0,2011–15
iceland,2018,4.660770326,352721,0.002681579,114.6494064,2.704,0.2734,0.75,0.9249999999999999,0.75,1.0,0.9026666999999999,0.8928571,0.0,0.0,2016–20
iceland,2019,1.138212305,360563,0.00079942,112.0343399,3.507,0.2729,0.75,0.9249999999999999,0.75,1.0,0.9026666999999999,0.8928571,0.0,0.0,2016–20
iceland,2020,-6.645878163,366463,0.000802781,110.4873199,5.478,0.2729,0.75,0.9249999999999999,0.75,0.9375,0.8956666999999999,0.8928571,0.0,0.0,2016–20
india,1996,7.549522249,979678458,0.345755796,66.03638077,3.804,0.3794,0.375,0.525,0.25,0.8125,0.375,0.3571429,213.0,5.365976015021851,1996–01
india,1998,6.184415822,1018665080,0.345755796,66.03638077,3.804,0.3924,0.375,0.5499999999999999,0.25,0.75,0.375,0.3928571,61.0,4.127134385045092,1996–01
india,2000,3.840991157,1057922733,0.345755796,47.17343903,2.731,0.3987,0.375,0.575,0.25,0.625,0.375,0.4642857,180.0,5.198497031265826,1996–01
india,2002,3.803975321,1097600380,0.345755796,48.80693817,3.804,0.4206,0.25,0.4,0.25,0.375,0.375,0.3214286,184.0,5.220355825078324,1996–01
india,2003,7.860381476,1116803006,0.345755796,51.42557144,3.804,0.4318,0.25,0.4,0.25,0.3125,0.375,0.2857143,196.0,5.2832037287379885,1996–01
india,2004,7.922936612,1135991513,0.464241686,53.24737167,3.804,0.4432,0.25,0.4,0.25,0.3125,0.375,0.2857143,108.0,4.6913478822291435,1996–01
india,2005,7.923430621,1154676322,0.345755796,55.9314003,3.804,0.4548,0.25,0.4,0.25,0.5,0.375,0.2857143,146.0,4.990432586778736,2002–06
india,2006,8.060732572,1172878890,0.345755796,56.78594971,3.804,0.4676,0.25,0.4,0.25,0.5,0.506,0.2857143,167.0,5.123963979403259,2002–06
india,2007,7.660815067,1190676021,0.345755796,59.14783859,3.804,0.4807,0.25,0.4125,0.25,0.5625,0.5476667,0.2857143,150.0,5.017279836814924,2002–06
india,2008,3.086698059,1207930964,0.345755796,62.21192169,3.804,0.4941,0.25,0.4,0.25,0.625,0.51,0.2857143,535.0,6.284134161070802,2002–06
india,2009,7.861888833,1225524753,0.345755796,61.36032104,3.804,0.5078,0.25,0.4,0.25,0.625,0.51,0.2857143,672.0,6.511745329644728,2002–06
india,2010,8.497584702,1243481564,0.345755796,64.94759369,3.115,0.5217,0.25,0.4,0.25,0.625,0.4926667,0.2857143,663.0,6.498282149476434,2007–10
india,2011,5.241316199,1261224954,0.271246924,67.12516785,3.804,0.5414,0.25,0.4,0.25,0.625,0.4933333,0.2857143,645.0,6.470799503782602,2007–10
india,2012,5.456387552,1278674502,0.345755796,69.80895996,3.222,0.55,0.25,0.4,0.25,0.625,0.5006667,0.2857143,613.0,6.419994928147142,2007–10
india,2013,6.386106401,1295829511,0.345755796,69.47712708,3.804,0.5523,0.25,0.4,0.25,0.625,0.5063333,0.3214286,694.0,6.543911845564792,2007–10
india,2014,7.410227605,1312277191,0.345755796,74.88870239,3.804,0.561,0.25,0.4,0.25,0.625,0.514,0.3214286,860.0,6.7580945044277305,2011–15
india,2015,7.996253786,1328024498,0.345755796,74.61136627,3.804,0.5674,0.25,0.425,0.5,0.625,0.508,0.3214286,885.0,6.786716950605081,2011–15
india,2016,8.256305502,1343944296,0.345755796,75.93728638,3.804,0.582,0.25,0.45,0.5,0.625,0.5103333,0.3571429,1027.0,6.93537044601511,2011–15
india,2017,6.795383419,1359657400,0.345755796,74.67437744,3.804,0.5884,0.25,0.475,0.5,0.6875,0.491,0.3928571,967.0,6.875232087276577,2011–15
india,2018,6.453851345,1374659064,0.345755796,76.00257874,7.652,0.5785,0.25,0.45,0.5,0.6875,0.491,0.3928571,889.0,6.7912214627261855,2016–20
india,2019,3.871436941,1389030312,0.345755796,75.8716507,6.51,0.5759,0.25,0.45,0.5,0.6875,0.48,0.3571429,622.0,6.434546518787453,2016–20
india,2020,-5.777724707,1402617695,0.345755796,77.97664333,7.859,0.568,0.25,0.475,0.5,0.5625,0.4703333,0.3928571,450.0,6.111467339502679,2016–20
indonesia,1996,7.818187077,203204348,0.681460688,50.30279922,4.861,0.4753,0.25,0.35,0.5,0.25,0.125,0.5714286,65.0,4.189654742026425,1996–01
indonesia,1998,-13.12672549,209826788,0.828322531,54.27188873,5.459,0.3855,0.125,0.275,0.25,0.125,0.0,0.5,3.0,1.3862943611198906,1996–01
indonesia,2000,4.920067747,216077790,0.656772431,55.59762955,6.077,0.3791,0.125,0.275,0.25,0.0,0.0,0.5357143,101.0,4.624972813284271,1996–01
indonesia,2002,4.499475391,222088495,0.468390893,57.64659882,6.604,0.3885,0.0,0.275,0.0,0.1875,0.125,0.3928571,43.0,3.784189633918261,1996–01
indonesia,2003,4.780369122,225048008,0.455486129,60.72446823,6.657,0.3873,0.0,0.275,0.0,0.0625,0.25,0.3928571,18.0,2.9444389791664403,1996–01
indonesia,2004,5.030873945,227926649,0.454143934,62.97586823,7.303,0.4036,0.0,0.275,0.0,0.25,0.25,0.3928571,17.0,2.8903717578961645,1996–01
indonesia,2005,5.692571304,230871650,0.410938013,61.63827896,7.945,0.4158,0.0,0.275,0.0,0.4375,0.25,0.3928571,15.0,2.772588722239781,2002–06
indonesia,2006,5.500951785,233951652,0.468292408,64.64221191,7.551,0.409,0.0,0.3,0.25,0.5,0.4636667,0.4285714,10.0,2.3978952727983707,2002–06
indonesia,2007,6.345022227,237062337,0.410768323,71.85450745,8.06,0.4155,0.0,0.3,0.25,0.5625,0.4636667,0.4285714,2.0,1.0986122886681098,2002–06
indonesia,2008,6.0137036,240157903,0.380051134,70.16844177,7.208,0.4581,0.0,0.3,0.25,0.5625,0.4613333,0.4285714,13.0,2.6390573296152584,2002–06
indonesia,2009,4.628871183,243220028,0.378748545,74.50359344,6.106,0.4716,0.0,0.3,0.25,0.625,0.4613333,0.4285714,19.0,2.995732273553991,2002–06
indonesia,2010,6.223854181,246305322,0.341008845,75.65190887,5.614,0.4212,0.0,0.3,0.25,0.625,0.4676667,0.4285714,4.0,1.6094379124341003,2007–10
indonesia,2011,6.169784208,249470032,0.312102024,78.1330719,5.153,0.4396,0.0,0.3,0.25,0.625,0.4676667,0.4285714,21.0,3.091042453358316,2007–10
indonesia,2012,6.030050653,252698525,0.265782612,80.09268188,4.468,0.4337,0.0,0.3,0.25,0.625,0.4753333,0.4285714,39.0,3.6888794541139363,2007–10
indonesia,2013,5.557263689,255852467,0.271665517,81.88969748,4.336,0.4261,0.0,0.325,0.25,0.5625,0.4773333,0.3928571,32.0,3.4965075614664802,2007–10
indonesia,2014,5.006668426,258877399,0.256611167,83.55599493,4.049,0.4252,0.0,0.375,0.5,0.625,0.565,0.4285714,35.0,3.58351893845611,2011–15
indonesia,2015,4.8763223,261799249,0.215861031,87.84232079,4.514,0.441,0.25,0.4,0.25,0.625,0.5676667,0.4285714,29.0,3.4011973816621555,2011–15
indonesia,2016,5.033069183,264627418,0.180464648,87.81917917,4.301,0.4232,0.25,0.4,0.25,0.625,0.5656667,0.4285714,19.0,2.995732273553991,2011–15
indonesia,2017,5.069785901,267346658,0.147567417,90.94553912,3.783,0.4095,0.25,0.4,0.25,0.625,0.5463333,0.4642857,27.0,3.332204510175204,2011–15
indonesia,2018,5.17429154,269951846,0.124650942,92.81207396,4.387,0.4621,0.25,0.4,0.25,0.625,0.5463333,0.4285714,43.0,3.784189633918261,2016–20
indonesia,2019,5.01928768,272489381,0.108495216,94.94670449,3.59,0.4621,0.25,0.4,0.25,0.5625,0.5493333,0.4642857,26.0,3.295836866004329,2016–20
indonesia,2020,-2.065511829,274814866,0.098477703,96.93457791,4.255,0.4621,0.25,0.4,0.25,0.5625,0.5433333,0.4642857,19.0,2.995732273553991,2016–20
iraq,1996,11.02078564,21501321,0.005645888999999999,38.77507019,10.59,0.5459,0.0,0.125,0.0,0.0,0.125,0.1785714,12.0,2.5649493574615367,1996–01
iraq,1998,35.00096762,22884399,0.005645888999999999,40.41062927,10.59,0.5459,0.0,0.125,0.0,0.0,0.125,0.1785714,7.0,2.0794415416798357,1996–01
iraq,2000,16.79613444,24424056,0.005645888999999999,36.87025833,10.59,0.5459,0.0,0.175,0.0,0.0,0.125,0.1785714,10.0,2.3978952727983707,1996–01
iraq,2002,-8.203704812,26006559,0.005645888999999999,40.41062927,10.59,0.5459,0.0,0.125,0.0,0.0,0.125,0.1785714,6.0,1.9459101490553132,1996–01
iraq,2003,-36.65678044,26802659,0.005645888999999999,40.41062927,10.59,0.5459,0.0,0.125,0.0,0.0,0.125,0.1785714,102.0,4.634728988229636,1996–01
iraq,2004,53.38554729,27577878,0.005645888999999999,45.14722061,10.59,0.5459,0.125,0.075,0.25,0.0,0.0,0.1071429,323.0,5.780743515792329,1996–01
iraq,2005,1.675228636,28407448,0.005645888999999999,40.41062927,10.59,0.5459,0.125,0.075,0.0,0.0,0.0,0.1071429,617.0,6.42648845745769,2002–06
iraq,2006,5.638299152,28616515,0.00570051,40.41062927,10.59,0.5459,0.0,0.05,0.0,0.0625,0.1336667,0.1071429,837.0,6.731018100482083,2002–06
iraq,2007,1.888539362,28391607,0.005645888999999999,50.57424164,8.646,0.5459,0.0,0.05,0.0,0.0625,0.1753333,0.1428571,1045.0,6.952728644624869,2002–06
iraq,2008,8.228107104,28971036,0.005645888999999999,40.41062927,10.59,0.5446,0.0,0.05,0.0,0.0625,0.2166667,0.2142857,1106.0,7.009408932708637,2002–06
iraq,2009,3.379299094,30058206,0.005645888999999999,40.41062927,10.59,0.5434,0.0,0.05,0.0,0.125,0.2166667,0.2142857,1137.0,7.037027614686276,2002–06
iraq,2010,6.402564845,31045366,0.005645888999999999,40.41062927,10.59,0.5423,0.0,0.05,0.0,0.0625,0.2166667,0.2142857,1179.0,7.07326971745971,2007–10
iraq,2011,7.5464712,32161424,0.005645888999999999,40.41062927,10.59,0.5412,0.0,0.09999999999999999,0.0,0.3125,0.2176667,0.2142857,1308.0,7.1770187659099,2007–10
iraq,2012,13.93643017,33654842,0.005591268,40.41062927,7.965,0.5155,0.0,0.125,0.0,0.3125,0.3033333,0.1785714,1435.0,7.269616749608169,2007–10
iraq,2013,7.628285923,35281989,0.005645888999999999,40.41062927,10.59,0.4519,0.0,0.125,0.0,0.1875,0.3033333,0.1785714,2852.0,7.9561263512135,2007–10
iraq,2014,2.263688176,36550059,0.005645888999999999,40.41062927,10.59,0.4729,0.0,0.125,0.0,0.125,0.3076667,0.2142857,3934.0,8.277666160851503,2011–15
iraq,2015,2.606766429,37560535,0.005645888999999999,40.41062927,10.59,0.4944,0.0,0.125,0.0,0.125,0.3026667,0.25,2751.0,7.920083199053234,2011–15
iraq,2016,13.78737302,38469627,0.005645888999999999,40.41062927,10.82,0.5166,0.0,0.09999999999999999,0.0,0.125,0.3026667,0.25,3395.0,8.130353547431238,2011–15
iraq,2017,-1.819750351,39337353,0.005645888999999999,40.41062927,13.02,0.5393,0.0,0.09999999999999999,0.0,0.125,0.303,0.1785714,2548.0,7.8434564043761155,2011–15
iraq,2018,2.633850991,40265624,0.005645888999999999,40.41062927,10.59,0.5626,0.0,0.09999999999999999,0.0,0.125,0.302,0.1785714,1364.0,7.21890970761906,2016–20
iraq,2019,5.513790575,41192171,0.005645888999999999,40.41062927,10.59,0.5866,0.0,0.09999999999999999,0.0,0.125,0.2913333,0.1785714,644.0,6.4692503167957724,2016–20
iraq,2020,-12.03679309,42116605,0.005645888999999999,40.41062927,10.59,0.6113,0.0,0.075,0.0,0.125,0.204,0.1785714,764.0,6.639875833826536,2016–20
ireland,1996,7.379624658,3637510,0.002240181,115.8337326,11.692,0.31,0.75,0.85,0.75,1.0,0.75,0.8571428999999999,1.0,0.6931471805599453,1996–01
ireland,1998,8.766122657,3712696,0.002350518,115.8337326,7.699,0.3474,0.75,0.875,0.75,1.0,0.75,0.8571428999999999,3.0,1.3862943611198906,1996–01
ireland,2000,9.403524764,3805174,0.001782722,105.1223679,4.318,0.3576,0.75,0.875,0.75,1.0,0.75,0.8928571,0.0,0.0,1996–01
ireland,2002,5.899365061,3931947,0.002350518,106.364212,4.216,0.3473,0.75,0.875,0.75,1.0,0.75,0.8928571,0.0,0.0,1996–01
ireland,2003,3.013838694,3996521,0.002256395,107.8529968,4.478,0.355,0.875,0.8999999999999999,0.75,1.0,0.875,0.8928571,1.0,0.6931471805599453,1996–01
ireland,2004,6.788139906,4070262,0.000849493,109.4098816,4.491,0.3538,0.75,0.875,0.75,1.0,0.75,0.8214286,0.0,0.0,1996–01
ireland,2005,5.739782026,4159914,0.000626923,109.7843018,4.237,0.3638,0.875,0.9249999999999999,1.0,1.0,1.0,0.8571428999999999,0.0,0.0,2002–06
ireland,2006,4.987853645,4273591,0.004720414,109.6034393,4.355,0.3677,0.75,0.9249999999999999,0.75,0.9375,0.8836666999999999,0.8214286,1.0,0.6931471805599453,2002–06
ireland,2007,5.310118309,4398942,0.001293331,111.2344971,4.98,0.3529,0.75,0.9249999999999999,0.75,0.90625,0.8836666999999999,0.8214286,1.0,0.6931471805599453,2002–06
ireland,2008,-4.48407081,4489544,0.002007196,111.2939682,6.774,0.3159,0.75,0.9249999999999999,0.75,0.875,0.8836666999999999,0.8214286,5.0,1.791759469228055,2002–06
ireland,2009,-5.095782779,4535375,0.005775791,114.392662,12.609,0.3196,0.75,0.8999999999999999,0.5,0.75,0.8003332999999999,0.8214286,0.0,0.0,2002–06
ireland,2010,1.682971755,4560155,0.007488451,118.0969086,14.534,0.3176,0.75,0.8999999999999999,0.5,0.75,0.7929999999999999,0.8214286,4.0,1.6094379124341003,2007–10
ireland,2011,1.608866489,4580084,0.006732483,115.8337326,15.354,0.3267,0.625,0.8999999999999999,0.5,0.75,0.7853333,0.8214286,4.0,1.6094379124341003,2007–10
ireland,2012,-0.405029417,4599533,0.005379514,117.7521896,15.451,0.303,0.625,0.8999999999999999,0.5,0.75,0.7853333,0.8214286,29.0,3.4011973816621555,2007–10
ireland,2013,2.192937575,4623816,0.007410097,115.8337326,13.735,0.3187,0.625,0.8999999999999999,0.5,0.75,0.7893333,0.8214286,27.0,3.332204510175204,2007–10
ireland,2014,9.385793351,4657740,0.004454243,116.7390976,11.858,0.324,0.625,0.875,0.5,0.8125,0.7906667,0.8214286,33.0,3.5263605246161616,2011–15
ireland,2015,24.62398564,4701957,0.004278008,116.9898682,9.908,0.3466,0.625,0.875,0.5,0.8125,0.7949999999999999,0.8214286,28.0,3.367295829986474,2011–15
ireland,2016,1.222716611,4762722,0.003402334,117.028717,8.374,0.3526,0.625,0.85,0.5,0.75,0.8049999999999999,0.8214286,15.0,2.772588722239781,2011–15
ireland,2017,10.10885761,4827445,0.003040497,125.3071213,6.713,0.3396,0.625,0.85,0.5,0.75,0.8049999999999999,0.8214286,17.0,2.8903717578961645,2011–15
ireland,2018,7.688659374,4898022,0.000987075,154.9082947,5.741,0.3538,0.625,0.85,0.5,0.75,0.8049999999999999,0.8571428999999999,5.0,1.791759469228055,2016–20
ireland,2019,4.972880038,4976456,0.000563519,138.091217,4.95,0.3604,0.625,0.85,0.5,0.75,0.8079999999999999,0.8571428999999999,12.0,2.5649493574615367,2016–20
ireland,2020,7.153695057,5039747,0.001825366,135.2246704,5.623,0.3604,0.625,0.85,0.75,0.75,0.8016667,0.8571428999999999,10.0,2.3978952727983707,2016–20
israel,1996,5.839438476,5692000,0.007305765,96.4185524,6.682,0.4976,0.875,0.7999999999999999,1.0,0.25,0.5,0.7142856999999999,18.0,2.9444389791664403,1996–01
israel,1998,4.111963962,5971000,0.007305765,96.4185524,8.535,0.5002,0.75,0.725,1.0,0.3125,0.5,0.7142856999999999,12.0,2.5649493574615367,1996–01
israel,2000,8.582089424,6289000,0.007305765,98.04927063,8.78,0.503,0.625,0.7,1.0,0.4375,0.375,0.75,13.0,2.6390573296152584,1996–01
israel,2002,-0.134072635,6570000,0.007474366,99.26904297,10.302,0.5073,0.625,0.7,1.0,0.4375,0.5,0.7142856999999999,71.0,4.276666119016055,1996–01
israel,2003,1.449057694,6689700,0.009380756,98.25582886,10.72,0.5101,0.5,0.6749999999999999,1.0,0.4375,0.5,0.7142856999999999,34.0,3.5553480614894135,1996–01
israel,2004,4.647897444,6809000,0.009712281,97.19194031,10.369,0.5128,0.5,0.6749999999999999,1.0,0.4375,0.5,0.6785713999999999,18.0,2.9444389791664403,1996–01
israel,2005,4.38778887,6930100,0.009717233,96.97492218,8.993,0.5155,0.5,0.6749999999999999,1.0,0.4375,0.5,0.6785713999999999,28.0,3.367295829986474,2002–06
israel,2006,5.601626982,7053700,0.00499392,96.70527649,8.404,0.515,0.5,0.625,0.75,0.5,0.576,0.6428571,79.0,4.382026634673881,2002–06
israel,2007,6.323349505,7180100,0.004918124,96.23010254,7.319,0.5146,0.5,0.625,0.75,0.53125,0.576,0.6428571,49.0,3.912023005428146,2002–06
israel,2008,3.222096,7308800,0.007378151,95.0427475,6.1,0.5174,0.5,0.625,0.75,0.625,0.5826667,0.6785713999999999,129.0,4.867534450455582,2002–06
israel,2009,1.237731597,7485600,0.007393684,95.80390167,7.61,0.5201,0.5,0.625,0.75,0.5,0.5826667,0.6785713999999999,36.0,3.6109179126442243,2002–06
israel,2010,5.534340339,7623600,0.00460204,96.51119232,6.637,0.5227,0.5,0.6,0.75,0.5,0.4993333,0.6785713999999999,14.0,2.70805020110221,2007–10
israel,2011,5.518796214,7765800,0.002693994,96.30815887,5.604,0.5172,0.5,0.65,0.75,0.4375,0.5843332999999999,0.75,51.0,3.9512437185814275,2007–10
israel,2012,2.447168367,7910500,0.00745615,96.29354095,6.762,0.5117,0.5,0.65,0.75,0.4375,0.5843332999999999,0.75,59.0,4.0943445622221,2007–10
israel,2013,4.085709186,8059500,0.004745734,96.49815369,6.137,0.5018,0.5,0.65,0.75,0.4375,0.5843332999999999,0.75,37.0,3.6375861597263857,2007–10
israel,2014,3.775828432,8215700,0.007305765,96.32904053,5.789,0.4923,0.5,0.65,0.75,0.5,0.5876667,0.75,293.0,5.683579767338681,2011–15
israel,2015,2.237603175,8380100,0.004938537,96.33895111,5.176,0.4891,0.625,0.6749999999999999,0.75,0.5625,0.5923333,0.75,58.0,4.07753744390572,2011–15
israel,2016,4.459782719,8546000,0.004831344,96.79280853,4.723,0.486,0.75,0.6749999999999999,0.75,0.6875,0.595,0.8214286,50.0,3.9318256327243257,2011–15
israel,2017,4.346931167,8713300,0.007238092,96.29299164,4.14,0.486,0.5,0.6749999999999999,0.75,0.6875,0.593,0.8214286,34.0,3.5553480614894135,2011–15
israel,2018,4.003898622,8882800,0.007167306,96.65574646,3.917,0.486,0.5,0.7,0.75,0.6875,0.593,0.8214286,63.0,4.1588830833596715,2016–20
israel,2019,3.710496328,9054000,0.009976542,96.29541779,3.731,0.486,0.5,0.7,0.75,0.6875,0.5953333,0.8214286,65.0,4.189654742026425,2016–20
israel,2020,-2.021615482,9215100,0.007464206,96.14169312,4.169,0.486,0.5,0.7,0.75,0.625,0.5946667,0.8214286,67.0,4.219507705176107,2016–20
italy,1996,1.345584772,56860281,0.01264796,100.5963974,11.864,0.2796,0.625,0.7999999999999999,0.75,0.875,0.625,0.7142856999999999,8.0,2.1972245773362196,1996–01
italy,1998,1.804373282,56906744,0.017424413,100.5963974,12.117,0.2883,0.625,0.7,0.75,1.0,0.625,0.75,6.0,1.9459101490553132,1996–01
italy,2000,3.882098851,56942108,0.01249517,94.79878998,10.834,0.2959,0.625,0.7,0.75,1.0,0.625,0.6785713999999999,8.0,2.1972245773362196,1996–01
italy,2002,0.269929664,57089824,0.017487728,98.81388092,9.211,0.3017,0.625,0.7,0.75,0.75,0.625,0.6785713999999999,7.0,2.0794415416798357,1996–01
italy,2003,0.066553809,57399184,0.008816183,99.52631378,8.869,0.2963,0.5,0.6749999999999999,0.5,0.75,0.625,0.6785713999999999,15.0,2.772588722239781,1996–01
italy,2004,1.474021706,57828179,0.00790682,99.07501984,7.866,0.3044,0.625,0.7,0.5,0.8125,0.625,0.75,3.0,1.3862943611198906,1996–01
italy,2005,0.762410677,58166682,0.007962184,99.20562744,7.73,0.299,0.625,0.6749999999999999,0.5,0.8125,0.625,0.7142856999999999,6.0,1.9459101490553132,2002–06
italy,2006,1.799479922,58399861,0.007647415,99.53385162,6.777,0.3034,0.625,0.6749999999999999,0.5,0.8125,0.841,0.75,4.0,1.6094379124341003,2002–06
italy,2007,1.462292053,58756247,0.00788204,99.83773804,6.076,0.3054,0.625,0.6749999999999999,0.5,0.78125,0.841,0.75,0.0,0.0,2002–06
italy,2008,-1.023138512,59211181,0.008526028,100.2914581,6.723,0.3022,0.625,0.65,0.5,0.8125,0.8493333,0.75,1.0,0.6931471805599453,2002–06
italy,2009,-5.305154012,59555454,0.01079074,100.1754913,7.749,0.2992,0.625,0.65,0.5,0.75,0.8493333,0.7142856999999999,4.0,1.6094379124341003,2002–06
italy,2010,1.529105732,59819407,0.014104554,101.4011612,8.363,0.3045,0.375,0.625,0.5,0.75,0.8443333,0.7142856999999999,10.0,2.3978952727983707,2007–10
italy,2011,0.695463154,60026841,0.01264796,101.5964279,8.359,0.3087,0.25,0.625,0.5,0.75,0.8413333,0.7142856999999999,5.0,1.791759469228055,2007–10
italy,2012,-3.125238773,60191247,0.014115522,100.4498367,10.655,0.3057,0.25,0.625,0.5,0.6875,0.8413333,0.7142856999999999,10.0,2.3978952727983707,2007–10
italy,2013,-1.818025107,60311613,0.016131836,100.9731216,12.149,0.3059,0.25,0.625,0.5,0.6875,0.845,0.7142856999999999,7.0,2.0794415416798357,2007–10
italy,2014,-0.001387617,60320707,0.014488131,101.121727,12.683,0.3049,0.25,0.625,0.5,0.6875,0.845,0.7142856999999999,7.0,2.0794415416798357,2011–15
italy,2015,0.885667635,60229605,0.020502881,101.2280884,11.896,0.3064,0.25,0.625,0.5,0.6875,0.8493333,0.7857143,6.0,1.9459101490553132,2011–15
italy,2016,1.236221085,60115223,0.017778953,100.7429581,11.688,0.3205,0.25,0.625,0.5,0.6875,0.8493333,0.7857143,11.0,2.4849066497880004,2011–15
italy,2017,1.603699953,60002252,0.015411753,101.0100174,11.211,0.3276,0.25,0.625,0.5,0.6875,0.8493333,0.7857143,10.0,2.3978952727983707,2011–15
italy,2018,0.826646712,60148658,0.017016388,101.526413,10.538,0.3275,0.25,0.6,0.5,0.6875,0.757,0.75,15.0,2.772588722239781,2016–20
italy,2019,0.429162534,59729081,0.010350133,101.7417831,9.884,0.3257,0.25,0.6,0.5,0.6875,0.7506667,0.75,8.0,2.1972245773362196,2016–20
italy,2020,-8.868221222,59438851,0.008764221,101.8361282,9.192,0.3257,0.375,0.6,0.5,0.6875,0.758,0.75,13.0,2.6390573296152584,2016–20
jamaica,1996,-0.113731206,2524463,0.08283077,85.52950299,16.01,0.5541,0.25,0.35,0.25,0.5,0.375,0.5357143,1.0,0.6931471805599453,1996–01
jamaica,1998,-2.334553539,2569736,0.054748501000000005,85.52950299,15.5,0.5541,0.25,0.35,0.25,0.5,0.375,0.5357143,0.0,0.0,1996–01
jamaica,2000,0.87870355,2607826,0.054748501000000005,80.04814911,15.539,0.5541,0.25,0.35,0.25,0.5,0.375,0.4642857,0.0,0.0,1996–01
jamaica,2002,1.997290942,2640572,0.06409001,80.49839783,14.19,0.5619,0.125,0.325,0.25,0.375,0.25,0.4642857,0.0,0.0,1996–01
jamaica,2003,3.66631759,2656623,0.054748501000000005,80.86839294,11.731,0.562,0.125,0.325,0.25,0.375,0.25,0.5,0.0,0.0,1996–01
jamaica,2004,1.323725105,2672225,0.045406992,85.65721893,12.205,0.5588,0.125,0.375,0.25,0.5625,0.25,0.5357143,0.0,0.0,1996–01
jamaica,2005,0.893797935,2687066,0.054748501000000005,84.6938324,11.263,0.5548,0.125,0.4,0.0,0.5625,0.375,0.5,0.0,0.0,2002–06
jamaica,2006,2.899125345,2700968,0.054748501000000005,85.52950299,10.325,0.5516,0.25,0.45,0.5,0.5625,0.578,0.6428571,0.0,0.0,2002–06
jamaica,2007,1.431954038,2713800,0.054748501000000005,86.40058136,9.745,0.5618,0.25,0.45,0.5,0.5625,0.578,0.6428571,1.0,0.6931471805599453,2002–06
jamaica,2008,-0.811736702,2725635,0.054748501000000005,88.05020905,6.666,0.553,0.25,0.425,0.5,0.5625,0.4903333,0.6428571,0.0,0.0,2002–06
jamaica,2009,-4.345301858,2736995,0.054748501000000005,90.17427826,7.314,0.5446,0.25,0.425,0.5,0.5,0.4903333,0.6428571,0.0,0.0,2002–06
jamaica,2010,-1.457147209,2748568,0.054748501000000005,89.49394542,7.63,0.5455,0.25,0.4,0.5,0.4375,0.407,0.6428571,0.0,0.0,2007–10
jamaica,2011,1.73037627,2760494,0.054748501000000005,91.53739166,8.034,0.5384,0.25,0.4,0.5,0.4375,0.4043333,0.6428571,0.0,0.0,2007–10
jamaica,2012,-0.613636042,2772430,0.054748501000000005,85.52950299,8.695,0.5325,0.25,0.4,0.5,0.5,0.413,0.6071428999999999,0.0,0.0,2007–10
jamaica,2013,0.517686011,2783687,0.054748501000000005,85.40178705,9.698,0.5398,0.25,0.425,0.5,0.6875,0.4963333,0.6071428999999999,0.0,0.0,2007–10
jamaica,2014,0.68982236,2793749,0.054748501000000005,86.3705618,9.046,0.5319,0.25,0.425,0.5,0.75,0.4963333,0.5714286,1.0,0.6931471805599453,2011–15
jamaica,2015,0.921487124,2802534,0.054748501000000005,85.3548254,13.511,0.5282,0.25,0.425,0.5,0.75,0.4963333,0.6071428999999999,0.0,0.0,2011–15
jamaica,2016,2.760437614,2809915,0.054748501000000005,87.93982486,8.634,0.5295,0.25,0.425,0.5,0.75,0.4963333,0.6071428999999999,0.0,0.0,2011–15
jamaica,2017,2.293033713,2815764,0.054748501000000005,84.23694323,7.399,0.5299,0.25,0.45,0.5,0.6875,0.493,0.5714286,2.0,1.0986122886681098,2011–15
jamaica,2018,2.515844586,2820097,0.004248895,83.7616154,5.47,0.5327,0.25,0.425,0.5,0.75,0.484,0.5714286,0.0,0.0,2016–20
jamaica,2019,1.809431473,2823271,0.054748501000000005,85.76184997,4.987,0.5258,0.375,0.4,0.5,0.75,0.482,0.5714286,0.0,0.0,2016–20
jamaica,2020,-8.304419236,2830739,0.054748501000000005,81.53378166,6.501,0.5411,0.375,0.425,0.5,0.6875,0.4876667,0.5714286,0.0,0.0,2016–20
japan,1996,3.133870993,125757000,0.008556418,102.0416527,3.4,0.381,0.375,0.725,0.75,1.0,0.625,0.7142856999999999,8.0,2.1972245773362196,1996–01
japan,1998,-1.270330495,126400000,0.008556418,102.0416527,4.1,0.3824,0.375,0.725,0.75,1.0,0.625,0.7142856999999999,1.0,0.6931471805599453,1996–01
japan,2000,2.764647551,126843000,0.008556418,102.0416527,4.748,0.4006,0.375,0.725,0.75,1.0,0.625,0.7142856999999999,13.0,2.6390573296152584,1996–01
japan,2002,0.041962499,127445000,0.008556418,102.0416527,5.386,0.4232,0.375,0.725,0.75,1.0,0.625,0.4642857,2.0,1.0986122886681098,1996–01
japan,2003,1.535125499,127718000,0.008556418,102.0416527,5.251,0.4306,0.375,0.725,0.75,1.0,0.625,0.75,2.0,1.0986122886681098,1996–01
japan,2004,2.186115694,127761000,0.008556418,102.0416527,4.734,0.4404,0.375,0.725,0.75,1.0,0.625,0.75,0.0,0.0,1996–01
japan,2005,1.803900872,127773000,0.008556418,102.0416527,4.446,0.4424,0.375,0.725,0.75,1.0,0.625,0.75,0.0,0.0,2002–06
japan,2006,1.372350128,127854000,0.008556418,102.0416527,4.192,0.4446,0.375,0.725,0.75,1.0,0.6883332999999999,0.75,0.0,0.0,2002–06
japan,2007,1.483969412,128001000,0.008556418,102.0416527,3.888,0.4463,0.4375,0.725,0.75,1.0,0.6883332999999999,0.7678571,0.0,0.0,2002–06
japan,2008,-1.224289001,128063000,0.009858602,102.0416527,4.002,0.4378,0.5,0.7,0.75,1.0,0.6916667,0.7857143,3.0,1.3862943611198906,2002–06
japan,2009,-5.693236359,128047000,0.008556418,102.0416527,5.068,0.4263,0.625,0.725,0.75,1.0,0.7749999999999999,0.7857143,1.0,0.6931471805599453,2002–06
japan,2010,4.097917919,128070000,0.006889292,102.0416527,5.102,0.4326,0.625,0.725,0.75,1.0,0.7693333,0.7857143,0.0,0.0,2007–10
japan,2011,0.023809524,127833000,0.004779874,102.0416527,4.55,0.4313,0.625,0.725,0.75,1.0,0.7693333,0.7857143,0.0,0.0,2007–10
japan,2012,1.374750999,127629000,0.014977018,102.0416527,4.358,0.4319,0.625,0.725,0.75,1.0,0.7693333,0.7857143,0.0,0.0,2007–10
japan,2013,2.005100177,127445000,0.009594793,101.7811737,4.038,0.4334,0.625,0.75,0.75,1.0,0.7693333,0.7857143,1.0,0.6931471805599453,2007–10
japan,2014,0.296205514,127276000,0.007432925,101.8139801,3.589,0.4332,0.625,0.7749999999999999,0.75,1.0,0.7693333,0.7857143,5.0,1.791759469228055,2011–15
japan,2015,1.560626697,127141000,0.004030491,102.2004166,3.385,0.4339,0.625,0.7749999999999999,0.75,0.875,0.7653333,0.8214286,10.0,2.3978952727983707,2011–15
japan,2016,0.753826746,127076000,0.00734843,101.1679993,3.132,0.4334,0.625,0.7749999999999999,0.75,0.875,0.7663333,0.8571428999999999,1.0,0.6931471805599453,2011–15
japan,2017,1.675331752,126972000,0.006282901,101.8828888,2.822,0.4331,0.625,0.825,0.75,0.875,0.7626666999999999,0.8571428999999999,0.0,0.0,2011–15
japan,2018,0.643391024,126811000,0.009826477,102.425148,2.467,0.4331,0.625,0.825,0.75,0.875,0.7663333,0.8571428999999999,1.0,0.6931471805599453,2016–20
japan,2019,-0.402169201,126633000,0.012214445,102.6700668,2.351,0.4331,0.625,0.825,0.75,0.875,0.7663333,0.8571428999999999,2.0,1.0986122886681098,2016–20
japan,2020,-4.168764571,126261000,0.012131146,102.8448029,2.809,0.4331,0.625,0.825,0.75,0.9375,0.771,0.8571428999999999,0.0,0.0,2016–20
jordan,1996,2.087020782,4912516,0.0020364255,87.478740695,13.7,0.472,0.375,0.5,0.5,0.375,0.25,0.4285714,2.0,1.0986122886681098,1996–01
jordan,1998,3.01217269,5164284,0.0020364255,87.478740695,13.7,0.4646,0.375,0.5,0.5,0.3125,0.25,0.4285714,1.0,0.6931471805599453,1996–01
jordan,2000,4.245711921,5386945,0.0020364255,87.478740695,13.7,0.4822,0.375,0.5,0.25,0.5,0.25,0.4285714,2.0,1.0986122886681098,1996–01
jordan,2002,5.783807927,5616066,0.010321079,83.63677216,15.3,0.4976,0.25,0.425,0.5,0.1875,0.25,0.4285714,2.0,1.0986122886681098,1996–01
jordan,2003,4.161667555,5741828,0.0020364255,83.76437378,14.5,0.5015,0.25,0.425,0.5,0.1875,0.25,0.3928571,0.0,0.0,1996–01
jordan,2004,8.567214242,5882061,0.0020364255,83.66114807,13.7,0.5051,0.25,0.45,0.25,0.375,0.25,0.3928571,0.0,0.0,1996–01
jordan,2005,8.146594811,6029587,0.0020364255,84.39366913,14.8,0.5084,0.25,0.475,0.25,0.3125,0.375,0.3928571,4.0,1.6094379124341003,2002–06
jordan,2006,8.092975278,6427371,0.002890517,86.77455139,14.0,0.5116,0.25,0.475,0.25,0.3125,0.3806667,0.3928571,1.0,0.6931471805599453,2002–06
jordan,2007,8.176169952,6827227,0.0020364255,87.71517181,13.1,0.5147,0.25,0.475,0.25,0.5,0.3806667,0.3928571,0.0,0.0,2002–06
jordan,2008,7.220386373,6989866,0.001182334,88.44667816,12.7,0.5176,0.25,0.475,0.25,0.5,0.381,0.3928571,0.0,0.0,2002–06
jordan,2009,5.023710073,7141753,0.0020364255,87.478740695,12.9,0.5218,0.25,0.475,0.25,0.5,0.381,0.3928571,0.0,0.0,2002–06
jordan,2010,2.314834221,7297043,0.001041225,87.36444092,12.5,0.5259,0.25,0.475,0.25,0.5,0.3746667,0.3928571,2.0,1.0986122886681098,2007–10
jordan,2011,2.737179886,7480424,0.0020364255,87.59304047,12.9,0.4975,0.25,0.5,0.25,0.4375,0.3796667,0.3928571,0.0,0.0,2007–10
jordan,2012,2.429358001,7587127,0.0020364255,87.23175812,12.2,0.4924,0.25,0.475,0.25,0.4375,0.292,0.4285714,2.0,1.0986122886681098,2007–10
jordan,2013,2.609947375,7991809,0.0020364255,87.30279197,12.6,0.4872,0.375,0.5,0.5,0.4375,0.292,0.4642857,1.0,0.6931471805599453,2007–10
jordan,2014,3.384078099,8791710,0.0020364255,88.87030341,11.9,0.4872,0.375,0.5,0.5,0.4375,0.292,0.4642857,3.0,1.3862943611198906,2011–15
jordan,2015,2.496528793,9544729,0.0020364255,87.478740695,13.075,0.4872,0.375,0.5,0.5,0.4375,0.2953333,0.4642857,4.0,1.6094379124341003,2011–15
jordan,2016,1.994180849,10006367,0.0020364255,87.478740695,15.275,0.4872,0.375,0.5,0.5,0.5,0.2986667,0.5,11.0,2.4849066497880004,2011–15
jordan,2017,2.473598154,10234226,0.0020364255,88.87582889,18.12,0.4872,0.375,0.5,0.5,0.5,0.2956667,0.5357143,8.0,2.1972245773362196,2011–15
jordan,2018,1.919070913,10462306,0.0020364255,89.79290681,18.257,0.4872,0.375,0.5,0.5,0.5625,0.2976667,0.5714286,2.0,1.0986122886681098,2016–20
jordan,2019,1.751240779,10671891,0.0020364255,89.51047748,16.801,0.4872,0.375,0.475,0.5,0.5625,0.2976667,0.5714286,4.0,1.6094379124341003,2016–20
jordan,2020,-1.102751883,10865228,0.0020364255,90.19929929,19.213,0.4872,0.375,0.475,0.5,0.4375,0.2873333,0.5357143,0.0,0.0,2016–20
kazakhstan,1996,0.500000002,16416027,0.146174691,97.348165795,12.96,0.4021,0.0,0.09999999999999999,0.0,0.0625,0.0,0.3571429,0.0,0.0,1996–01
kazakhstan,1998,-1.899999999,15647785,0.003772164,86.01384735,13.13,0.4202,0.0,0.125,0.0,0.25,0.0,0.2857143,0.0,0.0,1996–01
kazakhstan,2000,9.800000002,15501103,0.003772164,89.07672882,12.75,0.4264,0.0,0.125,0.0,0.4375,0.0,0.2857143,1.0,0.6931471805599453,1996–01
kazakhstan,2002,9.8,15656677,0.162038374,97.348165795,9.33,0.4377,0.0,0.175,0.0,0.5,0.125,0.1785714,0.0,0.0,1996–01
kazakhstan,2003,9.3,15747380,0.122657438,97.348165795,8.78,0.4226,0.0,0.175,0.0,0.5,0.125,0.1785714,0.0,0.0,1996–01
kazakhstan,2004,9.600000001,15850159,0.075557206,97.348165795,8.4,0.3896,0.0,0.175,0.0,0.5,0.125,0.1785714,0.0,0.0,1996–01
kazakhstan,2005,9.699999999,15968117,0.145647399,97.348165795,8.13,0.4121,0.0,0.175,0.0,0.5,0.125,0.1785714,0.0,0.0,2002–06
kazakhstan,2006,10.7,16103716,0.023848449,98.44328308,7.79,0.4172,0.0,0.225,0.0,0.625,0.204,0.25,0.0,0.0,2002–06
kazakhstan,2007,8.9,16257214,0.010521824,97.348165795,7.26,0.4006,0.0,0.225,0.0,0.625,0.204,0.25,0.0,0.0,2002–06
kazakhstan,2008,3.3,16426525,0.007873445,97.348165795,6.63,0.4029,0.0,0.225,0.0,0.625,0.1983333,0.25,1.0,0.6931471805599453,2002–06
kazakhstan,2009,1.199999999,16619846,0.007766428,97.348165795,6.55,0.4099,0.0,0.225,0.0,0.5625,0.1983333,0.25,0.0,0.0,2002–06
kazakhstan,2010,7.300000003,16836810,0.005220831,98.52374926,5.77,0.4051,0.0,0.225,0.0,0.5625,0.1933333,0.25,0.0,0.0,2007–10
kazakhstan,2011,7.400000001,17066002,0.002323497,98.8350533,5.39,0.3853,0.0,0.225,0.0,0.5625,0.1913333,0.25,5.0,1.791759469228055,2007–10
kazakhstan,2012,4.799999995,17306106,0.001460831,99.01801874,5.29,0.3878,0.0,0.225,0.0,0.5625,0.1816667,0.25,4.0,1.6094379124341003,2007–10
kazakhstan,2013,5.999999997,17556502,0.000750151,97.65003126,5.2,0.3877,0.0,0.3,0.0,0.5625,0.1853333,0.2857143,4.0,1.6094379124341003,2007–10
kazakhstan,2014,4.200000006,17816285,0.000699666,98.52238889,5.06,0.3778,0.0,0.3,0.25,0.5625,0.189,0.3214286,0.0,0.0,2011–15
kazakhstan,2015,1.200000001,18084169,0.001049345,98.21206016,4.93,0.3622,0.0,0.375,0.25,0.5625,0.2686667,0.4642857,0.0,0.0,2011–15
kazakhstan,2016,1.099999999,18363600,0.001693612,97.04630033,4.96,0.3953,0.0,0.375,0.25,0.5625,0.2686667,0.4642857,3.0,1.3862943611198906,2011–15
kazakhstan,2017,4.100000003,18651931,0.001154723,96.50617093,4.9,0.3981,0.0,0.375,0.25,0.5625,0.2686667,0.5357143,0.0,0.0,2011–15
kazakhstan,2018,4.099999993,18932727,0.000611302,96.11562127,4.85,0.4024,0.125,0.375,0.25,0.5625,0.2646667,0.5,0.0,0.0,2016–20
kazakhstan,2019,4.500000001,19209555,0.000796744,96.53713551,4.8,0.4024,0.125,0.375,0.25,0.5625,0.2646667,0.5,1.0,0.6931471805599453,2016–20
kazakhstan,2020,-2.499999996,19482117,0.000374446,91.94902063,4.89,0.4024,0.125,0.375,0.25,0.5,0.2713333,0.5,3.0,1.3862943611198906,2016–20
kenya,1996,4.146839269,27344211,0.444277157,48.81311035,7.307,0.5293,0.0,0.09999999999999999,0.25,0.3125,0.0,0.3214286,3.0,1.3862943611198906,1996–01
kenya,1998,3.290213722,28888057,0.444277157,48.81311035,7.307,0.541,0.0,0.09999999999999999,0.0,0.3125,0.0,0.3214286,2.0,1.0986122886681098,1996–01
kenya,2000,0.599695391,30642890,0.444277157,40.96178818,7.307,0.5427,0.125,0.175,0.0,0.25,0.0,0.2857143,4.0,1.6094379124341003,1996–01
kenya,2002,0.54685953,32629808,0.444277157,41.86101913,7.307,0.5443,0.125,0.175,0.0,0.4375,0.125,0.25,2.0,1.0986122886681098,1996–01
kenya,2003,2.932475546,33652223,0.444277157,43.58113098,7.307,0.5451,0.125,0.175,0.0,0.5,0.125,0.25,2.0,1.0986122886681098,1996–01
kenya,2004,5.104299776,34713455,0.444277157,47.117939,7.307,0.5459,0.125,0.175,0.0,0.5,0.125,0.25,0.0,0.0,1996–01
kenya,2005,5.90666608,35796484,0.445576505,47.26359177,9.957,0.5467,0.125,0.175,0.0,0.5,0.125,0.25,2.0,1.0986122886681098,2002–06
kenya,2006,6.4724943,36904008,0.444277157,48.81311035,7.307,0.5402,0.125,0.175,0.0,0.5,0.2526667,0.25,2.0,1.0986122886681098,2002–06
kenya,2007,6.85072977,38036349,0.444277157,50.87136078,7.307,0.5337,0.125,0.175,0.0,0.5,0.2526667,0.25,12.0,2.5649493574615367,2002–06
kenya,2008,0.232282745,39206351,0.444277157,57.0353508,7.307,0.5272,0.125,0.175,0.0,0.5,0.243,0.25,11.0,2.4849066497880004,2002–06
kenya,2009,3.306939816,40408891,0.444277157,57.74071121,9.6,0.5207,0.125,0.175,0.0,0.5,0.243,0.25,1.0,0.6931471805599453,2002–06
kenya,2010,8.058473603,41598567,0.444277157,48.81311035,7.307,0.5142,0.125,0.175,0.0,0.5,0.2403333,0.25,12.0,2.5649493574615367,2007–10
kenya,2011,5.12110612,42758461,0.444277157,48.81311035,7.307,0.5077,0.125,0.175,0.0,0.5,0.2403333,0.25,42.0,3.7612001156935624,2007–10
kenya,2012,4.568679614,43888303,0.444277157,48.81311035,7.307,0.5012,0.125,0.175,0.0,0.5,0.2403333,0.25,80.0,4.394449154672439,2007–10
kenya,2013,3.797848393,44986791,0.444277157,48.81311035,7.307,0.4947,0.125,0.175,0.0,0.5625,0.2543333,0.25,80.0,4.394449154672439,2007–10
kenya,2014,5.020111002,46051440,0.444277157,48.81311035,7.307,0.4882,0.25,0.3,0.0,0.5625,0.3376667,0.3571429,115.0,4.7535901911063645,2011–15
kenya,2015,4.967721128,47088526,0.376519077,72.57508607,7.307,0.4817,0.125,0.3,0.0,0.5,0.3443333,0.3571429,70.0,4.2626798770413155,2011–15
kenya,2016,4.213517068,48139687,0.444277157,74.46985949,2.757,0.4741,0.125,0.3,0.0,0.5,0.3443333,0.3571429,65.0,4.189654742026425,2011–15
kenya,2017,3.837958174,49197766,0.444277157,48.81311035,7.307,0.4665,0.125,0.3,0.0,0.5,0.337,0.3571429,97.0,4.584967478670572,2011–15
kenya,2018,5.647946407,50207107,0.444277157,48.81311035,7.307,0.4589,0.125,0.325,0.0,0.5625,0.337,0.3571429,52.0,3.970291913552122,2016–20
kenya,2019,5.114158858,51202827,0.444277157,48.81311035,5.014,0.4513,0.125,0.325,0.0,0.5625,0.3393333,0.3571429,50.0,3.9318256327243257,2016–20
kenya,2020,-0.272766327,52217334,0.444277157,48.81311035,7.307,0.4437,0.125,0.325,0.0,0.5625,0.335,0.3214286,66.0,4.204692619390966,2016–20
kosovo,2010,3.824690601,1788743,0.057169535,85.67661285,5.926,0.45875,0.25,0.375,0.0,0.1875,0.5,0.3571429,1.0,0.6931471805599453,2007–10
kosovo,2011,3.824690601,1791949,0.057169535,85.67661285,5.926,0.45875,0.25,0.375,0.0,0.1875,0.5,0.3571429,1.0,0.6931471805599453,2007–10
kosovo,2012,3.824690601,1807126,0.057169535,85.67661285,5.926,0.45875,0.25,0.375,0.0,0.1875,0.5,0.3571429,4.0,1.6094379124341003,2007–10
kosovo,2013,3.824690601,1818119,0.057169535,85.67661285,5.926,0.45875,0.25,0.375,0.0,0.1875,0.5,0.3571429,6.0,1.9459101490553132,2007–10
kosovo,2014,3.824690601,1812788,0.057169535,85.67661285,5.926,0.45875,0.25,0.375,0.0,0.4375,0.5,0.3571429,4.0,1.6094379124341003,2011–15
kosovo,2015,3.824690601,1788274,0.057169535,85.67661285,5.926,0.45875,0.25,0.375,0.0,0.5,0.5,0.3571429,2.0,1.0986122886681098,2011–15
kosovo,2016,3.824690601,1777568,0.057169535,85.67661285,5.926,0.45875,0.25,0.4,0.0,0.5,0.5,0.3571429,8.0,2.1972245773362196,2011–15
kosovo,2017,3.824690601,1791019,0.057169535,85.67661285,5.926,0.45875,0.25,0.4,0.0,0.5,0.5,0.3571429,8.0,2.1972245773362196,2011–15
kosovo,2018,3.824690601,1797086,0.057169535,85.67661285,5.926,0.45875,0.25,0.425,0.0,0.5,0.5,0.25,2.0,1.0986122886681098,2016–20
kosovo,2020,3.824690601,1790151,0.057169535,85.67661285,5.926,0.45875,0.125,0.425,0.0,0.5,0.5,0.3571429,3.0,1.3862943611198906,2016–20
kuwait,1996,0.605127159,1730246,0.057169535,91.2636795,0.7,0.5387,0.5,0.525,0.5,0.625,0.375,0.3928571,0.0,0.0,1996–01
kuwait,1998,3.662054728,1844302,0.057169535,85.05226135,0.7,0.5387,0.5,0.525,0.25,0.4375,0.375,0.3571429,0.0,0.0,1996–01
kuwait,2000,4.694581871,1954709,0.057169535,85.79931641,0.8,0.5387,0.5,0.525,0.25,0.6875,0.375,0.3571429,0.0,0.0,1996–01
kuwait,2002,3.014283152,2059974,0.057169535,98.41850031,1.1,0.5387,0.5,0.5499999999999999,0.25,0.4375,0.375,0.3214286,1.0,0.6931471805599453,1996–01
kuwait,2003,17.32602042,2109881,0.057169535,96.06272125,1.3,0.5387,0.5,0.5499999999999999,0.25,0.4375,0.375,0.3214286,3.0,1.3862943611198906,1996–01
kuwait,2004,10.24029806,2157320,0.057169535,100.6515121,1.7,0.5387,0.5,0.5499999999999999,0.25,0.5625,0.375,0.3928571,0.0,0.0,1996–01
kuwait,2005,10.60904498,2236788,0.057169535,108.5592499,1.95,0.5387,0.5,0.5499999999999999,0.25,0.5625,0.375,0.3928571,2.0,1.0986122886681098,2002–06
kuwait,2006,7.514773,2364733,0.057169535,101.0139389,1.3,0.5387,0.375,0.5499999999999999,0.25,0.75,0.353,0.3928571,0.0,0.0,2002–06
kuwait,2007,5.991575511,2507887,0.057169535,101.3083878,1.5,0.5387,0.375,0.5625,0.25,0.75,0.353,0.4107143,0.0,0.0,2002–06
kuwait,2008,2.479756943,2651421,0.057169535,99.55774689,1.75,0.5377,0.375,0.575,0.25,0.6875,0.363,0.4642857,0.0,0.0,2002–06
kuwait,2009,-7.076056431,2795484,0.057169535,99.46000671,1.64,0.5366,0.375,0.575,0.25,0.6875,0.363,0.4642857,0.0,0.0,2002–06
kuwait,2010,-2.370548044,2943372,0.057169535,99.41663459,1.82,0.5354,0.375,0.575,0.25,0.75,0.3793333,0.5,0.0,0.0,2007–10
kuwait,2011,9.628634195,3132814,0.057169535,98.14176941,1.64,0.5341,0.25,0.575,0.25,0.625,0.3746667,0.5,1.0,0.6931471805599453,2007–10
kuwait,2012,6.625874851,3337109,0.057169535,98.69523121,1.64,0.5325,0.25,0.575,0.25,0.625,0.376,0.4642857,0.0,0.0,2007–10
kuwait,2013,1.149465528,3507844,0.057169535,95.5615387,1.64,0.5308,0.25,0.575,0.25,0.625,0.376,0.4642857,0.0,0.0,2007–10
kuwait,2014,0.500914669,3665876,0.057169535,93.06600189,2.9,0.4415,0.25,0.575,0.25,0.625,0.376,0.4642857,0.0,0.0,2011–15
kuwait,2015,0.592770817,3834574,0.057169535,95.3934021,2.2,0.4415,0.25,0.5499999999999999,0.25,0.625,0.3783333,0.4642857,1.0,0.6931471805599453,2011–15
kuwait,2016,2.926075843,4004096,0.057169535,98.41850031,2.16,0.4415,0.25,0.5499999999999999,0.25,0.625,0.3783333,0.5,2.0,1.0986122886681098,2011–15
kuwait,2017,-4.712222705,4154812,0.057169535,98.41850031,1.64,0.4415,0.25,0.575,0.25,0.625,0.3783333,0.5,0.0,0.0,2011–15
kuwait,2018,2.74333045,4323515,0.057169535,98.41850031,1.64,0.4415,0.25,0.575,0.25,0.625,0.3783333,0.5,0.0,0.0,2016–20
kuwait,2019,2.263817066,4442316,0.057169535,98.41850031,1.64,0.4415,0.375,0.575,0.25,0.625,0.381,0.5357143,0.0,0.0,2016–20
kuwait,2020,-4.817315934,4400267,0.057169535,98.41850031,1.64,0.4415,0.375,0.575,0.25,0.625,0.3766667,0.5357143,0.0,0.0,2016–20
latvia,1996,2.299961038,2457222,0.03773,105.23167799999999,20.93,0.355,0.125,0.425,0.0,0.5,0.375,0.6785713999999999,0.0,0.0,1996–01
latvia,1998,6.550002648,2410019,0.032760461,105.23167799999999,14.454,0.3635,0.25,0.5,0.25,0.375,0.5,0.6785713999999999,4.0,1.6094379124341003,1996–01
latvia,2000,5.841026424,2367550,0.015075915,90.06597137,14.211,0.3628,0.125,0.475,0.25,0.5,0.375,0.6785713999999999,3.0,1.3862943611198906,1996–01
latvia,2002,7.665487786,2310173,0.015314351,95.29273224,13.829,0.3718,0.375,0.575,0.5,0.75,0.5,0.7142856999999999,0.0,0.0,1996–01
latvia,2003,8.429132571,2287955,0.015075915,96.53778839,12.061,0.3762,0.375,0.6749999999999999,0.5,0.8125,0.5,0.7142856999999999,0.0,0.0,1996–01
latvia,2004,8.725143417,2263122,0.022210554,99.29524231,11.708,0.3846,0.375,0.65,0.5,0.75,0.5,0.7142856999999999,0.0,0.0,1996–01
latvia,2005,11.61531786,2238799,0.031104354,102.6863174,10.033,0.3997,0.5,0.6749999999999999,0.5,0.75,0.625,0.7142856999999999,0.0,0.0,2002–06
latvia,2006,12.82501785,2218357,0.019456051,103.9654007,7.03,0.3568,0.5,0.75,0.5,0.8125,0.7456667,0.75,0.0,0.0,2002–06
latvia,2007,10.41453728,2200325,0.004722419,103.9212418,6.052,0.3826,0.5,0.75,0.5,0.8125,0.7456667,0.75,1.0,0.6931471805599453,2002–06
latvia,2008,-3.388716658,2177322,0.008351813999999999,104.8975677,7.739,0.3754,0.5,0.75,0.5,0.8125,0.741,0.75,0.0,0.0,2002–06
latvia,2009,-16.04001953,2141669,0.016209406,99.42040253,17.515,0.382,0.5,0.75,0.5,0.6875,0.741,0.75,0.0,0.0,2002–06
latvia,2010,-3.661258596,2097555,0.025962991,102.8221588,19.482,0.3645,0.5,0.75,0.5,0.6875,0.735,0.75,0.0,0.0,2007–10
latvia,2011,3.036344827,2059709,0.016572234,105.5657883,16.206,0.3742,0.5,0.75,0.5,0.6875,0.735,0.75,0.0,0.0,2007–10
latvia,2012,7.305240572,2034319,0.014388631,106.3448029,15.047,0.3789,0.5,0.75,0.5,0.6875,0.735,0.75,0.0,0.0,2007–10
latvia,2013,2.096090282,2012647,0.015389972,114.7768097,11.867,0.3791,0.5,0.75,0.5,0.6875,0.735,0.75,0.0,0.0,2007–10
latvia,2014,2.094959771,1993782,0.011159605,113.7069321,10.846,0.3657,0.5,0.75,0.5,0.6875,0.7493333,0.75,0.0,0.0,2011–15
latvia,2015,3.783367121,1977527,0.010333018,112.3566513,9.873,0.3554,0.5,0.7749999999999999,0.5,0.6875,0.7456667,0.8214286,0.0,0.0,2011–15
latvia,2016,2.55168602,1959537,0.00961231,111.2968063,9.643,0.3385,0.5,0.7749999999999999,0.5,0.6875,0.7436667,0.8214286,0.0,0.0,2011–15
latvia,2017,3.398948726,1942248,0.009826289,110.7232513,8.715,0.3588,0.5,0.75,0.5,0.6875,0.7416667,0.8214286,1.0,0.6931471805599453,2011–15
latvia,2018,4.309712863,1927174,0.005591618,109.1557007,7.412,0.3531,0.5,0.75,0.5,0.6875,0.746,0.7857143,0.0,0.0,2016–20
latvia,2019,0.675372772,1913822,0.003374786,107.6024628,6.312,0.3512,0.625,0.75,0.5,0.6875,0.7496667,0.8214286,0.0,0.0,2016–20
latvia,2020,-3.469227508,1900449,0.005121097,105.9562836,8.098,0.3512,0.625,0.75,0.5,0.6875,0.7413333,0.8214286,0.0,0.0,2016–20
lebanon,1996,11.28593572,4034781,0.000611298,55.92296982,8.415,0.5058,0.25,0.4,0.5,0.25,0.375,0.3571429,39.0,3.6888794541139363,1996–01
lebanon,1998,3.665723785,4181281,0.000611298,62.45502853,8.415,0.5058,0.125,0.325,0.5,0.1875,0.375,0.3214286,23.0,3.1780538303479458,1996–01
lebanon,2000,1.34187162,4329340,0.000611298,62.57704926,8.415,0.5058,0.25,0.45,0.5,0.3125,0.375,0.3214286,12.0,2.5649493574615367,1996–01
lebanon,2002,3.423149828,4463504,0.000611298,62.55519104,8.415,0.5058,0.25,0.45,0.5,0.375,0.375,0.2857143,8.0,2.1972245773362196,1996–01
lebanon,2003,3.227098269,4525508,0.000611298,64.8559494,8.415,0.5058,0.25,0.35,0.5,0.375,0.375,0.2857143,5.0,1.791759469228055,1996–01
lebanon,2004,6.679444616,4599279,0.000611298,66.01799011,7.85,0.5058,0.25,0.425,0.5,0.375,0.375,0.2857143,1.0,0.6931471805599453,1996–01
lebanon,2005,2.68577931,4671102,0.000611298,66.42398071,8.415,0.5058,0.25,0.425,0.5,0.3125,0.375,0.3214286,17.0,2.8903717578961645,2002–06
lebanon,2006,1.549515001,4751136,0.000611298,67.2385788,8.415,0.5023,0.125,0.45,0.5,0.125,0.5273333,0.4642857,8.0,2.1972245773362196,2002–06
lebanon,2007,9.310622526,4844118,0.000611298,68.04348755,8.98,0.549,0.125,0.45,0.5,0.15625,0.5273333,0.4642857,18.0,2.9444389791664403,2002–06
lebanon,2008,9.069128268,4925354,0.000611298,68.8993988,8.415,0.5528,0.125,0.45,0.5,0.25,0.5206666999999999,0.4642857,58.0,4.07753744390572,2002–06
lebanon,2009,10.23215558,4992287,0.000611298,71.09172821,6.355,0.5408,0.125,0.375,0.5,0.25,0.2706667,0.4642857,14.0,2.70805020110221,2002–06
lebanon,2010,7.975135558,5041288,0.000611298,70.56243579,8.415,0.5486,0.125,0.4,0.5,0.25,0.3606667,0.5,5.0,1.791759469228055,2007–10
lebanon,2011,0.867339879,5096020,0.000611298,73.82861485,8.415,0.5529,0.125,0.375,0.5,0.25,0.344,0.5,10.0,2.3978952727983707,2007–10
lebanon,2012,2.564791337,5235742,0.000611298,72.21227746,8.415,0.5588,0.125,0.325,0.5,0.1875,0.335,0.5,15.0,2.772588722239781,2007–10
lebanon,2013,3.827873499,5743436,0.000611298,71.22311897,8.415,0.5552,0.125,0.325,0.5,0.1875,0.335,0.5,121.0,4.804021044733257,2007–10
lebanon,2014,2.484060105,6346990,0.000611298,59.2622758,8.415,0.5514,0.125,0.325,0.5,0.1875,0.3373333,0.5,205.0,5.327876168789581,2011–15
lebanon,2015,0.462320793,6472469,0.000611298,58.10750649,8.415,0.5469,0.125,0.275,0.5,0.1875,0.3286667,0.4642857,44.0,3.8066624897703196,2011–15
lebanon,2016,1.554549409,6323060,0.000611298,59.46409163,8.415,0.5422,0.125,0.275,0.5,0.25,0.3286667,0.4642857,41.0,3.7376696182833684,2011–15
lebanon,2017,0.903028464,6160128,0.000611298,63.14007038,8.415,0.5373,0.125,0.275,0.5,0.1875,0.324,0.4642857,24.0,3.2188758248682006,2011–15
lebanon,2018,-1.884705756,5984119,0.000611298,64.2435657,8.415,0.5321,0.0,0.3,0.25,0.1875,0.321,0.4642857,8.0,2.1972245773362196,2016–20
lebanon,2019,-6.914924729,5794594,0.000611298,65.27676439,11.301,0.5267,0.0,0.3,0.25,0.125,0.312,0.4642857,7.0,2.0794415416798357,2016–20
lebanon,2020,-21.39989969,5702398,0.000611298,65.89697761,8.415,0.5209,0.0,0.275,0.0,0.125,0.222,0.3571429,10.0,2.3978952727983707,2016–20
lesotho,2006,4.230095228,1945063,0.418584923,38.4086113,24.58,0.5343,0.5,0.525,0.25,0.5,0.6326667,0.3928571,1.0,0.6931471805599453,2002–06
lesotho,2007,4.1879141,1953268,0.418584923,41.55625153,24.58,0.5304,0.5,0.525,0.25,0.5625,0.6326667,0.3928571,0.0,0.0,2002–06
lesotho,2008,5.52341967,1966541,0.418584923,44.7508812,35.46,0.5265,0.5,0.5,0.25,0.5625,0.5429999999999999,0.3928571,0.0,0.0,2002–06
lesotho,2009,-1.253757799,1980883,0.418584923,49.1937294,24.58,0.5225,0.5,0.5,0.25,0.5625,0.5429999999999999,0.3928571,1.0,0.6931471805599453,2002–06
lesotho,2010,5.269670781,1996251,0.418584923,54.24269867,24.58,0.5186,0.5,0.425,0.25,0.5625,0.4506667,0.3928571,0.0,0.0,2007–10
lesotho,2011,4.616413945,2014009,0.418584923,56.95064163,24.58,0.5147,0.5,0.425,0.25,0.5625,0.461,0.3928571,0.0,0.0,2007–10
lesotho,2012,6.334083747,2034354,0.418584923,59.07720184,24.58,0.5108,0.5,0.425,0.25,0.625,0.472,0.4642857,0.0,0.0,2007–10
lesotho,2013,1.792525556,2056504,0.418584923,57.75907135,24.58,0.5069,0.5,0.425,0.25,0.625,0.472,0.4642857,0.0,0.0,2007–10
lesotho,2014,1.710549905,2080089,0.418584923,58.25756294,24.58,0.503,0.5,0.425,0.25,0.625,0.472,0.4642857,0.0,0.0,2011–15
lesotho,2015,3.12406678,2104611,0.418584923,59.39850963,24.58,0.4991,0.5,0.45,0.25,0.5625,0.4696667,0.4285714,1.0,0.6931471805599453,2011–15
lesotho,2016,3.608907317,2130422,0.418584923,56.83869934,24.58,0.4952,0.5,0.45,0.25,0.5,0.4696667,0.4285714,0.0,0.0,2011–15
lesotho,2017,-3.138174937,2157110,0.418584923,59.35865155,24.58,0.4913,0.5,0.4,0.25,0.5625,0.4713333,0.4285714,0.0,0.0,2011–15
lesotho,2018,-1.480633158,2183603,0.418584923,56.894670485,24.58,0.4913,0.5,0.4,0.25,0.5625,0.4713333,0.4285714,0.0,0.0,2016–20
lesotho,2019,-1.417993831,2209405,0.418584923,56.894670485,16.876,0.4913,0.5,0.4,0.25,0.5,0.468,0.4285714,0.0,0.0,2016–20
lesotho,2020,-8.155957855,2235727,0.418584923,56.894670485,24.58,0.4913,0.5,0.4,0.25,0.5,0.46,0.4285714,0.0,0.0,2016–20
liberia,2009,5.300540503,3943028,0.32651968200000003,37.25562096,2.6734999999999998,0.4336,0.25,0.275,0.0,0.5,0.2583333,0.3214286,0.0,0.0,2002–06
liberia,2010,6.09982524,4058890,0.32651968200000003,37.25562096,2.266,0.4295,0.25,0.275,0.0,0.5,0.2523333,0.3214286,0.0,0.0,2007–10
liberia,2011,8.200768225,4221178,0.32651968200000003,43.64794922,2.6734999999999998,0.4253,0.25,0.275,0.0,0.4375,0.2523333,0.3214286,0.0,0.0,2007–10
liberia,2012,7.993814446,4373043,0.32651968200000003,37.25562096,2.6734999999999998,0.4212,0.25,0.275,0.0,0.5625,0.2483333,0.3214286,1.0,0.6931471805599453,2007–10
liberia,2013,8.687287816,4470239,0.32651968200000003,37.25562096,2.6734999999999998,0.417,0.125,0.275,0.0,0.5625,0.2483333,0.3214286,0.0,0.0,2007–10
liberia,2014,0.7013931,4564293,0.317450026,36.76956177,2.079,0.4129,0.125,0.275,0.0,0.4375,0.2483333,0.3214286,1.0,0.6931471805599453,2011–15
liberia,2015,-0.01856497,4659431,0.32651968200000003,36.37284851,2.6734999999999998,0.4195,0.125,0.275,0.0,0.3125,0.3316667,0.2857143,0.0,0.0,2011–15
liberia,2016,-1.554958617,4755608,0.335589338,37.25562096,3.081,0.4262,0.125,0.3,0.0,0.375,0.427,0.2857143,0.0,0.0,2011–15
liberia,2017,2.45515592,4848925,0.32651968200000003,37.25562096,5.931,0.4262,0.125,0.3,0.0,0.375,0.4243333,0.2857143,1.0,0.6931471805599453,2011–15
liberia,2018,1.157575122,4944726,0.32651968200000003,37.25562096,2.6734999999999998,0.4262,0.125,0.3,0.0,0.5,0.4283333,0.2857143,0.0,0.0,2016–20
liberia,2019,-2.467297635,5043721,0.32651968200000003,37.25562096,2.6734999999999998,0.4262,0.125,0.3,0.0,0.5,0.4316667,0.2857143,1.0,0.6931471805599453,2016–20
liberia,2020,-2.982491276,5149463,0.32651968200000003,37.74168015,2.6734999999999998,0.4262,0.125,0.3,0.0,0.5,0.4273333,0.2142857,0.0,0.0,2016–20
libya,1996,2.1341232,4987393,0.057169535,102.182575215,19.03,0.4586,0.0,0.09999999999999999,0.0,0.0,0.0,0.1071429,4.0,1.6094379124341003,1996–01
libya,1998,-3.552244747,5140704,0.057169535,102.182575215,19.03,0.4588,0.0,0.09999999999999999,0.0,0.125,0.0,0.1071429,0.0,0.0,1996–01
libya,2000,3.679270408,5305021,0.057169535,102.182575215,19.03,0.4619,0.0,0.15,0.0,0.375,0.0,0.0714286,0.0,0.0,1996–01
libya,2002,-0.958897333,5508410,0.057169535,110.586441,19.03,0.4628,0.0,0.15,0.0,0.4375,0.0,0.1071429,0.0,0.0,1996–01
libya,2003,13.01603725,5619398,0.057169535,106.7556381,19.03,0.4632,0.0,0.225,0.0,0.4375,0.0,0.1071429,0.0,0.0,1996–01
libya,2004,4.461638996,5736693,0.057169535,102.182575215,19.03,0.4636,0.0,0.225,0.0,0.5625,0.0,0.1071429,0.0,0.0,1996–01
libya,2005,11.87075652,5858798,0.057169535,93.68515778,19.03,0.4637,0.0,0.225,0.0,0.5625,0.0,0.1071429,0.0,0.0,2002–06
libya,2006,6.50052542,5980211,0.057169535,97.60951233,19.03,0.4633,0.0,0.225,0.0,0.5625,0.0613333,0.1071429,0.0,0.0,2002–06
libya,2007,6.229982786,6104380,0.057169535,102.182575215,19.03,0.4621,0.0,0.225,0.0,0.5625,0.0613333,0.1607143,1.0,0.6931471805599453,2002–06
libya,2008,-0.162048239,6235430,0.057169535,102.182575215,19.03,0.4609,0.0,0.25,0.0,0.5625,0.0666667,0.1785714,1.0,0.6931471805599453,2002–06
libya,2009,-4.400181763,6366686,0.057169535,102.182575215,19.03,0.4573,0.0,0.2,0.0,0.5625,0.0666667,0.1785714,0.0,0.0,2002–06
libya,2010,5.027247672,6497839,0.057169535,102.182575215,19.03,0.4543,0.0,0.2,0.0,0.625,0.0646667,0.1428571,0.0,0.0,2007–10
libya,2011,-50.33851514,6343203,0.057169535,102.182575215,19.03,0.4506,0.0,0.2,0.0,0.1875,0.2016667,0.1428571,2.0,1.0986122886681098,2007–10
libya,2012,86.82674844,6179328,0.057169535,102.182575215,19.03,0.4469,0.125,0.2,0.0,0.3125,0.255,0.1071429,57.0,4.060443010546419,2007–10
libya,2013,-17.99796157,6304628,0.057169535,102.182575215,19.03,0.4531,0.125,0.175,0.0,0.25,0.244,0.1071429,291.0,5.676753802268282,2007–10
libya,2014,-23.04280583,6427252,0.057169535,102.182575215,19.03,0.4595,0.125,0.175,0.0,0.125,0.21,0.1071429,729.0,6.593044534142437,2011–15
libya,2015,-0.842656252,6531819,0.057169535,102.182575215,19.03,0.4654,0.0,0.075,0.0,0.0625,0.1583333,0.0714286,543.0,6.298949246855942,2011–15
libya,2016,-1.490941117,6632126,0.057169535,102.182575215,19.03,0.4625,0.0,0.075,0.0,0.0625,0.1583333,0.0357143,422.0,6.0473721790462776,2011–15
libya,2017,32.49180219,6738770,0.057169535,102.182575215,19.03,0.4594,0.0,0.075,0.0,0.0625,0.1606667,0.0357143,191.0,5.2574953720277815,2011–15
libya,2018,7.941367853,6849055,0.057169535,102.182575215,19.03,0.4616,0.0,0.075,0.0,0.0625,0.1563333,0.0357143,167.0,5.123963979403259,2016–20
libya,2019,-11.19608289,6951033,0.057169535,102.182575215,19.03,0.4639,0.0,0.075,0.0,0.0625,0.1506667,0.0357143,70.0,4.2626798770413155,2016–20
libya,2020,-29.45529673,7045399,0.057169535,102.182575215,19.03,0.4641,0.0,0.05,0.0,0.0625,0.1483333,0.0357143,17.0,2.8903717578961645,2016–20
lithuania,1996,5.026943768,3601613,0.0024,104.62656025,16.4,0.3402,0.375,0.5,0.25,0.375,0.5,0.7142856999999999,3.0,1.3862943611198906,1996–01
lithuania,1998,7.462937149,3549331,0.009789885,104.62656025,13.711,0.3216,0.25,0.525,0.25,0.5,0.5,0.75,0.0,0.0,1996–01
lithuania,2000,3.418622066,3499536,0.012271614,96.91568756,15.931,0.3323,0.25,0.475,0.25,0.4375,0.5,0.6785713999999999,0.0,0.0,1996–01
lithuania,2002,6.719839451,3443067,0.013661843,102.2917099,13.008,0.3271,0.25,0.475,0.5,0.75,0.5,0.7142856999999999,0.0,0.0,1996–01
lithuania,2003,10.55189596,3415213,0.003930067,105.0201721,12.874,0.3383,0.375,0.5499999999999999,0.5,0.8125,0.5,0.75,0.0,0.0,1996–01
lithuania,2004,6.502035361,3377075,0.02191394,103.0095367,10.684,0.3552,0.5,0.625,0.5,0.8125,0.625,0.7142856999999999,0.0,0.0,1996–01
lithuania,2005,7.731446758,3322528,0.027466924,104.4972382,8.325,0.3595,0.5,0.625,0.5,0.8125,0.625,0.7142856999999999,0.0,0.0,2002–06
lithuania,2006,7.395481225,3269909,0.01849529,107.0048523,5.78,0.3366,0.375,0.725,0.5,0.8125,0.7476667,0.75,0.0,0.0,2002–06
lithuania,2007,11.07792826,3231294,0.016015068,106.9292908,4.25,0.3707,0.375,0.725,0.5,0.8125,0.7476667,0.75,0.0,0.0,2002–06
lithuania,2008,2.599461546,3198231,0.0109436615,106.1087799,5.826,0.3753,0.375,0.725,0.5,0.8125,0.7453333,0.75,0.0,0.0,2002–06
lithuania,2009,-14.83861179,3162916,0.027226112,104.7558823,13.785,0.378,0.375,0.725,0.5,0.6875,0.7453333,0.75,0.0,0.0,2002–06
lithuania,2010,0.427199567,3097282,0.019838556,105.0682678,17.814,0.3504,0.5,0.725,0.5,0.6875,0.7413333,0.75,0.0,0.0,2007–10
lithuania,2011,6.323636648,3028115,0.008902583,106.0081635,15.39,0.3502,0.5,0.725,0.5,0.6875,0.7413333,0.75,0.0,0.0,2007–10
lithuania,2012,4.382905844,2989139,0.010501388,106.1735077,13.365,0.3753,0.5,0.725,0.5,0.6875,0.7413333,0.75,0.0,0.0,2007–10
lithuania,2013,4.046913186,2961250,0.011997247,108.9944077,11.77,0.3807,0.5,0.725,0.5,0.75,0.7513333,0.75,0.0,0.0,2007–10
lithuania,2014,3.772543796,2937253,0.017161508,102.4475174,10.698,0.4144,0.5,0.75,0.5,0.75,0.7513333,0.7857143,0.0,0.0,2011–15
lithuania,2015,2.832806433,2911109,0.01045723,102.1533432,9.12,0.374,0.5,0.75,0.5,0.75,0.7513333,0.8571428999999999,0.0,0.0,2011–15
lithuania,2016,2.671922151,2877325,0.014791508,101.8199081,7.862,0.3708,0.5,0.75,0.5,0.75,0.749,0.8214286,0.0,0.0,2011–15
lithuania,2017,4.612243103,2842639,0.01167178,102.7917786,7.073,0.3836,0.5,0.75,0.5,0.75,0.747,0.8214286,0.0,0.0,2011–15
lithuania,2018,4.918367801,2819200,0.009812001,103.0140228,6.147,0.3705,0.25,0.725,0.5,0.75,0.75,0.75,1.0,0.6931471805599453,2016–20
lithuania,2019,4.677351835,2811089,0.006033842,103.8806076,6.255,0.4319,0.5,0.75,0.5,0.8125,0.8333332999999999,0.75,1.0,0.6931471805599453,2016–20
lithuania,2020,0.042815834,2810369,0.004728085,105.9874878,8.487,0.4319,0.625,0.75,0.5,0.8125,0.821,0.7142856999999999,0.0,0.0,2016–20
luxembourg,2006,6.016715401,472637,3.73e-05,94.22083282,4.731,0.3854,1.0,0.875,0.75,1.0,0.8866666999999999,0.7857143,0.0,0.0,2002–06
luxembourg,2007,8.09866723,479993,0.000219162,94.90796661,4.065,0.4173,1.0,0.875,0.75,1.0,0.8866666999999999,0.7857143,0.0,0.0,2002–06
luxembourg,2008,-0.300175625,488650,0.0,95.75830078,5.06,0.4018,1.0,0.875,0.75,1.0,0.8866666999999999,0.8214286,0.0,0.0,2002–06
luxembourg,2009,-3.238954091,497783,0.000477619,103.92430114999999,5.194,0.3654,1.0,0.875,0.75,1.0,0.8866666999999999,0.8214286,0.0,0.0,2002–06
luxembourg,2010,3.760414543,506953,0.000328364,100.0800018,4.423,0.3581,1.0,0.875,0.75,1.0,0.8793333,0.8214286,0.0,0.0,2007–10
luxembourg,2011,1.044298553,518347,0.001379187,100.4209671,5.122,0.3514,1.0,0.875,0.75,1.0,0.8793333,0.8214286,0.0,0.0,2007–10
luxembourg,2012,1.649902128,530946,0.000436189,100.60952,5.03,0.3841,1.0,0.875,0.75,1.0,0.8793333,0.8214286,0.0,0.0,2007–10
luxembourg,2013,3.1717899,543360,0.000891033,103.4694138,6.045,0.3591,1.0,0.875,0.75,1.0,0.8793333,0.8214286,0.0,0.0,2007–10
luxembourg,2014,2.623086792,556319,0.001603865,104.5969772,6.044,0.3603,1.0,0.875,0.75,1.0,0.8793333,0.8214286,0.0,0.0,2011–15
luxembourg,2015,2.269784233,569604,0.003098734,104.3791885,6.796,0.3332,1.0,0.875,0.75,1.0,0.8793333,0.8214286,0.0,0.0,2011–15
luxembourg,2016,4.978190115,582014,0.001172195,106.0851974,6.669,0.3465,1.0,0.875,0.75,1.0,0.877,0.8571428999999999,0.0,0.0,2011–15
luxembourg,2017,1.317187138,596336,0.002910417,106.7843475,5.523,0.3701,1.0,0.875,0.75,1.0,0.877,0.8571428999999999,0.0,0.0,2011–15
luxembourg,2018,1.611295613,607950,0.003040011,106.9831238,5.589,0.3583,1.0,0.8999999999999999,0.75,1.0,0.877,0.8928571,0.0,0.0,2016–20
luxembourg,2019,2.749319291,620001,0.001011875,106.9465103,5.592,0.3346,1.0,0.8999999999999999,0.75,1.0,0.877,0.8928571,0.0,0.0,2016–20
luxembourg,2020,-0.510051634,630419,0.0,107.078949,6.766,0.3346,1.0,0.8999999999999999,0.75,1.0,0.8726666999999999,0.8928571,0.0,0.0,2016–20
madagascar,2006,5.398508449,19730909,0.663073068,22.88318062,1.785,0.5032,0.25,0.425,0.25,0.5625,0.444,0.3571429,1.0,0.6931471805599453,2002–06
madagascar,2007,5.710564199,20318583,0.663073068,25.21120071,1.785,0.5071,0.25,0.425,0.25,0.59375,0.444,0.3571429,0.0,0.0,2002–06
madagascar,2008,6.712632539,20923840,0.663073068,27.46335983,1.785,0.511,0.25,0.45,0.25,0.5,0.519,0.3571429,0.0,0.0,2002–06
madagascar,2009,-3.978708612,21547280,0.663073068,28.5682106,1.785,0.5149,0.5,0.375,0.25,0.25,0.4356667,0.3571429,1.0,0.6931471805599453,2002–06
madagascar,2010,0.619239745,22183340,0.652948047,34.373208885,4.28,0.5187,0.5,0.35,0.25,0.1875,0.3813333,0.3571429,0.0,0.0,2007–10
madagascar,2011,1.578427054,22822300,0.663073068,34.1198082,1.785,0.5107,0.5,0.35,0.25,0.125,0.381,0.3214286,1.0,0.6931471805599453,2007–10
madagascar,2012,3.011148116,23462438,0.673198089,35.39201511,0.599,0.5026,0.5,0.325,0.25,0.375,0.2976667,0.3214286,1.0,0.6931471805599453,2007–10
madagascar,2013,2.300376228,24109290,0.663073068,34.373208885,1.785,0.498,0.5,0.35,0.25,0.3125,0.3106667,0.2857143,2.0,1.0986122886681098,2007–10
madagascar,2014,3.339203112,24764348,0.663073068,35.81487023,1.785,0.4935,0.375,0.35,0.25,0.5625,0.314,0.2857143,1.0,0.6931471805599453,2011–15
madagascar,2015,3.132298075,25426702,0.663073068,36.1207695,1.785,0.489,0.375,0.375,0.25,0.5625,0.4116667,0.2857143,0.0,0.0,2011–15
madagascar,2016,3.993146062,26099952,0.663073068,36.07651138,1.785,0.4844,0.375,0.425,0.25,0.5625,0.419,0.3214286,1.0,0.6931471805599453,2011–15
madagascar,2017,3.933307595,26788375,0.663073068,34.77094864,1.785,0.4799,0.25,0.4,0.25,0.5625,0.4203333,0.3214286,0.0,0.0,2011–15
madagascar,2018,3.194356517,27494926,0.663073068,34.62660957,1.785,0.4754,0.25,0.375,0.25,0.4375,0.424,0.3214286,0.0,0.0,2016–20
madagascar,2019,4.411232129,28219554,0.663073068,32.8161749,1.785,0.4709,0.25,0.3,0.25,0.5,0.438,0.3571429,0.0,0.0,2016–20
madagascar,2020,-7.137671621,28953556,0.663073068,34.373208885,1.785,0.4663,0.25,0.325,0.25,0.5,0.44,0.3571429,0.0,0.0,2016–20
malawi,1996,7.316681782,10352228,0.736408596,24.15060997,1.736,0.7987,0.125,0.325,0.0,0.375,0.25,0.3928571,0.0,0.0,1996–01
malawi,1998,3.895253503,10792876,0.736408596,31.65950012,1.736,0.757,0.125,0.275,0.0,0.1875,0.25,0.3928571,0.0,0.0,1996–01
malawi,2000,1.576077626,11315942,0.736408596,31.09893036,1.736,0.6736,0.125,0.275,0.0,0.25,0.25,0.3928571,0.0,0.0,1996–01
malawi,2002,1.700000031,11880440,0.736408596,31.32537079,1.736,0.5901,0.0,0.25,0.0,0.4375,0.125,0.3571429,1.0,0.6931471805599453,1996–01
malawi,2003,5.705639405,12181574,0.736408596,33.66198149,1.736,0.5484,0.0,0.25,0.0,0.4375,0.125,0.3571429,0.0,0.0,1996–01
malawi,2004,5.42049755,12500737,0.743958021,28.91453934,1.736,0.5067,0.0,0.35,0.0,0.5625,0.125,0.3571429,0.0,0.0,1996–01
malawi,2005,3.268726023,12840031,0.736408596,28.7130394,0.942,0.514,0.0,0.35,0.0,0.5625,0.125,0.3571429,0.0,0.0,2002–06
malawi,2006,4.699999764,13198701,0.736408596,30.56421089,1.736,0.5213,0.125,0.375,0.0,0.6875,0.4156667,0.3928571,0.0,0.0,2002–06
malawi,2007,9.599999877,13576343,0.736408596,30.26260948,1.736,0.5286,0.125,0.425,0.0,0.6875,0.4156667,0.4107143,0.0,0.0,2002–06
malawi,2008,7.639736399,13976417,0.736408596,32.69173813,1.736,0.5359,0.125,0.425,0.0,0.5,0.421,0.3928571,0.0,0.0,2002–06
malawi,2009,8.328109852,14395788,0.736408596,33.35152817,1.736,0.5432,0.125,0.425,0.0,0.5,0.421,0.3928571,0.0,0.0,2002–06
malawi,2010,6.874065854,14826463,0.728859171,33.66198149,1.736,0.5505,0.125,0.425,0.0,0.6875,0.4446667,0.3928571,0.0,0.0,2007–10
malawi,2011,4.932669998,15265022,0.736408596,34.73715992,1.736,0.5551,0.125,0.425,0.0,0.5625,0.4446667,0.3928571,0.0,0.0,2007–10
malawi,2012,1.900000001,15709577,0.736408596,34.8210141,1.736,0.5598,0.125,0.425,0.0,0.5625,0.4526667,0.3928571,0.0,0.0,2007–10
malawi,2013,5.410349998,16161816,0.736408596,37.84729585,4.978,0.5645,0.0,0.425,0.0,0.625,0.45,0.4285714,0.0,0.0,2007–10
malawi,2014,5.625270001,16621538,0.736408596,39.54356595,1.736,0.5691,0.0,0.425,0.0,0.625,0.4386667,0.3928571,0.0,0.0,2011–15
malawi,2015,2.8,17085587,0.736408596,39.72914618,1.736,0.5738,0.0,0.425,0.0,0.5,0.435,0.3928571,0.0,0.0,2011–15
malawi,2016,2.499999999,17557739,0.716524893,38.18436813,1.736,0.5785,0.0,0.425,0.0,0.5,0.435,0.3928571,0.0,0.0,2011–15
malawi,2017,4.000000001,18039715,0.736408596,39.6154223,3.77,0.545,0.0,0.425,0.0,0.5,0.433,0.3928571,1.0,0.6931471805599453,2011–15
malawi,2018,4.353564716,18528081,0.736408596,38.83243978,1.736,0.5116,0.0,0.425,0.0,0.5,0.433,0.3928571,2.0,1.0986122886681098,2016–20
malawi,2019,5.716825192,19025752,0.754382207,35.52126725,1.736,0.4781,0.0,0.45,0.0,0.5,0.4333333,0.3928571,5.0,1.791759469228055,2016–20
malawi,2020,0.79359643,19533888,0.736408596,41.45650751,0.907,0.4781,0.125,0.45,0.0,0.5,0.4413333,0.3928571,0.0,0.0,2016–20
malaysia,1996,10.00270069,20850087,0.00368172,67.9570694,2.52,0.4656,0.375,0.525,0.5,0.625,0.25,0.5714286,0.0,0.0,1996–01
malaysia,1998,-7.359415188,21906713,0.00368172,79.08828735,3.2,0.4618,0.25,0.4,0.5,0.4375,0.25,0.5357143,0.0,0.0,1996–01
malaysia,2000,8.85886817,22967816,0.00368172,76.48282623,3.0,0.4517,0.25,0.45,0.5,0.5625,0.125,0.5357143,3.0,1.3862943611198906,1996–01
malaysia,2002,5.390988307,24102477,0.00368172,75.00115967,3.48,0.4435,0.125,0.575,0.5,0.6875,0.25,0.5357143,0.0,0.0,1996–01
malaysia,2003,5.788499286,24679602,0.031729222,80.08899689,3.61,0.4432,0.25,0.625,0.5,0.625,0.5,0.6071428999999999,0.0,0.0,1996–01
malaysia,2004,6.783437724,25256772,0.00368172,80.56777191,3.54,0.4429,0.25,0.625,0.5,0.625,0.5,0.6071428999999999,0.0,0.0,1996–01
malaysia,2005,5.332139161,25836071,0.00368172,76.25375366,3.53,0.4475,0.25,0.625,0.5,0.625,0.5,0.6071428999999999,0.0,0.0,2002–06
malaysia,2006,5.584847067,26417909,0.016615138,75.8026123,3.32,0.4521,0.25,0.625,0.5,0.625,0.5326666999999999,0.6071428999999999,0.0,0.0,2002–06
malaysia,2007,6.298785927,26998389,0.00368172,74.25193787,3.31,0.4567,0.25,0.625,0.5,0.65625,0.5326666999999999,0.6071428999999999,0.0,0.0,2002–06
malaysia,2008,4.831769889,27570059,0.014825598,74.83595276,3.34,0.448,0.25,0.65,0.5,0.6875,0.5453333,0.5714286,2.0,1.0986122886681098,2002–06
malaysia,2009,-1.513528716,28124778,0.00368172,75.02427673,3.62,0.4393,0.25,0.65,0.5,0.625,0.5453333,0.5714286,1.0,0.6931471805599453,2002–06
malaysia,2010,7.424847383,28655776,0.00368172,77.2140274,3.32,0.4316,0.25,0.65,0.5,0.6875,0.5396666999999999,0.6428571,0.0,0.0,2007–10
malaysia,2011,5.293912834,29162039,0.00368172,77.59253693,3.05,0.4239,0.25,0.65,0.5,0.6875,0.5396666999999999,0.6428571,0.0,0.0,2007–10
malaysia,2012,5.473454193,29662831,0.00368172,81.23719788,3.04,0.4162,0.25,0.65,0.5,0.6875,0.5469999999999999,0.6428571,2.0,1.0986122886681098,2007–10
malaysia,2013,4.693722526,30174265,0.001086721,80.93836212,3.14,0.4052,0.375,0.6,0.5,0.6875,0.5496667,0.7142856999999999,13.0,2.6390573296152584,2007–10
malaysia,2014,6.006721946,30696137,0.00368172,83.28363037,2.88,0.3941,0.375,0.6,0.5,0.6875,0.5496667,0.7142856999999999,12.0,2.5649493574615367,2011–15
malaysia,2015,5.091532422,31232798,0.000522948,81.51158142,3.1,0.3941,0.375,0.6,0.5,0.6875,0.5476667,0.7142856999999999,5.0,1.791759469228055,2011–15
malaysia,2016,4.449781398,31789685,0.00368172,79.82839203,3.44,0.3489,0.375,0.6,0.5,0.6875,0.5513333,0.7142856999999999,19.0,2.995732273553991,2011–15
malaysia,2017,5.81272241,32355644,0.00368172,78.8863678,3.41,0.3498,0.375,0.625,0.5,0.6875,0.5513333,0.75,4.0,1.6094379124341003,2011–15
malaysia,2018,4.843086976,32910967,0.000301526,74.4872818,3.3,0.3505,0.5,0.625,0.5,0.6875,0.5626667,0.7142856999999999,7.0,2.0794415416798357,2016–20
malaysia,2019,4.413187421,33440596,0.00368172,75.32298279,3.33,0.3509,0.5,0.625,0.5,0.6875,0.572,0.7142856999999999,2.0,1.0986122886681098,2016–20
malaysia,2020,-5.456846584,33889558,0.00368172,73.24594116,4.54,0.3537,0.5,0.65,0.5,0.6875,0.573,0.7142856999999999,1.0,0.6931471805599453,2016–20
mali,2009,5.454735626,15435539,0.633404539,34.03554153,1.665,0.4057,0.25,0.4,0.0,0.5,0.4456667,0.3214286,6.0,1.9459101490553132,2002–06
mali,2010,5.576788598,15945198,0.4636144805,36.71892062,8.07,0.4093,0.25,0.4,0.0,0.5625,0.4503333,0.3214286,1.0,0.6931471805599453,2007–10
mali,2011,2.935378971,16469049,0.4636144805,38.74921372,6.9,0.413,0.25,0.4,0.0,0.5625,0.462,0.3214286,4.0,1.6094379124341003,2007–10
mali,2012,-1.072399241,16957033,0.4636144805,38.74921372,6.351,0.4166,0.25,0.4,0.0,0.1875,0.4206667,0.3214286,19.0,2.995732273553991,2007–10
mali,2013,3.29068742,17459615,0.4636144805,39.27581214,6.351,0.4202,0.25,0.375,0.0,0.5,0.3633333,0.3214286,58.0,4.07753744390572,2007–10
mali,2014,6.502638784,18020267,0.4636144805,41.23491147,6.375,0.4239,0.25,0.4,0.0,0.5,0.443,0.3214286,69.0,4.248495242049359,2011–15
mali,2015,6.238878902,18593022,0.4636144805,38.98922386,7.729,0.4275,0.25,0.325,0.0,0.4375,0.44,0.3214286,121.0,4.804021044733257,2011–15
mali,2016,6.005063086,19191289,0.4636144805,40.09999486,1.367,0.4312,0.25,0.325,0.0,0.4375,0.44,0.3214286,100.0,4.61512051684126,2011–15
mali,2017,5.375547696,19813011,0.4636144805,38.54858057,7.414,0.4348,0.25,0.325,0.0,0.375,0.438,0.3214286,142.0,4.962844630259907,2011–15
mali,2018,4.86785,20442030,0.293824422,37.9832691,1.62,0.4384,0.25,0.325,0.0,0.375,0.4303333,0.3214286,164.0,5.10594547390058,2016–20
mali,2019,4.999999116,21068405,0.4636144805,38.74921372,3.29,0.4398,0.25,0.325,0.0,0.375,0.414,0.3214286,139.0,4.941642422609304,2016–20
mali,2020,-1.169108348,21713836,0.4636144805,38.74921372,3.528,0.4411,0.25,0.325,0.0,0.3125,0.381,0.3214286,138.0,4.9344739331306915,2016–20
malta,2006,2.33618945,405308,0.005492243,97.52716064,6.798,0.2969,0.625,0.8999999999999999,0.75,0.8125,0.7796666999999999,0.8214286,0.0,0.0,2002–06
malta,2007,5.036401681,406724,0.005275415,100.5222092,6.472,0.3005,0.625,0.8999999999999999,0.75,0.8125,0.7796666999999999,0.8214286,0.0,0.0,2002–06
malta,2008,4.410596606,409379,0.00179175,101.4230499,5.977,0.3037,0.625,0.8999999999999999,0.75,0.8125,0.7796666999999999,0.8571428999999999,0.0,0.0,2002–06
malta,2009,-1.395249735,412477,0.00479163,99.02468492,6.896,0.3162,0.625,0.8999999999999999,0.75,0.75,0.7796666999999999,0.7857143,0.0,0.0,2002–06
malta,2010,6.197350411,414508,0.002585859,105.1138535,6.861,0.3043,0.625,0.8999999999999999,0.75,0.75,0.7759999999999999,0.7857143,0.0,0.0,2007–10
malta,2011,0.992201912,416268,0.002096037,94.1126709,6.388,0.3185,0.625,0.825,0.75,0.75,0.7759999999999999,0.7857143,0.0,0.0,2007–10
malta,2012,4.101673922,420028,0.001870947,95.51699829,6.203,0.3266,0.625,0.825,0.75,0.75,0.7759999999999999,0.7857143,0.0,0.0,2007–10
malta,2013,6.292333759,424810,0.000296661,96.26006317,6.115,0.3289,0.625,0.825,0.75,0.75,0.7759999999999999,0.7857143,0.0,0.0,2007–10
malta,2014,7.631363608,433481,0.0,96.23097992,5.737,0.3356,0.625,0.825,0.75,0.8125,0.7796666999999999,0.7857143,1.0,0.6931471805599453,2011–15
malta,2015,9.620703158,444220,0.00084378,95.15711975,5.389,0.3456,0.625,0.825,0.75,0.8125,0.7796666999999999,0.75,1.0,0.6931471805599453,2011–15
malta,2016,4.078003559,454505,0.001135259,94.97657013,4.694,0.332,0.625,0.825,0.75,0.8125,0.7796666999999999,0.7857143,0.0,0.0,2011–15
malta,2017,12.9713425,467106,0.001648642,103.1384125,4.008,0.341,0.625,0.825,0.5,0.8125,0.7716666999999999,0.7857143,3.0,1.3862943611198906,2011–15
malta,2018,7.189214796,483903,0.001592334,104.6425095,3.956,0.3253,0.625,0.7999999999999999,0.5,0.8125,0.7736666999999999,0.7857143,0.0,0.0,2016–20
malta,2019,4.085055821,503912,0.003046818,104.5057297,4.08,0.3485,0.5,0.7749999999999999,0.5,0.8125,0.765,0.7857143,0.0,0.0,2016–20
malta,2020,-3.457282763,515490,0.003938395,102.9240112,4.856,0.3485,0.5,0.75,0.5,0.8125,0.756,0.7857143,0.0,0.0,2016–20
mauritania,2009,0.097875914,3284448,0.1096360465,20.00699043,10.336,0.4079,0.25,0.375,0.25,0.5625,0.1303333,0.4642857,5.0,1.791759469228055,2002–06
mauritania,2010,2.620229481,3390965,0.1096360465,20.42440033,10.336,0.4061,0.25,0.325,0.25,0.5625,0.1286667,0.4642857,1.0,0.6931471805599453,2007–10
mauritania,2011,4.172783278,3502811,0.1096360465,22.7523098,10.336,0.4043,0.25,0.3,0.25,0.4375,0.139,0.4642857,3.0,1.3862943611198906,2007–10
mauritania,2012,4.470013192,3619034,0.1096360465,27.06389644,9.864,0.4024,0.25,0.3,0.25,0.4375,0.139,0.4642857,0.0,0.0,2007–10
mauritania,2013,4.15081319,3734318,0.1096360465,30.26204191,10.336,0.4006,0.25,0.3,0.25,0.4375,0.139,0.4642857,0.0,0.0,2007–10
mauritania,2014,4.274823288,3848514,0.117057048,30.69882329,10.336,0.3987,0.25,0.3,0.25,0.4375,0.139,0.4642857,0.0,0.0,2011–15
mauritania,2015,5.376339241,3965959,0.1096360465,31.19630754,10.336,0.3976,0.25,0.3,0.25,0.4375,0.132,0.4642857,0.0,0.0,2011–15
mauritania,2016,1.260909231,4086657,0.1096360465,32.18758704,10.336,0.3964,0.25,0.3,0.25,0.4375,0.132,0.4642857,0.0,0.0,2011–15
mauritania,2017,6.270545669,4210600,0.1096360465,31.75656968,10.336,0.3952,0.25,0.325,0.25,0.4375,0.1273333,0.4642857,0.0,0.0,2011–15
mauritania,2018,4.772173657,4337685,0.1096360465,35.52934256,10.336,0.394,0.25,0.3,0.25,0.4375,0.1273333,0.4642857,1.0,0.6931471805599453,2016–20
mauritania,2019,3.141004893,4467708,0.102215045,37.57937099,10.416,0.3929,0.125,0.3,0.25,0.375,0.1306667,0.4642857,0.0,0.0,2016–20
mauritania,2020,-0.360657384,4600131,0.1096360465,36.02770301,10.336,0.3929,0.25,0.325,0.25,0.375,0.1306667,0.4642857,0.0,0.0,2016–20
mauritius,1996,5.587843927,1133996,0.010737179,88.72229004,7.447,0.4509,0.5,0.725,0.5,0.9375,0.625,0.5357143,0.0,0.0,1996–01
mauritius,1998,6.071940178,1160421,0.010737179,88.72229004,7.447,0.4509,0.5,0.725,0.5,0.9375,0.625,0.5357143,0.0,0.0,1996–01
mauritius,2000,8.202791749,1186873,0.010737179,88.72229004,7.447,0.4509,0.5,0.725,0.5,0.875,0.625,0.5357143,0.0,0.0,1996–01
mauritius,2002,1.614918659,1204621,0.010737179,82.4172287,8.205,0.4509,0.5,0.725,0.5,0.875,0.625,0.5357143,0.0,0.0,1996–01
mauritius,2003,5.925445489,1213370,0.010737179,85.57759094,5.904,0.4509,0.5,0.6749999999999999,0.5,0.875,0.625,0.5714286,0.0,0.0,1996–01
mauritius,2004,4.330019855,1221003,0.010737179,86.34352875,8.337,0.4509,0.5,0.75,0.5,0.875,0.625,0.5714286,0.0,0.0,1996–01
mauritius,2005,1.77754302,1228254,0.010737179,88.63310242,9.524,0.4509,0.5,0.75,0.5,0.875,0.625,0.5714286,0.0,0.0,2002–06
mauritius,2006,4.865544608,1233996,0.011172141,86.69441986,9.04,0.4509,0.5,0.7,0.5,0.8125,0.6846667,0.6785713999999999,0.0,0.0,2002–06
mauritius,2007,5.72701616,1239630,0.010737179,86.7215271,8.475,0.4574,0.5,0.7,0.5,0.8125,0.6846667,0.6964286,0.0,0.0,2002–06
mauritius,2008,5.386962542,1244121,0.010737179,86.2219162,7.17,0.4639,0.5,0.7,0.5,0.8125,0.6846667,0.7142856999999999,0.0,0.0,2002–06
mauritius,2009,3.315076998,1247429,0.010737179,86.65670013,7.257,0.4703,0.5,0.7,0.5,0.8125,0.6846667,0.7142856999999999,0.0,0.0,2002–06
mauritius,2010,4.377203223,1250400,0.010737179,86.90731049,7.654,0.4768,0.5,0.7,0.5,0.8125,0.6846667,0.7142856999999999,0.0,0.0,2007–10
mauritius,2011,4.077538066,1252404,0.010737179,88.72229004,7.447,0.4833,0.5,0.7,0.5,0.8125,0.6846667,0.7142856999999999,0.0,0.0,2007–10
mauritius,2012,3.496118365,1255882,0.010737179,92.10943897,7.472,0.4898,0.5,0.7,0.5,0.8125,0.6903332999999999,0.7142856999999999,0.0,0.0,2007–10
mauritius,2013,3.3604061,1258927,0.010737179,93.79828644,7.322,0.4853,0.5,0.7,0.5,0.8125,0.689,0.7142856999999999,0.0,0.0,2007–10
mauritius,2014,3.82696982,1261208,0.010737179,97.07535326,7.467,0.4808,0.5,0.7,0.5,0.8125,0.689,0.7142856999999999,0.0,0.0,2011–15
mauritius,2015,3.690556904,1262879,0.010737179,93.96819847,7.41,0.4764,0.375,0.7,0.5,0.8125,0.6926667,0.7142856999999999,0.0,0.0,2011–15
mauritius,2016,3.862468263,1263747,0.010737179,94.43625456,6.814,0.4719,0.375,0.7,0.5,0.8125,0.6926667,0.7142856999999999,0.0,0.0,2011–15
mauritius,2017,3.937983806,1264887,0.005401916,92.5403345,6.752,0.4674,0.375,0.7,0.5,0.8125,0.6906667,0.7142856999999999,0.0,0.0,2011–15
mauritius,2018,4.006740572,1265577,0.010737179,91.41713586,6.426,0.4674,0.375,0.7,0.5,0.8125,0.6906667,0.7142856999999999,0.0,0.0,2016–20
mauritius,2019,2.891284993,1265985,0.010737179,93.13549687,6.331,0.4674,0.375,0.7,0.5,0.8125,0.6906667,0.7142856999999999,0.0,0.0,2016–20
mauritius,2020,-14.54653815,1266014,0.010737179,89.50199984,8.626,0.4674,0.375,0.7,0.5,0.8125,0.688,0.7142856999999999,0.0,0.0,2016–20
mexico,1996,6.218297159,92452702,0.21694376,87.82650757,5.465,0.5445,0.125,0.325,0.25,0.1875,0.375,0.6428571,75.0,4.330733340286331,1996–01
mexico,1998,6.185078931,95575245,0.218923399,87.82650757,3.733,0.5445,0.25,0.4,0.5,0.375,0.375,0.6428571,2.0,1.0986122886681098,1996–01
mexico,2000,5.029283994,98625552,0.163460306,71.11958313,2.646,0.5445,0.25,0.4,0.5,0.5,0.375,0.6071428999999999,4.0,1.6094379124341003,1996–01
mexico,2002,-0.236588002,101548624,0.128046233,75.14829254,3.003,0.5445,0.25,0.5499999999999999,0.25,0.625,0.5,0.6785713999999999,0.0,0.0,1996–01
mexico,2003,1.185544867,102978515,0.095631905,78.55419159,3.455,0.5702,0.25,0.5499999999999999,0.25,0.625,0.5,0.6785713999999999,1.0,0.6931471805599453,1996–01
mexico,2004,3.565441009,104394131,0.110482373,79.78270721,3.937,0.5959,0.25,0.5499999999999999,0.25,0.625,0.5,0.6785713999999999,1.0,0.6931471805599453,1996–01
mexico,2005,2.113247126,105811504,0.116611906,80.63053894,3.558,0.5914,0.25,0.525,0.25,0.625,0.5,0.6785713999999999,1.0,0.6931471805599453,2002–06
mexico,2006,4.805013527,107253666,0.09043004,82.70139313,3.566,0.5869,0.25,0.525,0.25,0.5,0.5556667,0.6785713999999999,7.0,2.0794415416798357,2002–06
mexico,2007,2.077863934,108774360,0.095631905,84.08870697,3.628,0.6184,0.25,0.4875,0.25,0.53125,0.5556667,0.6785713999999999,10.0,2.3978952727983707,2002–06
mexico,2008,0.943331863,110374288,0.10083377,86.0763092,3.874,0.6499,0.25,0.45,0.5,0.5625,0.5593332999999999,0.6785713999999999,8.0,2.1972245773362196,2002–06
mexico,2009,-6.295250558,111999721,0.095631905,85.94232178,5.356,0.6354,0.25,0.45,0.5,0.5,0.5593332999999999,0.6428571,1.0,0.6931471805599453,2002–06
mexico,2010,4.971334583,113623895,0.084090826,87.27292633,5.303,0.6208,0.25,0.45,0.5,0.5,0.5643332999999999,0.6428571,5.0,1.791759469228055,2007–10
mexico,2011,3.444045058,115243504,0.095631905,88.38008881,5.175,0.6293,0.25,0.45,0.5,0.5,0.5643332999999999,0.6428571,2.0,1.0986122886681098,2007–10
mexico,2012,3.55321076,116818208,0.072911414,90.69361877,4.892,0.6379,0.25,0.45,0.5,0.5,0.5633332999999999,0.6428571,16.0,2.833213344056216,2007–10
mexico,2013,0.852101559,118343573,0.095631905,93.26230621,4.921,0.6349,0.25,0.45,0.5,0.5,0.5636667,0.6428571,8.0,2.1972245773362196,2007–10
mexico,2014,2.503763503,119784261,0.071985234,97.31968689,4.819,0.6319,0.25,0.45,0.5,0.5,0.5559999999999999,0.6428571,5.0,1.791759469228055,2011–15
mexico,2015,2.702323426,121072306,0.095631905,100.9822693,4.311,0.6298,0.25,0.425,0.5,0.5,0.4683333,0.6428571,19.0,2.995732273553991,2011–15
mexico,2016,1.772493238,122251351,0.044368929,102.8713684,3.853,0.6277,0.25,0.4,0.5,0.5,0.3823333,0.6785713999999999,7.0,2.0794415416798357,2011–15
mexico,2017,1.871728533,123400057,0.095631905,105.1101837,3.419,0.6414,0.25,0.425,0.5,0.5,0.3803333,0.6785713999999999,23.0,3.1780538303479458,2011–15
mexico,2018,1.972082094,124573711,0.038940405,105.964653,3.275,0.6551,0.25,0.425,0.5,0.5625,0.373,0.6428571,27.0,3.332204510175204,2016–20
mexico,2019,-0.392690505,125762982,0.095631905,105.5156097,3.477,0.6357,0.25,0.425,0.5,0.5625,0.3696667,0.6785713999999999,31.0,3.4657359027997265,2016–20
mexico,2020,-8.354034582,126799054,0.042560346,102.581543,4.378,0.6163,0.25,0.425,0.5,0.5625,0.369,0.6428571,13.0,2.6390573296152584,2016–20
moldova,1996,-5.877060286,2947293,0.008351476,95.65076385,2.433,0.3662,0.375,0.5,0.0,0.3125,0.375,0.5,2.0,1.0986122886681098,1996–01
moldova,1998,-6.542192077,2935227,0.319057206,95.65076385,2.433,0.3576,0.375,0.5,0.0,0.1875,0.375,0.5,0.0,0.0,1996–01
moldova,2000,2.107716082,2924668,0.409976389,95.65076385,8.539,0.3521,0.25,0.375,0.0,0.1875,0.375,0.4642857,1.0,0.6931471805599453,1996–01
moldova,2002,7.799999658,2911385,0.199295496,95.65076385,6.845,0.3542,0.0,0.275,0.0,0.25,0.25,0.4642857,0.0,0.0,1996–01
moldova,2003,6.599999958,2903198,0.100319958,95.65076385,6.378,0.3575,0.0,0.275,0.0,0.1875,0.25,0.4642857,0.0,0.0,1996–01
moldova,2004,7.399999734,2896023,0.115521862,95.65076385,6.374,0.3559,0.0,0.4,0.0,0.3125,0.25,0.4642857,0.0,0.0,1996–01
moldova,2005,7.500000149,2888985,0.165806637,95.65076385,5.633,0.3614,0.0,0.4,0.0,0.375,0.25,0.4642857,0.0,0.0,2002–06
moldova,2006,4.799999837,2880967,0.03403654,95.65076385,4.26,0.3629,0.0,0.4,0.0,0.5,0.6333333,0.4642857,1.0,0.6931471805599453,2002–06
moldova,2007,3.000000226,2874299,0.015820829,95.65076385,2.749,0.3668,0.0,0.4,0.0,0.5,0.6333333,0.4642857,0.0,0.0,2002–06
moldova,2008,7.800000145,2868833,0.016971195,95.65076385,2.097,0.3697,0.0,0.4,0.0,0.5,0.6333333,0.4642857,0.0,0.0,2002–06
moldova,2009,-6.000000264,2865213,0.014702772,95.65076385,3.024,0.3726,0.0,0.375,0.0,0.5,0.5499999999999999,0.4642857,1.0,0.6931471805599453,2002–06
moldova,2010,7.100000107,2862354,0.008351476,87.98113499,2.972,0.3628,0.0,0.375,0.0,0.5,0.5443333,0.5,0.0,0.0,2007–10
moldova,2011,5.818166147,2860699,0.004649463,87.71937269,2.677,0.3604,0.0,0.4,0.0,0.5,0.6276667,0.5,0.0,0.0,2007–10
moldova,2012,-0.589733955,2860324,0.005213617,88.19586867,2.189,0.3551,0.0,0.4,0.0,0.4375,0.6273333,0.5,1.0,0.6931471805599453,2007–10
moldova,2013,9.043865607,2859558,0.00147605,88.33604943,1.894,0.3528,0.0,0.4,0.0,0.4375,0.6273333,0.5357143,0.0,0.0,2007–10
moldova,2014,4.999625854,2857815,4.99e-05,104.382597,1.45,0.3509,0.0,0.4,0.0,0.4375,0.6273333,0.5357143,0.0,0.0,2011–15
moldova,2015,-0.338235622,2835978,0.000549451,105.0697056,1.781,0.3533,0.0,0.325,0.0,0.375,0.6283333,0.5357143,0.0,0.0,2011–15
moldova,2016,4.646014363,2803186,0.0016489,106.0471549,1.591,0.346,0.0,0.35,0.0,0.375,0.617,0.5357143,1.0,0.6931471805599453,2011–15
moldova,2017,4.175612051,2755189,0.000612444,94.35363671,1.622,0.3458,0.0,0.375,0.25,0.375,0.6146667,0.5357143,0.0,0.0,2011–15
moldova,2018,4.075595466,2707203,0.000182387,95.91591923,1.239,0.3463,0.125,0.35,0.25,0.5,0.445,0.4642857,0.0,0.0,2016–20
moldova,2019,3.552314085,2664224,0.000286451,95.65076385,1.502,0.3507,0.125,0.35,0.25,0.5,0.4416667,0.4642857,0.0,0.0,2016–20
moldova,2020,-8.27597832,2635130,0.000160786,96.17333747,1.206,0.3505,0.125,0.35,0.25,0.4375,0.4426667,0.4642857,0.0,0.0,2016–20
montenegro,2007,7.137550165,615875,0.004039225,92.52252197,19.4,0.337,0.125,0.475,0.25,0.5625,0.6569999999999999,0.5357143,1.0,0.6931471805599453,2002–06
montenegro,2008,6.898600309,616969,0.003104462,93.03117371,17.15,0.348,0.125,0.475,0.25,0.5625,0.643,0.5357143,0.0,0.0,2002–06
montenegro,2009,-5.994448625,618294,0.0,95.6065979,19.09,0.3487,0.125,0.475,0.25,0.5625,0.643,0.5357143,0.0,0.0,2002–06
montenegro,2010,2.775597825,619428,0.0,98.99609375,19.649,0.3535,0.125,0.475,0.25,0.5625,0.6256667,0.5,0.0,0.0,2007–10
montenegro,2011,3.409788125,620345,0.003603862,93.17089081,19.759,0.3597,0.125,0.475,0.25,0.5625,0.6216667,0.5,0.0,0.0,2007–10
montenegro,2012,-2.48732883,621418,0.035517985,92.61306,19.808,0.3622,0.125,0.475,0.25,0.5625,0.6183333,0.5,0.0,0.0,2007–10
montenegro,2013,3.386125485,622587,0.035500725,92.44019699,19.585,0.356,0.125,0.475,0.25,0.5625,0.6146667,0.5,2.0,1.0986122886681098,2007–10
montenegro,2014,2.370308925,623744,0.019303474,92.44019699,18.054,0.351,0.125,0.475,0.25,0.625,0.6146667,0.5,0.0,0.0,2011–15
montenegro,2015,2.52306334,624651,0.036147055,91.86341095,17.555,0.3768,0.125,0.475,0.25,0.5625,0.617,0.5357143,1.0,0.6931471805599453,2011–15
montenegro,2016,3.439305621,625353,0.033178472,90.55751801,17.732,0.3694,0.125,0.475,0.25,0.5625,0.6073333,0.5357143,0.0,0.0,2011–15
montenegro,2017,3.216685047,625982,0.046466625,90.60222626,16.082,0.35,0.125,0.475,0.25,0.5625,0.6063333,0.5714286,0.0,0.0,2011–15
montenegro,2018,4.732921134,626438,0.039086416,91.44426727,15.19,0.354,0.125,0.525,0.25,0.625,0.608,0.5714286,3.0,1.3862943611198906,2016–20
montenegro,2019,4.393915658,626753,0.024932585,91.84033203,15.128,0.3509,0.125,0.525,0.25,0.625,0.605,0.5714286,0.0,0.0,2016–20
montenegro,2020,-14.9926187,626590,0.022432581,92.35787201,17.878,0.3507,0.125,0.525,0.25,0.5625,0.609,0.5714286,0.0,0.0,2016–20
morocco,1996,12.37287627,26808107,0.130840754,38.16819,17.76,0.4758,0.375,0.5,0.5,0.375,0.5,0.4285714,2.0,1.0986122886681098,1996–01
morocco,1998,7.238552677,27621648,0.174938313,37.51914978,19.12,0.4758,0.375,0.5,0.5,0.5625,0.5,0.4285714,0.0,0.0,1996–01
morocco,2000,2.582180915,28423435,0.16794082,39.69248962,13.58,0.4758,0.25,0.475,0.5,0.4375,0.375,0.4285714,0.0,0.0,1996–01
morocco,2002,3.730197375,29198142,0.130840754,43.09690857,11.59,0.4758,0.375,0.45,0.5,0.5,0.25,0.3928571,0.0,0.0,1996–01
morocco,2003,6.17110215,29571415,0.130840754,44.65143967,11.92,0.4758,0.25,0.45,0.5,0.625,0.25,0.4285714,5.0,1.791759469228055,1996–01
morocco,2004,4.571380165,29953018,0.130840754,47.3964386,10.83,0.4758,0.25,0.45,0.25,0.5625,0.25,0.4285714,0.0,0.0,1996–01
morocco,2005,3.19224973,30358144,0.130840754,49.15478897,11.01,0.4758,0.25,0.375,0.25,0.5625,0.125,0.3571429,0.0,0.0,2002–06
morocco,2006,7.79082001,30771178,0.093740688,52.22581863,9.67,0.4758,0.25,0.375,0.25,0.5625,0.2133333,0.4285714,0.0,0.0,2002–06
morocco,2007,3.441067767,31186468,0.130840754,55.34585953,9.56,0.4758,0.25,0.375,0.25,0.5625,0.2133333,0.4285714,6.0,1.9459101490553132,2002–06
morocco,2008,5.684539363,31606767,0.130840754,57.66656113,9.57,0.4758,0.25,0.375,0.25,0.5625,0.2126667,0.4285714,0.0,0.0,2002–06
morocco,2009,3.745769401,32030778,0.130840754,60.74182129,8.96,0.4758,0.25,0.375,0.25,0.5,0.2126667,0.4642857,0.0,0.0,2002–06
morocco,2010,3.499557094,32467016,0.130840754,63.07579832,9.09,0.4758,0.25,0.4,0.25,0.5,0.2096667,0.4285714,0.0,0.0,2007–10
morocco,2011,5.524645233,32912588,0.130840754,66.02552848,8.91,0.4758,0.25,0.425,0.25,0.4375,0.2943333,0.4285714,1.0,0.6931471805599453,2007–10
morocco,2012,3.062343685,33355241,0.130840754,68.73587263,8.99,0.4758,0.25,0.425,0.25,0.4375,0.3023333,0.4642857,0.0,0.0,2007–10
morocco,2013,4.122212869,33787571,0.036758679,56.50621033,9.23,0.4758,0.25,0.4,0.25,0.4375,0.3023333,0.4642857,0.0,0.0,2007–10
morocco,2014,2.71924408,34204780,0.130840754,56.50621033,9.7,0.4758,0.25,0.4,0.25,0.4375,0.3,0.5,0.0,0.0,2011–15
morocco,2015,4.344582976,34607588,0.130840754,56.50621033,9.46,0.4758,0.25,0.4,0.25,0.4375,0.322,0.5,1.0,0.6931471805599453,2011–15
morocco,2016,0.521185506,35023457,0.130840754,56.50621033,9.3,0.4758,0.25,0.425,0.25,0.4375,0.3256667,0.4642857,0.0,0.0,2011–15
morocco,2017,5.057898162,35446392,0.130840754,78.21572495,9.620000000000001,0.4758,0.25,0.425,0.25,0.4375,0.329,0.4642857,0.0,0.0,2011–15
morocco,2018,3.06564133,35839760,0.130840754,78.47091959,9.620000000000001,0.4758,0.25,0.425,0.25,0.4375,0.333,0.4642857,1.0,0.6931471805599453,2016–20
morocco,2019,2.890974761,36210898,0.130840754,79.3440513,9.620000000000001,0.4758,0.25,0.425,0.25,0.4375,0.3366667,0.4642857,0.0,0.0,2016–20
morocco,2020,-7.178207442,36584208,0.130840754,80.30879965,9.620000000000001,0.4758,0.25,0.425,0.25,0.4375,0.3346667,0.4642857,0.0,0.0,2016–20
mozambique,1996,10.69591098,16492480,0.876932026,22.98901939,3.426,0.6159,0.25,0.4,0.25,0.5,0.625,0.4642857,0.0,0.0,1996–01
mozambique,1998,10.3692325,17340464,0.816315922,22.98901939,3.426,0.6044,0.25,0.4,0.25,0.5,0.625,0.4642857,0.0,0.0,1996–01
mozambique,2000,0.766234956,18129653,0.816315922,5.94095993,3.426,0.5929,0.25,0.4,0.25,0.5,0.625,0.4642857,3.0,1.3862943611198906,1996–01
mozambique,2002,9.668505347,18958338,0.875660778,8.230759621,3.426,0.5814,0.25,0.4,0.25,0.5,0.625,0.4642857,0.0,0.0,1996–01
mozambique,2003,7.217700866,19392475,0.816315922,22.98901939,3.426,0.5765,0.25,0.4,0.25,0.4375,0.625,0.4285714,0.0,0.0,1996–01
mozambique,2004,8.204704948,19840313,0.816315922,10.55980015,3.426,0.5715,0.25,0.4,0.25,0.375,0.625,0.4285714,0.0,0.0,1996–01
mozambique,2005,6.31202378,20304569,0.816315922,12.95458984,3.426,0.5666,0.25,0.4,0.25,0.5,0.625,0.4285714,0.0,0.0,2002–06
mozambique,2006,9.910677568,20787087,0.816315922,15.21630001,3.426,0.5617,0.25,0.525,0.25,0.75,0.5926667,0.4285714,0.0,0.0,2002–06
mozambique,2007,7.649353938,21287635,0.816315922,17.91374016,3.426,0.5568,0.375,0.4875,0.25,0.65625,0.5093333,0.4285714,1.0,0.6931471805599453,2002–06
mozambique,2008,6.878029426,21819036,0.811276299,20.17200089,3.426,0.5519,0.375,0.425,0.25,0.625,0.5163333,0.4285714,0.0,0.0,2002–06
mozambique,2009,5.928971875,22391745,0.816315922,22.98901939,3.426,0.5669,0.25,0.425,0.25,0.6875,0.5163333,0.4285714,0.0,0.0,2002–06
mozambique,2010,6.679729357,22999235,0.816315922,25.12088385,3.426,0.582,0.25,0.475,0.25,0.625,0.4966667,0.4642857,0.0,0.0,2007–10
mozambique,2011,7.134058423,23649039,0.816315922,26.01575788,3.426,0.5971,0.25,0.35,0.25,0.5625,0.33,0.4642857,0.0,0.0,2007–10
mozambique,2012,7.994503161,24337846,0.816315922,25.64461651,3.426,0.6121,0.25,0.35,0.25,0.5625,0.3293333,0.4642857,1.0,0.6931471805599453,2007–10
mozambique,2013,6.571413897,25051611,0.816315922,34.44390869,3.426,0.6272,0.125,0.275,0.25,0.4375,0.3256667,0.4642857,18.0,2.9444389791664403,2007–10
mozambique,2014,7.702568448,25788475,0.74387798,33.95458984,3.426,0.6423,0.125,0.25,0.25,0.4375,0.322,0.4642857,22.0,3.1354942159291497,2011–15
mozambique,2015,7.393093699,26547572,0.816315922,34.52856064,3.426,0.6338,0.125,0.275,0.25,0.4375,0.4033333,0.4642857,8.0,2.1972245773362196,2011–15
mozambique,2016,4.696990242,27337105,0.816315922,22.98901939,3.426,0.6253,0.125,0.25,0.25,0.375,0.3006667,0.4642857,79.0,4.382026634673881,2011–15
mozambique,2017,2.638207373,28166393,0.816315922,37.24119186,3.426,0.6169,0.125,0.25,0.25,0.4375,0.3006667,0.4642857,15.0,2.772588722239781,2011–15
mozambique,2018,3.484932024,29018644,0.816315922,22.98901939,3.426,0.6084,0.125,0.25,0.25,0.4375,0.295,0.4642857,65.0,4.189654742026425,2016–20
mozambique,2019,2.317813948,29884380,0.816315922,22.98901939,3.426,0.5999,0.125,0.25,0.25,0.375,0.2883333,0.4642857,133.0,4.897839799950911,2016–20
mozambique,2020,-1.2195225,30783688,0.816315922,22.98901939,3.426,0.5965,0.125,0.25,0.25,0.375,0.2836667,0.4642857,220.0,5.3981627015177525,2016–20
myanmar,1996,6.442715347,43154860,0.142534634,48.752950670000004,1.0615,0.5036,0.0,0.05,0.0,0.0,0.0,0.0357143,13.0,2.6390573296152584,1996–01
myanmar,1998,5.866213153,44257793,0.142534634,48.752950670000004,1.0615,0.5036,0.0,0.05,0.0,0.0,0.0,0.0357143,0.0,0.0,1996–01
myanmar,2000,13.74593056,45290841,0.142534634,39.31932068,1.0615,0.5036,0.0,0.09999999999999999,0.0,0.0,0.0,0.0357143,0.0,0.0,1996–01
myanmar,2002,12.02551343,46232653,0.142534634,41.84844971,1.0615,0.5036,0.0,0.05,0.0,0.0,0.0,0.0357143,4.0,1.6094379124341003,1996–01
myanmar,2003,13.84399689,46667192,0.142534634,42.17958069,1.0615,0.5036,0.0,0.05,0.0,0.0,0.0,0.0357143,9.0,2.302585092994046,1996–01
myanmar,2004,13.56466162,47068772,0.142534634,45.02827835,1.0615,0.5036,0.0,0.025,0.0,0.0,0.0,0.0357143,2.0,1.0986122886681098,1996–01
myanmar,2005,13.56895002,47438365,0.142534634,45.69324875,1.0615,0.5036,0.0,0.025,0.0,0.0,0.0,0.0357143,8.0,2.1972245773362196,2002–06
myanmar,2006,13.07610138,47785135,0.142534634,47.54376984,1.0615,0.5036,0.0,0.125,0.0,0.3125,0.059,0.1071429,2.0,1.0986122886681098,2002–06
myanmar,2007,11.99143524,48125043,0.142534634,47.37081146,1.0615,0.5036,0.0,0.125,0.0,0.28125,0.059,0.1071429,3.0,1.3862943611198906,2002–06
myanmar,2008,10.25530539,48390793,0.142534634,49.97901154,1.0615,0.5036,0.0,0.125,0.0,0.1875,0.059,0.1071429,20.0,3.044522437723423,2002–06
myanmar,2009,10.5500091,48660459,0.142534634,49.9621315,1.0615,0.5036,0.0,0.125,0.0,0.1875,0.059,0.1071429,14.0,2.70805020110221,2002–06
myanmar,2010,9.634439452,49024382,0.142534634,50.86639023,1.0615,0.5036,0.0,0.125,0.0,0.1875,0.059,0.1071429,11.0,2.4849066497880004,2007–10
myanmar,2011,5.591482378,49419820,0.142534634,48.752950670000004,1.0615,0.5036,0.0,0.125,0.0,0.1875,0.059,0.1071429,2.0,1.0986122886681098,2007–10
myanmar,2012,7.332670447,49837446,0.142534634,48.752950670000004,1.0615,0.5036,0.0,0.15,0.0,0.25,0.0783333,0.1071429,17.0,2.8903717578961645,2007–10
myanmar,2013,8.426001025,50262658,0.142534634,48.752950670000004,1.0615,0.5036,0.0,0.175,0.0,0.25,0.1753333,0.1428571,18.0,2.9444389791664403,2007–10
myanmar,2014,8.169907456,50681634,0.142534634,57.11785126,3.868,0.5036,0.0,0.15,0.0,0.25,0.185,0.1428571,16.0,2.833213344056216,2011–15
myanmar,2015,6.99284029,51089056,0.182406984,48.752950670000004,0.766,0.5036,0.0,0.175,0.0,0.3125,0.2213333,0.1785714,37.0,3.6375861597263857,2011–15
myanmar,2016,5.862472915,51495696,0.142534634,67.7588501,1.0615,0.4621,0.0,0.25,0.0,0.4375,0.4733333,0.25,74.0,4.31748811353631,2011–15
myanmar,2017,6.136108244,51894938,0.102662284,72.34574127,1.356,0.4211,0.125,0.25,0.0,0.375,0.3776667,0.25,116.0,4.762173934797756,2011–15
myanmar,2018,6.268862215,52272247,0.142534634,77.01914978,0.767,0.4204,0.125,0.225,0.0,0.375,0.2943333,0.25,40.0,3.713572066704308,2016–20
myanmar,2019,6.579110068,52640713,0.142534634,48.752950670000004,0.407,0.4204,0.125,0.225,0.0,0.375,0.285,0.25,90.0,4.51085950651685,2016–20
myanmar,2020,-9.04834718,53016522,0.142534634,48.752950670000004,1.476,0.4204,0.125,0.2,0.0,0.375,0.1846667,0.3928571,65.0,4.189654742026425,2016–20
namibia,1996,3.191324301,1646103,0.385901219,58.38235092,20.0885,0.7432,0.5,0.45,0.5,0.75,0.5,0.5,0.0,0.0,1996–01
namibia,1998,3.291585621,1732745,0.385901219,59.61719894,20.0885,0.7344,0.375,0.375,0.5,0.4375,0.5,0.5,0.0,0.0,1996–01
namibia,2000,3.492183364,1818647,0.385901219,63.71934128,20.3,0.7256,0.375,0.425,0.5,0.0625,0.5,0.5,21.0,3.091042453358316,1996–01
namibia,2002,4.788661219,1889970,0.385901219,66.1111908,20.0885,0.7169,0.25,0.4,0.25,0.4375,0.375,0.5,0.0,0.0,1996–01
namibia,2003,4.239794296,1917464,0.476091306,65.2594223,20.0885,0.7125,0.25,0.4,0.25,0.4375,0.375,0.5,0.0,0.0,1996–01
namibia,2004,12.2695481,1942082,0.385901219,64.53314209,22.09,0.7085,0.25,0.425,0.25,0.5,0.375,0.4642857,0.0,0.0,1996–01
namibia,2005,2.529262658,1966582,0.385901219,63.16004944,20.0885,0.7046,0.25,0.45,0.25,0.5625,0.5,0.5,0.0,0.0,2002–06
namibia,2006,7.073175318,1991888,0.385901219,62.1227417,20.0885,0.7007,0.5,0.575,0.5,0.8125,0.5513333,0.5714286,0.0,0.0,2002–06
namibia,2007,5.374044152,2018600,0.385901219,62.75772095,20.0885,0.6967,0.5,0.575,0.5,0.8125,0.5513333,0.5714286,0.0,0.0,2002–06
namibia,2008,2.649812038,2047056,0.385901219,70.27697895,20.0885,0.6928,0.5,0.575,0.5,0.8125,0.5493333,0.5714286,0.0,0.0,2002–06
namibia,2009,0.295970914,2077394,0.385901219,70.27697895,20.0885,0.6889,0.5,0.575,0.5,0.6875,0.5493333,0.5714286,0.0,0.0,2002–06
namibia,2010,6.03924948,2109811,0.385901219,68.09984018,22.12,0.6807,0.5,0.575,0.5,0.6875,0.5409999999999999,0.5714286,0.0,0.0,2007–10
namibia,2011,5.091338139,2146325,0.385901219,72.45411772,20.0885,0.6725,0.5,0.575,0.5,0.6875,0.5413333,0.5714286,0.0,0.0,2007–10
namibia,2012,5.06168207,2194654,0.385901219,74.24655746,16.771,0.6643,0.5,0.575,0.5,0.6875,0.5413333,0.5714286,0.0,0.0,2007–10
namibia,2013,5.614719623,2252508,0.385901219,76.14248,19.028,0.6561,0.5,0.575,0.5,0.75,0.5413333,0.5714286,0.0,0.0,2007–10
namibia,2014,6.09251916,2312139,0.385901219,76.75956466,18.521,0.6479,0.5,0.575,0.5,0.75,0.5413333,0.5714286,0.0,0.0,2011–15
namibia,2015,4.264174538,2374300,0.22863062,78.26080123,20.0885,0.6397,0.5,0.6,0.5,0.75,0.5436667,0.5714286,0.0,0.0,2011–15
namibia,2016,0.03379445,2439213,0.385901219,79.26060972,23.352,0.6397,0.5,0.6,0.5,0.75,0.5436667,0.5714286,0.0,0.0,2011–15
namibia,2017,-1.027248089,2506853,0.385901219,79.53346064,20.0885,0.6397,0.5,0.575,0.5,0.75,0.5436667,0.5714286,0.0,0.0,2011–15
namibia,2018,1.059939499,2577327,0.385901219,78.8626899,19.877,0.6397,0.5,0.575,0.5,0.75,0.5416667,0.5714286,0.0,0.0,2016–20
namibia,2019,-0.839152163,2650494,0.385901219,79.01250168,20.0885,0.6397,0.5,0.575,0.5,0.6875,0.5476667,0.6071428999999999,0.0,0.0,2016–20
namibia,2020,-8.101402014,2728762,0.385901219,82.88729925,20.0885,0.6397,0.5,0.575,0.5,0.625,0.5506667,0.6071428999999999,0.0,0.0,2016–20
nepal,2004,4.682603252,26016656,0.215044145,66.51268005,6.88,0.4266,0.0,0.25,0.25,0.0625,0.125,0.3214286,62.0,4.143134726391533,1996–01
nepal,2005,3.479181048,26309458,0.215044145,45.09820175,6.88,0.4245,0.0,0.275,0.0,0.0625,0.25,0.3214286,70.0,4.2626798770413155,2002–06
nepal,2009,4.533078725,27173035,0.215044145,49.26259995,6.88,0.4129,0.125,0.2,0.25,0.1875,0.3016667,0.25,39.0,3.6888794541139363,2002–06
nepal,2010,4.816414647,27341952,0.215044145,55.58929062,6.88,0.4148,0.125,0.2,0.25,0.1875,0.308,0.25,38.0,3.6635616461296463,2007–10
nepal,2011,3.421808701,27464494,0.215044145,58.9935112,6.88,0.412,0.125,0.2,0.25,0.1875,0.308,0.25,46.0,3.8501476017100584,2007–10
nepal,2012,4.670141924,27534915,0.215044145,63.14147949,6.88,0.4115,0.0,0.2,0.0,0.1875,0.3053333,0.25,46.0,3.8501476017100584,2007–10
nepal,2013,3.525153171,27589996,0.215044145,65.49353027,6.88,0.4106,0.125,0.25,0.0,0.375,0.409,0.1785714,104.0,4.653960350157523,2007–10
nepal,2014,6.011482843,27672370,0.215044145,67.53182983,6.88,0.4088,0.125,0.2,0.0,0.4375,0.2423333,0.1785714,7.0,2.0794415416798357,2011–15
nepal,2015,3.976053272,27823629,0.215044145,68.61312103,3.1,0.4059,0.125,0.2,0.0,0.375,0.2423333,0.1785714,48.0,3.8918202981106265,2011–15
nepal,2016,0.433113719,27955462,0.215044145,71.77449799,6.88,0.4055,0.125,0.225,0.0,0.375,0.3286667,0.2142857,43.0,3.784189633918261,2011–15
nepal,2017,8.977279356,28011258,0.215044145,74.41133118,10.66,0.4056,0.125,0.275,0.0,0.375,0.3393333,0.1785714,247.0,5.5134287461649825,2011–15
nepal,2018,7.622376104,28079689,0.215044145,66.51268005,6.88,0.4056,0.125,0.375,0.0,0.4375,0.3393333,0.25,99.0,4.605170185988092,2016–20
nepal,2019,6.657055431,28414064,0.215044145,80.28005219,6.88,0.4056,0.125,0.35,0.0,0.5,0.3426667,0.25,200.0,5.303304908059076,2016–20
nepal,2020,-2.369620629,28966574,0.215044145,85.31015778,6.88,0.4056,0.125,0.35,0.0,0.5,0.3406667,0.25,37.0,3.6375861597263857,2016–20
netherlands,1996,3.420577338,15530498,0.000957287,119.13497925,6.421,0.2703,0.875,0.95,1.0,1.0,1.0,0.8928571,6.0,1.9459101490553132,1996–01
netherlands,1998,4.647784625,15707209,0.000957287,119.13497925,4.394,0.2696,0.875,0.95,1.0,1.0,1.0,0.8928571,0.0,0.0,1996–01
netherlands,2000,4.219753776,15925513,0.000957287,123.2952118,2.725,0.272,0.875,0.95,1.0,1.0,1.0,0.9285713999999999,1.0,0.6931471805599453,1996–01
netherlands,2002,0.245785659,16148929,0.000957287,120.7548523,2.554,0.2817,0.875,0.95,1.0,1.0,1.0,0.9285713999999999,2.0,1.0986122886681098,1996–01
netherlands,2003,0.097832364,16225302,0.000957287,119.9093399,3.593,0.2836,0.875,0.95,1.0,1.0,1.0,0.9285713999999999,3.0,1.3862943611198906,1996–01
netherlands,2004,2.016309962,16281779,0.003407584,116.9095306,4.646,0.2889,0.875,0.95,1.0,0.875,1.0,0.9285713999999999,1.0,0.6931471805599453,1996–01
netherlands,2005,2.033963362,16319868,0.0014832,117.5538101,5.872,0.2924,0.875,0.95,1.0,0.9375,1.0,0.9285713999999999,0.0,0.0,2002–06
netherlands,2006,3.537375097,16346101,0.000457929,118.4276199,5.007,0.2912,0.875,0.9249999999999999,0.75,0.875,0.9886667,0.8214286,0.0,0.0,2002–06
netherlands,2007,3.885306448,16381696,0.000286313,119.8423386,4.153,0.3052,0.875,0.9249999999999999,0.75,0.875,0.9886667,0.8214286,0.0,0.0,2002–06
netherlands,2008,2.116815936,16445593,0.001744469,121.5116272,3.658,0.2805,0.875,0.9249999999999999,0.75,0.875,0.9843333,0.8214286,1.0,0.6931471805599453,2002–06
netherlands,2009,-3.665290491,16530388,0.002281701,122.7460098,4.352,0.2819,0.875,0.9249999999999999,0.75,0.875,0.9843333,0.8214286,1.0,0.6931471805599453,2002–06
netherlands,2010,1.319320323,16615394,0.000474389,124.5695267,4.991,0.2872,0.875,0.9249999999999999,0.75,0.8125,0.9663333,0.8214286,1.0,0.6931471805599453,2007–10
netherlands,2011,1.773345163,16693074,0.001394508,129.868103,4.977,0.2855,0.875,0.9249999999999999,0.75,0.8125,0.9663333,0.8214286,2.0,1.0986122886681098,2007–10
netherlands,2012,-0.977876878,16754962,0.000758422,111.4482498,5.821,0.2884,0.875,0.9249999999999999,0.75,0.8125,0.9663333,0.8214286,0.0,0.0,2007–10
netherlands,2013,-0.03023256,16804432,0.000908141,119.13497925,7.241,0.2809,0.875,0.9249999999999999,0.75,0.8125,0.9613333,0.8214286,0.0,0.0,2007–10
netherlands,2014,1.612610013,16865008,0.001491275,119.13497925,7.419,0.2894,0.875,0.9249999999999999,0.75,0.8125,0.964,0.8214286,1.0,0.6931471805599453,2011–15
netherlands,2015,2.120605239,16939923,0.000682569,114.1379166,6.872,0.289,0.75,0.9249999999999999,0.75,0.8125,0.964,0.8214286,3.0,1.3862943611198906,2011–15
netherlands,2016,2.42428573,17030314,0.000576938,112.994278,6.007,0.2887,0.75,0.9249999999999999,0.75,0.8125,0.96,0.8928571,6.0,1.9459101490553132,2011–15
netherlands,2017,2.781546193,17131296,0.002060889,115.2252274,4.837,0.2951,0.75,0.9249999999999999,0.75,0.8125,0.963,0.8928571,1.0,0.6931471805599453,2011–15
netherlands,2018,2.258740374,17231624,0.001121385,114.5003204,3.832,0.2912,0.875,0.9249999999999999,0.75,0.8125,0.963,0.8571428999999999,6.0,1.9459101490553132,2016–20
netherlands,2019,2.300091579,17344874,0.000957287,114.8041687,3.379,0.2893,0.875,0.9249999999999999,0.75,0.8125,0.967,0.8571428999999999,4.0,1.6094379124341003,2016–20
netherlands,2020,-3.867953338,17441500,0.000407976,136.2841644,3.82,0.2893,0.875,0.9249999999999999,0.75,0.8125,0.9653333,0.8571428999999999,37.0,3.6375861597263857,2016–20
new zealand,1996,3.611878862,3732000,0.057169535,116.85983279999999,6.298,0.3643,1.0,0.975,1.0,0.875,0.875,0.9285713999999999,2.0,1.0986122886681098,1996–01
new zealand,1998,0.858406352,3815000,0.057169535,116.85983279999999,7.725,0.3932,1.0,0.975,1.0,0.9375,0.875,0.8571428999999999,0.0,0.0,1996–01
new zealand,2000,2.870051088,3857700,0.057169535,112.153717,6.137,0.3704,1.0,0.975,0.75,0.9375,0.875,0.7857143,0.0,0.0,1996–01
new zealand,2002,4.713477671,3948500,0.057169535,115.5155563,5.285,0.3699,0.875,0.95,1.0,0.9375,0.875,0.8214286,0.0,0.0,1996–01
new zealand,2003,4.728042049,4027200,0.057169535,117.4276733,4.751,0.3719,0.875,0.95,1.0,0.9375,0.875,0.8214286,3.0,1.3862943611198906,1996–01
new zealand,2004,4.08796484,4087500,0.057169535,115.3799133,4.012,0.4095,0.875,0.95,1.0,0.9375,0.875,0.8928571,0.0,0.0,1996–01
new zealand,2005,3.352927604,4133900,0.057169535,119.5636978,3.813,0.3659,0.875,0.95,1.0,0.9375,0.875,0.8571428999999999,0.0,0.0,2002–06
new zealand,2006,2.779780591,4184600,0.057169535,117.9065475,3.851,0.3186,0.875,0.9249999999999999,1.0,0.875,0.8836666999999999,0.8214286,0.0,0.0,2002–06
new zealand,2007,3.05641639,4223800,0.057169535,119.5684433,3.606,0.3273,0.875,0.9249999999999999,1.0,0.875,0.8836666999999999,0.8214286,0.0,0.0,2002–06
new zealand,2008,-1.017038469,4259800,0.057169535,118.0542374,4.037,0.3491,0.875,0.9249999999999999,1.0,0.875,0.8896666999999999,0.8214286,4.0,1.6094379124341003,2002–06
new zealand,2009,-0.037466112,4302600,0.057169535,125.8078613,5.866,0.3782,0.875,0.9249999999999999,1.0,0.875,0.8896666999999999,0.8214286,0.0,0.0,2002–06
new zealand,2010,1.458636349,4350700,0.057169535,119.1289673,6.211,0.4136,0.875,0.9249999999999999,1.0,0.875,0.892,0.8571428999999999,0.0,0.0,2007–10
new zealand,2011,2.093496217,4384000,0.057169535,118.2567215,6.034,0.388,0.875,0.9249999999999999,1.0,0.875,0.892,0.8571428999999999,0.0,0.0,2007–10
new zealand,2012,2.366306647,4408100,0.057169535,116.8264771,6.491,0.3458,0.875,0.9249999999999999,1.0,0.875,0.892,0.8571428999999999,0.0,0.0,2007–10
new zealand,2013,2.58954199,4442100,0.057169535,115.650528,5.84,0.3375,0.875,0.9249999999999999,1.0,0.875,0.892,0.8571428999999999,0.0,0.0,2007–10
new zealand,2014,3.826384918,4516500,0.057169535,116.0843124,5.431,0.3342,0.875,0.9249999999999999,1.0,0.9375,0.892,0.8928571,1.0,0.6931471805599453,2011–15
new zealand,2015,3.690369084,4609400,0.057169535,114.8899918,5.407,0.3309,0.875,0.975,1.0,0.875,0.9753333,0.8928571,0.0,0.0,2011–15
new zealand,2016,3.779110684,4714100,0.057169535,113.687912,5.145,0.3275,0.875,0.975,0.75,0.9375,0.9753333,0.8928571,1.0,0.6931471805599453,2011–15
new zealand,2017,3.378732195,4813600,0.057169535,112.9433136,4.737,0.3313,0.875,0.975,0.75,1.0,0.9753333,0.9285713999999999,0.0,0.0,2011–15
new zealand,2018,3.470582039,4900600,0.057169535,112.4110794,4.329,0.3178,0.875,0.975,0.75,1.0,0.9753333,0.9285713999999999,0.0,0.0,2016–20
new zealand,2019,2.31747144,4970300,0.057169535,120.2663193,4.106,0.3365,0.875,0.975,0.75,1.0,0.9753333,0.9285713999999999,2.0,1.0986122886681098,2016–20
new zealand,2020,-0.307246896,5072400,0.057169535,116.8931885,4.596,0.3594,0.875,0.975,0.75,1.0,0.975,0.9285713999999999,12.0,2.5649493574615367,2016–20
nicaragua,1996,6.344268361,4729974,0.17981485149999998,68.57472229,5.28,0.5541,0.25,0.375,0.0,0.25,0.375,0.4285714,26.0,3.295836866004329,1996–01
nicaragua,1998,3.711681464,4883655,0.313536498,46.72938156,5.28,0.5541,0.125,0.35,0.0,0.3125,0.25,0.4642857,0.0,0.0,1996–01
nicaragua,2000,4.101590251,5022633,0.17981485149999998,53.4050293,5.28,0.5541,0.0,0.275,0.0,0.5625,0.25,0.5,1.0,0.6931471805599453,1996–01
nicaragua,2002,0.753938876,5149909,0.17981485149999998,60.67646027,5.28,0.5619,0.125,0.35,0.0,0.625,0.375,0.4642857,0.0,0.0,1996–01
nicaragua,2003,2.520732896,5210963,0.17981485149999998,68.57472229,7.6,0.562,0.125,0.375,0.0,0.625,0.5,0.4642857,0.0,0.0,1996–01
nicaragua,2004,5.31217057,5272912,0.17981485149999998,65.43473053,6.41,0.5588,0.125,0.375,0.0,0.625,0.5,0.4642857,0.0,0.0,1996–01
nicaragua,2005,4.282398338,5342105,0.220488658,68.57472229,5.37,0.5548,0.0,0.375,0.0,0.5,0.25,0.4285714,0.0,0.0,2002–06
nicaragua,2006,4.152945598,5418855,0.17981485149999998,69.09233856,5.31,0.5516,0.0,0.375,0.0,0.5,0.356,0.4285714,0.0,0.0,2002–06
nicaragua,2007,5.076352018,5497243,0.17981485149999998,72.17549896,4.89,0.5618,0.0,0.325,0.0,0.53125,0.356,0.3571429,0.0,0.0,2002–06
nicaragua,2008,3.435716936,5576593,0.17981485149999998,70.77409363,6.2,0.553,0.0,0.325,0.0,0.5625,0.369,0.3571429,0.0,0.0,2002–06
nicaragua,2009,-3.292665159,5656601,0.139141045,68.57472229,8.16,0.5446,0.0,0.325,0.0,0.5625,0.369,0.3571429,0.0,0.0,2002–06
nicaragua,2010,4.410099117,5737450,0.17981485149999998,71.3924408,7.83,0.5455,0.0,0.325,0.0,0.375,0.3576667,0.3571429,0.0,0.0,2007–10
nicaragua,2011,6.316685535,5819051,0.17981485149999998,68.57472229,5.28,0.5384,0.0,0.325,0.0,0.375,0.352,0.3928571,0.0,0.0,2007–10
nicaragua,2012,6.496136471,5901287,0.17981485149999998,68.57472229,5.208,0.5325,0.0,0.325,0.0,0.375,0.352,0.3928571,0.0,0.0,2007–10
nicaragua,2013,4.927094134,5983845,0.17981485149999998,68.57472229,5.28,0.5398,0.0,0.35,0.0,0.5,0.3486667,0.4285714,0.0,0.0,2007–10
nicaragua,2014,4.785460136,6066492,0.065703776,68.57472229,4.52,0.5319,0.0,0.35,0.0,0.5,0.344,0.4285714,2.0,1.0986122886681098,2011–15
nicaragua,2015,4.792267683,6149417,0.17981485149999998,68.57472229,4.7,0.5282,0.0,0.325,0.0,0.5,0.2586667,0.4285714,0.0,0.0,2011–15
nicaragua,2016,4.563147395,6232666,0.17981485149999998,68.57472229,3.9,0.5295,0.0,0.35,0.0,0.4375,0.2436667,0.4285714,0.0,0.0,2011–15
nicaragua,2017,4.631207576,6316231,0.17981485149999998,68.57472229,3.3,0.5299,0.0,0.35,0.25,0.4375,0.2386667,0.4285714,0.0,0.0,2011–15
nicaragua,2018,-3.36335666,6400080,0.17981485149999998,68.57472229,5.2,0.5327,0.0,0.25,0.25,0.1875,0.121,0.4285714,7.0,2.0794415416798357,2016–20
nicaragua,2019,-2.896869867,6483657,0.17981485149999998,68.57472229,5.28,0.5258,0.0,0.2,0.25,0.25,0.1183333,0.3928571,3.0,1.3862943611198906,2016–20
nicaragua,2020,-2.236541763,6565267,0.17981485149999998,68.57472229,5.28,0.5411,0.0,0.2,0.25,0.25,0.12,0.4285714,3.0,1.3862943611198906,2016–20
niger,2009,1.962600907,15943675,0.603037451,11.19993973,0.531,0.456,0.25,0.4,0.25,0.25,0.197,0.5357143,4.0,1.6094379124341003,2002–06
niger,2010,8.578166743,16548835,0.603037451,12.80632025,0.531,0.44,0.25,0.45,0.25,0.375,0.3626667,0.5357143,3.0,1.3862943611198906,2007–10
niger,2011,2.357756936,17176283,0.688409346,13.66432138,0.316,0.4239,0.25,0.5,0.25,0.5625,0.472,0.5357143,2.0,1.0986122886681098,2007–10
niger,2012,10.54894458,17836769,0.603037451,14.80378672,2.177,0.4246,0.25,0.3,0.25,0.3125,0.3886667,0.3571429,1.0,0.6931471805599453,2007–10
niger,2013,5.315130634,18519898,0.603037451,15.95965103,0.531,0.4253,0.25,0.3,0.25,0.3125,0.386,0.3571429,4.0,1.6094379124341003,2007–10
niger,2014,6.642136655,19215909,0.603037451,17.84595055,0.524,0.4259,0.25,0.3,0.25,0.3125,0.384,0.3214286,5.0,1.791759469228055,2011–15
niger,2015,4.392648832,19939498,0.603037451,19.69220125,0.531,0.4406,0.25,0.375,0.25,0.3125,0.3783333,0.3214286,41.0,3.7376696182833684,2011–15
niger,2016,5.740893151,20685753,0.603037451,22.67003951,0.531,0.4553,0.25,0.375,0.25,0.3125,0.382,0.3214286,25.0,3.258096538021482,2011–15
niger,2017,5.005360786,21435446,0.603037451,23.76115057,7.769,0.47,0.25,0.375,0.25,0.25,0.3753333,0.3214286,13.0,2.6390573296152584,2011–15
niger,2018,7.211418028,22188069,0.590125005,15.95965103,0.531,0.4846,0.375,0.35,0.25,0.25,0.292,0.2857143,19.0,2.995732273553991,2016–20
niger,2019,5.939852571,22947757,0.603037451,15.95965103,0.531,0.471,0.375,0.375,0.25,0.25,0.2763333,0.2857143,49.0,3.912023005428146,2016–20
niger,2020,3.550641094,23717613,0.603037451,15.95965103,0.531,0.4574,0.25,0.35,0.25,0.1875,0.2763333,0.2857143,35.0,3.58351893845611,2016–20
nigeria,1996,4.195924047,113754779,0.609079093,39.30680847,4.562,0.4626,0.0,0.09999999999999999,0.0,0.0,0.125,0.2857143,11.0,2.4849066497880004,1996–01
nigeria,1998,2.581254102,119846254,0.379642363,39.30680847,4.562,0.4613,0.0,0.09999999999999999,0.25,0.25,0.125,0.2857143,2.0,1.0986122886681098,1996–01
nigeria,2000,5.015934759,126382494,0.379642363,23.96134949,4.562,0.4599,0.0,0.125,0.25,0.125,0.125,0.25,6.0,1.9459101490553132,1996–01
nigeria,2002,15.32915574,133471989,0.379642363,28.87380981,4.562,0.4586,0.0,0.09999999999999999,0.0,0.1875,0.125,0.25,6.0,1.9459101490553132,1996–01
nigeria,2003,7.347194968,137202644,0.510969586,39.30680847,4.562,0.4579,0.0,0.075,0.0,0.25,0.0,0.2142857,9.0,2.302585092994046,1996–01
nigeria,2004,9.250558229,141057045,0.379642363,33.94812012,4.562,0.4521,0.0,0.075,0.0,0.25,0.0,0.2142857,6.0,1.9459101490553132,1996–01
nigeria,2005,6.438516525,145017253,0.379642363,33.7729187,4.562,0.4464,0.0,0.075,0.0,0.25,0.0,0.1785714,9.0,2.302585092994046,2002–06
nigeria,2006,6.059428032,149077334,0.379642363,33.12628174,4.562,0.4406,0.0,0.075,0.0,0.25,0.1173333,0.1785714,37.0,3.6375861597263857,2002–06
nigeria,2007,6.591130361,153267261,0.379642363,30.42320061,4.562,0.4348,0.0625,0.09999999999999999,0.0,0.3125,0.2006667,0.1785714,61.0,4.127134385045092,2002–06
nigeria,2008,6.764472778,157595014,0.379642363,33.61127853,4.562,0.429,0.125,0.125,0.0,0.25,0.2843333,0.1785714,76.0,4.343805421853684,2002–06
nigeria,2009,8.036925101,162049464,0.379642363,37.13814163,4.562,0.4233,0.125,0.125,0.0,0.1875,0.2843333,0.1785714,42.0,3.7612001156935624,2002–06
nigeria,2010,8.005655916,166642886,0.384850601,41.78379822,4.562,0.4175,0.125,0.125,0.0,0.0625,0.2823333,0.1785714,63.0,4.1588830833596715,2007–10
nigeria,2011,5.307924203,171379598,0.379642363,43.02399063,3.77,0.4168,0.0,0.125,0.0,0.0625,0.2943333,0.1785714,175.0,5.170483995038151,2007–10
nigeria,2012,4.230061175,176200625,0.374434125,44.45579147,4.562,0.4161,0.0,0.125,0.0,0.0625,0.2923333,0.1785714,615.0,6.423246963533519,2007–10
nigeria,2013,6.671335393,181049443,0.379642363,52.79673004,3.711,0.4171,0.0,0.09999999999999999,0.0,0.125,0.209,0.1785714,347.0,5.8522024797744745,2007–10
nigeria,2014,6.309718655,185896915,0.379642363,42.78215027,4.562,0.418,0.0,0.09999999999999999,0.0,0.125,0.2086667,0.1785714,713.0,6.570882962339584,2011–15
nigeria,2015,2.652693295,190671878,0.3576658,43.82469177,4.311,0.419,0.125,0.175,0.0,0.25,0.2373333,0.1428571,641.0,6.464588303689961,2011–15
nigeria,2016,-1.616868949,195443700,0.379642363,39.30680847,7.06,0.4197,0.125,0.2,0.0,0.25,0.2333333,0.1428571,535.0,6.284134161070802,2011–15
nigeria,2017,0.805886619,200254579,0.379642363,39.30680847,8.389,0.4204,0.0,0.3,0.0,0.25,0.2313333,0.2142857,488.0,6.192362489474872,2011–15
nigeria,2018,1.922757342,204938755,0.34192905,40.48852921,4.562,0.4212,0.0,0.3,0.0,0.25,0.2313333,0.2142857,650.0,6.478509642208569,2016–20
nigeria,2019,2.208429277,209485641,0.379642363,39.30680847,10.695,0.4203,0.0,0.3,0.0,0.25,0.2206667,0.2142857,507.0,6.230481447578482,2016–20
nigeria,2020,-6.368898405,213996181,0.379642363,44.12208939,4.562,0.4194,0.0,0.3,0.0,0.25,0.22,0.2142857,478.0,6.171700597410915,2016–20
north macedonia,1996,1.185103889,2012553,0.056397274,83.8025589,38.8,0.3621,0.125,0.35,0.25,0.25,0.125,0.4642857,0.0,0.0,1996–01
north macedonia,1998,3.378735647,2007523,0.03295,83.8025589,34.5,0.3195,0.125,0.35,0.0,0.0625,0.125,0.4642857,5.0,1.791759469228055,1996–01
north macedonia,2000,4.549135783,2026350,0.116767612,83.57688904,32.2,0.3005,0.0,0.275,0.0,0.1875,0.125,0.4285714,3.0,1.3862943611198906,1996–01
north macedonia,2002,1.493665472,2020157,0.030208148,83.96540833,31.94,0.3025,0.0,0.225,0.25,0.25,0.125,0.4642857,8.0,2.1972245773362196,1996–01
north macedonia,2003,2.222601657,2022725,0.027602361,83.65753174,36.69,0.3094,0.0,0.225,0.25,0.25,0.125,0.4642857,5.0,1.791759469228055,1996–01
north macedonia,2004,4.67408958,2016186,0.013889293,83.24684143,37.161,0.3078,0.125,0.425,0.25,0.25,0.125,0.4642857,0.0,0.0,1996–01
north macedonia,2005,4.724088642,2005330,0.0314959,83.68003845,37.32,0.3108,0.125,0.45,0.25,0.25,0.25,0.4642857,0.0,0.0,2002–06
north macedonia,2006,5.137025162,1994287,0.046259259,83.8025589,36.392,0.3146,0.25,0.4,0.25,0.4375,0.5443333,0.5,3.0,1.3862943611198906,2002–06
north macedonia,2007,6.473486858,1982933,0.056397274,84.0014801,35.231,0.3167,0.25,0.4,0.25,0.4375,0.5443333,0.5,1.0,0.6931471805599453,2002–06
north macedonia,2008,5.47200139,1971493,0.014036607,84.03224945,33.93,0.3322,0.25,0.4,0.25,0.4375,0.5403333,0.5,9.0,2.302585092994046,2002–06
north macedonia,2009,-0.358614857,1958782,0.121209889,84.13559723,32.351,0.3339,0.25,0.4,0.25,0.4375,0.5403333,0.5,1.0,0.6931471805599453,2002–06
north macedonia,2010,3.358750858,1946298,0.128177794,85.42838287,33.135,0.3383,0.25,0.4,0.25,0.4375,0.5386666999999999,0.5,0.0,0.0,2007–10
north macedonia,2011,2.339886045,1937398,0.109329249,83.8025589,31.502,0.3411,0.25,0.4,0.25,0.5,0.5386666999999999,0.5,0.0,0.0,2007–10
north macedonia,2012,-0.456183224,1929821,0.091100468,85.83001709,31.096,0.336,0.25,0.4,0.25,0.5,0.5386666999999999,0.5,1.0,0.6931471805599453,2007–10
north macedonia,2013,2.925257665,1922716,0.073808967,83.8025589,29.017,0.3307,0.25,0.4,0.25,0.5,0.5386666999999999,0.5,0.0,0.0,2007–10
north macedonia,2014,3.629123513,1917557,0.064440372,83.69497681,28.215,0.3252,0.25,0.4,0.25,0.5,0.5416667,0.5,3.0,1.3862943611198906,2011–15
north macedonia,2015,3.85586514,1912430,0.07004491,84.98362732,26.395,0.3204,0.25,0.4,0.25,0.5,0.534,0.5357143,4.0,1.6094379124341003,2011–15
north macedonia,2016,2.848205194,1906313,0.056886808,83.8025589,24.312,0.3196,0.25,0.35,0.25,0.375,0.4243333,0.5357143,0.0,0.0,2011–15
north macedonia,2017,1.081772738,1898657,0.056397274,84.6865387,22.857,0.3212,0.25,0.375,0.25,0.5,0.4356667,0.6071428999999999,1.0,0.6931471805599453,2011–15
north macedonia,2018,2.88059671,1889051,0.042799747,83.35339355,21.208,0.3075,0.25,0.375,0.25,0.5,0.4456667,0.6428571,0.0,0.0,2016–20
north macedonia,2019,3.910419538,1876262,0.039403511,82.53128052,17.414,0.3039,0.25,0.4,0.25,0.5,0.449,0.6428571,0.0,0.0,2016–20
north macedonia,2020,-4.68845001,1856124,0.056397274,82.44167328,16.575,0.3039,0.25,0.475,0.25,0.5625,0.4463333,0.6785713999999999,0.0,0.0,2016–20
norway,1996,5.027913076,4381336,0.001904272,113.43094635,5.036,0.2837,0.875,1.0,1.0,1.0,1.0,0.8214286,1.0,0.6931471805599453,1996–01
norway,1998,2.66868661,4431464,0.001904272,113.43094635,3.737,0.2746,0.875,1.0,1.0,1.0,1.0,0.8214286,0.0,0.0,1996–01
norway,2000,3.318945701,4490967,0.002350818,116.4520416,3.458,0.3169,0.875,1.0,1.0,1.0,1.0,0.7857143,0.0,0.0,1996–01
norway,2002,1.377557022,4538159,0.001904272,113.255867,4.022,0.297,0.875,1.0,1.0,1.0,1.0,0.7857143,0.0,0.0,1996–01
norway,2003,0.944909363,4564855,0.002188037,113.3820038,4.221,0.3036,0.875,1.0,1.0,1.0,1.0,0.7857143,1.0,0.6931471805599453,1996–01
norway,2004,4.014588024,4591910,0.002948629,114.0473328,4.256,0.3224,0.75,0.975,1.0,1.0,0.875,0.8928571,0.0,0.0,1996–01
norway,2005,2.685122903,4623291,0.002120723,111.5627518,4.381,0.3694,0.875,1.0,1.0,1.0,1.0,0.9285713999999999,0.0,0.0,2002–06
norway,2006,2.461473116,4660677,0.001645022,111.5276413,3.397,0.3272,0.875,0.975,1.0,1.0,0.985,0.75,1.0,0.6931471805599453,2002–06
norway,2007,2.914040007,4709153,0.001543433,111.6399231,2.493,0.3285,0.875,0.975,1.0,1.0,0.985,0.8035713999999999,0.0,0.0,2002–06
norway,2008,0.48191955,4768212,0.00240151,111.5180588,2.521,0.3336,0.875,0.975,1.0,1.0,0.9893333,0.8571428999999999,0.0,0.0,2002–06
norway,2009,-1.940364726,4828726,0.000869477,111.0684128,3.1,0.3013,0.875,0.975,1.0,1.0,0.9893333,0.8571428999999999,0.0,0.0,2002–06
norway,2010,0.787051861,4889252,0.001509881,112.978569,3.527,0.3177,0.875,0.975,1.0,1.0,0.9933333,0.8571428999999999,1.0,0.6931471805599453,2007–10
norway,2011,1.105656034,4953088,0.001285,113.1698837,3.196,0.3212,0.875,0.975,1.0,1.0,0.9933333,0.8571428999999999,3.0,1.3862943611198906,2007–10
norway,2012,2.717959249,5018573,0.001271743,112.1765366,3.129,0.3233,0.875,0.975,1.0,1.0,0.9976666999999999,0.8571428999999999,0.0,0.0,2007–10
norway,2013,1.01619084,5079623,0.001649021,114.5153809,3.425,0.3174,0.875,0.975,1.0,1.0,0.9976666999999999,0.8571428999999999,0.0,0.0,2007–10
norway,2014,2.048132004,5137232,0.001129212,113.4798889,3.486,0.3161,0.875,0.975,1.0,1.0,0.9976666999999999,0.8571428999999999,0.0,0.0,2011–15
norway,2015,1.857339716,5188607,0.001700492,115.2101212,4.296,0.3002,0.875,0.975,1.0,1.0,0.9976666999999999,0.8571428999999999,0.0,0.0,2011–15
norway,2016,1.164724239,5234519,0.002806733,116.6455078,4.68,0.2994,0.875,0.975,1.0,1.0,0.9976666999999999,0.8571428999999999,0.0,0.0,2011–15
norway,2017,2.463746266,5276968,0.002916525,117.3014603,4.164,0.3025,0.875,0.975,1.0,1.0,0.9956666999999999,0.8571428999999999,1.0,0.6931471805599453,2011–15
norway,2018,0.828931501,5311916,0.002818009,117.7147064,3.801,0.3126,0.875,0.975,1.0,1.0,0.9956666999999999,0.8571428999999999,0.0,0.0,2016–20
norway,2019,1.12374695,5347896,0.001904272,119.4213409,3.684,0.2949,0.875,0.975,1.0,1.0,0.9956666999999999,0.8571428999999999,3.0,1.3862943611198906,2016–20
norway,2020,-1.278171772,5379475,0.00294958,119.9415436,4.424,0.2949,0.875,0.975,1.0,1.0,0.9936666999999999,0.8571428999999999,2.0,1.0986122886681098,2016–20
pakistan,1996,4.846581287,138557092,0.453188829,29.72714605,4.79,0.4116,0.0,0.275,0.25,0.125,0.125,0.3214286,180.0,5.198497031265826,1996–01
pakistan,1998,2.550234298,146522356,0.502841357,29.72714605,5.7,0.4498,0.125,0.375,0.25,0.25,0.125,0.3571429,37.0,3.6375861597263857,1996–01
pakistan,2000,4.260088011,154879127,0.307617727,29.72714605,7.16,0.4358,0.0,0.275,0.25,0.3125,0.125,0.3928571,49.0,3.912023005428146,1996–01
pakistan,2002,2.594816684,163222549,0.307617727,29.72714605,7.83,0.4337,0.125,0.325,0.25,0.125,0.25,0.3214286,46.0,3.8501476017100584,1996–01
pakistan,2003,5.401310873,167110248,0.307617727,19.83852005,7.49,0.4403,0.125,0.325,0.25,0.125,0.25,0.3214286,29.0,3.4011973816621555,1996–01
pakistan,2004,7.83125557,171286000,0.408661049,21.76342964,7.4,0.4437,0.125,0.325,0.25,0.125,0.25,0.3214286,67.0,4.219507705176107,1996–01
pakistan,2005,7.276574436,175453212,0.408080908,22.6038208,7.05,0.4595,0.125,0.325,0.25,0.125,0.25,0.3214286,77.0,4.356708826689592,2002–06
pakistan,2006,6.051637676,179682690,0.307617727,27.24632072,0.582,0.445,0.125,0.325,0.25,0.125,0.2973333,0.3214286,164.0,5.10594547390058,2002–06
pakistan,2007,4.44481434,184493231,0.34867948,29.06343079,0.398,0.4311,0.125,0.3125,0.25,0.09375,0.2556667,0.3214286,260.0,5.564520407322694,2002–06
pakistan,2008,2.120441043,189499113,0.307617727,29.17680931,0.423,0.4226,0.125,0.275,0.25,0.125,0.2266667,0.3214286,568.0,6.343880434126331,2002–06
pakistan,2009,3.472550596,194376534,0.307617727,29.0589695,0.535,0.4179,0.0,0.3,0.25,0.1875,0.2266667,0.3214286,667.0,6.504288173536645,2002–06
pakistan,2010,1.501717522,199239047,0.266555974,29.29629007,0.653,0.4181,0.0,0.3,0.25,0.1875,0.235,0.3571429,713.0,6.570882962339584,2007–10
pakistan,2011,2.680116854,203746065,0.25933522,29.72714605,0.796,0.4213,0.0,0.275,0.25,0.1875,0.235,0.3571429,1012.0,6.920671504248683,2007–10
pakistan,2012,3.027583911,207667125,0.307617727,30.63002014,3.667,0.4164,0.0,0.275,0.25,0.1875,0.2356667,0.3571429,1655.0,7.412160334945205,2007–10
pakistan,2013,4.36686505,211073978,0.212463761,31.54481913,2.954,0.4113,0.125,0.3,0.25,0.1875,0.238,0.3214286,2215.0,7.703459047867175,2007–10
pakistan,2014,4.116428172,214264647,0.307617727,32.65734273,1.827,0.4214,0.125,0.3,0.25,0.25,0.238,0.3214286,2149.0,7.673223121121708,2011–15
pakistan,2015,4.217942096,217290883,0.169114579,34.67414665,3.566,0.4299,0.125,0.3,0.25,0.25,0.23,0.3214286,1243.0,7.126087273299125,2011–15
pakistan,2016,6.573838285,220138869,0.307617727,35.86432467,2.285,0.4252,0.125,0.3,0.25,0.25,0.2276667,0.2857143,864.0,6.762729506931879,2011–15
pakistan,2017,4.432625907,223273967,0.307617727,35.32242487,3.667,0.4211,0.125,0.325,0.25,0.25,0.2253333,0.2857143,719.0,6.579251212010101,2011–15
pakistan,2018,6.151702611,226928892,0.165161711,37.14660633,4.083,0.4172,0.125,0.325,0.25,0.1875,0.2223333,0.2857143,480.0,6.175867270105761,2016–20
pakistan,2019,2.497636929,230800899,0.307617727,38.75115528,4.83,0.4172,0.125,0.3,0.25,0.1875,0.225,0.2857143,363.0,5.8971538676367405,2016–20
pakistan,2020,-1.274087443,235001746,0.307617727,29.72714605,6.74,0.4172,0.125,0.3,0.25,0.3125,0.227,0.2857143,294.0,5.68697535633982,2016–20
panama,1996,4.079702767,2780227,0.075484442,64.41950226,14.32,0.5541,0.25,0.45,0.25,0.6875,0.375,0.5,2.0,1.0986122886681098,1996–01
panama,1998,8.387472033,2893914,0.197690385,69.52535248000001,14.02,0.5541,0.25,0.45,0.25,0.5625,0.375,0.5,0.0,0.0,1996–01
panama,2000,4.209005736,3010369,0.163451011,64.24990845,13.53,0.5541,0.25,0.45,0.25,0.625,0.375,0.5,1.0,0.6931471805599453,1996–01
panama,2002,2.508844088,3129344,0.172103535,67.65699005,14.11,0.5619,0.25,0.6,0.25,0.625,0.5,0.4642857,0.0,0.0,1996–01
panama,2003,5.096860136,3189807,0.167966294,69.52535248000001,13.62,0.562,0.25,0.6,0.25,0.625,0.5,0.4642857,0.0,0.0,1996–01
panama,2004,8.17565351,3251155,0.155436704,67.36534882,12.44,0.5588,0.25,0.625,0.25,0.625,0.625,0.4642857,0.0,0.0,1996–01
panama,2005,8.276183224,3313026,0.145420241,67.52742004,10.33,0.5548,0.25,0.625,0.25,0.5,0.625,0.5,0.0,0.0,2002–06
panama,2006,9.857238739,3375024,0.157188898,67.34541321,9.11,0.5516,0.25,0.625,0.25,0.5,0.6616666999999999,0.5,0.0,0.0,2002–06
panama,2007,13.15306531,3437490,0.129721487,67.69760895,6.78,0.5618,0.25,0.625,0.25,0.5,0.6616666999999999,0.5,0.0,0.0,2002–06
panama,2008,10.19743255,3500648,0.090016612,68.75682831,4.868,0.553,0.25,0.575,0.25,0.5,0.6616666999999999,0.5,0.0,0.0,2002–06
panama,2009,1.611864176,3564381,0.066456666,70.29387665,6.56,0.5446,0.25,0.575,0.25,0.5,0.6616666999999999,0.5,1.0,0.6931471805599453,2002–06
panama,2010,6.073393409,3628535,0.076586061,71.91369758,5.832,0.5455,0.25,0.5499999999999999,0.25,0.5625,0.6549999999999999,0.5,0.0,0.0,2007–10
panama,2011,11.90887722,3693505,0.060812228,71.74122011,3.922,0.5384,0.25,0.5499999999999999,0.25,0.5625,0.6526666999999999,0.5714286,0.0,0.0,2007–10
panama,2012,9.62729355,3759256,0.074382823,69.52535248000001,3.714,0.5325,0.25,0.5499999999999999,0.25,0.5625,0.6526666999999999,0.5714286,0.0,0.0,2007–10
panama,2013,6.324353735,3825329,0.059178907,76.40412903,3.732,0.5398,0.25,0.5499999999999999,0.25,0.5625,0.6526666999999999,0.5714286,0.0,0.0,2007–10
panama,2014,4.625813846,3892101,0.063799582,76.04062653,4.444,0.5319,0.25,0.5499999999999999,0.25,0.5625,0.6526666999999999,0.5714286,0.0,0.0,2011–15
panama,2015,5.266917264,3960035,0.04784474,76.59468079,4.402,0.5282,0.25,0.5499999999999999,0.5,0.75,0.6563333,0.5714286,0.0,0.0,2011–15
panama,2016,4.571966963,4029086,0.047980221,82.60144806,4.843,0.5295,0.25,0.5499999999999999,0.5,0.75,0.6543333,0.5714286,1.0,0.6931471805599453,2011–15
panama,2017,5.74405947,4098707,0.042765778,76.59989929,5.461,0.5299,0.25,0.5499999999999999,0.5,0.75,0.6526666999999999,0.5714286,0.0,0.0,2011–15
panama,2018,3.918198085,4167860,0.037465032,69.52535248000001,5.313,0.5327,0.25,0.525,0.5,0.625,0.6516666999999999,0.5714286,0.0,0.0,2016–20
panama,2019,3.103067933,4234700,0.029157352,69.52535248000001,6.409,0.5258,0.25,0.525,0.5,0.6875,0.6516666999999999,0.5714286,0.0,0.0,2016–20
panama,2020,-17.82122995,4293261,0.075484442,69.52535248000001,18.548,0.5411,0.25,0.5,0.5,0.625,0.6559999999999999,0.5357143,0.0,0.0,2016–20
papua new guinea,1996,7.733695798,4813361,0.628041528,44.55011212,2.62,0.4979,0.25,0.275,0.25,0.25,0.375,0.2857143,10.0,2.3978952727983707,1996–01
papua new guinea,1998,-3.769113218,5166390,0.5750722035,19.92778969,2.62,0.4921,0.125,0.25,0.25,0.25,0.25,0.25,0.0,0.0,1996–01
papua new guinea,2000,-2.494841993,5537064,0.5750722035,44.55011212,2.92,0.4869,0.125,0.25,0.25,0.3125,0.25,0.2857143,0.0,0.0,1996–01
papua new guinea,2002,-0.158900533,5924003,0.5750722035,44.55011212,2.62,0.4812,0.125,0.25,0.25,0.3125,0.25,0.2857143,1.0,0.6931471805599453,1996–01
papua new guinea,2003,2.164102502,6123997,0.5750722035,44.55011212,2.62,0.4784,0.125,0.25,0.25,0.3125,0.25,0.2857143,0.0,0.0,1996–01
papua new guinea,2004,2.721175741,6328041,0.5750722035,44.55011212,2.62,0.4751,0.0,0.3,0.25,0.25,0.25,0.25,0.0,0.0,1996–01
papua new guinea,2005,6.344795923,6535905,0.5750722035,44.55011212,2.62,0.4723,0.0,0.3,0.0,0.25,0.25,0.25,0.0,0.0,2002–06
papua new guinea,2006,5.409944091,6747720,0.5750722035,44.55011212,2.62,0.4695,0.125,0.425,0.25,0.25,0.468,0.5,0.0,0.0,2002–06
papua new guinea,2007,7.815189229,6963345,0.5750722035,44.55011212,2.62,0.4662,0.125,0.425,0.25,0.28125,0.468,0.5,1.0,0.6931471805599453,2002–06
papua new guinea,2008,-0.296457846,7183002,0.5750722035,44.55011212,2.62,0.4619,0.125,0.425,0.25,0.3125,0.468,0.5,0.0,0.0,2002–06
papua new guinea,2009,6.800421483,7406438,0.522102879,44.55011212,2.62,0.457,0.125,0.425,0.25,0.3125,0.468,0.5,0.0,0.0,2002–06
papua new guinea,2010,10.12845407,7633523,0.5750722035,44.55011212,2.002,0.4585,0.125,0.425,0.25,0.3125,0.468,0.5,0.0,0.0,2007–10
papua new guinea,2011,1.107543626,7859346,0.5750722035,44.55011212,2.62,0.4586,0.125,0.425,0.25,0.3125,0.4606667,0.5,0.0,0.0,2007–10
papua new guinea,2012,4.657119597,8081390,0.5750722035,37.0596555,2.62,0.4587,0.125,0.425,0.25,0.3125,0.4606667,0.5,0.0,0.0,2007–10
papua new guinea,2013,3.824946328,8302698,0.5750722035,44.55011212,2.62,0.4585,0.125,0.425,0.25,0.4375,0.462,0.5357143,0.0,0.0,2007–10
papua new guinea,2014,13.54377062,8523441,0.5750722035,44.55011212,2.62,0.4584,0.125,0.45,0.25,0.4375,0.5343333,0.5357143,0.0,0.0,2011–15
papua new guinea,2015,6.578356323,8743246,0.5750722035,44.55011212,2.62,0.4577,0.125,0.425,0.25,0.375,0.5343333,0.5,0.0,0.0,2011–15
papua new guinea,2016,5.489573153,8961718,0.5750722035,44.55011212,2.62,0.4583,0.125,0.4,0.25,0.375,0.5343333,0.5,0.0,0.0,2011–15
papua new guinea,2017,3.534610818,9178714,0.5750722035,44.55011212,2.62,0.4587,0.125,0.4,0.25,0.375,0.5343333,0.5,8.0,2.1972245773362196,2011–15
papua new guinea,2018,-0.279252285,9394513,0.5750722035,44.55011212,2.62,0.4586,0.125,0.4,0.25,0.375,0.5343333,0.5,0.0,0.0,2016–20
papua new guinea,2019,4.480514569,9609010,0.5750722035,46.26684565,2.62,0.4584,0.125,0.4,0.25,0.375,0.5343333,0.5,0.0,0.0,2016–20
papua new guinea,2020,-3.167432044,9815746,0.5750722035,44.55281992,2.62,0.4584,0.25,0.375,0.25,0.375,0.4533333,0.5357143,0.0,0.0,2016–20
paraguay,1996,1.573785132,4687543,0.079131571,46.97792053,8.15,0.5541,0.125,0.3,0.0,0.25,0.375,0.25,0.0,0.0,1996–01
paraguay,1998,0.068037756,4900025,0.079131571,54.63405991,4.417,0.5541,0.0,0.275,0.0,0.25,0.25,0.25,0.0,0.0,1996–01
paraguay,2000,-2.314140568,5100868,0.079131571,64.40962982,7.61,0.5541,0.0,0.275,0.0,0.0625,0.25,0.25,2.0,1.0986122886681098,1996–01
paraguay,2002,-0.021404395,5261328,0.195870464,69.8106308,9.393,0.5619,0.0,0.225,0.0,0.0,0.25,0.25,0.0,0.0,1996–01
paraguay,2003,4.320745486,5326436,0.138278931,67.52102661,6.814,0.562,0.0,0.225,0.0,0.0,0.25,0.25,0.0,0.0,1996–01
paraguay,2004,4.057418364,5388175,0.10718931,68.88598633,6.513,0.5588,0.0,0.275,0.0,0.5,0.25,0.25,0.0,0.0,1996–01
paraguay,2005,2.133490665,5448097,0.100523309,68.87928009,4.825,0.5548,0.125,0.3,0.25,0.5,0.375,0.2857143,0.0,0.0,2002–06
paraguay,2006,4.807117193,5505148,0.140768436,68.66956329,5.277,0.5516,0.25,0.375,0.25,0.5625,0.4553333,0.3928571,0.0,0.0,2002–06
paraguay,2007,5.421622872,5559386,0.125611739,69.01116943,4.713,0.5618,0.25,0.375,0.25,0.5625,0.4553333,0.3928571,0.0,0.0,2002–06
paraguay,2008,6.49629212,5613574,0.079131571,70.53325653,4.415,0.553,0.25,0.375,0.25,0.5625,0.4633333,0.3928571,0.0,0.0,2002–06
paraguay,2009,-0.261137328,5671236,0.091290169,71.52040863,5.46,0.5446,0.25,0.375,0.25,0.5625,0.4633333,0.3928571,0.0,0.0,2002–06
paraguay,2010,11.09523127,5737971,0.093821842,73.16511006,4.569,0.5455,0.25,0.375,0.25,0.5625,0.4633333,0.3928571,2.0,1.0986122886681098,2007–10
paraguay,2011,4.286371207,5814626,0.089433261,75.88269806,4.67,0.5384,0.25,0.375,0.25,0.5625,0.4633333,0.3928571,4.0,1.6094379124341003,2007–10
paraguay,2012,-0.708043112,5897008,0.06437838,82.80020905,4.085,0.5325,0.25,0.375,0.25,0.5625,0.4586667,0.3928571,4.0,1.6094379124341003,2007–10
paraguay,2013,8.293076489,5982445,0.04112851,69.410900115,4.385,0.5398,0.125,0.4,0.25,0.5,0.4586667,0.3928571,10.0,2.3978952727983707,2007–10
paraguay,2014,5.301238645,6069811,0.042667899,69.410900115,5.034,0.5319,0.125,0.4,0.25,0.5,0.4586667,0.3928571,15.0,2.772588722239781,2011–15
paraguay,2015,2.957151684,6159103,0.042111597,69.410900115,4.556,0.5282,0.125,0.4,0.25,0.5625,0.5443333,0.4285714,19.0,2.995732273553991,2011–15
paraguay,2016,4.268025833,6249126,0.041692273,81.86510465,5.255,0.5295,0.25,0.45,0.25,0.5625,0.5423333,0.4642857,15.0,2.772588722239781,2011–15
paraguay,2017,4.810078856,6338660,0.023750721,69.410900115,6.138,0.5299,0.25,0.45,0.25,0.5625,0.5436667,0.4642857,10.0,2.3978952727983707,2011–15
paraguay,2018,3.204250341,6427382,0.030729101,69.410900115,6.217,0.5327,0.25,0.45,0.25,0.5625,0.5413333,0.4642857,4.0,1.6094379124341003,2016–20
paraguay,2019,-0.401855101,6515058,0.024438963,69.410900115,6.595,0.5258,0.25,0.45,0.25,0.5625,0.5413333,0.4642857,0.0,0.0,2016–20
paraguay,2020,-0.819785391,6603739,0.025551215,85.66693092,7.548,0.5411,0.25,0.45,0.25,0.5,0.5393333,0.4642857,2.0,1.0986122886681098,2016–20
peru,1996,2.798973079,24811171,0.112005626,69.56759644,7.07,0.557,0.125,0.35,0.5,0.3125,0.375,0.6785713999999999,42.0,3.7612001156935624,1996–01
peru,1998,-0.391537556,25738095,0.257141599,77.45574188,4.971,0.557,0.125,0.3,0.5,0.4375,0.375,0.6428571,5.0,1.791759469228055,1996–01
peru,2000,2.694371398,26598331,0.255416148,80.84287262,4.069,0.557,0.0,0.325,0.25,0.125,0.25,0.6071428999999999,3.0,1.3862943611198906,1996–01
peru,2002,5.453528938,27288217,0.243925813,85.14640045,4.84,0.622,0.375,0.4,0.25,0.375,0.375,0.5714286,2.0,1.0986122886681098,1996–01
peru,2003,4.165023137,27580490,0.224567286,78.48062134,4.151,0.6748,0.375,0.4,0.0,0.25,0.375,0.5714286,1.0,0.6931471805599453,1996–01
peru,2004,4.958203206,27852190,0.235481954,81.80645752,4.707,0.6065,0.125,0.375,0.0,0.3125,0.375,0.5714286,3.0,1.3862943611198906,1996–01
peru,2005,6.285060325,28101180,0.253752091,82.84992981,4.866,0.5872,0.125,0.3,0.0,0.3125,0.375,0.5357143,2.0,1.0986122886681098,2002–06
peru,2006,7.528899044,28324491,0.218472563,85.8261795,4.172,0.6003,0.25,0.275,0.0,0.4375,0.4536667,0.5357143,1.0,0.6931471805599453,2002–06
peru,2007,8.518387769,28530699,0.188933119,88.90292358,4.078,0.5859,0.25,0.275,0.0,0.46875,0.4536667,0.5535713999999999,4.0,1.6094379124341003,2002–06
peru,2008,9.126568301,28719041,0.158089087,90.26528168,4.025,0.582,0.25,0.275,0.0,0.4375,0.4603333,0.5714286,1.0,0.6931471805599453,2002–06
peru,2009,1.095823659,28896811,0.136733008,93.82800293,3.964,0.5655,0.25,0.325,0.25,0.4375,0.4603333,0.6071428999999999,4.0,1.6094379124341003,2002–06
peru,2010,8.332459107,29086019,0.112005626,96.13037109,3.595,0.567,0.25,0.35,0.5,0.4375,0.4633333,0.6428571,0.0,0.0,2007–10
peru,2011,6.327192402,29304086,0.10339926,97.52314758,3.477,0.5614,0.25,0.325,0.5,0.4375,0.4696667,0.6071428999999999,0.0,0.0,2007–10
peru,2012,6.139724706,29550366,0.095272386,96.43811035,3.238,0.5567,0.25,0.325,0.5,0.4375,0.4656667,0.6071428999999999,9.0,2.302585092994046,2007–10
peru,2013,5.852518211,29817919,0.086165627,101.5838699,3.575,0.5626,0.25,0.35,0.5,0.5,0.468,0.6071428999999999,13.0,2.6390573296152584,2007–10
peru,2014,2.382157372,30115826,0.079933111,99.87338257,3.208,0.5502,0.25,0.375,0.5,0.5,0.468,0.6071428999999999,12.0,2.5649493574615367,2011–15
peru,2015,3.252244772,30457600,0.079580617,100.2515717,3.272,0.5556,0.25,0.375,0.5,0.5,0.4693333,0.6071428999999999,10.0,2.3978952727983707,2011–15
peru,2016,3.953318715,30866494,0.074693276,102.1501236,3.741,0.5611,0.25,0.425,0.5,0.5625,0.4716667,0.6071428999999999,4.0,1.6094379124341003,2011–15
peru,2017,2.518835442,31324637,0.073140625,101.0445786,3.691,0.5971,0.25,0.425,0.5,0.5625,0.4663333,0.6071428999999999,8.0,2.1972245773362196,2011–15
peru,2018,3.969351341,31897584,0.060752501,99.85800934,3.492,0.574,0.25,0.425,0.5,0.625,0.47,0.7142856999999999,5.0,1.791759469228055,2016–20
peru,2019,2.240631769,32449303,0.054192518,99.52971649,3.379,0.5641,0.25,0.425,0.5,0.625,0.47,0.75,1.0,0.6931471805599453,2016–20
peru,2020,-10.9333065,32838579,0.103081566,100.1387024,7.179,0.6565,0.25,0.475,0.5,0.4375,0.4676667,0.75,2.0,1.0986122886681098,2016–20
philippines,1996,5.860347872,72190242,0.231418461,73.71588898,8.564,0.5238,0.375,0.5499999999999999,0.5,0.6875,0.375,0.6428571,61.0,4.127134385045092,1996–01
philippines,1998,-0.5140906,75791024,0.231418461,70.50797272,10.254,0.5271,0.375,0.5499999999999999,0.5,0.5625,0.375,0.6428571,18.0,2.9444389791664403,1996–01
philippines,2000,4.382505001,79625397,0.2732170475,78.54086304,11.189,0.5088,0.25,0.4,0.5,0.1875,0.375,0.5714286,132.0,4.890349128221754,1996–01
philippines,2002,3.716255002,83068889,0.231418461,74.91383362,3.554,0.4949,0.25,0.45,0.5,0.5,0.5,0.5357143,48.0,3.8918202981106265,1996–01
philippines,2003,5.086911135,84731835,0.252934476,76.82196808,3.527,0.4861,0.25,0.425,0.5,0.25,0.375,0.5714286,107.0,4.68213122712422,1996–01
philippines,2004,6.569228512,86394504,0.231418461,78.54086304,3.554,0.4859,0.25,0.4,0.5,0.25,0.375,0.5714286,31.0,3.4657359027997265,1996–01
philippines,2005,4.942505119,88015962,0.231418461,78.30638123,3.795,0.4843,0.25,0.4,0.5,0.25,0.375,0.5714286,25.0,3.258096538021482,2002–06
philippines,2006,5.316416821,89508986,0.269878358,76.95732117,4.052,0.4821,0.25,0.4,0.5,0.25,0.466,0.5714286,58.0,4.07753744390572,2002–06
philippines,2007,6.51929155,91075184,0.231418461,77.07099915,3.434,0.4806,0.25,0.4,0.5,0.25,0.466,0.5714286,65.0,4.189654742026425,2002–06
philippines,2008,4.344487305,92699095,0.231418461,78.0089035,3.72,0.4793,0.25,0.4,0.5,0.25,0.454,0.5714286,276.0,5.6240175061873385,2002–06
philippines,2009,1.448323063,94384250,0.226967338,80.17627716,3.858,0.4799,0.125,0.375,0.5,0.25,0.454,0.5714286,229.0,5.438079308923196,2002–06
philippines,2010,7.33449996,96337125,0.231418461,78.54086304,3.605,0.4792,0.125,0.375,0.5,0.25,0.454,0.5714286,204.0,5.3230099791384085,2007–10
philippines,2011,3.858232828,98248614,0.231418461,78.54086304,3.592,0.4773,0.125,0.375,0.5,0.3125,0.454,0.5714286,151.0,5.0238805208462765,2007–10
philippines,2012,6.896951711,100175512,0.231418461,78.54086304,3.504,0.4756,0.125,0.375,0.5,0.3125,0.46,0.6071428999999999,249.0,5.521460917862246,2007–10
philippines,2013,6.750531301,102076336,0.231418461,78.54086304,3.497,0.4714,0.125,0.375,0.5,0.3125,0.4636667,0.6071428999999999,651.0,6.480044561926653,2007–10
philippines,2014,6.347987483,103767130,0.231418461,81.56403143,3.6,0.4664,0.125,0.4,0.5,0.3125,0.5589999999999999,0.6071428999999999,597.0,6.393590753950631,2011–15
philippines,2015,6.348309717,105312992,0.16785966,82.00852548,3.068,0.4623,0.125,0.4,0.5,0.3125,0.5613332999999999,0.6071428999999999,721.0,6.582025138892826,2011–15
philippines,2016,7.14945675,106735719,0.231418461,82.78375743,2.695,0.4572,0.125,0.375,0.5,0.25,0.5646667,0.5714286,632.0,6.450470422144176,2011–15
philippines,2017,6.930988326,108119693,0.231418461,80.92276001,2.552,0.4516,0.125,0.35,0.5,0.4375,0.4736667,0.5714286,695.0,6.54534966033442,2011–15
philippines,2018,6.341485572,109465287,0.1084562515,79.36224698,2.338,0.446,0.125,0.35,0.5,0.4375,0.4736667,0.5714286,601.0,6.400257445308821,2016–20
philippines,2019,6.118525662,110804683,0.231418461,85.3821866,2.237,0.446,0.125,0.35,0.5,0.4375,0.4713333,0.5714286,467.0,6.148468295917647,2016–20
philippines,2020,-9.51829474,112081264,0.231418461,87.94198795,2.522,0.446,0.25,0.35,0.5,0.5,0.4686667,0.5714286,294.0,5.68697535633982,2016–20
poland,1996,6.093877474,38624370,0.09014,102.4025879,12.343,0.306,0.5,0.725,0.75,0.625,0.75,0.6428571,6.0,1.9459101490553132,1996–01
poland,1998,4.621611338,38663481,0.001838161,102.4025879,9.935,0.3164,0.5,0.725,0.5,0.625,0.75,0.6785713999999999,2.0,1.0986122886681098,1996–01
poland,2000,4.65633253,38258629,0.003423098,100.596077,14.928,0.3306,0.5,0.6749999999999999,0.5,0.625,0.75,0.6428571,0.0,0.0,1996–01
poland,2002,1.90119438,38230364,0.003351772,103.719223,20.211,0.3415,0.5,0.7,0.5,0.75,0.75,0.6428571,0.0,0.0,1996–01
poland,2003,3.523371172,38204570,0.002204801,106.2503586,19.899,0.3512,0.5,0.7,0.5,0.75,0.75,0.6428571,0.0,0.0,1996–01
poland,2004,5.090795464,38182222,0.0157945205,98.4879837,18.822,0.3625,0.375,0.7,0.5,0.75,0.75,0.6785713999999999,0.0,0.0,1996–01
poland,2005,3.260822747,38165445,0.0092795505,101.0859528,17.592,0.3628,0.375,0.7,0.5,0.8125,0.75,0.7142856999999999,0.0,0.0,2002–06
poland,2006,6.202107109,38141267,0.005778109,100.5975571,13.794,0.3706,0.375,0.7,0.5,0.8125,0.7433333,0.7142856999999999,0.0,0.0,2002–06
poland,2007,6.760447853,38120560,0.0036264355,100.348259,9.551,0.3701,0.375,0.7,0.5,0.8125,0.7433333,0.7142856999999999,0.0,0.0,2002–06
poland,2008,4.383770693,38125759,0.002023821,99.95082092,7.069,0.3764,0.375,0.7,0.5,0.8125,0.7433333,0.7142856999999999,0.0,0.0,2002–06
poland,2009,2.615128593,38151603,0.003192718,99.64875793,8.131,0.3634,0.5,0.7,0.5,0.75,0.7433333,0.7142856999999999,0.0,0.0,2002–06
poland,2010,3.168927483,38042794,0.0031255645,100.2077789,9.578,0.3651,0.5,0.7,0.5,0.8125,0.735,0.7142856999999999,1.0,0.6931471805599453,2007–10
poland,2011,5.255462566,38063255,0.0031212765,100.6178513,9.576,0.369,0.5,0.7,0.5,0.8125,0.7373333,0.7142856999999999,0.0,0.0,2007–10
poland,2012,1.511781676,38063164,0.002467582,100.5648575,10.031,0.3672,0.5,0.7,0.5,0.8125,0.7373333,0.7142856999999999,0.0,0.0,2007–10
poland,2013,0.684240607,38040196,0.0029497915,111.5169601,10.293,0.3658,0.5,0.7,0.5,0.8125,0.7373333,0.7142856999999999,0.0,0.0,2007–10
poland,2014,3.920508624,38011735,0.0029952735,110.0310211,8.971,0.3726,0.5,0.7,0.5,0.8125,0.749,0.7142856999999999,0.0,0.0,2011–15
poland,2015,4.431767003,37986412,0.0027119125,109.4147873,7.475,0.3779,0.5,0.7,0.5,0.8125,0.7363333,0.6785713999999999,0.0,0.0,2011–15
poland,2016,3.031177676,37970087,0.0018475275,109.1172485,6.141,0.3744,0.5,0.7,0.5,0.5625,0.7276667,0.6428571,2.0,1.0986122886681098,2011–15
poland,2017,5.152457733,37974826,0.002181307,109.4592209,4.867,0.3709,0.5,0.7,0.5,0.5625,0.7223333,0.6428571,1.0,0.6931471805599453,2011–15
poland,2018,6.245858472,37974750,0.0015723635,110.5419388,3.835,0.3741,0.5,0.7,0.5,0.6875,0.7223333,0.6428571,1.0,0.6931471805599453,2016–20
poland,2019,4.580458173,37965475,0.000584234,109.7533035,3.267,0.3764,0.5,0.6749999999999999,0.5,0.6875,0.6373333,0.6428571,0.0,0.0,2016–20
poland,2020,-2.035568824,37515748,0.001890685,112.5762634,3.155,0.3764,0.5,0.725,0.5,0.75,0.645,0.6785713999999999,2.0,1.0986122886681098,2016–20
portugal,1996,3.504246531,10063945,0.006190363,109.3293266,7.298,0.3601,0.875,0.85,0.75,0.9375,0.875,0.7857143,0.0,0.0,1996–01
portugal,1998,4.80796319,10160196,0.006190363,109.3293266,4.64,0.3675,0.75,0.85,0.75,1.0,0.75,0.8214286,0.0,0.0,1996–01
portugal,2000,3.816177141,10289898,0.006190363,108.3728867,3.806,0.3727,0.75,0.85,0.75,1.0,0.75,0.7857143,0.0,0.0,1996–01
portugal,2002,0.770924781,10419631,0.006190363,109.7944717,4.497,0.379,0.75,0.85,0.75,1.0,0.75,0.7857143,0.0,0.0,1996–01
portugal,2003,-0.930521045,10458821,0.010826147,108.3112335,6.132,0.3735,0.75,0.85,0.5,1.0,0.75,0.7857143,0.0,0.0,1996–01
portugal,2004,1.788735529,10483861,0.006648847,95.08312988,6.319,0.392,0.75,0.875,0.5,0.9375,0.75,0.7857143,0.0,0.0,1996–01
portugal,2005,0.781847569,10503330,0.007043592,96.43460083,7.582,0.3865,0.625,0.875,0.5,0.9375,0.75,0.75,0.0,0.0,2002–06
portugal,2006,1.62503533,10522288,0.001753897,95.6554184,7.649,0.393,0.375,0.7999999999999999,0.5,0.75,0.772,0.6785713999999999,0.0,0.0,2002–06
portugal,2007,2.506579378,10542964,0.006144971,99.30796051,7.965,0.3929,0.5,0.7999999999999999,0.5,0.75,0.772,0.7142856999999999,0.0,0.0,2002–06
portugal,2008,0.319247344,10558177,0.00347878,101.6095581,7.553,0.378,0.5,0.7999999999999999,0.5,0.6875,0.7683333,0.75,0.0,0.0,2002–06
portugal,2009,-3.122078275,10568247,0.00170344,105.0830994,9.432,0.3732,0.5,0.7999999999999999,0.5,0.6875,0.7683333,0.75,0.0,0.0,2002–06
portugal,2010,1.737624536,10573100,0.00219675,107.5233307,10.771,0.3777,0.5,0.7999999999999999,0.5,0.6875,0.7673333,0.75,0.0,0.0,2007–10
portugal,2011,-1.713527459,10557560,0.006235755,108.8641815,12.715,0.3815,0.5,0.7999999999999999,0.5,0.625,0.7603333,0.75,2.0,1.0986122886681098,2007–10
portugal,2012,-4.050902676,10514844,0.008823911,110.2533722,15.509,0.3671,0.5,0.7999999999999999,0.5,0.625,0.75,0.75,0.0,0.0,2007–10
portugal,2013,-0.984106574,10457295,0.010437044,118.9329605,16.237,0.3731,0.5,0.7999999999999999,0.5,0.625,0.755,0.8214286,0.0,0.0,2007–10
portugal,2014,0.741391421,10401062,0.007766962,114.9012909,13.88,0.373,0.5,0.7999999999999999,0.5,0.75,0.7596666999999999,0.7857143,0.0,0.0,2011–15
portugal,2015,1.589798037,10358076,0.007302582,116.8045883,12.405,0.3706,0.5,0.825,0.75,0.875,0.7596666999999999,0.8571428999999999,0.0,0.0,2011–15
portugal,2016,2.004141297,10325452,0.004100629,115.4884186,11.058,0.3719,0.5,0.825,0.75,0.875,0.762,0.8571428999999999,0.0,0.0,2011–15
portugal,2017,3.314720082,10300300,0.004408294,117.2353287,8.878,0.3748,0.5,0.825,0.75,0.875,0.7613333,0.8571428999999999,0.0,0.0,2011–15
portugal,2018,2.946283434,10283822,0.003823886,118.2883377,6.966,0.3655,0.5,0.825,0.5,0.875,0.7613333,0.8214286,0.0,0.0,2016–20
portugal,2019,2.745684326,10286263,0.001849147,119.519371,6.422,0.356,0.5,0.825,0.5,0.875,0.7676666999999999,0.8214286,0.0,0.0,2016–20
portugal,2020,-8.204631593,10297081,0.006367835,118.682869,6.85,0.356,0.5,0.85,0.5,0.875,0.8466667,0.7857143,1.0,0.6931471805599453,2016–20
qatar,1996,4.37391057,529019,0.0,97.44147524,0.29500000000000004,0.5523,0.25,0.35,0.5,0.1875,0.25,0.3214286,1.0,0.6931471805599453,1996–01
qatar,1998,11.21865244,580540,0.0,97.44147524,0.29500000000000004,0.5523,0.25,0.45,0.5,0.8125,0.375,0.3214286,0.0,0.0,1996–01
qatar,2000,8.028125452,644989,0.0,97.44147524,0.29500000000000004,0.5523,0.5,0.6,0.5,0.8125,0.375,0.3214286,1.0,0.6931471805599453,1996–01
qatar,2002,7.18215168,711205,0.0,87.48439026,0.29500000000000004,0.5523,0.5,0.6,0.5,0.6875,0.5,0.3571429,0.0,0.0,1996–01
qatar,2003,3.719958677,744682,0.0,88.70198059,0.29500000000000004,0.5523,0.5,0.625,0.5,0.75,0.5,0.3571429,0.0,0.0,1996–01
qatar,2004,19.21891534,773332,0.0,90.05525208,1.48,0.5523,0.5,0.575,0.5,0.75,0.5,0.3571429,0.0,0.0,1996–01
qatar,2005,7.492758483,825408,0.0,90.05448151,0.29500000000000004,0.5523,0.5,0.625,0.5,0.75,0.5,0.3928571,1.0,0.6931471805599453,2002–06
qatar,2006,26.17024567,972831,0.0,91.35224915,0.87,0.5523,0.5,0.65,0.5,0.8125,0.426,0.3928571,0.0,0.0,2002–06
qatar,2007,17.98565682,1208595,0.0,91.99156952,0.52,0.5523,0.5,0.6625,0.5,0.84375,0.426,0.3928571,0.0,0.0,2002–06
qatar,2008,17.66355636,1426938,0.0,97.62886047,0.31,0.5547,0.625,0.6749999999999999,0.5,0.875,0.4306667,0.6428571,0.0,0.0,2002–06
qatar,2009,11.95656113,1608903,0.0,97.20149994,0.31,0.5571,0.75,0.75,0.5,0.875,0.514,0.6428571,0.0,0.0,2002–06
qatar,2010,19.59217448,1616832,0.0,98.15017872,0.45,0.5594,0.75,0.75,0.5,0.875,0.5196666999999999,0.6428571,0.0,0.0,2007–10
qatar,2011,13.37523455,1624761,0.0,96.46768676,0.56,0.5616,0.5,0.725,0.5,0.875,0.5226666999999999,0.6071428999999999,0.0,0.0,2007–10
qatar,2012,4.730085137,1722438,0.0,98.61398083,0.48,0.5637,0.5,0.725,0.25,0.875,0.5226666999999999,0.6071428999999999,0.0,0.0,2007–10
qatar,2013,5.556103642,1916426,0.0,97.36637788,0.28,0.5637,0.5,0.7,0.5,0.875,0.4393333,0.5714286,0.0,0.0,2007–10
qatar,2014,5.334341598,2151745,0.0,97.88453113,0.2,0.5637,0.5,0.7,0.5,0.875,0.4393333,0.5714286,0.0,0.0,2011–15
qatar,2015,4.753323729,2344557,0.0,101.9468307,0.17,0.5637,0.5,0.7,0.5,0.8125,0.4393333,0.5714286,1.0,0.6931471805599453,2011–15
qatar,2016,3.064105032,2477113,0.0,97.44147524,0.15,0.5637,0.5,0.7,0.5,0.8125,0.4393333,0.5714286,0.0,0.0,2011–15
qatar,2017,-1.497562091,2545820,0.0,101.9896941,0.14,0.5637,0.5,0.6749999999999999,0.5,0.6875,0.3563333,0.5714286,0.0,0.0,2011–15
qatar,2018,1.23483197,2580734,0.0,102.1549014,0.11,0.5637,0.5,0.65,0.5,0.6875,0.273,0.5357143,0.0,0.0,2016–20
qatar,2019,0.688255894,2638657,0.0,105.1625675,0.1,0.5637,0.625,0.65,0.5,0.6875,0.273,0.5714286,0.0,0.0,2016–20
qatar,2020,-3.557502843,2794148,0.0,105.8693284,0.14,0.5637,0.625,0.7,0.5,0.6875,0.2746667,0.6071428999999999,0.0,0.0,2016–20
romania,1996,3.907702088,22619004,0.0463733345,87.471019745,6.74,0.3622,0.25,0.5,0.0,0.5625,0.375,0.5,0.0,0.0,1996–01
romania,1998,-2.029812906,22507344,0.035570662,87.471019745,5.63,0.3835,0.125,0.425,0.0,0.4375,0.25,0.5,0.0,0.0,1996–01
romania,2000,2.461263459,22442971,0.118997743,82.38330078,6.969,0.3594,0.125,0.4,0.0,0.25,0.25,0.5,0.0,0.0,1996–01
romania,2002,5.70299165,21730496,0.090992076,84.9503479,8.112,0.379,0.25,0.45,0.25,0.625,0.375,0.4285714,0.0,0.0,1996–01
romania,2003,2.341147329,21574326,0.070085744,84.22077179,6.95,0.4109,0.25,0.475,0.0,0.625,0.375,0.3928571,0.0,0.0,1996–01
romania,2004,10.42811302,21451748,0.052516174,82.5846405,7.719,0.4057,0.25,0.5,0.0,0.6875,0.5,0.3928571,0.0,0.0,1996–01
romania,2005,4.668148051,21319685,0.041573018,81.05947876,7.174,0.4156,0.25,0.525,0.0,0.75,0.5,0.4642857,0.0,0.0,2002–06
romania,2006,8.028811076,21193760,0.0758844595,85.68206024,7.27,0.4139,0.25,0.525,0.0,0.75,0.5686667,0.5714286,0.0,0.0,2002–06
romania,2007,7.233807744,20882982,0.0544928155,84.26036072,6.413,0.453,0.25,0.525,0.0,0.8125,0.5686667,0.6071428999999999,0.0,0.0,2002–06
romania,2008,9.307467171,20537875,0.036238236,94.53840637,5.787,0.4509,0.25,0.525,0.0,0.8125,0.5686667,0.6071428999999999,1.0,0.6931471805599453,2002–06
romania,2009,-5.516706158,20367487,0.030946702,103.3932419,6.859,0.4519,0.25,0.525,0.0,0.625,0.5686667,0.6071428999999999,0.0,0.0,2002–06
romania,2010,-3.905811573,20246871,0.0376772015,102.4679031,6.959,0.4023,0.25,0.525,0.25,0.625,0.5533333,0.6071428999999999,0.0,0.0,2007–10
romania,2011,4.495589099,20147528,0.040298834,100.7359009,7.177,0.4031,0.25,0.525,0.25,0.625,0.5513333,0.6071428999999999,0.0,0.0,2007–10
romania,2012,1.903616968,20058035,0.0463733345,97.45037079,6.794,0.422,0.25,0.525,0.25,0.625,0.5513333,0.6071428999999999,0.0,0.0,2007–10
romania,2013,0.278771877,19983693,0.0485649895,95.69889832,7.096,0.4098,0.25,0.575,0.25,0.6875,0.5513333,0.6785713999999999,0.0,0.0,2007–10
romania,2014,4.116001093,19908979,0.088859229,93.53399658,6.802,0.4275,0.25,0.575,0.25,0.6875,0.5559999999999999,0.6785713999999999,0.0,0.0,2011–15
romania,2015,3.157036054,19815616,0.075997445,91.33770752,6.812,0.4249,0.25,0.575,0.25,0.75,0.5559999999999999,0.6785713999999999,0.0,0.0,2011–15
romania,2016,2.859932523,19702267,0.0261118155,88.7795105,5.901,0.3872,0.25,0.575,0.25,0.75,0.5539999999999999,0.6785713999999999,0.0,0.0,2011–15
romania,2017,8.195478266,19588715,0.048952637,88.38432312,4.927,0.3941,0.25,0.625,0.25,0.6875,0.5479999999999999,0.6785713999999999,0.0,0.0,2011–15
romania,2018,5.394522282,19473970,0.01869127,86.55771637,4.187,0.4097,0.25,0.6,0.25,0.6875,0.5459999999999999,0.6785713999999999,0.0,0.0,2016–20
romania,2019,3.960289585,19371648,0.0154622815,86.40740967,3.912,0.4112,0.25,0.6,0.25,0.8125,0.5496667,0.6785713999999999,0.0,0.0,2016–20
romania,2020,-3.59802546,19265250,0.0121462725,86.41687775,5.035,0.4112,0.25,0.6,0.25,0.8125,0.5466667,0.6428571,0.0,0.0,2016–20
rwanda,2006,9.227075768,9299246,0.652409959,18.19928932,11.236,0.6163,0.375,0.425,0.25,0.4375,0.294,0.4642857,0.0,0.0,2002–06
rwanda,2007,7.633298191,9549933,0.652409959,20.38500023,11.236,0.6082,0.375,0.425,0.25,0.5625,0.294,0.4642857,0.0,0.0,2002–06
rwanda,2008,11.16124732,9804269,0.652409959,22.10143089,11.236,0.6002,0.375,0.45,0.25,0.5625,0.2903333,0.4642857,1.0,0.6931471805599453,2002–06
rwanda,2009,6.248257506,10060432,0.652409959,26.55381966,11.236,0.5921,0.375,0.35,0.25,0.5625,0.207,0.3928571,1.0,0.6931471805599453,2002–06
rwanda,2010,7.33465645,10317553,0.701623254,32.40290833,11.236,0.584,0.375,0.325,0.25,0.5625,0.1916667,0.3928571,8.0,2.1972245773362196,2007–10
rwanda,2011,7.958388698,10573733,0.652409959,36.62100983,11.236,0.5772,0.375,0.325,0.25,0.5625,0.1916667,0.4285714,2.0,1.0986122886681098,2007–10
rwanda,2012,8.641508158,10829901,0.652409959,39.66276932,11.236,0.5705,0.375,0.325,0.25,0.5625,0.1953333,0.4285714,6.0,1.9459101490553132,2007–10
rwanda,2013,4.71984857,11093340,0.652409959,30.20928649,11.236,0.5637,0.375,0.35,0.25,0.5625,0.196,0.4285714,4.0,1.6094379124341003,2007–10
rwanda,2014,6.167166152,11364757,0.652409959,41.82186549,1.169,0.5537,0.375,0.375,0.25,0.5625,0.1916667,0.4642857,2.0,1.0986122886681098,2011–15
rwanda,2015,8.856855597,11640022,0.652409959,39.40990429,11.236,0.5436,0.375,0.4,0.25,0.5625,0.1856667,0.4642857,0.0,0.0,2011–15
rwanda,2016,5.970745254,11919183,0.638438187,38.50623858,11.236,0.5336,0.375,0.4,0.25,0.5625,0.1856667,0.4642857,1.0,0.6931471805599453,2011–15
rwanda,2017,3.918170936,12202060,0.652409959,39.6912129,11.875,0.5309,0.375,0.4,0.5,0.5625,0.1896667,0.4642857,2.0,1.0986122886681098,2011–15
rwanda,2018,8.516467226,12487996,0.652409959,41.17969406,10.759,0.5282,0.375,0.425,0.5,0.5625,0.195,0.4642857,5.0,1.791759469228055,2016–20
rwanda,2019,9.447385186,12776103,0.652409959,44.07790325,11.236,0.5255,0.375,0.425,0.5,0.5625,0.1886667,0.4642857,3.0,1.3862943611198906,2016–20
rwanda,2020,-3.373687464,13065837,0.652409959,37.563624204999996,11.829,0.5227,0.375,0.425,0.5,0.5625,0.1866667,0.4642857,1.0,0.6931471805599453,2016–20
saudi arabia,1996,3.304682542,13831009,0.057169535,102.9792006,5.622,0.5146,0.0,0.4,0.25,0.4375,0.0,0.5357143,1.0,0.6931471805599453,1996–01
saudi arabia,1998,2.80381184,14922185,0.057169535,102.9792006,5.622,0.5146,0.0,0.4,0.25,0.5,0.0,0.5357143,0.0,0.0,1996–01
saudi arabia,2000,4.718134221,16177722,0.057169535,102.9792006,4.57,0.5146,0.0,0.35,0.25,0.4375,0.0,0.5714286,5.0,1.791759469228055,1996–01
saudi arabia,2002,-0.68839013,17910910,0.057169535,102.9792006,5.265,0.5146,0.125,0.5,0.25,0.5625,0.125,0.3928571,2.0,1.0986122886681098,1996–01
saudi arabia,2003,8.768733817,18786767,0.057169535,102.9792006,5.563,0.5146,0.125,0.5,0.25,0.5625,0.125,0.4642857,8.0,2.1972245773362196,1996–01
saudi arabia,2004,8.631005459,19669480,0.057169535,102.9792006,5.822,0.5146,0.125,0.475,0.25,0.3125,0.125,0.4642857,17.0,2.8903717578961645,1996–01
saudi arabia,2005,5.944896239,20559890,0.057169535,87.14816284,6.051,0.5146,0.125,0.475,0.25,0.375,0.125,0.4642857,1.0,0.6931471805599453,2002–06
saudi arabia,2006,3.313484736,21459144,0.057169535,102.9792006,6.254,0.5146,0.125,0.45,0.25,0.4375,0.1473333,0.4285714,3.0,1.3862943611198906,2002–06
saudi arabia,2007,2.213653964,22368313,0.057169535,91.67581177,5.734,0.5146,0.125,0.45,0.25,0.4375,0.1473333,0.4285714,1.0,0.6931471805599453,2002–06
saudi arabia,2008,6.237987537,23287877,0.057169535,102.9792006,5.085,0.5146,0.125,0.45,0.25,0.4375,0.1466667,0.4285714,0.0,0.0,2002–06
saudi arabia,2009,-1.066717112,24217654,0.057169535,99.75537872,5.377,0.5146,0.125,0.45,0.25,0.4375,0.1466667,0.4285714,3.0,1.3862943611198906,2002–06
saudi arabia,2010,5.039515082,23978487,0.057169535,102.9792006,5.55,0.5146,0.125,0.475,0.25,0.5,0.1446667,0.4285714,0.0,0.0,2007–10
saudi arabia,2011,11.75882069,25091867,0.057169535,102.9792006,5.622,0.5146,0.125,0.475,0.25,0.5625,0.059,0.4642857,2.0,1.0986122886681098,2007–10
saudi arabia,2012,5.761573823,26168861,0.057169535,102.9792006,5.622,0.5146,0.125,0.525,0.25,0.5625,0.057,0.4642857,6.0,1.9459101490553132,2007–10
saudi arabia,2013,2.945637892,27624004,0.057169535,93.01689052,5.6,0.5146,0.125,0.525,0.25,0.5625,0.0606667,0.5,6.0,1.9459101490553132,2007–10
saudi arabia,2014,4.024671584,28309273,0.057169535,98.84960915,5.877,0.5146,0.25,0.5499999999999999,0.25,0.5625,0.0606667,0.5,14.0,2.70805020110221,2011–15
saudi arabia,2015,4.655123167,29816382,0.057169535,102.9792006,5.6,0.5146,0.25,0.5499999999999999,0.25,0.5625,0.0643333,0.5,104.0,4.653960350157523,2011–15
saudi arabia,2016,1.704047392,30954198,0.057169535,105.4915502,5.6,0.5146,0.375,0.5499999999999999,0.25,0.5625,0.0643333,0.5357143,134.0,4.90527477843843,2011–15
saudi arabia,2017,1.182107059,30977355,0.057169535,106.244904,5.89,0.5146,0.375,0.5,0.25,0.625,0.1476667,0.5714286,57.0,4.060443010546419,2011–15
saudi arabia,2018,3.22695089,30196281,0.057169535,106.3762116,6.029,0.5146,0.375,0.525,0.25,0.6875,0.231,0.5714286,94.0,4.553876891600541,2016–20
saudi arabia,2019,1.651589256,30063799,0.057169535,104.0482578,5.636,0.5146,0.375,0.525,0.25,0.6875,0.231,0.5714286,43.0,3.784189633918261,2016–20
saudi arabia,2020,-3.80478902,31552510,0.057169535,104.4110274,7.66,0.5146,0.375,0.525,0.25,0.625,0.236,0.5357143,60.0,4.110873864173311,2016–20
senegal,1996,2.019977209,9067014,0.532875211,14.06694031,4.455,0.4945,0.25,0.375,0.25,0.1875,0.375,0.4642857,0.0,0.0,1996–01
senegal,1998,5.898479318,9502952,0.532875211,13.80543995,4.455,0.5014,0.375,0.5,0.25,0.125,0.375,0.4642857,1.0,0.6931471805599453,1996–01
senegal,2000,3.887210958,9968260,0.532875211,15.20925045,4.455,0.5083,0.375,0.5,0.25,0.1875,0.375,0.4642857,4.0,1.6094379124341003,1996–01
senegal,2002,0.068696575,10466214,0.532875211,16.92816925,5.65,0.4994,0.625,0.6,0.25,0.4375,0.5,0.5,3.0,1.3862943611198906,1996–01
senegal,2003,5.593950945,10721176,0.532875211,33.914381025,4.455,0.4871,0.25,0.475,0.25,0.4375,0.375,0.4285714,0.0,0.0,1996–01
senegal,2004,4.643293937,10975704,0.532875211,19.96574974,4.455,0.4747,0.25,0.475,0.25,0.4375,0.375,0.4285714,0.0,0.0,1996–01
senegal,2005,4.310238526,11235472,0.535722246,22.24824905,4.455,0.4623,0.25,0.5,0.25,0.5,0.5,0.4285714,1.0,0.6931471805599453,2002–06
senegal,2006,2.330770983,11500094,0.532875211,24.22088051,10.03,0.4639,0.25,0.375,0.25,0.5625,0.429,0.3214286,0.0,0.0,2002–06
senegal,2007,2.827119201,11770344,0.532875211,33.914381025,4.455,0.4655,0.25,0.375,0.25,0.5625,0.429,0.3214286,1.0,0.6931471805599453,2002–06
senegal,2008,3.703169064,12048959,0.532875211,30.7020607,4.455,0.4671,0.375,0.325,0.5,0.5,0.429,0.3928571,2.0,1.0986122886681098,2002–06
senegal,2009,2.752104485,12337389,0.532875211,33.914381025,4.455,0.4687,0.375,0.35,0.5,0.5,0.429,0.3571429,3.0,1.3862943611198906,2002–06
senegal,2010,3.390889253,12635413,0.532875211,37.12670135,4.455,0.4702,0.25,0.325,0.5,0.3125,0.4256667,0.3214286,1.0,0.6931471805599453,2007–10
senegal,2011,1.33409108,12958897,0.532875211,42.63689832,2.853,0.4718,0.25,0.325,0.5,0.375,0.4336667,0.3214286,4.0,1.6094379124341003,2007–10
senegal,2012,4.002995551,13310495,0.532875211,46.41586771,4.455,0.4723,0.25,0.35,0.5,0.75,0.453,0.3214286,12.0,2.5649493574615367,2007–10
senegal,2013,2.412385276,13710849,0.532875211,49.07765949,4.455,0.4728,0.25,0.35,0.5,0.75,0.455,0.3214286,3.0,1.3862943611198906,2007–10
senegal,2014,6.224074438,14152102,0.532875211,50.54693138,4.455,0.4733,0.375,0.375,0.5,0.75,0.455,0.3214286,2.0,1.0986122886681098,2011–15
senegal,2015,6.367043651,14593331,0.532875211,50.53805161,6.757,0.4738,0.375,0.375,0.5,0.625,0.4526667,0.3571429,2.0,1.0986122886681098,2011–15
senegal,2016,6.356068572,15034521,0.532875211,33.914381025,4.455,0.4743,0.375,0.375,0.5,0.625,0.457,0.3571429,0.0,0.0,2011–15
senegal,2017,7.407486186,15475002,0.532875211,33.914381025,4.078,0.4748,0.375,0.375,0.5,0.625,0.455,0.3571429,0.0,0.0,2011–15
senegal,2018,6.209241034,15914498,0.191496989,33.914381025,4.455,0.4753,0.375,0.375,0.5,0.625,0.455,0.3571429,3.0,1.3862943611198906,2016–20
senegal,2019,4.613628097,16352922,0.532875211,44.46245526,2.863,0.4671,0.375,0.375,0.5,0.625,0.4436667,0.3571429,1.0,0.6931471805599453,2016–20
senegal,2020,1.342073773,16789219,0.532875211,44.78662978,4.455,0.4589,0.375,0.375,0.5,0.625,0.439,0.2857143,0.0,0.0,2016–20
serbia,1996,6.164962538,7622185,0.01561236025,91.862815855,13.2,0.324,0.0,0.15,0.25,0.0625,0.125,0.2857143,0.0,0.0,1996–01
serbia,1998,5.342639703,7567745,0.01561236025,91.862815855,13.7,0.3321,0.0,0.15,0.0,0.0,0.125,0.2857143,0.0,0.0,1996–01
serbia,2000,6.055089729,7516346,0.01561236025,91.18826294,12.6,0.3828,0.125,0.175,0.0,0.125,0.125,0.25,0.0,0.0,1996–01
serbia,2002,6.541046003,7500031,0.004229091,88.70987701,13.8,0.3588,0.0,0.09999999999999999,0.0,0.4375,0.125,0.25,0.0,0.0,1996–01
serbia,2003,4.559689979,7480591,0.008549827,88.29438019,15.2,0.3665,0.0,0.09999999999999999,0.0,0.4375,0.125,0.25,0.0,0.0,1996–01
serbia,2004,6.686868369,7463157,0.012327886,88.1681366,18.5,0.3788,0.0,0.125,0.25,0.375,0.125,0.2857143,0.0,0.0,1996–01
serbia,2005,5.903496229,7440769,0.016416659,88.59040833,20.85,0.3846,0.0,0.125,0.25,0.3125,0.125,0.2857143,0.0,0.0,2002–06
serbia,2006,3.900666446,7411569,0.009439949,88.95658112,20.85,0.387,0.25,0.375,0.25,0.3125,0.4706667,0.4285714,0.0,0.0,2002–06
serbia,2007,7.83207023,7381579,0.006294723,89.4373703,18.06,0.396,0.25,0.375,0.25,0.375,0.4706667,0.4285714,0.0,0.0,2002–06
serbia,2008,5.160893272,7350222,0.002885629,90.46381378,13.67,0.3941,0.25,0.375,0.25,0.375,0.4663333,0.4285714,4.0,1.6094379124341003,2002–06
serbia,2009,-3.142610754,7320807,0.006014689,91.48445892,16.116,0.3806,0.25,0.4,0.25,0.375,0.5496667,0.4285714,3.0,1.3862943611198906,2002–06
serbia,2010,1.610972814,7291436,0.003454119,91.42762756,19.204,0.384,0.25,0.4,0.25,0.375,0.5443333,0.4285714,1.0,0.6931471805599453,2007–10
serbia,2011,0.054272484,7236519,0.01561236025,93.63105011,22.959,0.3864,0.25,0.4,0.25,0.375,0.5443333,0.4285714,0.0,0.0,2007–10
serbia,2012,-0.443956071,7201497,0.071459499,94.1696167,24.0,0.4022,0.25,0.4,0.25,0.375,0.5443333,0.4285714,3.0,1.3862943611198906,2007–10
serbia,2013,0.451578805,7166553,0.042499931,94.40921021,22.154,0.4036,0.25,0.475,0.25,0.5,0.639,0.3928571,0.0,0.0,2007–10
serbia,2014,-1.804270417,7131787,0.088788545,94.34441376,19.223,0.4211,0.25,0.5,0.25,0.5,0.6403333,0.5357143,0.0,0.0,2011–15
serbia,2015,1.295738635,7095383,0.04316440749999999,96.66960907,17.66,0.4066,0.25,0.575,0.25,0.6875,0.6403333,0.5714286,0.0,0.0,2011–15
serbia,2016,2.975198072,7058322,0.080929607,96.23473358,15.257,0.4178,0.25,0.5499999999999999,0.25,0.625,0.6356666999999999,0.5714286,0.0,0.0,2011–15
serbia,2017,2.363403125,7020858,0.066460147,95.49508667,13.477,0.3736,0.25,0.525,0.25,0.625,0.6303333,0.5714286,1.0,0.6931471805599453,2011–15
serbia,2018,4.649350355,6982604,0.021422292,95.08724213,12.733,0.3536,0.25,0.525,0.25,0.625,0.6303333,0.5714286,2.0,1.0986122886681098,2016–20
serbia,2019,4.750207939,6945235,0.0148080615,94.47219086,10.395,0.3789,0.25,0.525,0.25,0.625,0.6303333,0.5714286,0.0,0.0,2016–20
serbia,2020,-0.950023992,6899126,0.020365922,92.24117279,9.011,0.3789,0.25,0.525,0.25,0.5625,0.624,0.5714286,0.0,0.0,2016–20
seychelles,2004,-2.850453977,82475,0.006736329,73.78370667,3.965,0.5172,0.375,0.625,0.5,0.8125,0.75,0.2857143,0.0,0.0,1996–01
seychelles,2005,9.005761737,82858,0.006736329,78.74212646,5.5,0.5164,0.375,0.625,0.5,0.8125,0.75,0.2857143,0.0,0.0,2002–06
seychelles,2006,9.406128557,84600,0.006121244,72.13995361,3.965,0.5156,0.375,0.575,0.5,0.8125,0.75,0.2857143,0.0,0.0,2002–06
seychelles,2007,8.876066456,85033,0.006736329,75.90184021,3.965,0.5272,0.375,0.5625,0.5,0.8125,0.6875,0.3214286,0.0,0.0,2002–06
seychelles,2008,-2.725946262,86956,0.006736329,72.87213898,3.965,0.5389,0.375,0.5499999999999999,0.5,0.8125,0.625,0.3214286,0.0,0.0,2002–06
seychelles,2009,-2.479375947,87298,0.006736329,72.26634979,3.965,0.5505,0.375,0.5,0.5,0.8125,0.625,0.4285714,0.0,0.0,2002–06
seychelles,2010,4.505132043,89770,0.006736329,70.69724274,3.965,0.5621,0.375,0.5,0.5,0.875,0.625,0.5,0.0,0.0,2007–10
seychelles,2011,9.509783352,87441,0.006736329,74.4660804,4.11,0.5738,0.375,0.5,0.5,0.875,0.625,0.4642857,0.0,0.0,2007–10
seychelles,2012,3.110678494,88303,0.006736329,72.67632294,3.965,0.5854,0.375,0.5,0.5,0.875,0.625,0.4642857,0.0,0.0,2007–10
seychelles,2013,1.253734962,89949,0.015764602,84.69742639,3.965,0.5971,0.375,0.5,0.5,0.875,0.625,0.4642857,0.0,0.0,2007–10
seychelles,2014,4.063691812,91359,0.006736329,89.3980344,3.841,0.554,0.375,0.525,0.5,0.875,0.625,0.4642857,0.0,0.0,2011–15
seychelles,2015,8.914008875,93419,0.006736329,92.09116951,4.151,0.5108,0.5,0.5499999999999999,0.5,0.8125,0.625,0.5714286,0.0,0.0,2011–15
seychelles,2016,12.11752725,94677,0.006736329,101.712798,3.965,0.4677,0.5,0.5499999999999999,0.5,0.8125,0.625,0.5714286,0.0,0.0,2011–15
seychelles,2017,6.954162188,95843,0.006736329,112.3112128,3.715,0.4246,0.5,0.5499999999999999,0.5,0.8125,0.625,0.6071428999999999,0.0,0.0,2011–15
seychelles,2018,4.939472723,96762,0.006736329,108.2740601,3.528,0.3814,0.5,0.5499999999999999,0.5,0.75,0.625,0.6071428999999999,0.0,0.0,2016–20
seychelles,2019,5.514292074,97625,0.006736329,100.8258775,2.966,0.3814,0.625,0.5499999999999999,0.5,0.75,0.625,0.6071428999999999,0.0,0.0,2016–20
seychelles,2020,-11.73986083,98462,0.006736329,102.1881838,4.311,0.3814,0.625,0.5499999999999999,0.5,0.75,0.625,0.6071428999999999,0.0,0.0,2016–20
sierra leone,2009,1.53080324,6055646,0.475913889,42.1386795,3.935,0.4377,0.125,0.3,0.0,0.4375,0.3036667,0.3571429,0.0,0.0,2002–06
sierra leone,2010,6.355665958,6222714,0.475913889,42.1386795,3.935,0.43,0.125,0.325,0.0,0.5,0.4003333,0.3571429,0.0,0.0,2007–10
sierra leone,2011,8.100655187,6387251,0.536975781,40.42356873,3.935,0.4224,0.125,0.325,0.0,0.5,0.4003333,0.3928571,0.0,0.0,2007–10
sierra leone,2012,10.57833166,6551080,0.475913889,44.55229187,3.935,0.4281,0.125,0.3,0.0,0.375,0.3236667,0.3928571,0.0,0.0,2007–10
sierra leone,2013,14.66332381,6714051,0.475913889,39.22378922,3.935,0.4338,0.125,0.3,0.0,0.5625,0.3213333,0.3571429,0.0,0.0,2007–10
sierra leone,2014,-7.815015125,6876385,0.475913889,42.1386795,4.678,0.4395,0.125,0.3,0.0,0.5,0.3186667,0.3571429,0.0,0.0,2011–15
sierra leone,2015,-4.363332621,7037655,0.475913889,39.8463707,3.935,0.4453,0.25,0.3,0.0,0.5625,0.3183333,0.3571429,0.0,0.0,2011–15
sierra leone,2016,6.437436528,7205328,0.475913889,42.1386795,3.935,0.451,0.25,0.3,0.0,0.5625,0.3183333,0.3571429,1.0,0.6931471805599453,2011–15
sierra leone,2017,3.207860877,7379299,0.475913889,41.53121948,3.935,0.4567,0.25,0.3,0.0,0.5625,0.322,0.3571429,3.0,1.3862943611198906,2011–15
sierra leone,2018,2.893856412,7554563,0.414851997,43.11927032,3.192,0.4624,0.25,0.3,0.0,0.5625,0.322,0.3571429,0.0,0.0,2016–20
sierra leone,2019,5.502709374,7731991,0.475913889,61.19807816,3.935,0.4624,0.25,0.3,0.0,0.5625,0.3286667,0.3571429,0.0,0.0,2016–20
sierra leone,2020,-1.253349032,7912558,0.475913889,62.56068039,3.935,0.4624,0.25,0.3,0.25,0.5,0.3286667,0.3571429,0.0,0.0,2016–20
singapore,1996,7.47139086,3670704,0.057169535,105.7452509,3.57,0.3422,0.75,0.7999999999999999,1.0,0.9375,0.875,0.8928571,0.0,0.0,1996–01
singapore,1998,-2.191015006,3927213,0.057169535,105.7452509,3.41,0.3621,0.75,0.7999999999999999,1.0,0.6875,0.875,0.8571428999999999,0.0,0.0,1996–01
singapore,2000,9.038316326,4027887,0.057169535,105.7452509,3.7,0.411,0.75,0.825,1.0,0.6875,0.875,0.8928571,0.0,0.0,1996–01
singapore,2002,3.923360767,4175950,0.057169535,105.7452509,5.65,0.4515,0.875,0.9249999999999999,1.0,1.0,0.875,0.8928571,0.0,0.0,1996–01
singapore,2003,4.548255426,4114826,0.057169535,105.7452509,5.93,0.4373,0.875,0.9249999999999999,1.0,0.9375,0.75,0.9285713999999999,0.0,0.0,1996–01
singapore,2004,9.939982684,4166664,0.057169535,105.7452509,5.84,0.4146,0.875,0.9249999999999999,1.0,0.9375,0.75,0.9285713999999999,0.0,0.0,1996–01
singapore,2005,7.366322393,4265762,0.057169535,105.7452509,5.59,0.4062,0.875,0.95,1.0,0.9375,0.875,0.9285713999999999,0.0,0.0,2002–06
singapore,2006,9.006766079,4401365,0.057169535,105.7452509,4.48,0.4192,0.875,0.95,1.0,0.9375,0.7796666999999999,0.9285713999999999,0.0,0.0,2002–06
singapore,2007,9.021519513,4588599,0.057169535,105.7452509,3.9,0.4088,0.875,0.95,1.0,1.0,0.7796666999999999,0.9464286,0.0,0.0,2002–06
singapore,2008,1.863483455,4839396,0.057169535,105.7452509,3.96,0.4571,0.875,0.95,1.0,1.0,0.7796666999999999,0.9642856999999999,0.0,0.0,2002–06
singapore,2009,0.127953383,4987573,0.057169535,105.7452509,5.86,0.4382,0.875,0.95,1.0,1.0,0.7796666999999999,0.9642856999999999,0.0,0.0,2002–06
singapore,2010,14.51974971,5076732,0.057169535,105.7452509,4.12,0.4231,0.875,0.95,1.0,0.9375,0.7796666999999999,0.9642856999999999,0.0,0.0,2007–10
singapore,2011,6.214934169,5183688,0.057169535,105.7452509,3.89,0.441,0.875,0.95,1.0,0.9375,0.7796666999999999,0.9642856999999999,0.0,0.0,2007–10
singapore,2012,4.435497594,5312437,0.057169535,105.7452509,3.72,0.4395,0.875,0.95,1.0,0.9375,0.7793333,0.9642856999999999,0.0,0.0,2007–10
singapore,2013,4.817630991,5399162,0.057169535,105.7452509,3.86,0.4424,0.875,0.95,1.0,0.9375,0.7806666999999999,0.9642856999999999,0.0,0.0,2007–10
singapore,2014,3.935540277,5469724,0.057169535,105.7452509,3.74,0.4517,0.875,0.95,1.0,0.875,0.7843333,0.9642856999999999,0.0,0.0,2011–15
singapore,2015,2.976799316,5535002,0.057169535,105.7452509,3.79,0.4522,0.875,0.95,1.0,0.875,0.7879999999999999,0.9642856999999999,0.0,0.0,2011–15
singapore,2016,3.747578488,5607283,0.057169535,107.7458686,4.08,0.4527,0.875,0.95,1.0,0.8125,0.7959999999999999,0.9642856999999999,0.0,0.0,2011–15
singapore,2017,4.476899158,5612253,0.057169535,107.4728739,4.2,0.4527,0.875,0.9249999999999999,1.0,0.9375,0.7106667,0.9642856999999999,0.0,0.0,2011–15
singapore,2018,3.451975966,5638676,0.057169535,105.7452509,3.96,0.4527,0.875,0.9249999999999999,1.0,0.9375,0.7126667,0.9642856999999999,0.0,0.0,2016–20
singapore,2019,1.308041182,5703569,0.057169535,104.6219879,3.1,0.4527,0.875,0.9249999999999999,1.0,0.9375,0.7006667,0.9642856999999999,0.0,0.0,2016–20
singapore,2020,-3.814708855,5685807,0.057169535,103.1158392,4.1,0.4527,0.875,0.9249999999999999,1.0,0.9375,0.701,0.9642856999999999,0.0,0.0,2016–20
south africa,1996,4.299999997,45123018,0.312106044,86.276372665,26.54,0.4828,0.5,0.525,0.5,0.5,0.5,0.4642857,47.0,3.871201010907891,1996–01
south africa,1998,0.5,46223880,0.312106044,82.7563324,25.0,0.5048,0.625,0.6,0.5,0.5,0.5,0.4642857,6.0,1.9459101490553132,1996–01
south africa,2000,4.200000001,47159719,0.4791,74.31938171,29.88,0.5269,0.5,0.575,0.5,0.625,0.5,0.5357143,21.0,3.091042453358316,1996–01
south africa,2002,3.700374404,48019415,0.312106044,74.44502258,33.291,0.5489,0.5,0.5,0.5,0.625,0.5,0.5714286,8.0,2.1972245773362196,1996–01
south africa,2003,2.949075468,48500348,0.312106044,75.53578186,32.31,0.5606,0.5,0.5,0.5,0.625,0.5,0.5714286,0.0,0.0,1996–01
south africa,2004,4.554559907,48991421,0.312106044,78.29666138,29.453,0.562,0.5,0.5,0.5,0.625,0.5,0.5714286,0.0,0.0,1996–01
south africa,2005,5.277051973,49490033,0.421128432,80.42034149,29.122,0.5787,0.5,0.5,0.5,0.625,0.5,0.5714286,0.0,0.0,2002–06
south africa,2006,5.603806459,49998277,0.312106044,83.78334808,28.342,0.5902,0.5,0.5,0.5,0.6875,0.597,0.5714286,0.0,0.0,2002–06
south africa,2007,5.360474054,50528584,0.312106044,85.53662872,26.54,0.6115,0.5,0.5,0.5,0.6875,0.597,0.5714286,2.0,1.0986122886681098,2002–06
south africa,2008,3.191043886,51114599,0.302781101,84.04734802,22.407,0.5917,0.5,0.5,0.5,0.6875,0.597,0.5714286,1.0,0.6931471805599453,2002–06
south africa,2009,-1.538089135,51728516,0.312106044,85.96054077,23.523,0.5836,0.5,0.5,0.5,0.6875,0.597,0.5714286,0.0,0.0,2002–06
south africa,2010,3.039732881,52344051,0.295396167,86.59220456,24.683,0.6067,0.5,0.5,0.5,0.6875,0.593,0.5714286,0.0,0.0,2007–10
south africa,2011,3.168556279,52995205,0.312106044,88.94422913,24.639,0.6178,0.5,0.5,0.5,0.6875,0.593,0.5714286,0.0,0.0,2007–10
south africa,2012,2.396232385,53782567,0.312106044,92.16251373,24.727,0.6508,0.5,0.5,0.5,0.625,0.593,0.5714286,4.0,1.6094379124341003,2007–10
south africa,2013,2.485468008,54678791,0.312106044,86.276372665,24.561,0.6508,0.5,0.525,0.5,0.5625,0.5966667,0.6071428999999999,13.0,2.6390573296152584,2007–10
south africa,2014,1.413826452,55594838,0.312106044,101.1632004,24.89,0.6508,0.5,0.525,0.5,0.5625,0.594,0.6071428999999999,20.0,3.044522437723423,2011–15
south africa,2015,1.321862237,56723537,0.312106044,104.622813,25.149,0.6508,0.5,0.475,0.5,0.5625,0.5853333,0.6071428999999999,5.0,1.791759469228055,2011–15
south africa,2016,0.664552308,57259551,0.312106044,103.8559875,26.536,0.6508,0.5,0.45,0.5,0.5625,0.5803332999999999,0.6071428999999999,27.0,3.332204510175204,2011–15
south africa,2017,1.157946952,57635162,0.312106044,105.6231689,27.035,0.6508,0.5,0.45,0.5,0.5625,0.5746667,0.6071428999999999,29.0,3.4011973816621555,2011–15
south africa,2018,1.556783847,58613001,0.312106044,101.3996129,26.906,0.6508,0.5,0.45,0.5,0.5625,0.5746667,0.6071428999999999,41.0,3.7376696182833684,2016–20
south africa,2019,0.259935577,59587885,0.312106044,103.7891203,28.468,0.6508,0.5,0.45,0.5,0.5625,0.5746667,0.6071428999999999,23.0,3.1780538303479458,2016–20
south africa,2020,-6.168917715,60562381,0.312106044,103.5011781,29.217,0.6508,0.5,0.45,0.5,0.5625,0.5683332999999999,0.6428571,17.0,2.8903717578961645,2016–20
spain,1996,2.607411171,39889852,0.014911164,118.04782485000001,22.142,0.3496,0.875,0.875,1.0,0.8125,0.75,0.75,63.0,4.1588830833596715,1996–01
spain,1998,4.301977453,40223509,0.009527045,118.04782485000001,18.673,0.3399,0.875,0.85,1.0,0.8125,0.75,0.7857143,17.0,2.8903717578961645,1996–01
spain,2000,5.200641256,40567864,0.009126914,113.4145737,13.785,0.3393,0.875,0.875,1.0,0.8125,0.75,0.7857143,112.0,4.727387818712341,1996–01
spain,2002,2.755456116,41431558,0.00947536,115.2862701,11.146,0.3357,0.875,0.875,1.0,0.8125,0.75,0.7857143,41.0,3.7376696182833684,1996–01
spain,2003,2.939289595,42187645,0.009082441,114.4527893,11.283,0.3377,0.875,0.875,1.0,0.875,0.75,0.7857143,21.0,3.091042453358316,1996–01
spain,2004,3.11453148,42921895,0.010159495,115.0845032,11.09,0.3367,0.625,0.7749999999999999,0.75,0.8125,0.75,0.7857143,31.0,3.4657359027997265,1996–01
spain,2005,3.551225585,43653155,0.008567684,117.5709305,9.146,0.3345,0.625,0.7749999999999999,1.0,0.875,0.75,0.8214286,24.0,3.2188758248682006,2002–06
spain,2006,4.043435156,44397319,0.008842268,117.2736664,8.452,0.3439,0.625,0.7999999999999999,0.75,0.6875,0.7779999999999999,0.7142856999999999,23.0,3.1780538303479458,2002–06
spain,2007,3.533500132,45226803,0.005590894,117.4886932,8.232,0.3418,0.625,0.7999999999999999,0.75,0.6875,0.7779999999999999,0.7321428999999999,11.0,2.4849066497880004,2002–06
spain,2008,0.767165748,45954106,0.005587316,117.2105865,11.254,0.3443,0.625,0.7999999999999999,0.75,0.6875,0.7816666999999999,0.75,37.0,3.6375861597263857,2002–06
spain,2009,-3.768133069,46362946,0.008649965,117.3571167,17.857,0.3545,0.625,0.7749999999999999,0.75,0.6875,0.7816666999999999,0.75,21.0,3.091042453358316,2002–06
spain,2010,0.094122312,46576897,0.007495137,122.6225128,19.86,0.3395,0.625,0.7749999999999999,0.75,0.6875,0.772,0.75,3.0,1.3862943611198906,2007–10
spain,2011,-0.639920637,46742697,0.012902319,126.1527863,21.39,0.3372,0.625,0.7749999999999999,0.75,0.625,0.7673333,0.75,0.0,0.0,2007–10
spain,2012,-2.865113686,46773055,0.010190789,127.7867126,24.789,0.3428,0.625,0.7749999999999999,0.75,0.5625,0.7673333,0.75,1.0,0.6931471805599453,2007–10
spain,2013,-1.427322248,46604197,0.01309105,126.7162704,26.094,0.345,0.625,0.7749999999999999,0.75,0.5625,0.7673333,0.75,5.0,1.791759469228055,2007–10
spain,2014,1.520485936,46460733,0.00947536,125.3358002,24.441,0.3468,0.5,0.7749999999999999,0.75,0.8125,0.7683333,0.7857143,4.0,1.6094379124341003,2011–15
spain,2015,4.060866725,46422303,0.01054392,124.85466,22.057,0.3493,0.5,0.7749999999999999,0.75,0.8125,0.7766666999999999,0.7857143,1.0,0.6931471805599453,2011–15
spain,2016,2.915155986,46458139,0.01299179,123.2698898,19.635,0.3479,0.5,0.7749999999999999,0.75,0.8125,0.7766666999999999,0.7857143,3.0,1.3862943611198906,2011–15
spain,2017,2.896042079,46571232,0.008333411,120.5559235,17.224,0.3456,0.5,0.7749999999999999,0.75,0.8125,0.7693333,0.7857143,4.0,1.6094379124341003,2011–15
spain,2018,2.395411245,46782011,0.009773518,119.4301987,15.255,0.341,0.5,0.75,0.75,0.75,0.7693333,0.75,2.0,1.0986122886681098,2016–20
spain,2019,1.961178508,47118501,0.008941992,118.5247192,14.104,0.3359,0.5,0.75,0.75,0.75,0.7763333,0.75,4.0,1.6094379124341003,2016–20
spain,2020,-10.94007064,47359424,0.01096845,117.3677673,15.532,0.3359,0.5,0.725,0.75,0.75,0.7706666999999999,0.75,0.0,0.0,2016–20
sri lanka,1996,3.799967206,17905018,0.07084108,94.10864258,11.35,0.4535,0.25,0.475,0.25,0.125,0.375,0.4285714,176.0,5.176149732573829,1996–01
sri lanka,1998,4.698423048,18596003,0.07084108,94.10864258,9.17,0.4697,0.25,0.425,0.0,0.25,0.375,0.3928571,35.0,3.58351893845611,1996–01
sri lanka,2000,6.000033158,19293054,0.07084108,94.10864258,7.74,0.4849,0.25,0.45,0.0,0.125,0.375,0.5,67.0,4.219507705176107,1996–01
sri lanka,2002,3.964675685,19805752,0.207079868,94.10864258,8.76,0.4986,0.25,0.575,0.25,0.4375,0.375,0.5,3.0,1.3862943611198906,1996–01
sri lanka,2003,5.940269078,19951521,0.07084108,94.10864258,8.22,0.4964,0.25,0.575,0.25,0.4375,0.375,0.5,9.0,2.302585092994046,1996–01
sri lanka,2004,5.445061279,20087605,0.07084108,94.10864258,8.38,0.4932,0.25,0.575,0.25,0.4375,0.375,0.5357143,33.0,3.5263605246161616,1996–01
sri lanka,2005,6.241748044,20216524,0.07084108,94.10864258,7.67,0.4907,0.25,0.575,0.25,0.4375,0.375,0.5714286,133.0,4.897839799950911,2002–06
sri lanka,2006,7.668291901,20352411,0.121606779,94.10864258,6.5,0.4889,0.25,0.575,0.25,0.4375,0.4693333,0.5714286,216.0,5.37989735354046,2002–06
sri lanka,2007,6.796826119,20492545,0.07084108,94.10864258,5.97,0.4791,0.25,0.575,0.25,0.46875,0.4693333,0.5714286,132.0,4.890349128221754,2002–06
sri lanka,2008,5.950088145,20629378,0.07084108,94.10864258,5.22,0.4659,0.25,0.5499999999999999,0.25,0.5,0.387,0.5714286,100.0,4.61512051684126,2002–06
sri lanka,2009,3.538912053,20756435,0.078060978,94.10864258,5.85,0.4556,0.25,0.5,0.25,0.625,0.3036667,0.5714286,37.0,3.6375861597263857,2002–06
sri lanka,2010,8.015967371,20879089,0.07084108,92.34970856,4.784,0.4671,0.25,0.5,0.25,0.5625,0.3046667,0.5714286,3.0,1.3862943611198906,2007–10
sri lanka,2011,8.669483012,21009048,0.07084108,94.10864258,4.118,0.4725,0.25,0.5,0.25,0.5625,0.3026667,0.5714286,0.0,0.0,2007–10
sri lanka,2012,8.632181377,21169458,0.063621182,94.67446899,3.88,0.4781,0.25,0.5,0.25,0.5625,0.275,0.5714286,4.0,1.6094379124341003,2007–10
sri lanka,2013,4.05174633,20585000,0.07084108,95.14426362,4.186,0.4792,0.25,0.5,0.25,0.4375,0.273,0.5714286,14.0,2.70805020110221,2007–10
sri lanka,2014,6.377978897,20778000,0.07084108,93.4926278,4.157,0.4799,0.25,0.5,0.25,0.4375,0.273,0.5714286,16.0,2.833213344056216,2011–15
sri lanka,2015,4.205955474,20970000,0.07084108,94.4516929,4.519,0.4799,0.375,0.5499999999999999,0.25,0.6875,0.464,0.5714286,11.0,2.4849066497880004,2011–15
sri lanka,2016,5.05362489,21209000,0.038126644,93.90372213,4.242,0.481,0.375,0.5499999999999999,0.25,0.6875,0.5493333,0.5714286,1.0,0.6931471805599453,2011–15
sri lanka,2017,6.460681271,21453000,0.07084108,94.04186609,4.046,0.4811,0.375,0.5499999999999999,0.25,0.6875,0.5493333,0.5357143,41.0,3.7376696182833684,2011–15
sri lanka,2018,2.310084255,21670000,0.07084108,95.91073317,4.318,0.4811,0.5,0.5499999999999999,0.25,0.375,0.5396666999999999,0.5357143,7.0,2.0794415416798357,2016–20
sri lanka,2019,-0.220483887,21803000,0.027054541,94.10864258,4.67,0.4811,0.5,0.525,0.25,0.4375,0.459,0.5357143,15.0,2.772588722239781,2016–20
sri lanka,2020,-4.624515037,21919000,0.07084108,94.10864258,5.364,0.4811,0.375,0.525,0.25,0.5625,0.4546667,0.5357143,1.0,0.6931471805599453,2016–20
sudan,1996,5.919123763,25231528,0.11594627299999999,39.109704969999996,15.566,0.4196,0.0,0.05,0.0,0.0,0.0,0.2142857,10.0,2.3978952727983707,1996–01
sudan,1998,4.308504255,26458999,0.11594627299999999,39.109704969999996,15.566,0.4196,0.0,0.05,0.0,0.0,0.0,0.2142857,0.0,0.0,1996–01
sudan,2000,6.34586744,27816745,0.11594627299999999,39.109704969999996,15.566,0.4196,0.0,0.05,0.0,0.0,0.0,0.2142857,7.0,2.0794415416798357,1996–01
sudan,2002,6.006471536,29228727,0.11594627299999999,32.1063385,15.566,0.4196,0.0,0.15,0.0,0.125,0.0,0.2142857,13.0,2.6390573296152584,1996–01
sudan,2003,6.288808161,29896035,0.11594627299999999,33.35290909,15.566,0.4196,0.0,0.09999999999999999,0.0,0.0,0.0,0.2142857,0.0,0.0,1996–01
sudan,2004,5.140888518,30556637,0.11594627299999999,36.59130096,15.566,0.4196,0.0,0.09999999999999999,0.0,0.125,0.0,0.2142857,5.0,1.791759469228055,1996–01
sudan,2005,5.643515513,31262444,0.11594627299999999,36.36865997,15.566,0.4196,0.0,0.09999999999999999,0.0,0.1875,0.0,0.25,6.0,1.9459101490553132,2002–06
sudan,2006,6.531411747,31992435,0.11594627299999999,34.65692902,15.566,0.4196,0.125,0.3,0.25,0.1875,0.18,0.3214286,24.0,3.2188758248682006,2002–06
sudan,2007,5.735274237,32764135,0.11594627299999999,33.96913147,15.566,0.4196,0.0,0.3,0.25,0.21875,0.18,0.25,23.0,3.1780538303479458,2002–06
sudan,2008,3.846744731,33623980,0.11594627299999999,35.89350128,15.566,0.4196,0.0,0.3,0.25,0.1875,0.177,0.25,32.0,3.4965075614664802,2002–06
sudan,2009,-2.767704366,34569113,0.130892984,39.49214935,13.0,0.4196,0.0,0.3,0.25,0.125,0.177,0.25,26.0,3.295836866004329,2002–06
sudan,2010,3.858241952,35414399,0.11594627299999999,39.66677856,15.566,0.4243,0.0,0.3,0.25,0.125,0.164,0.25,28.0,3.367295829986474,2007–10
sudan,2011,-3.213532093,36140806,0.11594627299999999,35.21297836,17.44,0.4291,0.0,0.275,0.25,0.125,0.1626667,0.25,38.0,3.6635616461296463,2007–10
sudan,2012,-17.0046884,36923178,0.11594627299999999,38.72726059,15.566,0.4338,0.0,0.25,0.25,0.125,0.0793333,0.2142857,40.0,3.713572066704308,2007–10
sudan,2013,1.955144633,37785849,0.11594627299999999,40.94340897,15.566,0.4386,0.0,0.225,0.25,0.1875,0.0846667,0.1428571,46.0,3.8501476017100584,2007–10
sudan,2014,4.661379542,38823318,0.100999562,42.04698944,15.566,0.4433,0.0,0.225,0.25,0.1875,0.0846667,0.1428571,157.0,5.062595033026967,2011–15
sudan,2015,1.910176891,40024431,0.11594627299999999,42.52307129,15.566,0.4433,0.0,0.225,0.25,0.3125,0.079,0.1428571,158.0,5.0689042022202315,2011–15
sudan,2016,3.467642184,41259892,0.11594627299999999,40.95560074,15.566,0.4433,0.0,0.225,0.25,0.375,0.079,0.1428571,173.0,5.159055299214529,2011–15
sudan,2017,0.709256285,42714306,0.11594627299999999,43.09032822,15.566,0.4433,0.0,0.25,0.25,0.375,0.0716667,0.1428571,106.0,4.672828834461906,2011–15
sudan,2018,-2.68093055,44230596,0.11594627299999999,42.13669968,15.566,0.4433,0.0,0.25,0.25,0.375,0.0716667,0.1428571,42.0,3.7612001156935624,2016–20
sudan,2019,-2.178251045,45548175,0.11594627299999999,43.53786087,15.566,0.4433,0.0,0.25,0.25,0.1875,0.09,0.1428571,26.0,3.295836866004329,2016–20
sudan,2020,-3.629800824,46789231,0.11594627299999999,39.109704969999996,15.566,0.4433,0.0,0.25,0.25,0.1875,0.0846667,0.1428571,33.0,3.5263605246161616,2016–20
suriname,2009,3.013698983,543568,0.057169535,68.56044006,8.72,0.5446,0.25,0.525,0.25,0.625,0.5526667,0.4642857,0.0,0.0,2002–06
suriname,2010,5.168825152,549923,0.057169535,71.49025726,7.15,0.5455,0.25,0.525,0.25,0.625,0.5549999999999999,0.4642857,0.0,0.0,2007–10
suriname,2011,5.849367672,556269,0.057169535,69.04078674,7.54,0.5384,0.25,0.525,0.25,0.625,0.5549999999999999,0.4642857,0.0,0.0,2007–10
suriname,2012,2.690349747,562633,0.057169535,69.12728119,8.1,0.5325,0.25,0.525,0.25,0.625,0.5549999999999999,0.4642857,0.0,0.0,2007–10
suriname,2013,2.933441652,569020,0.057169535,69.1293335,6.6,0.5398,0.25,0.525,0.25,0.625,0.5589999999999999,0.4642857,0.0,0.0,2007–10
suriname,2014,0.255503032,575373,0.057169535,67.30438995,6.94,0.5319,0.25,0.525,0.25,0.625,0.5589999999999999,0.4642857,0.0,0.0,2011–15
suriname,2015,-3.413042681,581627,0.057169535,70.15602875,7.22,0.5282,0.25,0.525,0.25,0.625,0.5589999999999999,0.4642857,0.0,0.0,2011–15
suriname,2016,-4.911660509,587757,0.057169535,69.1293335,7.917,0.5295,0.25,0.525,0.25,0.625,0.5589999999999999,0.4642857,0.0,0.0,2011–15
suriname,2017,1.566037825,593713,0.057169535,69.1293335,7.38,0.5299,0.25,0.525,0.25,0.625,0.5586667,0.4285714,0.0,0.0,2011–15
suriname,2018,4.948271085,599513,0.057169535,74.74597931,7.38,0.5327,0.25,0.525,0.25,0.625,0.566,0.3928571,0.0,0.0,2016–20
suriname,2019,1.167589772,605768,0.057169535,69.1293335,7.38,0.5258,0.25,0.525,0.25,0.6875,0.566,0.3928571,0.0,0.0,2016–20
suriname,2020,-15.97519171,612317,0.057169535,73.11669922,7.38,0.5411,0.25,0.5,0.25,0.5,0.5606667,0.3928571,0.0,0.0,2016–20
sweden,1996,1.704719854,8840998,0.004660702,133.18687440000002,9.547,0.2999,1.0,1.0,1.0,1.0,1.0,0.8214286,1.0,0.6931471805599453,1996–01
sweden,1998,4.245831794,8850974,0.004660702,133.18687440000002,8.941,0.311,1.0,1.0,1.0,1.0,1.0,0.8214286,0.0,0.0,1996–01
sweden,2000,4.631121366,8872109,0.002495684,151.7563782,5.466,0.3028,1.0,1.0,1.0,1.0,1.0,0.8214286,1.0,0.6931471805599453,1996–01
sweden,2002,2.277728679,8924958,0.0,144.2185059,4.965,0.2934,1.0,1.0,1.0,1.0,1.0,0.8214286,0.0,0.0,1996–01
sweden,2003,1.881027697,8958229,0.003536416,136.4743042,5.555,0.3054,0.875,1.0,1.0,1.0,1.0,0.8214286,0.0,0.0,1996–01
sweden,2004,4.179584193,8993531,0.004543751,101.4254913,6.693,0.3108,0.875,1.0,1.0,1.0,1.0,0.8571428999999999,0.0,0.0,1996–01
sweden,2005,2.793137828,9029572,0.011382971,101.4821625,7.81,0.3206,0.875,1.0,1.0,1.0,1.0,0.8571428999999999,3.0,1.3862943611198906,2002–06
sweden,2006,4.676074889,9080505,0.004128702,101.2040863,7.066,0.3306,0.875,0.975,1.0,0.9375,0.996,0.8571428999999999,1.0,0.6931471805599453,2002–06
sweden,2007,3.224868141,9148092,0.004573916,100.9987106,6.161,0.3245,0.875,0.975,1.0,0.96875,0.996,0.8571428999999999,0.0,0.0,2002–06
sweden,2008,-0.92311325,9219637,0.006590728,101.5210876,6.235,0.3145,0.875,0.975,1.0,1.0,0.996,0.8571428999999999,1.0,0.6931471805599453,2002–06
sweden,2009,-4.255613842,9298515,0.005270563,101.4343109,8.351,0.3013,0.875,0.95,1.0,0.9375,0.9126666999999999,0.8214286,1.0,0.6931471805599453,2002–06
sweden,2010,5.750764776,9378126,0.006387346,102.2510605,8.61,0.3133,0.875,0.95,1.0,0.9375,0.8999999999999999,0.8214286,3.0,1.3862943611198906,2007–10
sweden,2011,3.163885674,9449213,0.006580607,102.1403732,7.804,0.3077,0.875,0.95,1.0,0.9375,0.8999999999999999,0.8214286,1.0,0.6931471805599453,2007–10
sweden,2012,-0.414397702,9519374,0.004747488,103.1068726,7.976,0.2953,0.875,0.95,1.0,0.9375,0.9076666999999999,0.8214286,2.0,1.0986122886681098,2007–10
sweden,2013,1.137666718,9600379,0.006508714,132.713501,8.052,0.2967,0.875,0.95,1.0,0.9375,0.9076666999999999,0.8214286,0.0,0.0,2007–10
sweden,2014,2.295772388,9696110,0.005263104,133.6602478,7.954,0.2986,0.875,0.95,1.0,0.9375,0.9076666999999999,0.7857143,5.0,1.791759469228055,2011–15
sweden,2015,4.388246736,9799186,0.006491912,137.4629669,7.432,0.3062,0.875,0.975,1.0,0.9375,0.8983333,0.8571428999999999,35.0,3.58351893845611,2011–15
sweden,2016,2.131179147,9923085,0.004226093,137.5611572,6.99,0.2885,0.875,0.975,1.0,0.9375,0.8963333,0.8214286,16.0,2.833213344056216,2011–15
sweden,2017,1.88282185,10057698,0.002654956,142.6415863,6.718,0.2983,0.875,0.975,1.0,0.9375,0.8963333,0.8214286,18.0,2.9444389791664403,2011–15
sweden,2018,1.770255355,10175214,0.008583864,140.8217468,6.365,0.2924,0.875,0.95,1.0,0.9375,0.8963333,0.8214286,6.0,1.9459101490553132,2016–20
sweden,2019,2.608230129,10278887,0.00360093,136.6410065,6.833,0.3009,0.875,0.95,1.0,0.9375,0.8963333,0.8214286,2.0,1.0986122886681098,2016–20
sweden,2020,-1.93379704,10353442,0.004512476,136.4261322,8.291,0.3009,0.875,0.95,1.0,0.9375,0.892,0.8214286,3.0,1.3862943611198906,2016–20
switzerland,1996,0.471280025,7071850,0.000401207,96.6068573,3.684,0.3085,0.875,1.0,1.0,1.0,1.0,0.9285713999999999,4.0,1.6094379124341003,1996–01
switzerland,1998,3.029969306,7110001,0.000401207,96.6068573,3.568,0.3188,0.875,1.0,1.0,1.0,1.0,0.9285713999999999,1.0,0.6931471805599453,1996–01
switzerland,2000,3.958719908,7184250,0.002408946,94.5499115,2.658,0.3185,0.875,1.0,1.0,1.0,1.0,0.9642856999999999,4.0,1.6094379124341003,1996–01
switzerland,2002,-0.073217257,7284753,0.0,93.58862305,2.924,0.299,0.875,1.0,1.0,1.0,1.0,0.9642856999999999,0.0,0.0,1996–01
switzerland,2003,-0.032398426,7339001,0.000401207,93.35119629,4.117,0.3182,0.875,1.0,1.0,1.0,1.0,0.8571428999999999,1.0,0.6931471805599453,1996–01
switzerland,2004,2.701709129,7389625,0.002388521,93.22286987,4.316,0.3249,0.875,1.0,1.0,1.0,1.0,0.9285713999999999,0.0,0.0,1996–01
switzerland,2005,2.749699106,7437115,0.000401207,93.80995941,4.437,0.3371,0.875,1.0,1.0,1.0,1.0,0.8571428999999999,0.0,0.0,2002–06
switzerland,2006,4.073628418,7483934,0.000760773,94.16947937,3.995,0.3435,1.0,0.9249999999999999,0.75,1.0,0.9673333,0.8571428999999999,0.0,0.0,2002–06
switzerland,2007,3.916375772,7551117,0.000708955,95.07161713,3.641,0.3298,1.0,0.9249999999999999,0.75,1.0,0.9673333,0.8571428999999999,2.0,1.0986122886681098,2002–06
switzerland,2008,2.807983592,7647675,0.000783518,95.51357269,3.35,0.3052,1.0,0.9249999999999999,0.75,1.0,0.9716667,0.8571428999999999,0.0,0.0,2002–06
switzerland,2009,-2.297374526,7743831,0.000380577,95.84783173,4.109,0.312,1.0,0.9249999999999999,0.75,1.0,0.9716667,0.8571428999999999,0.0,0.0,2002–06
switzerland,2010,3.243397157,7824909,0.000712504,96.6068573,4.808,0.3331,1.0,0.9249999999999999,0.75,1.0,0.9696667,0.8571428999999999,0.0,0.0,2007–10
switzerland,2011,1.813108305,7912398,0.000105144,97.19515991,4.409,0.3336,1.0,0.9249999999999999,0.75,1.0,0.9696667,0.8571428999999999,3.0,1.3862943611198906,2007–10
switzerland,2012,1.179253853,7996861,8.97e-05,98.3727417,4.491,0.3239,1.0,0.95,0.75,1.0,0.9696667,0.8571428999999999,0.0,0.0,2007–10
switzerland,2013,1.792144007,8089346,0.000421837,101.2213821,4.747,0.325,1.0,0.95,0.75,1.0,0.9696667,0.8571428999999999,2.0,1.0986122886681098,2007–10
switzerland,2014,2.349881415,8188649,0.000327681,96.6068573,4.826,0.3232,1.0,0.95,0.75,1.0,0.9696667,0.9285713999999999,0.0,0.0,2011–15
switzerland,2015,1.644627508,8282396,0.000305426,103.9133911,4.801,0.3217,1.0,0.95,0.75,0.9375,0.9696667,0.9285713999999999,0.0,0.0,2011–15
switzerland,2016,2.06868969,8373338,0.00044919,104.0951309,4.918,0.3204,1.0,0.95,0.75,0.9375,0.9696667,0.9285713999999999,2.0,1.0986122886681098,2011–15
switzerland,2017,1.362799655,8451840,0.000218259,103.9000626,4.797,0.3167,1.0,0.95,0.75,0.9375,0.9676667,0.9285713999999999,0.0,0.0,2011–15
switzerland,2018,2.860445794,8514329,0.000352594,104.1880264,4.713,0.3075,1.0,0.95,0.75,0.9375,0.9676667,0.8571428999999999,1.0,0.6931471805599453,2016–20
switzerland,2019,1.14198219,8575280,0.000173868,104.0711136,4.394,0.3035,1.0,0.95,0.75,0.9375,0.9676667,0.8571428999999999,1.0,0.6931471805599453,2016–20
switzerland,2020,-2.14173712,8638167,0.000705267,104.2116165,4.817,0.3035,1.0,0.95,0.75,0.9375,0.961,0.8571428999999999,2.0,1.0986122886681098,2016–20
tajikistan,2006,7.000003211,7057566,0.157076847,80.7600174,2.2,0.4129,0.0,0.125,0.0,0.3125,0.165,0.1428571,0.0,0.0,2002–06
tajikistan,2007,7.800000119,7194477,0.241907747,81.42456055,2.874,0.4079,0.0,0.125,0.0,0.3125,0.165,0.1428571,1.0,0.6931471805599453,2002–06
tajikistan,2008,7.899998272,7338403,0.157076847,82.29414368,2.537,0.4034,0.0,0.125,0.0,0.3125,0.165,0.1428571,0.0,0.0,2002–06
tajikistan,2009,3.900001148,7490230,0.157076847,83.13363647,11.5,0.3994,0.0,0.125,0.0,0.1875,0.165,0.1428571,1.0,0.6931471805599453,2002–06
tajikistan,2010,6.499999086,7652141,0.157076847,83.91149902,2.537,0.4008,0.0,0.09999999999999999,0.0,0.3125,0.0836667,0.1428571,1.0,0.6931471805599453,2007–10
tajikistan,2011,7.4000006,7824785,0.157076847,85.02062988,2.537,0.3996,0.0,0.09999999999999999,0.0,0.3125,0.0836667,0.1428571,0.0,0.0,2007–10
tajikistan,2012,7.499999463,8014084,0.157076847,86.34693146,2.537,0.4033,0.0,0.09999999999999999,0.0,0.3125,0.0836667,0.1428571,5.0,1.791759469228055,2007–10
tajikistan,2013,7.399999747,8216724,0.157076847,86.98735046,2.537,0.4047,0.0,0.09999999999999999,0.0,0.3125,0.0836667,0.1428571,0.0,0.0,2007–10
tajikistan,2014,6.70000069,8425552,0.157076847,83.91149902,2.537,0.402,0.0,0.125,0.0,0.3125,0.079,0.1428571,1.0,0.6931471805599453,2011–15
tajikistan,2015,6.019303318,8643840,0.133302542,83.91149902,2.537,0.3995,0.0,0.125,0.0,0.3125,0.065,0.1428571,3.0,1.3862943611198906,2011–15
tajikistan,2016,6.9,8865631,0.157076847,83.91149902,0.081,0.4112,0.0,0.125,0.0,0.3125,0.063,0.1428571,2.0,1.0986122886681098,2011–15
tajikistan,2017,7.100000419,9085946,0.157076847,83.91149902,2.537,0.4145,0.0,0.15,0.0,0.3125,0.0643333,0.25,2.0,1.0986122886681098,2011–15
tajikistan,2018,7.59999889,9307333,0.157076847,83.91149902,2.537,0.4151,0.0,0.15,0.0,0.3125,0.0643333,0.25,3.0,1.3862943611198906,2016–20
tajikistan,2019,7.400000163,9529966,0.157076847,83.91149902,2.537,0.4151,0.0,0.15,0.0,0.3125,0.0643333,0.25,2.0,1.0986122886681098,2016–20
tajikistan,2020,4.400001116,9749310,0.157076847,90.90120728,2.537,0.4151,0.0,0.15,0.0,0.375,0.0646667,0.25,0.0,0.0,2016–20
tanzania,1996,4.544366804,30945762,0.5670381499999999,5.04445982,2.3125,0.4384,0.125,0.325,0.0,0.375,0.0,0.3571429,0.0,0.0,1996–01
tanzania,1998,3.708511599,32420458,0.5670381499999999,29.112235185,2.3125,0.4435,0.125,0.325,0.25,0.4375,0.0,0.3571429,1.0,0.6931471805599453,1996–01
tanzania,2000,4.520784636,34260139,0.86937364,29.112235185,2.3125,0.4485,0.125,0.325,0.25,0.25,0.0,0.3214286,2.0,1.0986122886681098,1996–01
tanzania,2002,7.093194984,36121304,0.5670381499999999,29.112235185,3.6,0.4602,0.125,0.325,0.25,0.4375,0.0,0.3214286,2.0,1.0986122886681098,1996–01
tanzania,2003,6.672789831,37089555,0.5670381499999999,29.112235185,2.3125,0.466,0.125,0.325,0.25,0.4375,0.0,0.3214286,0.0,0.0,1996–01
tanzania,2004,7.503814659,38109668,0.5670381499999999,29.112235185,2.3125,0.4718,0.125,0.275,0.25,0.4375,0.125,0.3214286,1.0,0.6931471805599453,1996–01
tanzania,2005,7.47631926,39182076,0.5670381499999999,29.112235185,2.3125,0.4776,0.0,0.275,0.25,0.4375,0.125,0.3214286,0.0,0.0,2002–06
tanzania,2006,6.532221388,40294902,0.5670381499999999,29.112235185,3.299,0.4834,0.25,0.325,0.25,0.5625,0.506,0.3214286,0.0,0.0,2002–06
tanzania,2007,6.768535203,41435512,0.61875178,29.112235185,2.3125,0.4892,0.25,0.325,0.25,0.53125,0.506,0.3214286,0.0,0.0,2002–06
tanzania,2008,5.686416859,42570728,0.5670381499999999,29.112235185,0.343,0.4872,0.25,0.325,0.25,0.5,0.5093333,0.3214286,1.0,0.6931471805599453,2002–06
tanzania,2009,5.269105249,43633982,0.5670381499999999,29.112235185,2.5,0.4851,0.25,0.325,0.25,0.5,0.5093333,0.3214286,0.0,0.0,2002–06
tanzania,2010,6.336523427,44758488,0.5670381499999999,31.89204979,1.314,0.483,0.25,0.325,0.25,0.5,0.5213333,0.3571429,1.0,0.6931471805599453,2007–10
tanzania,2011,7.672155435,46029367,0.51532452,29.112235185,3.47,0.481,0.25,0.325,0.25,0.5,0.5213333,0.3571429,0.0,0.0,2007–10
tanzania,2012,4.50015356,47374260,0.5670381499999999,29.112235185,1.437,0.4853,0.25,0.325,0.25,0.5,0.5293333,0.3571429,0.0,0.0,2007–10
tanzania,2013,6.781585601,48824128,0.5670381499999999,32.38574462,2.93,0.4896,0.25,0.35,0.25,0.5,0.5256666999999999,0.3571429,7.0,2.0794415416798357,2007–10
tanzania,2014,6.732461868,50351512,0.5670381499999999,29.63108063,2.125,0.494,0.25,0.35,0.25,0.5,0.5256666999999999,0.3571429,11.0,2.4849066497880004,2011–15
tanzania,2015,6.160628774,52020962,0.5670381499999999,26.09066963,2.3125,0.4983,0.25,0.35,0.25,0.5,0.5193333,0.3571429,14.0,2.70805020110221,2011–15
tanzania,2016,6.867116196,53824013,0.5670381499999999,25.64299926,2.3125,0.5026,0.25,0.35,0.25,0.5,0.5253333,0.3571429,3.0,1.3862943611198906,2011–15
tanzania,2017,6.727269968,55652890,0.5670381499999999,26.3711632,2.3125,0.5069,0.25,0.35,0.25,0.5,0.5156666999999999,0.3214286,6.0,1.9459101490553132,2011–15
tanzania,2018,5.502675994,57437145,0.513468689,28.59338974,2.3125,0.5069,0.25,0.35,0.25,0.5,0.5136667,0.3214286,3.0,1.3862943611198906,2016–20
tanzania,2019,5.8,59174891,0.5670381499999999,30.18242633,2.3125,0.5069,0.25,0.325,0.25,0.5,0.422,0.2857143,1.0,0.6931471805599453,2016–20
tanzania,2020,1.991964606,60972798,0.5670381499999999,30.92059386,1.792,0.5069,0.25,0.325,0.25,0.5,0.42,0.2857143,8.0,2.1972245773362196,2016–20
thailand,1996,5.651944465,59920064,0.064248151,80.055383845,1.071,0.5522,0.375,0.625,0.5,0.6875,0.625,0.5714286,19.0,2.995732273553991,1996–01
thailand,1998,-7.634035286,61522630,0.057169535,80.055383845,3.404,0.5286,0.375,0.6749999999999999,0.5,0.5625,0.625,0.5357143,4.0,1.6094379124341003,1996–01
thailand,2000,4.455247043,63007815,0.084323625,80.055383845,2.389,0.5471,0.375,0.6749999999999999,0.5,0.6875,0.625,0.5357143,4.0,1.6094379124341003,1996–01
thailand,2002,6.149036052,64266437,0.046585167,65.54582214,1.071,0.5486,0.125,0.5499999999999999,0.25,0.6875,0.625,0.5,12.0,2.5649493574615367,1996–01
thailand,2003,7.189243303,64868166,0.005482246,80.055383845,1.54,0.5657,0.0,0.425,0.25,0.5625,0.375,0.4642857,6.0,1.9459101490553132,1996–01
thailand,2004,6.289342143,65452047,0.030930887,67.4442215,1.51,0.5519,0.0,0.4,0.25,0.5,0.375,0.4642857,44.0,3.8066624897703196,1996–01
thailand,2005,4.187638429,66017420,0.005482246,71.82627869,1.35,0.5487,0.0,0.375,0.25,0.4375,0.375,0.4285714,155.0,5.049856007249537,2002–06
thailand,2006,4.967810892,66567687,0.022190078,71.62985992,1.22,0.5452,0.0,0.325,0.25,0.1875,0.2723333,0.4285714,202.0,5.313205979041787,2002–06
thailand,2007,5.435151691,67102394,0.012836678,75.7808075,1.18,0.5417,0.25,0.325,0.25,0.1875,0.2723333,0.4285714,293.0,5.683579767338681,2002–06
thailand,2008,1.725698849,67619830,0.009915566,75.2078476,1.18,0.5534,0.25,0.325,0.25,0.25,0.3103333,0.4285714,200.0,5.303304908059076,2002–06
thailand,2009,-0.690618232,68121080,0.007856127,76.60070801,1.49,0.5309,0.375,0.325,0.25,0.3125,0.3103333,0.4285714,298.0,5.700443573390687,2002–06
thailand,2010,7.513390533,68579447,0.007086167,78.39437866,0.622,0.5531,0.375,0.325,0.25,0.3125,0.3016667,0.4285714,253.0,5.537334267018537,2007–10
thailand,2011,0.840132083,69007208,0.003031061,86.98947906,0.66,0.5377,0.375,0.325,0.25,0.3125,0.3016667,0.4285714,182.0,5.209486152841421,2007–10
thailand,2012,7.242796202,69436098,0.003878325,85.53652954,0.58,0.5458,0.375,0.325,0.25,0.3125,0.3016667,0.4285714,280.0,5.638354669333745,2007–10
thailand,2013,2.687495563,69845114,0.00212615,83.85485077,0.249,0.5177,0.375,0.375,0.25,0.3125,0.2916667,0.5,472.0,6.159095388491933,2007–10
thailand,2014,0.984468864,70216367,0.002288203,123.5254593,0.576,0.5292,0.375,0.4,0.25,0.25,0.263,0.5,423.0,6.049733455231958,2011–15
thailand,2015,3.134047249,70540795,0.001318818,124.3305969,0.597,0.5028,0.25,0.4,0.25,0.3125,0.253,0.5,278.0,5.631211781821365,2011–15
thailand,2016,3.435157717,70859841,0.001378377,122.5632172,0.688,0.5072,0.25,0.45,0.25,0.3125,0.2473333,0.5357143,329.0,5.799092654460526,2011–15
thailand,2017,4.177681032,71160187,0.001001059,79.50623718,0.83,0.5291,0.25,0.45,0.25,0.375,0.2376667,0.5357143,179.0,5.19295685089021,2011–15
thailand,2018,4.222870287,71376079,0.00106436,80.60453051,0.765,0.5047,0.25,0.45,0.25,0.375,0.2376667,0.5357143,182.0,5.209486152841421,2016–20
thailand,2019,2.114557796,71522271,0.001346336,81.72064259,0.716,0.4806,0.25,0.525,0.25,0.5625,0.4606667,0.5357143,130.0,4.875197323201151,2016–20
thailand,2020,-6.050038469,71641484,0.000630434,82.3668561,1.099,0.4983,0.25,0.525,0.25,0.375,0.368,0.5357143,39.0,3.6888794541139363,2016–20
timor-leste,2009,10.14695141,1058782,0.439356075,67.09385681,3.864,0.3999,0.0,0.2,0.0,0.4375,0.4073333,0.3571429,0.0,0.0,2002–06
timor-leste,2010,9.331498063,1084679,0.439356075,68.30263096,3.301,0.4016,0.0,0.2,0.0,0.375,0.4073333,0.3571429,0.0,0.0,2007–10
timor-leste,2011,5.958555016,1110207,0.439356075,70.16406026,3.864,0.4019,0.0,0.225,0.0,0.375,0.4906667,0.3571429,0.0,0.0,2007–10
timor-leste,2012,4.860621341,1134885,0.439356075,70.0278422,3.864,0.4008,0.0,0.225,0.0,0.5,0.4886667,0.3571429,0.0,0.0,2007–10
timor-leste,2013,3.10436981,1158695,0.439356075,67.8276666,4.05,0.4015,0.125,0.225,0.0,0.5,0.4913333,0.3571429,0.0,0.0,2007–10
timor-leste,2014,4.472499229,1181903,0.439356075,69.37394642,3.864,0.4036,0.125,0.225,0.0,0.5,0.4913333,0.3214286,0.0,0.0,2011–15
timor-leste,2015,2.480037854,1205131,0.439356075,72.98403256,3.678,0.4032,0.125,0.225,0.0,0.5,0.4913333,0.3214286,0.0,0.0,2011–15
timor-leste,2016,3.009933581,1228312,0.439356075,77.38569437,4.657,0.4036,0.125,0.225,0.0,0.5,0.4913333,0.3214286,0.0,0.0,2011–15
timor-leste,2017,-3.182415154,1251703,0.439356075,81.16657009,3.864,0.4032,0.125,0.225,0.0,0.5625,0.4896667,0.3214286,0.0,0.0,2011–15
timor-leste,2018,-0.466502372,1275959,0.439356075,83.0952419,3.864,0.4024,0.125,0.225,0.0,0.5625,0.4896667,0.3214286,0.0,0.0,2016–20
timor-leste,2019,24.21287892,1300945,0.439356075,85.12482426,3.864,0.4024,0.125,0.225,0.0,0.5625,0.4896667,0.3214286,0.0,0.0,2016–20
timor-leste,2020,31.72574298,1326053,0.439356075,84.74104044,3.864,0.4024,0.125,0.225,0.0,0.5625,0.4853333,0.3214286,0.0,0.0,2016–20
togo,2006,2.650132099,6010668,0.672224386,46.02996826,4.229,0.4903,0.0,0.325,0.0,0.3125,0.3083333,0.4285714,0.0,0.0,2002–06
togo,2007,-1.1751369,6188344,0.6333918055000001,42.75978851,2.974,0.4943,0.0,0.3,0.0,0.375,0.225,0.3214286,0.0,0.0,2002–06
togo,2008,4.035613154,6368812,0.6333918055000001,49.40029907,2.974,0.4982,0.0,0.35,0.0,0.5,0.331,0.3214286,0.0,0.0,2002–06
togo,2009,5.453810969,6551865,0.6333918055000001,49.40029907,2.974,0.5022,0.0,0.325,0.0,0.5,0.2476667,0.3214286,0.0,0.0,2002–06
togo,2010,5.854333991,6732590,0.6333918055000001,49.40029907,10.624,0.5062,0.125,0.35,0.0,0.5,0.365,0.3571429,0.0,0.0,2007–10
togo,2011,5.823256221,6916474,0.652127711,52.77062988,1.982,0.5102,0.125,0.375,0.0,0.5,0.4483333,0.3571429,0.0,0.0,2007–10
togo,2012,6.302714269,7100736,0.6333918055000001,49.40029907,2.974,0.5016,0.125,0.325,0.0,0.3125,0.2816667,0.3571429,0.0,0.0,2007–10
togo,2013,5.824250693,7285442,0.6333918055000001,49.40029907,2.974,0.493,0.125,0.325,0.0,0.3125,0.2816667,0.2857143,0.0,0.0,2007–10
togo,2014,5.633237391,7472450,0.6333918055000001,49.40029907,2.974,0.4845,0.125,0.325,0.0,0.3125,0.2816667,0.2857143,0.0,0.0,2011–15
togo,2015,5.468041381,7663195,0.6146559,49.40029907,2.204,0.4759,0.25,0.35,0.0,0.375,0.2803333,0.2857143,0.0,0.0,2011–15
togo,2016,4.214903874,7858289,0.6333918055000001,49.40029907,2.974,0.4832,0.25,0.35,0.0,0.375,0.2773333,0.2857143,0.0,0.0,2011–15
togo,2017,4.007912596,8057140,0.6333918055000001,60.76947222,3.744,0.4904,0.25,0.35,0.0,0.25,0.2683333,0.2857143,0.0,0.0,2011–15
togo,2018,4.795183331,8258778,0.351255963,49.40029907,2.974,0.4977,0.25,0.35,0.0,0.25,0.27,0.2857143,0.0,0.0,2016–20
togo,2019,4.922833214,8463068,0.6333918055000001,49.40029907,2.036,0.4849,0.25,0.35,0.0,0.3125,0.2766667,0.2857143,0.0,0.0,2016–20
togo,2020,2.162286574,8669720,0.6333918055000001,49.40029907,2.974,0.4721,0.25,0.325,0.0,0.3125,0.26,0.3571429,0.0,0.0,2016–20
trinidad and tobago,1996,7.134477465,1300928,0.057169535,84.27310944,16.25,0.5541,0.625,0.625,0.5,0.6875,0.75,0.5714286,3.0,1.3862943611198906,1996–01
trinidad and tobago,1998,8.124563997,1310225,0.057169535,84.27310944,14.21,0.5541,0.5,0.6,0.5,0.75,0.625,0.5714286,0.0,0.0,1996–01
trinidad and tobago,2000,6.901359591,1319774,0.057169535,84.27310944,12.1,0.5541,0.375,0.575,0.5,0.625,0.5,0.5714286,0.0,0.0,1996–01
trinidad and tobago,2002,7.936709687,1332011,0.057169535,84.27310944,10.39,0.5619,0.375,0.575,0.5,0.5625,0.5,0.5357143,0.0,0.0,1996–01
trinidad and tobago,2003,14.44098954,1338709,0.057169535,84.27310944,10.48,0.562,0.375,0.525,0.5,0.5625,0.5,0.5714286,0.0,0.0,1996–01
trinidad and tobago,2004,7.950051511,1345380,0.057169535,84.27310944,8.33,0.5588,0.375,0.525,0.5,0.5625,0.5,0.5714286,0.0,0.0,1996–01
trinidad and tobago,2005,6.20893788,1294494,0.057169535,84.27310944,7.95,0.5548,0.375,0.5499999999999999,0.25,0.5625,0.625,0.5714286,2.0,1.0986122886681098,2002–06
trinidad and tobago,2006,13.20805861,1297944,0.057169535,84.27310944,6.27,0.5516,0.25,0.475,0.25,0.5625,0.5726667,0.4642857,0.0,0.0,2002–06
trinidad and tobago,2007,4.754209701,1303188,0.057169535,84.27310944,5.54,0.5618,0.25,0.475,0.25,0.625,0.5726667,0.4642857,0.0,0.0,2002–06
trinidad and tobago,2008,3.391737078,1308587,0.057169535,84.27310944,4.63,0.553,0.25,0.475,0.25,0.75,0.5736667,0.4642857,0.0,0.0,2002–06
trinidad and tobago,2009,-4.391729247,1310106,0.057169535,84.27310944,5.28,0.5446,0.25,0.475,0.25,0.75,0.5736667,0.4642857,0.0,0.0,2002–06
trinidad and tobago,2010,3.32322471,1317714,0.057169535,84.27310944,4.033,0.5455,0.25,0.475,0.25,0.6875,0.572,0.4642857,1.0,0.6931471805599453,2007–10
trinidad and tobago,2011,-0.294354409,1328019,0.057169535,84.27310944,3.425,0.5384,0.25,0.475,0.25,0.6875,0.572,0.4642857,0.0,0.0,2007–10
trinidad and tobago,2012,6.710746254,1335194,0.057169535,84.27310944,3.718,0.5325,0.25,0.475,0.25,0.6875,0.5663332999999999,0.4642857,0.0,0.0,2007–10
trinidad and tobago,2013,3.368192917,1340557,0.057169535,84.27310944,2.683,0.5398,0.25,0.475,0.25,0.6875,0.5663332999999999,0.4642857,3.0,1.3862943611198906,2007–10
trinidad and tobago,2014,3.67086851,1345343,0.057169535,84.27310944,2.477,0.5319,0.25,0.475,0.25,0.6875,0.5663332999999999,0.4642857,0.0,0.0,2011–15
trinidad and tobago,2015,-0.406283289,1349667,0.057169535,84.27310944,2.428,0.5282,0.25,0.475,0.25,0.6875,0.57,0.4642857,1.0,0.6931471805599453,2011–15
trinidad and tobago,2016,-7.536363054,1353895,0.057169535,84.27310944,3.207,0.5295,0.25,0.475,0.25,0.6875,0.57,0.4642857,0.0,0.0,2011–15
trinidad and tobago,2017,-4.872749469,1356633,0.057169535,84.27310944,4.955,0.5299,0.25,0.5,0.25,0.75,0.568,0.4642857,0.0,0.0,2011–15
trinidad and tobago,2018,-0.945449701,1359193,0.057169535,84.27310944,4.955,0.5327,0.25,0.5,0.25,0.75,0.572,0.4642857,1.0,0.6931471805599453,2016–20
trinidad and tobago,2019,0.467734529,1363985,0.057169535,84.27310944,3.523,0.5258,0.375,0.5,0.25,0.75,0.572,0.4642857,1.0,0.6931471805599453,2016–20
trinidad and tobago,2020,-8.788798178,1366725,0.057169535,84.27310944,4.206,0.5411,0.375,0.5,0.25,0.75,0.572,0.4642857,1.0,0.6931471805599453,2016–20
tunisia,1996,7.146080968,9294432,0.045145203,58.36199188,14.55,0.5681,0.25,0.4,0.75,0.5,0.25,0.3928571,0.0,0.0,1996–01
tunisia,1998,4.783762478,9541667,0.045145203,66.0825882,14.55,0.5681,0.25,0.4,0.75,0.625,0.25,0.3928571,0.0,0.0,1996–01
tunisia,2000,4.709972914,9764935,0.10512,72.48271179,14.94,0.5681,0.25,0.4,0.75,0.6875,0.25,0.3928571,1.0,0.6931471805599453,1996–01
tunisia,2002,1.322557148,9971515,0.045145203,76.49107361,14.55,0.5681,0.375,0.425,0.75,0.375,0.375,0.4285714,1.0,0.6931471805599453,1996–01
tunisia,2003,4.702399533,10071632,0.045145203,76.05935669,14.51,0.5681,0.25,0.35,0.5,0.625,0.375,0.4285714,0.0,0.0,1996–01
tunisia,2004,6.235790722,10166163,0.045145203,80.00332642,14.23,0.5681,0.375,0.45,0.5,0.4375,0.375,0.3928571,0.0,0.0,1996–01
tunisia,2005,3.486545543,10255472,0.059001073,83.43923187,12.872,0.5681,0.25,0.425,0.5,0.4375,0.25,0.3928571,0.0,0.0,2002–06
tunisia,2006,5.244099832,10346410,0.045145203,85.95426941,12.51,0.5604,0.375,0.525,0.5,0.625,0.2686667,0.4642857,0.0,0.0,2002–06
tunisia,2007,6.709520975,10441702,0.045145203,89.60930634,12.365,0.5532,0.3125,0.5,0.5,0.59375,0.2686667,0.4285714,1.0,0.6931471805599453,2002–06
tunisia,2008,4.237781475,10542635,0.045145203,91.054039,12.444,0.5464,0.25,0.525,0.5,0.5,0.3486667,0.4285714,1.0,0.6931471805599453,2002–06
tunisia,2009,3.043450124,10650681,0.045145203,88.83683777,13.29,0.5399,0.25,0.5,0.5,0.5,0.2653333,0.4285714,0.0,0.0,2002–06
tunisia,2010,2.971132751,10765980,0.031289333,88.11122894,13.049,0.5338,0.25,0.45,0.5,0.5625,0.1763333,0.4285714,0.0,0.0,2007–10
tunisia,2011,-2.046633895,10886035,0.045145203,89.34146881,18.334,0.5366,0.375,0.425,0.5,0.3125,0.351,0.3214286,3.0,1.3862943611198906,2007–10
tunisia,2012,4.216677115,11009647,0.045145203,85.78160095,17.63,0.53,0.375,0.425,0.5,0.375,0.3556667,0.3571429,3.0,1.3862943611198906,2007–10
tunisia,2013,2.429930964,11141361,0.045145203,87.23570251,15.934,0.5238,0.375,0.475,0.25,0.375,0.5253333,0.3571429,29.0,3.4011973816621555,2007–10
tunisia,2014,3.090328031,11274288,0.045145203,84.96634674,14.259,0.5238,0.5,0.475,0.25,0.4375,0.5436667,0.3928571,23.0,3.1780538303479458,2011–15
tunisia,2015,0.967834206,11402264,0.006576977,85.78160095,15.159,0.5238,0.5,0.5,0.25,0.4375,0.5573332999999999,0.3928571,19.0,2.995732273553991,2011–15
tunisia,2016,1.117231964,11528674,0.045145203,90.32642365,15.557,0.5238,0.5,0.525,0.25,0.375,0.5466667,0.3928571,12.0,2.5649493574615367,2011–15
tunisia,2017,2.252614376,11650498,0.045145203,85.78160095,15.33,0.5238,0.5,0.525,0.5,0.4375,0.4606667,0.5,4.0,1.6094379124341003,2011–15
tunisia,2018,2.606969654,11765514,0.045145203,85.78160095,15.459,0.5238,0.5,0.5,0.5,0.375,0.4636667,0.4642857,19.0,2.995732273553991,2016–20
tunisia,2019,1.55009305,11875081,0.045145203,85.78160095,17.153,0.5238,0.375,0.5,0.5,0.375,0.474,0.4642857,16.0,2.833213344056216,2016–20
tunisia,2020,-8.975126229,11974057,0.045145203,85.78160095,14.55,0.5238,0.375,0.5,0.5,0.4375,0.4696667,0.4642857,5.0,1.791759469228055,2016–20
uganda,1996,9.072114579,21231550,0.785472057,21.606829645,2.563,0.4824,0.25,0.225,0.25,0.0625,0.125,0.5,29.0,3.4011973816621555,1996–01
uganda,1998,4.905265485,22515806,0.635498754,21.606829645,2.563,0.5118,0.0,0.125,0.25,0.0625,0.0,0.5,18.0,2.9444389791664403,1996–01
uganda,2000,3.141907338,24000150,0.635498754,21.606829645,2.563,0.537,0.0,0.125,0.25,0.0625,0.0,0.5,20.0,3.044522437723423,1996–01
uganda,2002,8.732685764,25532870,0.785756108,21.606829645,3.5,0.5581,0.0,0.125,0.25,0.0625,0.0,0.5,24.0,3.2188758248682006,1996–01
uganda,2003,6.473258672,26352124,0.635498754,21.606829645,3.6,0.5452,0.0,0.125,0.25,0.0625,0.0,0.5,30.0,3.4339872044851463,1996–01
uganda,2004,6.807233344,27154515,0.635498754,19.12254906,2.563,0.5324,0.0,0.125,0.25,0.1875,0.0,0.5,10.0,2.3978952727983707,1996–01
uganda,2005,6.332565116,27963289,0.724035954,21.606829645,1.9,0.5196,0.0,0.15,0.25,0.125,0.125,0.5,11.0,2.4849066497880004,2002–06
uganda,2006,10.78474439,28794003,0.635498754,21.606829645,2.563,0.5252,0.25,0.45,0.25,0.4375,0.4213333,0.3214286,0.0,0.0,2002–06
uganda,2007,8.412425966,29653430,0.635498754,24.09111023,2.563,0.5308,0.25,0.45,0.25,0.4375,0.4213333,0.3214286,1.0,0.6931471805599453,2002–06
uganda,2008,8.708751902,30539553,0.635498754,21.606829645,2.563,0.5364,0.25,0.45,0.25,0.4375,0.4176667,0.3214286,7.0,2.0794415416798357,2002–06
uganda,2009,6.801517349,31451151,0.635498754,21.606829645,3.6,0.542,0.25,0.45,0.25,0.5,0.4176667,0.3214286,2.0,1.0986122886681098,2002–06
uganda,2010,5.637611637,32390802,0.635498754,21.606829645,1.401,0.5275,0.25,0.45,0.25,0.5,0.4183333,0.3214286,6.0,1.9459101490553132,2007–10
uganda,2011,9.391655493,33354543,0.635498754,21.606829645,0.881,0.513,0.25,0.45,0.25,0.4375,0.421,0.3214286,0.0,0.0,2007–10
uganda,2012,3.837455606,34337438,0.561621117,21.606829645,3.551,0.4985,0.25,0.45,0.25,0.4375,0.422,0.3214286,4.0,1.6094379124341003,2007–10
uganda,2013,3.586905826,35337042,0.635498754,21.606829645,1.91,0.5026,0.25,0.45,0.25,0.4375,0.424,0.3214286,0.0,0.0,2007–10
uganda,2014,5.106307325,36395539,0.635498754,21.606829645,1.566,0.5066,0.25,0.45,0.25,0.4375,0.424,0.3214286,6.0,1.9459101490553132,2011–15
uganda,2015,5.18785986,37531446,0.635498754,21.606829645,2.563,0.5107,0.25,0.475,0.25,0.375,0.424,0.3571429,10.0,2.3978952727983707,2011–15
uganda,2016,4.781000293,38799152,0.601053166,21.606829645,2.563,0.5148,0.25,0.45,0.25,0.375,0.342,0.3571429,15.0,2.772588722239781,2011–15
uganda,2017,3.131405517,40177388,0.635498754,21.606829645,3.428,0.5181,0.25,0.45,0.25,0.375,0.3363333,0.3571429,13.0,2.6390573296152584,2011–15
uganda,2018,6.303923783,41565831,0.635498754,21.606829645,2.563,0.5215,0.25,0.45,0.25,0.375,0.34,0.3571429,10.0,2.3978952727983707,2016–20
uganda,2019,6.438745033,42999637,0.597843749,21.606829645,2.563,0.5248,0.125,0.45,0.25,0.375,0.334,0.3571429,4.0,1.6094379124341003,2016–20
uganda,2020,2.951306422,44457152,0.635498754,21.606829645,2.563,0.5248,0.25,0.45,0.25,0.3125,0.3313333,0.3571429,5.0,1.791759469228055,2016–20
ukraine,1996,-10.0,51226109,0.152387766,97.53465270999999,7.65,0.369,0.125,0.2,0.0,0.3125,0.125,0.4642857,3.0,1.3862943611198906,1996–01
ukraine,1998,-1.900000002,50379731,0.0024258459999999997,97.53465270999999,11.32,0.3129,0.0,0.15,0.0,0.1875,0.125,0.3928571,0.0,0.0,1996–01
ukraine,2000,5.9,49556660,0.0024258459999999997,97.83258057,11.707,0.3121,0.0,0.125,0.0,0.3125,0.125,0.3928571,1.0,0.6931471805599453,1996–01
ukraine,2002,5.339647207,48677281,0.062564627,100.0385284,10.136,0.3308,0.0,0.225,0.0,0.4375,0.125,0.3928571,3.0,1.3862943611198906,1996–01
ukraine,2003,9.516609864,48315136,0.032376096,101.2501221,9.057,0.3417,0.0,0.225,0.0,0.4375,0.125,0.3928571,1.0,0.6931471805599453,1996–01
ukraine,2004,11.79535253,47979507,0.027920779,98.83901978,8.59,0.3489,0.0,0.225,0.0,0.4375,0.125,0.3928571,0.0,0.0,1996–01
ukraine,2005,3.071230392,47585556,0.011141379,95.11811066,7.18,0.3338,0.0,0.225,0.0,0.4375,0.125,0.3928571,0.0,0.0,2002–06
ukraine,2006,7.571420763,47278694,0.006670842,97.16278839,6.81,0.3489,0.0,0.275,0.0,0.5,0.4813333,0.3928571,0.0,0.0,2002–06
ukraine,2007,8.215844452,47062798,0.004617694,97.69142914,6.351,0.3294,0.0,0.3,0.0,0.5625,0.4813333,0.3928571,1.0,0.6931471805599453,2002–06
ukraine,2008,2.243491596,46819175,0.001272872,97.74034882,6.363,0.3228,0.0,0.3,0.0,0.625,0.4813333,0.3928571,1.0,0.6931471805599453,2002–06
ukraine,2009,-15.13646791,46623731,0.003170227,97.37787628,8.84,0.304,0.0,0.325,0.0,0.5,0.5646667,0.3928571,2.0,1.0986122886681098,2002–06
ukraine,2010,4.092004367,46456003,0.001337387,98.14168177,8.1,0.2916,0.0,0.325,0.0,0.5625,0.5433333,0.3928571,4.0,1.6094379124341003,2007–10
ukraine,2011,5.44528081,46307853,0.000709468,96.11718264,7.851,0.2891,0.0,0.325,0.0,0.5625,0.6053333,0.3928571,3.0,1.3862943611198906,2007–10
ukraine,2012,0.152314967,46210056,0.001367843,99.47754931,7.529,0.2724,0.0,0.325,0.0,0.5,0.5303333,0.3928571,8.0,2.1972245773362196,2007–10
ukraine,2013,0.045439094,46126770,0.00052962,99.43038011,7.17,0.2744,0.0,0.3,0.0,0.5,0.528,0.3571429,5.0,1.791759469228055,2007–10
ukraine,2014,-10.07889498,45972380,0.00026386,98.29632493,9.27,0.2894,0.0,0.275,0.0,0.0625,0.514,0.3928571,896.0,6.799055862058796,2011–15
ukraine,2015,-9.772987213,45784896,0.002730814,90.50289611,9.14,0.3088,0.0,0.275,0.25,0.1875,0.5233333,0.3928571,638.0,6.459904454377535,2011–15
ukraine,2016,2.440981945,45616832,0.00249074,88.54575087,9.35,0.3218,0.0,0.325,0.25,0.1875,0.5233333,0.3928571,62.0,4.143134726391533,2011–15
ukraine,2017,2.359972281,45436041,0.000833042,86.78870227,9.5,0.3184,0.0,0.35,0.25,0.125,0.523,0.4642857,62.0,4.143134726391533,2011–15
ukraine,2018,3.48836234,45208907,0.002360952,85.83318768,8.799,0.3163,0.0,0.35,0.25,0.125,0.523,0.4642857,36.0,3.6109179126442243,2016–20
ukraine,2019,3.199503864,44957458,0.001800775,84.45682836,8.194,0.3188,0.0,0.35,0.25,0.125,0.53,0.4642857,31.0,3.4657359027997265,2016–20
ukraine,2020,-3.75281794,44680014,0.000337678,84.42833386,9.475,0.3188,0.0,0.375,0.25,0.25,0.527,0.4642857,38.0,3.6635616461296463,2016–20
united arab emirates,1996,5.798404069,2597564,0.0,101.7473443,2.331,0.5505,0.25,0.525,0.5,0.75,0.375,0.7142856999999999,0.0,0.0,1996–01
united arab emirates,1998,0.291994342,3040421,0.0,101.7473443,2.331,0.5505,0.25,0.525,0.5,0.75,0.375,0.7142856999999999,0.0,0.0,1996–01
united arab emirates,2000,10.85270422,3493575,0.0,101.7473443,2.25,0.5527,0.25,0.525,0.5,0.75,0.375,0.7142856999999999,0.0,0.0,1996–01
united arab emirates,2002,2.433456811,3956826,0.0,101.7473443,2.331,0.5551,0.5,0.5,0.5,0.8125,0.375,0.7142856999999999,0.0,0.0,1996–01
united arab emirates,2003,8.800540814,4192457,0.0,101.7473443,2.331,0.5565,0.5,0.5,0.5,0.8125,0.375,0.7142856999999999,0.0,0.0,1996–01
united arab emirates,2004,9.566436638,4428967,0.0,101.7473443,2.331,0.5579,0.5,0.5,0.5,0.8125,0.375,0.7142856999999999,0.0,0.0,1996–01
united arab emirates,2005,4.855141196,4664790,0.0,101.7473443,3.12,0.5594,0.5,0.5,0.5,0.8125,0.375,0.7142856999999999,0.0,0.0,2002–06
united arab emirates,2006,9.837319769,5009100,0.0,101.7473443,2.331,0.561,0.5,0.5,0.5,0.8125,0.3306667,0.7142856999999999,0.0,0.0,2002–06
united arab emirates,2007,3.184390173,5624635,0.0,101.7473443,2.331,0.5627,0.5,0.4875,0.5,0.71875,0.3306667,0.7142856999999999,0.0,0.0,2002–06
united arab emirates,2008,3.191836273,6302664,0.0,101.7473443,2.331,0.5646,0.5,0.575,0.5,0.6875,0.3366667,0.6785713999999999,0.0,0.0,2002–06
united arab emirates,2009,-5.242921904,6707058,0.0,101.7473443,2.331,0.5666,0.375,0.525,0.5,0.8125,0.2533333,0.6428571,0.0,0.0,2002–06
united arab emirates,2010,1.602850047,6869838,0.0,101.7473443,2.331,0.5479,0.375,0.525,0.5,0.8125,0.2506667,0.6428571,2.0,1.0986122886681098,2007–10
united arab emirates,2011,6.736467869,7104538,0.0,101.7473443,2.331,0.5293,0.375,0.525,0.5,0.8125,0.2526667,0.6071428999999999,0.0,0.0,2007–10
united arab emirates,2012,4.683265702,7391448,0.0,101.7473443,2.331,0.5108,0.375,0.525,0.5,0.8125,0.2526667,0.6071428999999999,0.0,0.0,2007–10
united arab emirates,2013,4.918478067,7693031,0.0,101.7473443,2.331,0.4923,0.375,0.525,0.5,0.8125,0.2506667,0.6071428999999999,1.0,0.6931471805599453,2007–10
united arab emirates,2014,4.63288145,8059440,0.0,101.7473443,2.331,0.4959,0.375,0.525,0.5,0.8125,0.2546667,0.6071428999999999,2.0,1.0986122886681098,2011–15
united arab emirates,2015,7.087673486,8505237,0.0,101.7473443,2.331,0.4936,0.375,0.5499999999999999,0.5,0.8125,0.2583333,0.6785713999999999,0.0,0.0,2011–15
united arab emirates,2016,5.657933292,8935095,0.0,101.7473443,1.64,0.4913,0.5,0.6,0.5,0.875,0.2583333,0.7142856999999999,0.0,0.0,2011–15
united arab emirates,2017,-1.061376615,9223225,0.0,101.7473443,2.462,0.489,0.5,0.6,0.5,0.9375,0.2563333,0.7142856999999999,0.0,0.0,2011–15
united arab emirates,2018,1.537166832,9346701,0.0,102.1844482,2.236,0.4866,0.5,0.6,0.5,0.9375,0.2586667,0.7142856999999999,0.0,0.0,2016–20
united arab emirates,2019,1.271342408,9445785,0.0,101.7473443,2.331,0.4866,0.5,0.625,0.5,0.9375,0.2586667,0.75,0.0,0.0,2016–20
united arab emirates,2020,-8.693426179,9401038,0.0,99.16354008,4.294,0.4866,0.5,0.625,0.5,0.9375,0.25,0.7142856999999999,0.0,0.0,2016–20
united kingdom,1996,2.614916069,58166950,0.002463672,103.4611893,8.189,0.351,0.875,0.8999999999999999,1.0,0.9375,0.875,0.8928571,36.0,3.6109179126442243,1996–01
united kingdom,1998,3.246314829,58487141,0.002455574,103.4611893,6.198,0.3599,0.875,0.8999999999999999,1.0,0.9375,0.875,0.8928571,63.0,4.1588830833596715,1996–01
united kingdom,2000,4.524380748,58892514,0.002488854,101.2043762,5.558,0.3536,0.875,0.8999999999999999,1.0,0.9375,0.875,0.8928571,61.0,4.127134385045092,1996–01
united kingdom,2002,1.709027363,59370479,0.002494058,102.6145172,5.037,0.3603,0.875,0.8999999999999999,1.0,0.9375,0.875,0.8928571,21.0,3.091042453358316,1996–01
united kingdom,2003,3.218516127,59647577,0.002498727,102.1570511,4.807,0.3723,0.875,0.8999999999999999,1.0,0.9375,0.875,0.8928571,23.0,3.1780538303479458,1996–01
united kingdom,2004,2.326018533,59987905,0.002497664,104.9429321,4.594,0.3662,0.875,0.8999999999999999,1.0,0.875,0.875,0.9285713999999999,5.0,1.791759469228055,1996–01
united kingdom,2005,2.790654717,60401206,0.002466498,105.70504,4.884,0.3781,0.875,0.875,1.0,0.9375,0.75,0.8928571,29.0,3.4011973816621555,2002–06
united kingdom,2006,2.189821324,60846820,0.002301396,98.46826172,5.472,0.3821,0.75,0.9249999999999999,1.0,0.9375,0.7693333,0.9642856999999999,6.0,1.9459101490553132,2002–06
united kingdom,2007,2.930911336,61322463,0.002437754,97.77851105,5.399,0.3815,0.75,0.9249999999999999,1.0,0.9375,0.7693333,0.9642856999999999,24.0,3.2188758248682006,2002–06
united kingdom,2008,-0.049411673,61806995,0.002468745,98.81590271,5.748,0.3664,0.75,0.9249999999999999,1.0,0.875,0.7716666999999999,0.9285713999999999,39.0,3.6888794541139363,2002–06
united kingdom,2009,-4.587408192,62276270,0.002489277,100.6347427,7.683,0.3831,0.625,0.9249999999999999,0.75,0.75,0.7716666999999999,0.8571428999999999,23.0,3.1780538303479458,2002–06
united kingdom,2010,2.260544609,62766365,0.002463516,103.4611893,7.973,0.3445,0.625,0.9249999999999999,0.75,0.75,0.772,0.8571428999999999,57.0,4.060443010546419,2007–10
united kingdom,2011,0.851437739,63258810,0.002473062,94.16454315,8.195,0.3542,0.625,0.875,0.75,0.6875,0.75,0.8571428999999999,47.0,3.871201010907891,2007–10
united kingdom,2012,1.528260347,63711000,0.004941608,92.51107788,8.279,0.364,0.625,0.875,0.75,0.6875,0.7736666999999999,0.8571428999999999,54.0,4.007333185232471,2007–10
united kingdom,2013,1.718469613,64139000,0.002444582,125.997467,7.752,0.3852,0.625,0.875,0.75,0.6875,0.7769999999999999,0.8571428999999999,136.0,4.919980925828125,2007–10
united kingdom,2014,3.160173515,64620000,0.002463005,128.713028,6.398,0.3653,0.625,0.875,0.75,0.75,0.7769999999999999,0.8571428999999999,104.0,4.653960350157523,2011–15
united kingdom,2015,2.1404056,65088000,0.002492474,125.9768829,5.552,0.3536,0.75,0.875,0.75,0.75,0.7769999999999999,0.9285713999999999,114.0,4.74493212836325,2011–15
united kingdom,2016,2.206520206,65607000,0.002491729,103.4611893,4.909,0.3533,0.75,0.875,0.75,0.75,0.7786666999999999,0.8571428999999999,104.0,4.653960350157523,2011–15
united kingdom,2017,3.023222198,65966000,0.002492966,125.5118408,4.501,0.356,0.875,0.875,0.75,0.8125,0.7843333,0.8571428999999999,123.0,4.820281565605037,2011–15
united kingdom,2018,1.551330951,66289000,0.004984822,119.9941406,4.145,0.3566,0.875,0.8999999999999999,0.75,0.8125,0.7843333,0.8928571,101.0,4.624972813284271,2016–20
united kingdom,2019,1.256298998,66631000,0.004980385,117.085289,3.657,0.3533,0.875,0.8999999999999999,0.75,0.75,0.7839999999999999,0.8928571,85.0,4.454347296253507,2016–20
united kingdom,2020,-10.04789664,66744000,0.004993337,114.5668335,4.518,0.3533,0.875,0.875,0.75,0.75,0.7846666999999999,0.8928571,90.0,4.51085950651685,2016–20
united states,1996,3.772772691,269394000,0.007485454,98.76992798,5.451,0.408,0.75,0.875,1.0,0.9375,0.875,0.8571428999999999,35.0,3.58351893845611,1996–01
united states,1998,4.483133354,275854000,0.007488341,98.76992798,4.511,0.4192,0.75,0.875,1.0,0.9375,0.875,0.8571428999999999,31.0,3.4657359027997265,1996–01
united states,2000,4.077585757,282162411,0.007495954,98.76992798,3.992,0.4273,0.75,0.875,1.0,0.9375,0.875,0.8928571,42.0,3.7612001156935624,1996–01
united states,2002,1.700447326,287625193,0.009995092,98.76992798,5.783,0.4149,0.875,0.8999999999999999,1.0,0.75,1.0,0.7857143,33.0,3.5263605246161616,1996–01
united states,2003,2.795605963,290107933,0.009974197,98.76992798,5.989,0.4164,0.75,0.875,0.75,0.75,0.875,0.7857143,35.0,3.58351893845611,1996–01
united states,2004,3.847771696,292805298,0.00999882,98.76992798,5.529,0.4242,0.75,0.875,0.75,0.75,0.875,0.7857143,9.0,2.302585092994046,1996–01
united states,2005,3.483549936,295516599,0.009997318,95.0524826,5.084,0.4359,0.625,0.875,0.75,0.75,0.875,0.7857143,21.0,3.091042453358316,2002–06
united states,2006,2.784539637,298379912,0.009986555,98.76992798,4.623,0.4429,0.625,0.8999999999999999,0.75,0.9375,0.7739999999999999,0.75,6.0,1.9459101490553132,2002–06
united states,2007,2.003858298,301231207,0.009996451,98.76992798,4.622,0.4404,0.625,0.8999999999999999,0.75,0.9375,0.7739999999999999,0.75,11.0,2.4849066497880004,2002–06
united states,2008,0.11358725,304093966,0.009997492,98.76992798,5.784,0.4356,0.625,0.8999999999999999,0.75,0.9375,0.7739999999999999,0.75,18.0,2.9444389791664403,2002–06
united states,2009,-2.57650023,306771529,0.00999386,98.76992798,9.254,0.4245,0.625,0.8999999999999999,0.75,0.9375,0.7739999999999999,0.75,12.0,2.5649493574615367,2002–06
united states,2010,2.695192577,309378227,0.012480615,98.76992798,9.633,0.4381,0.625,0.8999999999999999,0.75,0.9375,0.7726666999999999,0.75,19.0,2.995732273553991,2007–10
united states,2011,1.564406858,311839461,0.009989762,98.76992798,8.949,0.4426,0.625,0.8999999999999999,0.75,0.9375,0.7703333,0.75,9.0,2.302585092994046,2007–10
united states,2012,2.289113387,314339099,0.009984797,98.76992798,8.069,0.4559,0.625,0.8999999999999999,0.75,0.9375,0.7703333,0.75,20.0,3.044522437723423,2007–10
united states,2013,2.117830098,316726282,0.009954639,96.18649292,7.375,0.449,0.625,0.8999999999999999,0.75,0.9375,0.7703333,0.75,20.0,3.044522437723423,2007–10
united states,2014,2.523819814,319257560,0.012489468,96.92453766,6.168,0.4558,0.625,0.8999999999999999,0.75,0.9375,0.7703333,0.75,29.0,3.4011973816621555,2011–15
united states,2015,2.945550455,321815121,0.012491881,97.65254974,5.28,0.455,0.625,0.8999999999999999,0.75,0.9375,0.7683333,0.75,41.0,3.7376696182833684,2011–15
united states,2016,1.819451478,324353340,0.012479338,98.76992798,4.869,0.4536,0.625,0.8999999999999999,0.75,0.875,0.766,0.75,68.0,4.23410650459726,2011–15
united states,2017,2.457622299,326608609,0.012499229,98.95233917,4.355,0.4546,0.625,0.8999999999999999,0.75,0.8125,0.766,0.75,66.0,4.204692619390966,2011–15
united states,2018,2.966505069,328529577,0.009997919,99.27558136,3.896,0.4581,0.625,0.85,0.75,0.8125,0.7653333,0.7142856999999999,76.0,4.343805421853684,2016–20
united states,2019,2.583825334,330226227,0.009991705,100.0634308,3.669,0.4567,0.625,0.85,0.75,0.8125,0.7653333,0.7142856999999999,72.0,4.290459441148391,2016–20
united states,2020,-2.16302914,331577720,0.004996183,100.509819,8.055,0.4461,0.625,0.85,0.75,0.6875,0.764,0.7142856999999999,103.0,4.6443908991413725,2016–20
uruguay,1996,5.577957764,3206324,0.002694947,105.2914696,11.93,0.4842,0.5,0.6,0.5,0.6875,0.625,0.5714286,1.0,0.6931471805599453,1996–01
uruguay,1998,4.518890097,3239280,0.002694947,105.2914696,9.362,0.4842,0.5,0.6,0.5,0.875,0.625,0.6071428999999999,0.0,0.0,1996–01
uruguay,2000,-1.929930635,3266206,0.002694947,96.85112762,12.627,0.4842,0.5,0.6,0.5,0.8125,0.625,0.6071428999999999,0.0,0.0,1996–01
uruguay,2002,-7.732007215,3278867,0.002694947,105.9184189,16.648,0.4965,0.5,0.6,0.5,0.6875,0.625,0.5,0.0,0.0,1996–01
uruguay,2003,0.805283916,3281186,0.002694947,109.8031921,16.661,0.5128,0.5,0.6,0.5,0.6875,0.625,0.5,0.0,0.0,1996–01
uruguay,2004,5.004160356,3283148,0.002694947,108.2588577,12.98,0.5022,0.5,0.575,0.5,0.6875,0.625,0.5,0.0,0.0,1996–01
uruguay,2005,7.46013213,3285771,0.002694947,102.7509537,12.009,0.489,0.5,0.5499999999999999,0.5,0.6875,0.625,0.5,1.0,0.6931471805599453,2002–06
uruguay,2006,4.098577354,3289506,0.010247957,102.3182831,10.844,0.4931,0.5,0.625,0.5,0.8125,0.7653333,0.5357143,0.0,0.0,2002–06
uruguay,2007,6.541510845,3295153,0.007409602,92.91506195,9.403,0.4972,0.5625,0.65,0.5,0.8125,0.7653333,0.5357143,0.0,0.0,2002–06
uruguay,2008,7.176144665,3302177,0.004102528,88.04734039,8.025,0.4968,0.625,0.65,0.5,0.8125,0.7693333,0.5357143,0.0,0.0,2002–06
uruguay,2009,4.243494195,3310091,0.004380738,89.2928772,7.74,0.4807,0.625,0.65,0.5,0.8125,0.7693333,0.5357143,0.0,0.0,2002–06
uruguay,2010,7.803409651,3318580,0.002916023,98.66429901,7.158,0.4685,0.625,0.65,0.5,0.6875,0.77,0.5357143,0.0,0.0,2007–10
uruguay,2011,5.162133025,3326825,0.002455418,101.5601807,6.307,0.4499,0.625,0.65,0.5,0.6875,0.7723333,0.5357143,0.0,0.0,2007–10
uruguay,2012,3.538178721,3335401,0.002694947,102.9772263,6.451,0.4293,0.625,0.65,0.5,0.75,0.7723333,0.5357143,0.0,0.0,2007–10
uruguay,2013,4.637538629,3345337,0.003063146,104.6645203,6.444,0.4389,0.625,0.625,0.5,0.75,0.7723333,0.5714286,0.0,0.0,2007–10
uruguay,2014,3.23879123,3356334,0.002115371,106.469368,6.547,0.4332,0.625,0.625,0.5,0.75,0.7723333,0.5714286,0.0,0.0,2011–15
uruguay,2015,0.370741258,3368017,0.002163831,108.0432968,7.488,0.443,0.625,0.625,0.5,0.75,0.7723333,0.5357143,0.0,0.0,2011–15
uruguay,2016,1.68979823,3379283,0.001253963,112.0325775,7.841,0.446,0.75,0.7,0.5,0.8125,0.8556667,0.5714286,1.0,0.6931471805599453,2011–15
uruguay,2017,1.740376434,3388438,0.001175442,116.472847,7.89,0.4551,0.75,0.7,0.5,0.8125,0.854,0.5714286,0.0,0.0,2011–15
uruguay,2018,0.164777609,3394534,0.000902214,117.7690582,8.336,0.4607,0.75,0.7,0.5,0.8125,0.8626667,0.5357143,0.0,0.0,2016–20
uruguay,2019,0.928351141,3397206,0.001317269,119.8485332,8.836,0.452,0.75,0.7,0.5,0.8125,0.8626667,0.5357143,0.0,0.0,2016–20
uruguay,2020,-7.357327065,3398968,0.002766145,116.9918289,10.413,0.4504,0.75,0.7,0.5,0.6875,0.8703333,0.5357143,0.0,0.0,2016–20
uzbekistan,1996,1.700000003,23351981,0.932181709,91.74183719,4.975,0.4194,0.0,0.175,0.0,0.125,0.0,0.0357143,0.0,0.0,1996–01
uzbekistan,1998,4.300000001,24134929,0.797930157,91.74183719,4.975,0.4806,0.0,0.175,0.0,0.0,0.0,0.0357143,0.0,0.0,1996–01
uzbekistan,2000,3.835,24787054,0.937522293,85.34689331,0.4,0.4485,0.0,0.175,0.0,0.0,0.0,0.0357143,0.0,0.0,1996–01
uzbekistan,2002,3.973488192,25399980,0.931025232,91.74183719,0.4,0.4406,0.0,0.175,0.0,0.125,0.0,0.0357143,0.0,0.0,1996–01
uzbekistan,2003,4.232627382,25711259,0.933338186,95.44661713,0.3,0.4482,0.0,0.175,0.0,0.0,0.0,0.0357143,0.0,0.0,1996–01
uzbekistan,2004,7.449000606,26029350,0.932181709,96.29509735,0.4,0.4482,0.0,0.175,0.0,0.0625,0.0,0.0357143,5.0,1.791759469228055,1996–01
uzbekistan,2005,6.950007196,26356975,0.932181709,87.86533356,0.3,0.4482,0.0,0.175,0.0,0.0625,0.0,0.0714286,2.0,1.0986122886681098,2002–06
uzbekistan,2006,7.451418476,26699043,0.932181709,88.727211,0.2,0.4482,0.125,0.15,0.0,0.125,0.0616667,0.0714286,0.0,0.0,2002–06
uzbekistan,2007,9.473005305,27076008,0.932181709,89.76821899,4.99,0.4482,0.125,0.15,0.0,0.15625,0.0616667,0.0714286,0.0,0.0,2002–06
uzbekistan,2008,9.029161018,27494774,0.932181709,88.23036957,4.89,0.4482,0.125,0.15,0.0,0.1875,0.058,0.0714286,0.0,0.0,2002–06
uzbekistan,2009,8.050933327,27939328,0.932181709,89.04360199,5.04,0.4482,0.0,0.15,0.0,0.125,0.058,0.0714286,2.0,1.0986122886681098,2002–06
uzbekistan,2010,7.597167961,28385506,0.932181709,89.98355865,5.36,0.4482,0.0,0.125,0.0,0.3125,0.058,0.0714286,0.0,0.0,2007–10
uzbekistan,2011,7.525139894,28823196,0.932181709,89.78317261,4.96,0.4482,0.0,0.09999999999999999,0.0,0.3125,0.058,0.0714286,0.0,0.0,2007–10
uzbekistan,2012,7.102444887,29261903,0.932181709,92.0473723,4.87,0.4482,0.0,0.09999999999999999,0.0,0.3125,0.0573333,0.0714286,0.0,0.0,2007–10
uzbekistan,2013,7.29655037,29724065,0.932181709,92.06266764,4.86,0.4482,0.0,0.09999999999999999,0.0,0.3125,0.0573333,0.0714286,0.0,0.0,2007–10
uzbekistan,2014,6.873838441,30222994,0.932181709,91.74183719,5.09,0.4482,0.0,0.125,0.0,0.3125,0.0816667,0.0714286,0.0,0.0,2011–15
uzbekistan,2015,7.218773508,30749346,0.932181709,92.24281249,5.15,0.4482,0.0,0.125,0.0,0.375,0.065,0.0714286,1.0,0.6931471805599453,2011–15
uzbekistan,2016,5.9321508,31284568,0.932181709,92.81486579,5.16,0.4453,0.0,0.125,0.0,0.5625,0.065,0.0714286,0.0,0.0,2011–15
uzbekistan,2017,4.395274633,31819178,0.932181709,93.87757366,5.83,0.4488,0.0,0.15,0.0,0.5,0.1483333,0.0714286,0.0,0.0,2011–15
uzbekistan,2018,5.559195729,32373490,0.932181709,94.94650965,9.35,0.4488,0.0,0.175,0.0,0.5,0.2336667,0.0714286,0.0,0.0,2016–20
uzbekistan,2019,6.779923997,32964701,0.932181709,96.20747375,8.98,0.4488,0.0,0.175,0.0,0.5,0.2336667,0.0714286,0.0,0.0,2016–20
uzbekistan,2020,1.563342773,33586372,0.932181709,90.06429702,5.293,0.4488,0.0,0.15,0.0,0.4375,0.154,0.0714286,0.0,0.0,2016–20
zambia,1996,6.218546489,9004053,0.56060181,85.67661285,15.3,0.546,0.0,0.25,0.0,0.375,0.125,0.3571429,4.0,1.6094379124341003,1996–01
zambia,1998,-0.385746146,9482408,0.56623684,85.67661285,12.0,0.5562,0.0,0.25,0.0,0.25,0.125,0.3214286,0.0,0.0,1996–01
zambia,2000,3.897322943,10017631,0.679815678,85.67661285,12.93,0.5352,0.0,0.25,0.0,0.375,0.125,0.3214286,8.0,2.1972245773362196,1996–01
zambia,2002,4.50601428,10647949,0.679815678,85.67661285,9.908999999999999,0.5143,0.0,0.25,0.0,0.375,0.125,0.2857143,1.0,0.6931471805599453,1996–01
zambia,2003,6.944973982,10983595,0.679815678,85.67661285,9.908999999999999,0.558,0.0,0.25,0.0,0.375,0.125,0.2857143,0.0,0.0,1996–01
zambia,2004,7.032395115,11338198,0.689310164,85.67661285,9.908999999999999,0.6016,0.0,0.25,0.0,0.375,0.125,0.2857143,0.0,0.0,1996–01
zambia,2005,7.235599007,11718819,0.679815678,85.67661285,15.9,0.6029,0.0,0.275,0.0,0.375,0.25,0.2857143,0.0,0.0,2002–06
zambia,2006,7.903694445,12129553,0.719630278,85.67661285,9.908999999999999,0.6042,0.25,0.4,0.0,0.625,0.5083333,0.3571429,0.0,0.0,2002–06
zambia,2007,8.352436244,12565085,0.679815678,85.67661285,9.908999999999999,0.5986,0.25,0.4,0.0,0.625,0.5083333,0.3571429,0.0,0.0,2002–06
zambia,2008,7.773895815,13021324,0.679815678,85.67661285,7.93,0.5929,0.25,0.4,0.0,0.5,0.5083333,0.3571429,0.0,0.0,2002–06
zambia,2009,9.220348406,13490389,0.679815678,85.67661285,9.908999999999999,0.5872,0.25,0.4,0.0,0.625,0.5083333,0.3571429,0.0,0.0,2002–06
zambia,2010,10.29822332,13965594,0.713671926,85.67661285,13.19,0.5816,0.25,0.4,0.0,0.625,0.5226666999999999,0.3571429,0.0,0.0,2007–10
zambia,2011,5.569252193,14437796,0.679815678,85.67661285,9.908999999999999,0.5864,0.25,0.4,0.25,0.625,0.5396666999999999,0.3571429,0.0,0.0,2007–10
zambia,2012,7.597381049,14913629,0.679815678,85.67661285,7.85,0.5912,0.25,0.4,0.25,0.625,0.5419999999999999,0.3571429,0.0,0.0,2007–10
zambia,2013,5.05753695,15398997,0.679815678,85.67661285,9.908999999999999,0.596,0.25,0.45,0.25,0.625,0.5419999999999999,0.2857143,0.0,0.0,2007–10
zambia,2014,4.693283164,15895315,0.679815678,85.67661285,9.908999999999999,0.6008,0.25,0.425,0.25,0.625,0.463,0.2857143,0.0,0.0,2011–15
zambia,2015,2.920375112,16399089,0.678928365,85.67661285,11.888,0.6057,0.25,0.425,0.25,0.625,0.4593333,0.3571429,0.0,0.0,2011–15
zambia,2016,3.755100317,16914423,0.679815678,85.67661285,9.908999999999999,0.599,0.25,0.425,0.25,0.625,0.4496667,0.3571429,0.0,0.0,2011–15
zambia,2017,3.525862771,17441320,0.679815678,85.67661285,4.529,0.5923,0.25,0.425,0.25,0.5,0.4393333,0.3571429,2.0,1.0986122886681098,2011–15
zambia,2018,4.034493897,17973569,0.679815678,85.67661285,5.032,0.5857,0.25,0.425,0.25,0.5,0.437,0.3571429,0.0,0.0,2016–20
zambia,2019,1.441306026,18513839,0.679815678,85.67661285,5.538,0.579,0.25,0.4,0.25,0.5,0.4196667,0.3571429,0.0,0.0,2016–20
zambia,2020,-2.785055065,19059395,0.679815678,85.67661285,6.032,0.5723,0.25,0.35,0.25,0.5,0.412,0.3214286,0.0,0.0,2016–20
zimbabwe,1996,10.36073846,11158360,0.446568731,40.53300858,5.071,0.5082,0.125,0.075,0.25,0.3125,0.125,0.1071429,0.0,0.0,1996–01
zimbabwe,1998,2.885295164,11594297,0.446568731,40.99541855,5.071,0.5082,0.0,0.05,0.25,0.0,0.0,0.0714286,0.0,0.0,1996–01
zimbabwe,2000,-3.059117806,11892055,0.446568731,40.01792908,5.071,0.5082,0.0,0.05,0.25,0.0,0.0,0.0714286,1.0,0.6931471805599453,1996–01
zimbabwe,2002,-8.894012858,12087653,0.446568731,41.45782852,5.071,0.5082,0.0,0.05,0.25,0.0,0.0,0.0714286,8.0,2.1972245773362196,1996–01
zimbabwe,2003,-16.99507334,12232323,0.446568731,39.10110092,5.071,0.5082,0.0,0.05,0.25,0.0,0.0,0.0714286,1.0,0.6931471805599453,1996–01
zimbabwe,2004,-5.807539642,12365896,0.446568731,40.99541855,4.39,0.5082,0.0,0.05,0.25,0.0,0.0,0.0714286,0.0,0.0,1996–01
zimbabwe,2005,-5.711125412,12483432,0.446568731,40.99541855,5.071,0.5082,0.0,0.05,0.25,0.0,0.0,0.0714286,0.0,0.0,2002–06
zimbabwe,2006,-3.461402903,12636445,0.446568731,40.99541855,5.071,0.5082,0.125,0.09999999999999999,0.25,0.375,0.0873333,0.0714286,1.0,0.6931471805599453,2002–06
zimbabwe,2007,-3.653250915,12804058,0.446568731,40.99541855,5.071,0.5082,0.125,0.09999999999999999,0.25,0.375,0.0873333,0.0714286,1.0,0.6931471805599453,2002–06
zimbabwe,2008,-17.6689988,12959149,0.446568731,40.99541855,5.071,0.5082,0.125,0.075,0.0,0.3125,0.0843333,0.0714286,5.0,1.791759469228055,2002–06
zimbabwe,2009,13.27205462,13142790,0.446568731,40.99541855,5.071,0.5082,0.125,0.075,0.0,0.3125,0.0843333,0.0714286,0.0,0.0,2002–06
zimbabwe,2010,19.6754077,13356548,0.446568731,40.99541855,5.071,0.5082,0.125,0.075,0.0,0.3125,0.088,0.0714286,1.0,0.6931471805599453,2007–10
zimbabwe,2011,14.19391568,13595424,0.35717,40.99541855,5.368,0.5082,0.125,0.075,0.0,0.3125,0.08933329999999999,0.0714286,1.0,0.6931471805599453,2007–10
zimbabwe,2012,16.66542904,13817887,0.446568731,75.86481098,5.071,0.5101,0.125,0.075,0.0,0.25,0.089,0.0714286,0.0,0.0,2007–10
zimbabwe,2013,1.98948554,14013808,0.446568731,52.41585159,5.071,0.512,0.0,0.09999999999999999,0.0,0.25,0.1723333,0.0714286,3.0,1.3862943611198906,2007–10
zimbabwe,2014,2.376985617,14207359,0.446568731,40.99541855,4.774,0.514,0.0,0.125,0.0,0.375,0.176,0.0714286,1.0,0.6931471805599453,2011–15
zimbabwe,2015,1.779853564,14399013,0.446568731,40.99541855,5.071,0.5159,0.0,0.125,0.0,0.375,0.185,0.1071429,0.0,0.0,2011–15
zimbabwe,2016,0.755794059,14600294,0.446568731,40.99541855,5.071,0.5178,0.0,0.125,0.0,0.3125,0.185,0.1071429,0.0,0.0,2011–15
zimbabwe,2017,4.734411178,14812482,0.446568731,40.99541855,5.071,0.5198,0.0,0.09999999999999999,0.0,0.3125,0.1886667,0.1071429,3.0,1.3862943611198906,2011–15
zimbabwe,2018,5.009921543,15034452,0.446568731,40.99541855,5.071,0.5523,0.0,0.15,0.0,0.1875,0.1886667,0.1071429,2.0,1.0986122886681098,2016–20
zimbabwe,2019,-6.33244976,15271368,0.492198937,40.99541855,7.373,0.5848,0.0,0.125,0.0,0.125,0.1053333,0.1071429,2.0,1.0986122886681098,2016–20
zimbabwe,2020,-7.816950602,15526888,0.446568731,40.99541855,5.071,0.5848,0.0,0.125,0.0,0.125,0.1053333,0.1071429,1.0,0.6931471805599453,2016–20
