country,year,gdp,total_population,poverty_headcount,secondary_enrollment,unemployment_rate,inequality_measure,control_of_corruption,rule_of_law,government_effectiveness,political_stability,voice_and_accountability,regulatory_quality,attacks,log_attacks,year_q,log_gdp,log_population,governance_avg,stress_x_weak
afghanistan,2004,1.414117993,23560654,0.057169535,19.21438026,9.5495,0.4095,0.0,0.075,0.25,0.1875,0.0,0.1071429,88.0,4.48863636973214,-6.01167031363957,0.881334000105508,16.975088717719444,0.1025,0.0513096576625
afghanistan,2005,11.22971483,24404567,0.057169535,20.27350998,9.5495,0.4095,0.0,0.075,0.25,0.0625,0.0,0.1071429,155.0,5.049856007249537,-5.01167031363957,2.5038686321745725,17.010280885855995,0.0775,0.0527388960375
afghanistan,2006,5.357403247,25424094,0.057169535,29.52388954,9.5495,0.4095,0.0,0.025,0.0,0.0625,0.102,0.1071429,283.0,5.648974238161206,-4.01167031363957,1.8496199994802822,17.05120790437846,0.0379,0.0550028096235
afghanistan,2009,21.39052839,27466101,0.057169535,44.29994965,9.5495,0.3982,0.0,0.075,0.0,0.125,0.1006667,0.1071429,503.0,6.222576268071369,-1.01167031363957,3.1086380297069236,17.12846314774784,0.06013334,0.053731739914203096
afghanistan,2010,14.36244147,28284089,0.057169535,50.44062042,9.5495,0.3948,0.0,0.075,0.0,0.125,0.0826667,0.1071429,542.0,6.297109319933935,-0.01167031363956994,2.731925664958126,17.157810013712236,0.05653334,0.0539375502402031
afghanistan,2011,0.426354777,29347708,0.057169535,52.44742966,9.5495,0.3846,0.0,0.075,0.0,0.125,0.0826667,0.1071429,421.0,6.045005314036012,0.9883296863604301,0.3551220827736804,17.194725043270065,0.05653334,0.0539375502402031
afghanistan,2012,12.75228709,30560034,0.057169535,54.37285995,1.692,0.378,0.0,0.075,0.0,0.125,0.0826667,0.1071429,1469.0,7.293017679772782,1.98832968636043,2.6212051440988264,17.235203667549897,0.05653334,0.0539375502402031
afghanistan,2013,5.600744659,31622704,0.057169535,54.88336945,9.5495,0.3826,0.0,0.075,0.0,0.125,0.0826667,0.1071429,1443.0,7.275172319452771,2.98832968636043,1.887182469789091,17.269385933208728,0.05653334,0.0539375502402031
afghanistan,2014,2.724543362,32792523,0.057169535,54.29365158,7.915,0.3861,0.0,0.075,0.0,0.125,0.0923333,0.1071429,1824.0,7.509335266016592,3.98832968636043,1.314944256934525,17.305711120545837,0.058466660000000004,0.0538270232347969
afghanistan,2015,1.451314661,33831764,0.057169535,53.15010834,9.5495,0.3885,0.0,0.075,0.0,0.125,0.0923333,0.1428571,1928.0,7.564757012905729,4.98832968636043,0.8966244769668384,17.33691071202379,0.058466660000000004,0.0538270232347969
afghanistan,2016,2.260314203,34700612,0.057169535,53.43503952,9.5495,0.3937,0.0,0.075,0.0,0.125,0.08499999999999999,0.1428571,1616.0,7.388327859577107,5.98832968636043,1.1818235720225818,17.362267910467104,0.05700000000000001,0.053910871505
afghanistan,2017,2.647003203,35688935,0.057169535,55.53643036,11.184,0.3994,0.0,0.075,0.0,0.125,0.08499999999999999,0.1428571,1415.0,7.255591274253665,6.98832968636043,1.2939057900822584,17.390351282749602,0.05700000000000001,0.053910871505
afghanistan,2018,1.189228129,36743039,0.057169535,57.35784912,9.5495,0.3994,0.0,0.075,0.0,0.125,0.09899999999999999,0.1428571,1777.0,7.48324441607385,7.98832968636043,0.7835490291910094,17.419459377931894,0.0598,0.053750796807000005
afghanistan,2019,3.911603416,37856121,0.057169535,53.15010834,9.5495,0.3994,0.0,0.075,0.0,0.125,0.095,0.1428571,1806.0,7.499423290592229,8.98832968636043,1.5916004498003546,17.449303268493857,0.05900000000000001,0.053796532434999995
afghanistan,2020,-2.351100672,39068979,0.057169535,53.15010834,11.71,0.3994,0.0,0.075,0.0,0.125,0.095,0.1428571,2604.0,7.865187954187467,9.98832968636043,-1.2092888506793205,17.480839359703,0.05900000000000001,0.053796532434999995
albania,2006,6.01898124,2992547,0.017945902,84.32576752,13.8,0.3291,0.25,0.4,0.25,0.5625,0.5303333,0.5,0.0,0.0,-4.01167031363957,1.9486180849993073,14.911635756385875,0.39856666,0.01079326377917268
albania,2007,6.500092612,2970017,0.017945902,86.21885681,15.966,0.3211,0.25,0.4,0.25,0.5,0.5303333,0.5,0.0,0.0,-3.01167031363957,2.014915368732692,14.904078571366577,0.38606666,0.01101758755417268
albania,2008,6.907062307,2947314,0.008273079,87.83383942,13.06,0.3306,0.25,0.4,0.25,0.5,0.5303333,0.5,0.0,0.0,-2.01167031363957,2.067756323037508,14.896405144368723,0.38606666,0.00507911902255386
albania,2009,2.690751524,2927519,0.017945902,89.3157196,13.674,0.3279,0.25,0.4,0.25,0.4375,0.5303333,0.5,1.0,0.6931471805599453,-1.01167031363957,1.3058301023561774,14.889666206198394,0.37356666,0.011241911329172679
albania,2010,2.973154427,2913021,0.017945902,93.68182373,14.086,0.3272,0.25,0.4,0.25,0.4375,0.5286666999999999,0.5,0.0,0.0,-0.01167031363956994,1.379560345193614,14.88470158826458,0.37323333999999997,0.01124789305722732
albania,2011,2.463516839,2905195,0.017945902,95.47052765,13.481,0.3312,0.125,0.4,0.25,0.25,0.527,0.5,0.0,0.0,0.9883296863604301,1.2422845003136584,14.882011415871677,0.3104,0.0123754940192
albania,2012,0.98412988,2860708,0.017945902,97.60861206,13.376,0.3301,0.125,0.4,0.25,0.3125,0.5223333,0.5,0.0,0.0,1.98832968636043,0.6851804704297033,14.86658005417129,0.32196666,0.01216791987237268
albania,2013,1.707228318,2816902,0.017945902,102.9032095,15.866,0.3463,0.125,0.425,0.25,0.4375,0.6056667,0.5,1.0,0.6931471805599453,2.98832968636043,0.9959253506291962,14.851148612470835,0.36863334000000003,0.01133044420642732
albania,2014,2.240226954,2773767,0.036761395,103.3213775,18.055,0.3556,0.125,0.425,0.25,0.5625,0.6056667,0.5,2.0,1.0986122886681098,3.98832968636043,1.1756433748818886,14.835717242617529,0.39363334,0.0222908843030907
albania,2015,2.227704075,2731293,0.011148642,102.4407293,17.193,0.3524,0.125,0.425,0.25,0.5625,0.6136667,0.5,4.0,1.6094379124341003,4.98832968636043,1.1717710717939465,14.820286047536092,0.39523334,0.00674232698587572
albania,2016,3.908935514,2689469,0.0574550355,99.17075505,15.418,0.3579,0.25,0.425,0.25,0.5625,0.6136667,0.5357143,2.0,1.0986122886681098,5.98832968636043,1.591057118709332,14.80485470614354,0.42023334000000007,0.03331051403201643
albania,2017,3.283175933,2648285,0.051563215,97.57436975,13.616,0.3543,0.25,0.425,0.25,0.625,0.616,0.5357143,1.0,0.6931471805599453,6.98832968636043,1.4546947748383927,14.7894231962491,0.4332,0.029226030262
albania,2018,3.671419281,2607733,0.038002488,98.82238786,12.304,0.3503,0.25,0.425,0.25,0.625,0.616,0.5357143,0.0,0.0,7.98832968636043,1.5414629400691584,14.773992202961923,0.4332,0.0215398101984
albania,2019,2.062577902,2567801,0.002723695,99.01515357,11.466,0.3451,0.25,0.425,0.25,0.5625,0.613,0.5714286,1.0,0.6931471805599453,8.98832968636043,1.1192570129350756,14.758560838015677,0.42010000000000003,0.0015794707304999998
albania,2020,-3.313756369,2528480,0.003409224,95.92944745,11.639,0.345,0.125,0.45,0.25,0.5625,0.6193333,0.5714286,1.0,0.6931471805599453,9.98832968636043,-1.4618090718705974,14.743129285137378,0.40136666,0.0020408751499281603
algeria,1996,4.099998472,29033044,0.0,58.93128967,11.33,0.4562,0.125,0.175,0.5,0.0,0.375,0.3214286,129.0,4.867534450455582,-14.01167031363957,1.6292402401223922,17.183945221991646,0.23500000000000001,0.0
algeria,1998,5.100003611,30054133,0.0,79.93050002999999,11.33,0.4562,0.0,0.15,0.25,0.0,0.25,0.3214286,151.0,5.0238805208462765,-12.01167031363957,1.8082893631463035,17.218510780198983,0.13,0.0
algeria,2000,3.800000002,30903893,0.0,64.59542084,29.77,0.4562,0.0,0.15,0.0,0.25,0.25,0.3214286,138.0,4.9344739331306915,-10.01167031363957,1.568615918330512,17.24639275334567,0.13,0.0
algeria,2002,5.4,31750835,0.0,72.58306885,25.9,0.4562,0.0,0.5,0.25,0.1875,0.5,0.3571429,132.0,4.890349128221754,-8.01167031363957,1.8562979903656263,17.273429613664987,0.2875,0.0
algeria,2003,6.500000001,32175818,0.0,75.43586731,23.72,0.4562,0.0,0.45,0.0,0.375,0.375,0.3214286,75.0,4.330733340286331,-7.01167031363957,2.014903020675598,17.286725765667956,0.24,0.0
algeria,2004,4.5,32628286,0.0,79.62985992,17.65,0.4562,0.0,0.4,0.0,0.4375,0.375,0.3214286,67.0,4.219507705176107,-6.01167031363957,1.7047480922384253,17.30069016948995,0.2425,0.0
algeria,2005,5.4,33109249,0.0,81.85636902,15.27,0.4562,0.25,0.375,0.0,0.4375,0.375,0.3214286,104.0,4.653960350157523,-5.01167031363957,1.8562979903656263,17.315323257500037,0.2875,0.0
algeria,2006,2.899999999,33623506,0.0,83.48119354,12.27,0.4562,0.25,0.375,0.0,0.4375,0.3556667,0.3214286,152.0,5.030437921392435,-4.01167031363957,1.3609765528791904,17.330735993413512,0.28363334,0.0
algeria,2007,3.100000001,34189416,0.0,73.51782227,13.79,0.4491,0.25,0.375,0.0,0.5,0.3556667,0.375,124.0,4.8283137373023015,-3.01167031363957,1.4109869739541645,17.347426709700578,0.29613334,0.0
algeria,2008,2.499999999,34816961,0.0,80.23114014,11.33,0.4422,0.25,0.35,0.0,0.5625,0.3606667,0.3214286,107.0,4.68213122712422,-2.01167031363957,1.2527629682096537,17.365615239790287,0.30463334,0.0
algeria,2009,1.2,35490445,0.0,96.39295959,10.16,0.4354,0.25,0.325,0.0,0.3125,0.3606667,0.2142857,108.0,4.6913478822291435,-1.01167031363957,0.7884573603642702,17.384774091463974,0.24963334,0.0
algeria,2010,4.800000001,36188236,0.0,100.7397766,9.96,0.4286,0.25,0.325,0.0,0.1875,0.3646667,0.2142857,100.0,4.61512051684126,-0.01167031363956994,1.7578579177247875,17.404244679238634,0.22543334,0.0
algeria,2011,2.999999999,36903376,0.0,103.1842728,9.96,0.422,0.25,0.325,0.0,0.3125,0.3646667,0.1785714,15.0,2.772588722239781,0.9883296863604301,1.3862943608698906,17.423813622438452,0.25043334,0.0
algeria,2012,2.4,37646166,0.0,79.93050002999999,10.97,0.4544,0.25,0.325,0.0,0.375,0.3776667,0.1785714,41.0,3.7376696182833684,1.98832968636043,1.2237754316221157,17.443741700918686,0.26553334,0.0
algeria,2013,2.600000001,38414171,0.0,79.93050002999999,9.82,0.4873,0.25,0.35,0.0,0.375,0.3776667,0.1785714,22.0,3.1354942159291497,2.98832968636043,1.280933845739842,17.463937011971144,0.27053333999999996,0.0
algeria,2014,4.099999999,39205031,0.0,79.93050002999999,10.207,0.4873,0.25,0.35,0.0,0.375,0.3776667,0.1785714,13.0,2.6390573296152584,3.98832968636043,1.6292405395342016,17.484315663869246,0.27053333999999996,0.0
algeria,2015,3.200000001,40019529,0.0,79.93050002999999,11.206,0.4873,0.25,0.35,0.0,0.375,0.3816667,0.1785714,15.0,2.772588722239781,4.98832968636043,1.4350845255274176,17.504878142922962,0.27133334,0.0
algeria,2016,3.9,40850721,0.0,79.93050002999999,10.202,0.4873,0.25,0.35,0.25,0.375,0.3686667,0.2142857,9.0,2.302585092994046,5.98832968636043,1.589235205116581,17.5254350535327,0.31873334,0.0
algeria,2017,1.499999999,41689299,0.0,79.93050002999999,12.0,0.4873,0.25,0.35,0.25,0.375,0.3686667,0.2142857,14.0,2.70805020110221,6.98832968636043,0.9162907314741551,17.54575505911875,0.31873334,0.0
algeria,2018,1.400000001,42505035,0.0,79.93050002999999,11.33,0.4873,0.25,0.35,0.25,0.375,0.2833333,0.1428571,7.0,2.0794415416798357,7.98832968636043,0.8754687377705666,17.565133120992417,0.30166666000000003,0.0
algeria,2019,0.899999999,43294546,0.0,79.93050002999999,11.33,0.4873,0.125,0.35,0.25,0.25,0.3003333,0.1071429,0.0,0.0,8.98832968636043,0.641853885646079,17.583537249707327,0.25506666,0.0
algeria,2020,-4.999999999,44042091,0.0,79.93050002999999,11.33,0.4873,0.125,0.35,0.25,0.25,0.2923333,0.1071429,4.0,1.6094379124341003,9.98832968636043,-1.7917594690613883,17.600656370961218,0.25346666,0.0
angola,1996,13.54436976,14170973,0.269546383,23.56552029,13.005,0.5783,0.0,0.075,0.0,0.0,0.125,0.1428571,4.0,1.6094379124341003,-14.01167031363957,2.6772039606543045,16.46670634607242,0.04,0.25876452767999997
angola,1998,4.691146451,15159370,0.269546383,11.89748001,13.005,0.5783,0.0,0.075,0.0,0.0,0.125,0.1428571,20.0,3.044522437723423,-12.01167031363957,1.7389117130800735,16.534129446552562,0.04,0.25876452767999997
angola,2000,3.054624234,16194869,0.269546383,13.36907005,13.005,0.5783,0.0,0.075,0.0,0.0,0.125,0.1428571,22.0,3.1354942159291497,-10.01167031363957,1.3998580159492036,16.60020508338647,0.04,0.25876452767999997
angola,2002,13.66568876,17327699,0.269546383,16.14959908,13.005,0.5559,0.0,0.075,0.0,0.0625,0.125,0.1428571,6.0,1.9459101490553132,-8.01167031363957,2.685510667572699,16.667816935053647,0.052500000000000005,0.2553951978925
angola,2003,3.487312401,17943712,0.269546383,23.56552029,13.005,0.5447,0.0,0.075,0.0,0.1875,0.125,0.1428571,0.0,0.0,-7.01167031363957,1.5012539481494664,16.702750360850082,0.0775,0.2486565383175
angola,2004,11.41986339,18600423,0.269546383,23.56552029,23.643,0.5334,0.125,0.15,0.0,0.4375,0.125,0.1428571,0.0,0.0,-6.01167031363957,2.519297077249994,16.738694934122538,0.1675,0.2243973638475
angola,2005,14.15477753,19291161,0.269546383,23.56552029,13.005,0.5222,0.125,0.175,0.0,0.375,0.25,0.1428571,0.0,0.0,-5.01167031363957,2.7183158307583377,16.775157621533175,0.185,0.21968030214499998
angola,2006,11.84181788,20015279,0.269546383,23.56552029,13.005,0.511,0.0,0.225,0.0,0.375,0.0803333,0.3571429,0.0,0.0,-4.01167031363957,2.5527068676796447,16.812006539818828,0.13606666,0.2328701069501092
angola,2007,13.00268895,20778561,0.269546383,23.56552029,13.005,0.4998,0.0,0.225,0.0,0.46875,0.1636667,0.375,0.0,0.0,-3.01167031363957,2.639249379029732,16.849432340085887,0.17148333999999998,0.2233236689582408
angola,2008,10.78663605,21578655,0.220795824,22.79902077,13.005,0.4885,0.0,0.275,0.0,0.625,0.2783333,0.3928571,0.0,0.0,-2.01167031363957,2.466966351530086,16.887215235966003,0.23566666,0.16876160961597214
angola,2009,1.995589098,22414773,0.269546383,24.33201981,3.782,0.4974,0.0,0.275,0.25,0.5625,0.195,0.3928571,1.0,0.6931471805599453,-1.01167031363957,1.0971409060487574,16.92523085298683,0.2565,0.20040773576050003
angola,2010,5.293665728,23294825,0.269546383,28.21080388,9.43,0.5062,0.0,0.25,0.25,0.625,0.194,0.4285714,2.0,1.0986122886681098,-0.01167031363956994,1.8395436876036315,16.9637418337911,0.2638,0.19844004716459998
angola,2011,3.593869602,24218352,0.269546383,29.68695178,16.77,0.5151,0.0,0.25,0.25,0.5625,0.194,0.4285714,0.0,0.0,0.9883296863604301,1.5247227194496078,17.002621292125475,0.25129999999999997,0.20180937695210002
angola,2012,8.503122839,25177394,0.269546383,23.56552029,13.005,0.524,0.0,0.25,0.25,0.5625,0.195,0.4285714,0.0,0.0,1.98832968636043,2.2516204644846844,17.041457126105513,0.2515,0.20175546767549998
angola,2013,4.883061297,26165620,0.269546383,23.56552029,13.005,0.5328,0.0,0.25,0.25,0.5625,0.195,0.3571429,0.0,0.0,2.98832968636043,1.7720772551719102,17.079956931502593,0.2515,0.20175546767549998
angola,2014,4.655723563,27160769,0.269546383,23.56552029,9.579,0.5417,0.0,0.25,0.25,0.5625,0.195,0.3214286,0.0,0.0,3.98832968636043,1.73266805239985,17.117284210768364,0.2515,0.20175546767549998
angola,2015,0.763177711,28157798,0.269546383,23.56552029,13.005,0.5505,0.0,0.25,0.25,0.5,0.195,0.3214286,0.0,0.0,4.98832968636043,0.5671176986760492,17.15333492568806,0.23900000000000002,0.205124797463
angola,2016,-1.700530363,29183070,0.269546383,54.41679873,13.005,0.5594,0.0,0.25,0.25,0.5,0.1966667,0.2857143,2.0,1.0986122886681098,5.98832968636043,-0.9934481844610322,17.189099338838567,0.23933334,0.2050349468716908
angola,2017,-0.149396226,30234839,0.269546383,23.56552029,13.005,0.5682,0.0,0.25,0.25,0.5625,0.204,0.2857143,6.0,1.9459101490553132,6.98832968636043,-0.13923678363387762,17.22450545979518,0.25329999999999997,0.20127028418610002
angola,2018,-0.594411227,31297155,0.392947051,23.56552029,13.005,0.5771,0.125,0.25,0.25,0.625,0.204,0.2857143,0.0,0.0,7.98832968636043,-0.4665045314119777,17.259037788762317,0.2908,0.27867804856920003
angola,2019,-0.204680246,32375632,0.269546383,23.56552029,16.431,0.5771,0.125,0.25,0.25,0.625,0.2073333,0.2857143,1.0,0.6931471805599453,8.98832968636043,-0.18621417571288357,17.292916629916387,0.29146666,0.19098259903190923
angola,2020,-4.042447246,33451132,0.269546383,23.56552029,13.005,0.5771,0.125,0.25,0.25,0.625,0.2053333,0.2857143,1.0,0.6931471805599453,9.98832968636043,-1.6178915289174336,17.325596215414812,0.29106666,0.19109041758510922
argentina,1996,5.526689827,35513793,0.057169535,78.49260712,17.11,0.5057,0.25,0.5,0.75,0.5,0.5,0.6071428999999999,19.0,2.995732273553991,-14.01167031363957,1.875899896997928,17.385431742354726,0.5,0.0285847675
argentina,1998,3.850178852,36372860,0.057169535,80.65203094,12.65,0.5057,0.25,0.5,0.5,0.5,0.5,0.6071428999999999,0.0,0.0,-12.01167031363957,1.579015580970494,17.409333477603187,0.45,0.03144324425
argentina,2000,-0.788998939,37213984,0.057169535,96.21411896,15.0,0.5057,0.25,0.45,0.5,0.5625,0.5,0.5714286,0.0,0.0,-10.01167031363957,-0.5816562114576528,17.43219518945553,0.4525,0.0313003204125
argentina,2002,-10.89448483,38029349,0.057169535,96.99656677,19.59,0.5324,0.25,0.375,0.5,0.3125,0.5,0.3571429,0.0,0.0,-8.01167031363957,-2.476074833022994,17.45386878798872,0.3875,0.0350163401875
argentina,2003,8.837040796,38424282,0.057169535,96.04644775,15.36,0.5025,0.25,0.375,0.5,0.5,0.5,0.3928571,1.0,0.6931471805599453,-7.01167031363957,2.2861549337213707,17.4642001874881,0.425,0.032872482625
argentina,2004,9.029573301,38815916,0.057169535,95.45755768,13.522,0.495,0.25,0.425,0.5,0.5625,0.625,0.3928571,0.0,0.0,-6.01167031363957,2.3055380587957153,17.47434095243014,0.4725,0.030156929712500006
argentina,2005,8.85165992,39216789,0.057169535,93.63767242,11.506,0.4674,0.25,0.425,0.5,0.625,0.625,0.3571429,3.0,1.3862943611198906,-5.01167031363957,2.287639960783086,17.484615529385966,0.485,0.029442310525
argentina,2006,8.0471515,39622115,0.057169535,92.40757751,10.078,0.4455,0.25,0.425,0.5,0.5625,0.6376666999999999,0.2857143,0.0,0.0,-4.01167031363957,2.202449956786007,17.49489800517857,0.47503333999999997,0.030012099842703102
argentina,2007,9.007650875,40016763,0.057169535,92.18740845,8.47,0.4742,0.25,0.4375,0.5,0.59375,0.6376666999999999,0.3035714,0.0,0.0,-3.01167031363957,2.3033498879638024,17.504809024280334,0.48378334,0.0295118664114531
argentina,2008,4.057233103,40424148,0.057169535,93.18321991,7.837,0.414,0.25,0.45,0.5,0.625,0.6376666999999999,0.3214286,0.0,0.0,-2.01167031363957,1.62081951615118,17.51493791187624,0.49253333999999993,0.029011632980203105
argentina,2009,-5.918525076,40854831,0.057169535,96.4056778,8.645,0.4171,0.25,0.425,0.5,0.5,0.6376666999999999,0.3214286,1.0,0.6931471805599453,-1.01167031363957,-1.9342026076058099,17.525535658688707,0.46253333999999996,0.0307267190302031
argentina,2010,10.12539816,41288694,0.057169535,99.07099915,7.714,0.4258,0.25,0.425,0.5,0.5,0.6446666999999999,0.3214286,5.0,1.791759469228055,-0.01167031363956994,2.4092306170747904,17.536099291647133,0.46393333999999997,0.030646681681203103
argentina,2011,6.003951693,41730660,0.057169535,100.8845596,7.18,0.4003,0.25,0.425,0.5,0.4375,0.6446666999999999,0.3214286,1.0,0.6931471805599453,0.9883296863604301,1.9464745173409972,17.546746692365602,0.45143334,0.0313613008687031
argentina,2012,-1.026420454,42161721,0.057169535,102.7099915,7.217,0.3881,0.125,0.4,0.5,0.4375,0.6446666999999999,0.25,2.0,1.0986122886681098,1.98832968636043,-0.7062709134167239,17.557023305765547,0.42143333999999993,0.033076386918703106
argentina,2013,2.405323781,42582455,0.057169535,104.540863,7.1,0.3985,0.125,0.4,0.5,0.4375,0.6446666999999999,0.25,2.0,1.0986122886681098,2.98832968636043,1.2253400249485622,17.566952895428013,0.42143333999999993,0.033076386918703106
argentina,2014,-2.512615321,43024071,0.057169535,106.0389023,7.268,0.416,0.125,0.4,0.5,0.4375,0.6446666999999999,0.25,1.0,0.6931471805599453,3.98832968636043,-1.2563608657223424,17.57727033097395,0.42143333999999993,0.033076386918703106
argentina,2015,2.731159828,43477012,0.057169535,107.5048676,9.531500000000001,0.4165,0.125,0.425,0.5,0.5,0.6506666999999999,0.25,1.0,0.6931471805599453,4.98832968636043,1.3167191311665882,17.58774291960538,0.44013334000000004,0.0320073166142031
argentina,2016,-2.080327844,43900313,0.057169535,109.5983276,9.531500000000001,0.4172,0.375,0.5499999999999999,0.5,0.5,0.6486666999999999,0.3928571,2.0,1.0986122886681098,5.98832968636043,-1.125036034177987,17.59743203063941,0.5147333399999999,0.027742469303203104
argentina,2017,2.818502978,44288894,0.057169535,110.3778,8.347,0.4179,0.375,0.5499999999999999,0.5,0.625,0.6486666999999999,0.4642857,3.0,1.3862943611198906,6.98832968636043,1.339858455233388,17.60624452638968,0.53973334,0.026313230928203105
argentina,2018,-2.617396463,44654882,0.057169535,109.6712418,9.22,0.4176,0.375,0.5499999999999999,0.5,0.5625,0.6506666999999999,0.5357143,5.0,1.791759469228055,7.98832968636043,-1.285754557966708,17.614474221009356,0.52763334,0.027004982301703104
argentina,2019,-2.000861003,44973465,0.057169535,110.4601517,9.843,0.437,0.375,0.475,0.5,0.5,0.6506666999999999,0.4285714,1.0,0.6931471805599453,8.98832968636043,-1.098899248491201,17.621583229381496,0.50013334,0.028577144514203102
argentina,2020,-9.900484814,45191965,0.057169535,112.3767319,11.461,0.4511,0.375,0.475,0.5,0.5,0.6483333,0.3928571,5.0,1.791759469228055,9.98832968636043,-2.3888072665945894,17.626429885641404,0.49966666000000004,0.0286038243927969
australia,1996,3.865674792,18224767,0.005840973500000001,148.8163452,8.506,0.3095,0.875,0.8999999999999999,0.75,1.0,0.75,0.7142856999999999,5.0,1.791759469228055,-14.01167031363957,1.5822054094111149,16.71829210601117,0.8550000000000001,0.0008469411574999995
australia,1998,4.676813735,18607584,0.005840973500000001,148.8163452,7.676,0.3108,0.875,0.8999999999999999,0.75,1.0,0.75,0.75,6.0,1.9459101490553132,-12.01167031363957,1.7363901131870412,16.739079851256285,0.8550000000000001,0.0008469411574999995
australia,2000,3.916057488,19028802,0.005840973500000001,148.8163452,6.283,0.319,0.875,0.8999999999999999,0.75,0.9375,0.75,0.7857143,1.0,0.6931471805599453,-10.01167031363957,1.5925068856956248,16.76146433661087,0.8425,0.0009199533262499999
australia,2002,3.949805358,19495210,0.005840973500000001,148.8163452,6.368,0.3264,0.875,0.8999999999999999,0.75,0.9375,0.75,0.7857143,0.0,0.0,-8.01167031363957,1.5993482541913222,16.785679403628286,0.8425,0.0009199533262499999
australia,2003,3.0912801,19720737,0.009973307,148.8163452,5.929,0.3262,0.875,0.8999999999999999,0.75,0.9375,0.75,0.7857143,0.0,0.0,-7.01167031363957,1.4088579039708702,16.797181330373597,0.8425,0.0015707958525
australia,2004,4.218941475,19932722,0.007125372,148.8163452,5.395,0.3331,0.625,0.875,0.75,1.0,0.75,0.8928571,0.0,0.0,-6.01167031363957,1.652294598764333,16.80787331105489,0.8,0.0014250743999999996
australia,2005,3.155481213,20176844,0.005840973500000001,148.8163452,5.032,0.337,0.625,0.8999999999999999,0.75,1.0,0.875,0.8571428999999999,0.0,0.0,-5.01167031363957,1.4244282370044543,16.820046217753134,0.8300000000000001,0.0009929654949999997
australia,2006,2.770926174,20450966,0.005840973500000001,148.8163452,4.782,0.3383,0.625,0.8999999999999999,0.75,0.9375,0.8863333,0.8214286,2.0,1.0986122886681098,-4.01167031363957,1.3273206407841314,16.833540725398702,0.81976666,0.0010527381627564903
australia,2007,3.789471199,20827622,0.005840973500000001,148.8163452,4.377,0.3416,0.75,0.8999999999999999,0.75,0.9375,0.8863333,0.8214286,0.0,0.0,-3.01167031363957,1.566420008460165,16.851790692467347,0.84476666,0.0009067138252564901
australia,2008,3.623985036,21249199,0.006694529,148.8163452,4.234,0.3431,0.875,0.8999999999999999,0.75,0.9375,0.8863333,0.8214286,1.0,0.6931471805599453,-2.01167031363957,1.5312568952056704,16.87182980556721,0.86976666,0.0008718508713968599
australia,2009,1.954848263,21691653,0.005840973500000001,148.8163452,5.561,0.3514,0.875,0.8999999999999999,0.75,0.875,0.8863333,0.8214286,1.0,0.6931471805599453,-1.01167031363957,1.0834473003010654,16.892438136235018,0.85726666,0.0008337016565064904
australia,2010,2.210047953,22031750,0.003491684,148.8163452,5.211,0.3488,0.875,0.8999999999999999,0.75,0.875,0.8906666999999999,0.7857143,1.0,0.6931471805599453,-0.01167031363956994,1.1662858756596277,16.907995198143787,0.85813334,0.0004953535468554401
australia,2011,2.394734943,22340024,0.005840973500000001,148.8163452,5.081,0.3516,0.875,0.8999999999999999,0.75,0.875,0.8906666999999999,0.8214286,0.0,0.0,0.9883296863604301,1.2222256852087732,16.921890470673638,0.85813334,0.0008286394015935103
australia,2012,3.952471381,22733465,0.005840973500000001,148.8163452,5.224,0.3509,0.875,0.8999999999999999,0.75,0.875,0.8906666999999999,0.8571428999999999,0.0,0.0,1.98832968636043,1.5998867208762448,16.93934866990568,0.85813334,0.0008286394015935103
australia,2013,2.654453026,23128129,0.005840973500000001,148.8163452,5.662,0.3483,0.75,0.9249999999999999,0.75,0.875,0.8876666999999999,0.9285713999999999,1.0,0.6931471805599453,2.98832968636043,1.2959464311137374,16.956560183554945,0.8375333399999999,0.0009489634556935106
australia,2014,2.601189782,23475686,0.004984838,148.8163452,6.077,0.3487,0.875,0.9249999999999999,1.0,0.875,0.8836666999999999,0.9285713999999999,8.0,2.1972245773362196,3.98832968636043,1.2812642858606218,16.971475847806104,0.91173334,0.00043999500090108025
australia,2015,2.164347806,23815995,0.005840973500000001,159.1107635,6.054,0.3449,0.875,0.9249999999999999,1.0,0.875,0.8836666999999999,0.9285713999999999,12.0,2.5649493574615367,4.98832968636043,1.1519469699069662,16.98586801372342,0.91173334,0.0005155632219935104
australia,2016,2.755640655,24190907,0.004987418,155.5943909,5.714,0.3374,0.875,0.9249999999999999,1.0,0.875,0.8836666999999999,0.9642856999999999,9.0,2.302585092994046,5.98832968636043,1.323258884511413,17.001487418053717,0.91173334,0.0004402227288838803
australia,2017,2.293310302,24592588,0.005840973500000001,153.5761261,5.604,0.3436,0.875,0.9249999999999999,1.0,0.875,0.8863333,0.9285713999999999,4.0,1.6094379124341003,6.98832968636043,1.1918932297473754,17.017955695352033,0.9122666599999999,0.0005124481140064906
australia,2018,2.874170395,24963258,0.00497094,136.105545,5.345,0.3376,0.875,0.9249999999999999,1.0,0.875,0.8863333,0.9285713999999999,3.0,1.3862943611198906,7.98832968636043,1.3543315482715264,17.03291566185238,0.9122666599999999,0.0004361171691396005
australia,2019,2.194017036,25334826,0.005840973500000001,144.0565643,5.143,0.3293,0.875,0.9249999999999999,1.0,0.875,0.8863333,0.9285713999999999,2.0,1.0986122886681098,8.98832968636043,1.161279383529379,17.047690568370708,0.9122666599999999,0.0005124481140064906
australia,2020,-0.133531904,25649248,0.009892079,137.4907379,6.394,0.3406,0.875,0.9249999999999999,1.0,0.875,0.882,0.9285713999999999,5.0,1.791759469228055,9.98832968636043,-0.1253383370183944,17.060024850399984,0.9113999999999999,0.0008764381994000012
austria,1996,2.215767131,7959017,0.0,100.24597929999999,5.282,0.3081,0.875,0.9249999999999999,1.0,1.0,0.875,0.8214286,4.0,1.6094379124341003,-14.01167031363957,1.168065939180099,15.88981618337608,0.9349999999999999,0.0
austria,1998,3.49288003,7976789,0.002394451,100.24597929999999,5.483,0.3164,0.875,0.9249999999999999,1.0,1.0,0.875,0.8214286,1.0,0.6931471805599453,-12.01167031363957,1.5024939281958083,15.892046632860392,0.9349999999999999,0.00015563931500000016
austria,2000,3.18952293,8011566,0.00244632,98.61234283,4.687,0.3164,0.875,0.9249999999999999,1.0,1.0,0.875,0.8214286,0.0,0.0,-10.01167031363957,1.4325868682630527,15.89639693037332,0.9349999999999999,0.00015901080000000015
austria,2002,1.484368776,8081957,0.003814212,98.95127106,4.852,0.3154,0.875,0.9249999999999999,1.0,1.0,0.875,0.8571428999999999,0.0,0.0,-8.01167031363957,0.9100186135995598,15.905144727873571,0.9349999999999999,0.00024792378000000024
austria,2003,1.141565045,8121423,0.003732266,99.39745331,4.779,0.3158,0.875,0.9249999999999999,1.0,1.0,0.875,0.8571428999999999,0.0,0.0,-7.01167031363957,0.7615368911819487,15.910016066220562,0.9349999999999999,0.00024259729000000022
austria,2004,2.565255341,8171966,0.000816529,99.2856369,5.969,0.3198,0.875,0.9249999999999999,1.0,0.9375,0.875,0.8214286,0.0,0.0,-6.01167031363957,1.2712356757052812,15.916220196732349,0.9225,6.32809975e-05
austria,2005,2.320365143,8227829,0.001536901,100.1994324,5.682,0.3149,0.875,0.8999999999999999,1.0,0.9375,0.75,0.8571428999999999,0.0,0.0,-5.01167031363957,1.2000747597120542,15.923032868384515,0.8925000000000001,0.0001652168574999999
austria,2006,3.269336015,8268641,0.001453272,100.4166794,5.32,0.3221,0.875,0.95,0.75,1.0,0.9563332999999999,0.8214286,1.0,0.6931471805599453,-4.01167031363957,1.4514583151491547,15.927980845535615,0.90626666,0.00013622003848848
austria,2007,3.775224687,8295487,0.003814212,100.1025696,4.909,0.3207,0.875,0.95,0.75,0.9375,0.9563332999999999,0.8214286,1.0,0.6931471805599453,-3.01167031363957,1.563441027694758,15.931222310497084,0.89376666,0.0004051964802280798
austria,2008,1.453305621,8321496,0.005091001,100.1261292,4.198,0.3198,0.875,0.95,0.75,0.9375,0.9496667,0.8214286,7.0,2.0794415416798357,-2.01167031363957,0.8974363482208337,15.934352724496927,0.89243334,0.0005476219736266602
austria,2009,-3.586264726,8343323,0.006884822,100.5940933,5.371,0.3082,0.875,0.9249999999999999,0.75,0.875,0.9496667,0.8214286,3.0,1.3862943611198906,-1.01167031363957,-1.523065907584353,15.93697225608161,0.8749333399999999,0.0008610616922345207
austria,2010,1.80898243,8363404,0.005196234,100.2639694,4.883,0.3203,0.75,0.9249999999999999,1.0,0.875,0.9496667,0.8214286,0.0,0.0,-0.01167031363956994,1.0328222932075641,15.939376198788837,0.8999333399999999,0.0005199697809584405
austria,2011,2.927468002,8391643,0.004768217,99.67295837,4.637,0.3171,0.75,0.9249999999999999,0.75,0.875,0.8663333,0.8214286,1.0,0.6931471805599453,0.9883296863604301,1.3679949439470416,15.942747006804789,0.8332666599999999,0.0007950207462547803
austria,2012,0.628246239,8429991,0.006715152,100.1087265,4.909,0.3131,0.75,0.95,0.75,1.0,0.8706667,0.8214286,0.0,0.0,1.98832968636043,0.4875035085998514,15.947306380985891,0.8641333400000001,0.0009123652736323194
austria,2013,-0.250726423,8479823,0.003379979,101.1732101,5.367,0.3096,0.75,0.95,0.75,1.0,0.866,0.8214286,1.0,0.6931471805599453,2.98832968636043,-0.2237245209186823,15.953200252835723,0.8632,0.0004623811272000001
austria,2014,0.75579885,8546356,0.002242602,101.3048096,5.674,0.3054,0.75,0.95,0.75,1.0,0.868,0.8214286,0.0,0.0,3.98832968636043,0.5629239385376643,15.961015668242924,0.8636000000000001,0.00030589091279999966
austria,2015,1.303523318,8642699,0.006846073,101.4115829,5.802,0.3072,0.75,0.95,0.75,1.0,0.868,0.8214286,0.0,0.0,4.98832968636043,0.8344398281991215,15.972225591962284,0.8636000000000001,0.0009338043571999991
austria,2016,2.117219645,8736668,0.006640635,100.2279892,6.064,0.3209,0.75,0.95,0.75,1.0,0.8636667,0.8571428999999999,3.0,1.3862943611198906,5.98832968636043,1.1369414650975274,15.98303955370508,0.8627333400000001,0.0009115377867290991
austria,2017,2.27224992,8797566,0.003497298,100.3378983,5.561,0.3099,0.75,0.95,0.75,1.0,0.864,0.8571428999999999,1.0,0.6931471805599453,6.98832968636043,1.1854777972416817,15.98998576394882,0.8628,0.00047982928559999995
austria,2018,2.484221141,8840521,0.005683584,100.6925964,4.933,0.3113,0.75,0.95,0.75,0.875,0.8596667,0.8214286,1.0,0.6931471805599453,7.98832968636043,1.2482445302824554,15.994856482644213,0.8369333400000001,0.0009268030597094396
austria,2019,1.754976196,8879920,0.006466445,101.5436325,4.56,0.3076,0.75,0.95,0.75,0.875,0.8596667,0.8214286,0.0,0.0,8.98832968636043,1.0134088022771692,15.999303218532383,0.8369333400000001,0.0010544615882236996
austria,2020,-6.318255092,8916864,0.007386065,101.6905594,5.201,0.3076,0.75,0.95,0.75,0.875,0.8553333,0.7857143,4.0,1.6094379124341003,9.98832968636043,-1.9903719241474502,16.003454985381463,0.83606666,0.0012108223049071003
azerbaijan,1996,1.299999405,7763000,0.0014461595,84.80985864,0.9,0.4267,0.0,0.2,0.0,0.25,0.125,0.3214286,2.0,1.0986122886681098,-14.01167031363957,0.8329088642394185,15.864879544203989,0.11499999999999999,0.0012798511575
azerbaijan,1998,9.999999612,7913000,0.0014461595,84.80985864,1.13,0.4276,0.0,0.2,0.0,0.125,0.125,0.3214286,0.0,0.0,-12.01167031363957,2.397895237525643,15.884017660965643,0.09,0.001316005145
azerbaijan,2000,11.09999914,8048600,0.0014461595,84.80985864,11.78,0.4274,0.0,0.2,0.0,0.25,0.125,0.3214286,1.0,0.6931471805599453,-10.01167031363957,2.4932053815283126,15.901008845471843,0.11499999999999999,0.0012798511575
azerbaijan,2002,9.438916269,8171950,0.002424022,84.80985864,10.04,0.3665,0.0,0.3,0.0,0.125,0.125,0.2857143,1.0,0.6931471805599453,-8.01167031363957,2.345540771414972,15.916218238817484,0.11000000000000001,0.00215737958
azerbaijan,2003,10.2082994,8234100,0.002487477,84.80985864,9.17,0.3613,0.0,0.3,0.0,0.125,0.125,0.2857143,0.0,0.0,-7.01167031363957,2.416654521740017,15.92379474745002,0.11000000000000001,0.00221385453
azerbaijan,2004,9.253801797,8306500,0.000468297,84.80985864,7.99,0.3688,0.0,0.3,0.0,0.125,0.125,0.2857143,0.0,0.0,-6.01167031363957,2.327648543839801,15.932549019196312,0.11000000000000001,0.00041678433
azerbaijan,2005,27.96153811,8391850,0.0,84.80985864,7.26,0.3772,0.0,0.3,0.0,0.125,0.125,0.2857143,0.0,0.0,-5.01167031363957,3.3659686776402973,15.942771673895882,0.11000000000000001,0.0
azerbaijan,2006,34.46620962,8484550,0.0014461595,84.80985864,6.62,0.4169,0.0,0.25,0.0,0.25,0.1936667,0.3214286,0.0,0.0,-4.01167031363957,3.5685804015022655,15.953757538338117,0.13873333999999998,0.0012455289623922701
azerbaijan,2007,25.46321573,8581300,0.0014461595,84.80985864,6.33,0.426,0.0,0.25,0.0,0.375,0.1936667,0.3214286,1.0,0.6931471805599453,-3.01167031363957,3.275755683048457,15.965096091670853,0.16373334,0.0012093749748922698
azerbaijan,2008,10.59143746,8763400,0.0014461595,84.80985864,5.86,0.3743,0.0,0.25,0.0,0.375,0.1896667,0.3214286,2.0,1.0986122886681098,-2.01167031363957,2.4502666755454694,15.986094629575279,0.16293333999999998,0.00121053190249227
azerbaijan,2009,9.369502603,8947243,0.0014461595,84.80985864,5.74,0.3712,0.0,0.25,0.0,0.3125,0.1896667,0.3214286,2.0,1.0986122886681098,-1.01167031363957,2.3388690560959007,16.006856109869055,0.15043334,0.00122860889624227
azerbaijan,2010,4.788832488,9054332,0.0014461595,83.08531815,5.63,0.3651,0.0,0.25,0.0,0.375,0.1883333,0.3214286,0.0,0.0,-0.01167031363956994,1.7559306284197849,16.018753985625754,0.16266666000000002,0.00121091756430773
azerbaijan,2011,-1.572997351,9173082,0.0014461595,82.91762054,5.42,0.3704,0.0,0.25,0.0,0.3125,0.1883333,0.3214286,0.0,0.0,0.9883296863604301,-0.9450715037615722,16.031783992744764,0.15016666,0.00122899455805773
azerbaijan,2012,2.202938917,9295784,0.0014461595,82.76227492,5.19,0.3765,0.0,0.25,0.0,0.3125,0.1883333,0.3214286,0.0,0.0,1.98832968636043,1.1640687998863246,16.045071629579173,0.15016666,0.00122899455805773
azerbaijan,2013,5.843415905,9416801,0.0014461595,83.13765536,4.97,0.372,0.0,0.3,0.0,0.375,0.1853333,0.3928571,0.0,0.0,2.98832968636043,1.923287008290913,16.05800609846676,0.17206666,0.00119732366500773
azerbaijan,2014,2.797585214,9535079,0.0014461595,83.43866002,4.91,0.372,0.0,0.325,0.0,0.375,0.1776667,0.3928571,3.0,1.3862943611198906,3.98832968636043,1.3343653947357,16.070488187123043,0.17553334,0.00119231029279227
azerbaijan,2015,1.049546412,9649341,0.0014461595,84.80985864,4.96,0.3666,0.0,0.325,0.0,0.375,0.1736667,0.3928571,0.0,0.0,4.98832968636043,0.7176185062291476,16.082400284461865,0.17473334000000001,0.0011934672203922701
azerbaijan,2016,-3.063598423,9757812,0.0014461595,86.58569358,5.0,0.3586,0.125,0.325,0.25,0.375,0.1716667,0.4285714,2.0,1.0986122886681098,5.98832968636043,-1.4020688921556421,16.093578855411227,0.24933334000000001,0.00108558372169227
azerbaijan,2017,0.153614662,9854033,0.0014461595,89.26251647,5.0,0.3675,0.125,0.325,0.25,0.375,0.1716667,0.3928571,2.0,1.0986122886681098,6.98832968636043,0.14290019724586503,16.103391472455574,0.24933334000000001,0.00108558372169227
azerbaijan,2018,1.500401672,9939771,0.0014461595,108.4887811,4.9,0.3675,0.125,0.325,0.25,0.375,0.1716667,0.3928571,1.0,0.6931471805599453,7.98832968636043,0.9164513877683058,16.11205464074393,0.24933334000000001,0.00108558372169227
azerbaijan,2019,2.479808792,10024283,0.0014461595,107.8639605,5.0,0.3675,0.125,0.325,0.25,0.375,0.175,0.3928571,0.0,0.0,8.98832968636043,1.2469773474492745,16.12052110715989,0.25,0.0010846196249999999
azerbaijan,2020,-4.198960653,10093121,0.0014461595,91.3655135,7.24,0.3675,0.125,0.325,0.25,0.3125,0.1726667,0.3928571,0.0,0.0,9.98832968636043,-1.6484587311867502,16.127364759733396,0.23703333999999998,0.00110337148354227
bahrain,1996,4.110006317,573792,0.057169535,89.68965912,3.85,0.5614,0.125,0.35,0.5,0.1875,0.375,0.5,16.0,2.833213344056216,-14.01167031363957,1.6312006404183714,13.260023983082386,0.3075,0.0395899029875
bahrain,1998,4.790003593,604842,0.057169535,89.32608795,3.85,0.5675,0.125,0.45,0.5,0.3125,0.375,0.5,0.0,0.0,-12.01167031363957,1.7561329121373883,13.312724199203723,0.3525,0.037017273912499996
bahrain,2000,5.300069403,637582,0.057169535,91.4384079,3.85,0.5738,0.125,0.45,0.5,0.5,0.375,0.5,0.0,0.0,-10.01167031363957,1.8405606496860138,13.365439743618376,0.39,0.03487341635
bahrain,2002,3.348550671,710553,0.057169535,85.68901825,3.85,0.5803,0.375,0.625,0.5,0.5,0.375,0.5,0.0,0.0,-8.01167031363957,1.4698426105036515,13.473800226446144,0.475,0.030014005875000003
bahrain,2003,6.296441291,764517,0.057169535,81.4129715,3.85,0.5837,0.375,0.625,0.5,0.375,0.375,0.5714286,1.0,0.6931471805599453,-7.01167031363957,1.9873867349067649,13.547000848874603,0.45,0.03144324425
bahrain,2004,6.980961759,823741,0.057169535,80.49240112,3.85,0.5871,0.375,0.65,0.5,0.3125,0.5,0.5714286,0.0,0.0,-6.01167031363957,2.0770589253775684,13.621612653067325,0.46749999999999997,0.030442777387499998
bahrain,2005,6.768997378,888822,0.057169535,81.27992249,3.85,0.5906,0.375,0.625,0.5,0.3125,0.375,0.5714286,0.0,0.0,-5.01167031363957,2.0501411184730536,13.697653394560497,0.4375,0.0321578634375
bahrain,2006,6.46699952,960424,0.057169535,83.5526886,3.85,0.5684,0.375,0.625,0.5,0.4375,0.3676667,0.5714286,1.0,0.6931471805599453,-4.01167031363957,2.010493247770718,13.77513117381093,0.46103334,0.0308124733327031
bahrain,2007,8.293961291,1039295,0.057169535,90.81767469,5.6,0.544,0.375,0.625,0.5,0.4375,0.3676667,0.5714286,0.0,0.0,-3.01167031363957,2.2293648657089875,13.85405411882476,0.46103334,0.0308124733327031
bahrain,2008,6.24501095,1103496,0.057169535,89.02088928,3.7,0.5171,0.375,0.6,0.5,0.4375,0.3626667,0.5357143,1.0,0.6931471805599453,-2.01167031363957,1.9803130871586672,13.913994786052669,0.45503334000000006,0.031155490542703095
bahrain,2009,2.539885702,1178415,0.057169535,90.12888336,4.0,0.4873,0.375,0.6,0.5,0.4375,0.3626667,0.5357143,0.0,0.0,-1.01167031363957,1.2640944390538067,13.9796817217709,0.45503334000000006,0.031155490542703095
bahrain,2010,4.334298975,1228543,0.057169535,90.19694148,1.13,0.5028,0.375,0.6,0.5,0.4375,0.3663333,0.5357143,2.0,1.0986122886681098,-0.01167031363956994,1.674157474995184,14.021340286337807,0.45576666,0.0311135669792969
bahrain,2011,1.928157912,1195020,0.057169535,93.29389909,4.0,0.5176,0.375,0.525,0.5,0.3125,0.1806667,0.5357143,1.0,0.6931471805599453,0.9883296863604301,1.0743735263387928,13.993674316415099,0.37863334,0.03552324301670311
bahrain,2012,3.80302899,1208964,0.057169535,98.47329148,1.2,0.5317,0.375,0.525,0.5,0.3125,0.1676667,0.5357143,26.0,3.295836866004329,1.98832968636043,1.5692467584754233,14.005275179632806,0.37603334,0.0356718838077031
bahrain,2013,5.292622249,1253191,0.057169535,107.6104726,3.85,0.5452,0.375,0.525,0.5,0.3125,0.179,0.5,52.0,3.970291913552122,2.98832968636043,1.8393778755700443,14.041204454381962,0.37829999999999997,0.0355422999095
bahrain,2014,4.308856927,1314562,0.057169535,104.2038469,3.85,0.5582,0.375,0.5499999999999999,0.5,0.3125,0.2623333,0.5,42.0,3.7612001156935624,3.98832968636043,1.669376544095435,14.089014848972042,0.3999666599999999,0.034303627032296904
bahrain,2015,2.507872053,1370322,0.057169535,100.3039148,3.85,0.5706,0.375,0.5499999999999999,0.5,0.25,0.2596667,0.5357143,18.0,2.9444389791664403,4.98832968636043,1.2550096009257412,14.13055703643913,0.38693333999999996,0.03504873587620311
bahrain,2016,3.814993274,1423726,0.057169535,100.5836493,3.85,0.5706,0.375,0.525,0.5,0.25,0.1763333,0.5357143,3.0,1.3862943611198906,5.98832968636043,1.571734648364378,14.168788639091533,0.36526665999999997,0.0362874098967969
bahrain,2017,4.953835341,1501116,0.057169535,100.9234129,3.85,0.5706,0.375,0.525,0.5,0.25,0.1736667,0.5357143,21.0,3.091042453358316,6.98832968636043,1.7840356070213843,14.221720055612453,0.36473334,0.0363178995532031
bahrain,2018,2.05258865,1503091,0.057169535,100.7018874,3.85,0.5706,0.375,0.525,0.5,0.25,0.1736667,0.5357143,1.0,0.6931471805599453,7.98832968636043,1.1159899683500605,14.22303487777331,0.36473334,0.0363178995532031
bahrain,2019,2.052877744,1483756,0.057169535,102.1282819,3.85,0.5706,0.375,0.525,0.5,0.25,0.1683333,0.5357143,0.0,0.0,8.98832968636043,1.1160846684045886,14.210087942670793,0.36366666,0.0363788811527969
bahrain,2020,-5.911362952,1472204,0.057169535,90.81767469,3.85,0.5706,0.375,0.525,0.5,0.25,0.1663333,0.5714286,0.0,0.0,9.98832968636043,-1.9331668617449937,14.202271834878655,0.36326665999999996,0.036401748966796904
bangladesh,1996,4.522919217,124862179,0.287174579,49.572925565,2.51,0.4382,0.25,0.275,0.25,0.3125,0.25,0.1785714,161.0,5.087596335232384,-14.01167031363957,1.7089065641598982,18.642721127000158,0.26749999999999996,0.2103553791175
bangladesh,1998,5.177026873,129622332,0.287174579,41.92987823,4.25,0.4361,0.25,0.275,0.25,0.3125,0.25,0.1785714,2.0,1.0986122886681098,-12.01167031363957,1.8208370671980658,18.68013564956749,0.26749999999999996,0.2103553791175
bangladesh,2000,5.293294719,134544304,0.413734879,46.72100067,3.27,0.4355,0.25,0.275,0.25,0.375,0.25,0.1785714,23.0,3.1780538303479458,-10.01167031363957,1.8394847362783024,18.717404107968648,0.27999999999999997,0.29788911288
bangladesh,2002,3.83312394,138933658,0.287174579,49.61994934,4.25,0.4396,0.125,0.2,0.25,0.25,0.125,0.1428571,5.0,1.791759469228055,-8.01167031363957,1.5754930370613405,18.749507103782477,0.19,0.23261140899
bangladesh,2003,4.7395674,140970351,0.287174579,49.52590179,4.32,0.4433,0.125,0.2,0.25,0.3125,0.125,0.1428571,4.0,1.6094379124341003,-7.01167031363957,1.747383841637668,18.764060156729165,0.20249999999999999,0.2290217267525
bangladesh,2004,5.23953291,142902856,0.287174579,46.30842972,4.25,0.4443,0.0,0.25,0.25,0.375,0.125,0.1428571,11.0,2.4849066497880004,-6.01167031363957,1.8309053254129568,18.777675635702337,0.2,0.2297396632
bangladesh,2005,6.535944939,144715786,0.323163258,45.16950989,4.25,0.4459,0.0,0.25,0.25,0.3125,0.125,0.1428571,23.0,3.1780538303479458,-5.01167031363957,2.019684230851404,18.79028228724006,0.1875,0.262570147125
bangladesh,2006,6.671904986,146405973,0.287174579,45.70079041,3.591,0.4423,0.0,0.3,0.25,0.3125,0.287,0.25,23.0,3.1780538303479458,-4.01167031363957,2.0375649529893285,18.801893964669873,0.2299,0.22115314328789998
bangladesh,2007,7.058599354,147989278,0.287174579,46.46588135,4.25,0.4397,0.0,0.3125,0.25,0.46875,0.287,0.25,9.0,2.302585092994046,-3.01167031363957,2.086739763998137,18.812650389915355,0.26365,0.21146100124665002
bangladesh,2008,6.013789757,149474264,0.287174579,44.5729599,4.25,0.4313,0.0,0.325,0.25,0.375,0.2673333,0.25,19.0,2.995732273553991,-2.01167031363957,1.9478781765039779,18.822634795508918,0.24346666,0.21725714341396388
bangladesh,2009,5.045124799,150873714,0.287174579,48.12557983,5.0,0.4265,0.0,0.325,0.25,0.3125,0.2673333,0.25,27.0,3.332204510175204,-1.01167031363957,1.7992521288495154,18.83195372036144,0.23096666,0.22084682565146385
bangladesh,2010,5.571788185,152201981,0.2511859,49.50311068,3.379,0.4267,0.0,0.325,0.25,0.375,0.279,0.25,22.0,3.1354942159291497,-0.01167031363956994,1.8827859697408367,18.8407190256461,0.24580000000000002,0.18944440578000002
bangladesh,2011,6.464379125,153591076,0.287174579,49.75154965,2.504,0.4232,0.0,0.325,0.25,0.25,0.2786667,0.25,13.0,2.6390573296152584,0.9883296863604301,2.0101422560653703,18.849804284542497,0.22073334,0.22378557501423613
bangladesh,2012,6.521458779,155070101,0.287174579,51.6718483,4.25,0.4219,0.0,0.325,0.25,0.25,0.2786667,0.25,18.0,2.9444389791664403,1.98832968636043,2.0177601057179357,18.859387843607575,0.22073334,0.22378557501423613
bangladesh,2013,6.013605658,156532141,0.287174579,55.62143322,4.426,0.4204,0.0,0.375,0.25,0.25,0.2786667,0.25,138.0,4.9344739331306915,2.98832968636043,1.947851928010289,18.868771927048552,0.23073334,0.22091382922423614
bangladesh,2014,6.061059359,157964929,0.287174579,49.572925565,4.25,0.4181,0.0,0.375,0.25,0.3125,0.276,0.25,130.0,4.875197323201151,3.98832968636043,1.9545950910985064,18.87788360432871,0.2427,0.21747730867669998
bangladesh,2015,6.552639878,159383179,0.287174579,59.42174149,4.25,0.4148,0.0,0.375,0.25,0.3125,0.2743333,0.25,469.0,6.152732694704104,4.98832968636043,2.0218971548619,18.886821798050054,0.24236665999999998,0.21757303545086387
bangladesh,2016,7.113478213,160811932,0.195111669,64.16645461,4.35,0.4138,0.0,0.375,0.25,0.3125,0.2743333,0.2142857,89.0,4.499809670330265,5.98832968636043,2.093526655716225,18.895746122154705,0.24236665999999998,0.14782310545744445
bangladesh,2017,6.590249998,162186147,0.287174579,62.34086392,4.372,0.4139,0.0,0.35,0.25,0.375,0.2643333,0.2142857,41.0,3.7376696182833684,6.98832968636043,2.0268645286780123,18.90425529525891,0.24786666,0.21599357526636384
bangladesh,2018,7.31941263,163523103,0.287174579,65.27148888,4.25,0.4139,0.0,0.375,0.25,0.375,0.269,0.25,33.0,3.5263605246161616,7.98832968636043,2.1185916549852375,18.912464847186925,0.2538,0.21428967084979997
bangladesh,2019,7.881915151,164913055,0.287174579,65.11854135,4.25,0.4139,0.0,0.375,0.25,0.4375,0.2793333,0.25,32.0,3.4965075614664802,8.98832968636043,2.1840172039082715,18.920928959653363,0.26836666,0.21010649639686385
bangladesh,2020,3.448017551,166298024,0.287174579,66.43295485,4.25,0.4139,0.0,0.375,0.25,0.4375,0.283,0.25,30.0,3.4339872044851463,9.98832968636043,1.4924585027588417,18.929292067965154,0.2691,0.2098958997911
barbados,2009,-5.017275383,274123,0.016773976,110.2822418,10.02,0.5366,0.625,0.75,0.5,1.0,0.875,0.5357143,0.0,0.0,-1.01167031363957,-1.7946345626830207,12.521335837742718,0.75,0.004193494
barbados,2010,-2.217710856,275243,0.016773976,107.6825409,10.69,0.5355,0.625,0.75,0.5,0.875,0.875,0.5357143,0.0,0.0,-0.01167031363956994,-1.1686701924512128,12.525413255982215,0.725,0.0046128434
barbados,2011,-0.310320188,276139,0.016773976,107.3000717,9.803,0.5303,0.75,0.75,0.5,0.875,0.875,0.5357143,0.0,0.0,0.9883296863604301,-0.2702715256683795,12.528663262470143,0.75,0.004193494
barbados,2012,-3.413908212,276938,0.016773976,108.19116975,9.803,0.5252,0.75,0.75,0.5,0.875,0.875,0.5357143,0.0,0.0,1.98832968636043,-1.4847605128743346,12.53155254431174,0.75,0.004193494
barbados,2013,-1.771174941,277665,0.016773976,108.19116975,11.55,0.52,0.75,0.75,0.5,0.875,0.875,0.5357143,0.0,0.0,2.98832968636043,-1.0192713966920917,12.534174231517603,0.75,0.004193494
barbados,2014,0.752615447,278348,0.016773976,108.1863098,12.17,0.515,0.75,0.75,0.5,0.875,0.875,0.5357143,0.0,0.0,3.98832968636043,0.5611092133631823,12.536631001005954,0.75,0.004193494
barbados,2015,-1.17048019,278990,0.016773976,108.1960297,9.803,0.5099,0.75,0.725,0.5,0.8125,0.875,0.5357143,0.0,0.0,4.98832968636043,-0.7749484287865815,12.538934802218684,0.7325,0.004487038579999999
barbados,2016,1.496506225,279598,0.016773976,108.3107376,8.247,0.5049,0.75,0.725,0.5,0.8125,0.875,0.5357143,0.0,0.0,5.98832968636043,0.9148922444463055,12.541111712797486,0.7325,0.004487038579999999
barbados,2017,0.708386729,280171,0.016773976,109.8042374,8.62,0.4999,0.75,0.6749999999999999,0.5,0.8125,0.875,0.5,0.0,0.0,6.98832968636043,0.5355494918679037,12.543158979269434,0.7224999999999999,0.004654778340000001
barbados,2018,-1.276024177,280711,0.016773976,108.2167511,8.321,0.495,0.75,0.625,0.5,0.75,0.875,0.5357143,0.0,0.0,7.98832968636043,-0.822430138791145,12.545084511703397,0.7,0.005032192800000001
barbados,2019,0.227712137,281207,0.016773976,106.0863266,8.41,0.4901,0.75,0.625,0.5,0.8125,0.875,0.5714286,0.0,0.0,8.98832968636043,0.20515238612141812,12.546849888016101,0.7125,0.004822518099999999
barbados,2020,-14.36471193,281698,0.016773976,104.3189926,9.803,0.4857,0.75,0.625,0.5,0.8125,0.875,0.5714286,0.0,0.0,9.98832968636043,-2.7320734469524144,12.548594403982408,0.7125,0.004822518099999999
belarus,2006,9.99999473,9604924,0.010611135,103.5103512,1.2,0.3282,0.125,0.175,0.25,0.5625,0.1113333,0.1428571,1.0,0.6931471805599453,-4.01167031363957,2.3978947937073465,16.0777865457212,0.24476666000000002,0.0080138829272409
belarus,2007,8.600006598,9560953,0.010624937,103.5103512,1.0,0.3511,0.125,0.175,0.25,0.59375,0.1113333,0.1428571,0.0,0.0,-3.01167031363957,2.261763785765221,16.073198070843794,0.25101666,0.007957900801549579
belarus,2008,10.19999949,9527985,0.005179286,115.7135925,0.8,0.3437,0.125,0.175,0.25,0.625,0.1113333,0.1428571,1.0,0.6931471805599453,-2.01167031363957,2.4159137327653335,16.06974392066271,0.25726666000000004,0.0038468283895952402
belarus,2009,0.199995232,9504583,0.005401619,113.7015381,6.1,0.3397,0.125,0.2,0.25,0.5625,0.1113333,0.1428571,0.0,0.0,-1.01167031363957,0.18231758345272758,16.067284766508173,0.24976666,0.00405247466377746
belarus,2010,7.750017075,9483836,0.001721331,111.0289985,1.1,0.334,0.125,0.2,0.25,0.4375,0.1113333,0.1428571,2.0,1.0986122886681098,-0.01167031363956994,2.1690556517961905,16.065099539178743,0.22476666,0.00133443318037554
belarus,2011,5.549974716,9461643,0.000546813,108.9898674,0.6,0.3546,0.125,0.2,0.25,0.4375,0.1053333,0.1428571,1.0,0.6931471805599453,0.9883296863604301,1.8794611894870386,16.06275671028449,0.22356666,0.00042456384394542004
belarus,2012,1.707852534,9446836,0.00081205,107.6577864,0.5,0.3395,0.25,0.2,0.25,0.4375,0.1013333,0.1428571,3.0,1.3862943611198906,1.98832968636043,0.99615589788041,16.061190534447658,0.24776666,0.000610851083747
belarus,2013,0.9987193,9443211,0.000224735,104.5231241,0.5,0.3168,0.25,0.2,0.25,0.4375,0.1013333,0.1428571,0.0,0.0,2.98832968636043,0.6925066254483173,16.060806734485627,0.24776666,0.0001690531596649
belarus,2014,1.651124702,9448515,0.0,103.5103512,0.5,0.3273,0.25,0.2,0.25,0.4375,0.123,0.1428571,0.0,0.0,3.98832968636043,0.9749839658082561,16.06136825010128,0.2521,0.0
belarus,2015,-3.829570568,9461076,0.0,102.895731,1.0,0.3097,0.25,0.2,0.25,0.4375,0.1206667,0.1428571,0.0,0.0,4.98832968636043,-1.5747575543950434,16.062696782328022,0.25163334,0.0
belarus,2016,-2.526446446,9469379,0.0,102.9690059,5.844,0.3139,0.25,0.2,0.25,0.5625,0.118,0.1785714,0.0,0.0,5.98832968636043,-1.260290691388869,16.06357399311405,0.2761,0.0
belarus,2017,2.532183495,9458989,0.000275216,102.4808505,5.648,0.3178,0.25,0.2,0.25,0.5625,0.1043333,0.1785714,0.0,0.0,6.98832968636043,1.2619162335440026,16.062476170000544,0.27336666,0.00019998112130144
belarus,2018,3.149197583,9438785,0.000220122,101.596011,4.763,0.3171,0.25,0.2,0.25,0.5625,0.1043333,0.1785714,0.0,0.0,7.98832968636043,1.4229149620534343,16.060337928156862,0.27336666,0.00015994798406748
belarus,2019,1.446455482,9419758,0.0,100.4387442,4.165,0.3155,0.25,0.2,0.25,0.625,0.0826667,0.2857143,0.0,0.0,8.98832968636043,0.8946402349740825,16.058320062361155,0.28153334,0.0
belarus,2020,-0.672742919,9379952,0.0,100.5757104,4.049,0.3155,0.25,0.175,0.0,0.125,0.0863333,0.2857143,2.0,1.0986122886681098,9.98832968636043,-0.5144647455228234,16.054085310308874,0.12726666,0.0
belgium,1996,1.321432144,10156637,0.001421017,159.11426545,9.483,0.3246,0.75,0.85,1.0,1.0,0.875,0.8214286,0.0,0.0,-14.01167031363957,0.8421842986730952,16.13363803984149,0.8949999999999999,0.00014920678500000012
belgium,1998,1.961832405,10203008,0.001421017,159.11426545,9.322,0.3239,0.75,0.85,1.0,1.0,0.875,0.8214286,3.0,1.3862943611198906,-12.01167031363957,1.0858081325432491,16.138193234750556,0.8949999999999999,0.00014920678500000012
belgium,2000,3.716705107,10251250,0.00305506,146.9197845,6.586,0.3244,0.75,0.85,1.0,1.0,0.875,0.8214286,0.0,0.0,-10.01167031363957,1.5511104852819197,16.142910304881834,0.8949999999999999,0.0003207813000000003
belgium,2002,1.706894303,10332785,0.001421017,157.6487732,6.91,0.3142,0.75,0.85,1.0,1.0,0.875,0.8214286,3.0,1.3862943611198906,-8.01167031363957,0.9958019640626901,16.150832504636536,0.8949999999999999,0.00014920678500000012
belgium,2003,1.037955182,10376133,0.00393274,158.8792267,7.68,0.314,0.75,0.85,1.0,1.0,0.875,0.8214286,8.0,2.1972245773362196,-7.01167031363957,0.7119469433909121,16.155018919312916,0.8949999999999999,0.00041293770000000034
belgium,2004,3.571206719,10421137,0.00052022,151.638092,7.363,0.3196,0.75,0.7999999999999999,1.0,0.875,0.875,0.7857143,0.0,0.0,-6.01167031363957,1.5197772223480341,16.159346801378007,0.86,7.28308e-05
belgium,2005,2.321737929,10478617,0.002526065,157.343399,8.44,0.3166,0.75,0.7999999999999999,1.0,0.9375,0.875,0.7857143,0.0,0.0,-5.01167031363957,1.200488118554778,16.16484735793252,0.8724999999999999,0.00032207328750000013
belgium,2006,2.552340873,10547958,0.001921149,158.6851044,8.246,0.3204,0.75,0.7999999999999999,0.75,0.875,0.855,0.7857143,0.0,0.0,-4.01167031363957,1.2676067870231815,16.171442939454966,0.8059999999999998,0.0003727029060000003
belgium,2007,3.676924625,10625700,0.001704831,159.4398956,7.459,0.329,0.75,0.7999999999999999,0.75,0.84375,0.855,0.7857143,1.0,0.6931471805599453,-3.01167031363957,1.5426407625138192,16.17878624706899,0.79975,0.00034139240775000004
belgium,2008,0.446905131,10709973,0.001184167,160.468811,6.976,0.3129,0.75,0.7999999999999999,0.75,0.8125,0.8553333,0.75,0.0,0.0,-2.01167031363957,0.3694268829568365,16.186686014783263,0.79356666,0.00024445154892778004
belgium,2009,-1.906441055,10796493,0.001180588,159.6615448,7.908,0.3065,0.75,0.85,1.0,0.8125,0.8553333,0.7857143,1.0,0.6931471805599453,-1.01167031363957,-1.0669293275476315,16.194732009761214,0.85356666,0.00017287744400391997
belgium,2010,2.710311503,10895586,0.001421017,160.6604767,8.293,0.311,0.75,0.85,1.0,0.75,0.8516667,0.7857143,0.0,0.0,-0.01167031363956994,1.3111158361674184,16.20386840283515,0.8403333400000002,0.00022688903819321978
belgium,2011,1.931155024,11038264,0.001840943,159.3493042,7.14,0.3096,0.75,0.85,1.0,0.75,0.8516667,0.7857143,0.0,0.0,0.9883296863604301,1.0753965514934924,16.216878430665854,0.8403333400000002,0.0002939372200603797
belgium,2012,0.215803612,11106932,0.001720728,160.1105347,7.542,0.312,0.75,0.85,1.0,0.75,0.8516667,0.7857143,1.0,0.6931471805599453,1.98832968636043,0.195405267211441,16.223080065899136,0.8403333400000002,0.00027474289252847975
belgium,2013,0.305494549,11159407,0.001445081,161.8458862,8.425,0.3148,0.75,0.85,1.0,0.75,0.8516667,0.7857143,0.0,0.0,2.98832968636043,0.26658193373660977,16.227793466915436,0.8403333400000002,0.00023073125669945978
belgium,2014,1.765540381,11209057,0.00076496,162.4219818,8.523,0.3164,0.75,0.85,0.5,0.75,0.8476667,0.7857143,2.0,1.0986122886681098,3.98832968636043,1.0172360520455037,16.232232759403264,0.73953334,0.00019924657623359996
belgium,2015,1.474164337,11274196,0.001371884,164.0798187,8.482,0.3174,0.75,0.85,0.5,0.75,0.8476667,0.8571428999999999,0.0,0.0,4.98832968636043,0.9059026973907277,16.23802722130459,0.73953334,0.00035733004338743996
belgium,2016,1.19350273,11331422,0.000598162,160.68927,7.83,0.3203,0.75,0.85,0.5,0.75,0.8423333,0.8571428999999999,6.0,1.9459101490553132,5.98832968636043,0.7854996862096348,16.24309022088116,0.73846666,0.00015643930572107996
belgium,2017,1.474467616,11375158,0.001749619,158.6702881,7.09,0.3173,0.75,0.85,0.5,0.75,0.8426667,0.8571428999999999,3.0,1.3862943611198906,6.98832968636043,0.9060252682358664,16.246942500725574,0.73853334,0.0004574670362025399
belgium,2018,1.877968474,11427054,0.000897512,156.5097656,5.941,0.324,0.75,0.85,0.5,0.75,0.8426667,0.8214286,3.0,1.3862943611198906,7.98832968636043,1.0570846542703634,16.251494347279078,0.73853334,0.00023466946494991997
belgium,2019,2.442890045,11488980,0.001068481,156.635376,5.364,0.3252,0.75,0.85,0.5,0.75,0.838,0.8214286,1.0,0.6931471805599453,8.98832968636043,1.2363112480346357,16.256898960078367,0.7376,0.0002803694144
belgium,2020,-4.792983908,11538604,0.000858029,151.7275085,5.545,0.3252,0.75,0.85,0.5,0.75,0.8336667,0.8214286,3.0,1.3862943611198906,9.98832968636043,-1.7566475142753104,16.261208927855034,0.73673334,0.00022589042901313998
belize,2006,4.511454602,287878,0.010364783,76.09268188,9.39,0.5516,0.25,0.475,0.25,0.5,0.5,0.3571429,0.0,0.0,-4.01167031363957,1.7068285814282236,12.570295531946122,0.395,0.006270693715
belize,2007,3.339397383,296100,0.010364783,75.48921967,8.51,0.5618,0.25,0.475,0.25,0.5,0.5,0.3571429,0.0,0.0,-3.01167031363957,1.4677354866281858,12.5984558913214,0.395,0.006270693715
belize,2008,-1.627477764,304361,0.010364783,75.40952301,8.18,0.553,0.375,0.425,0.25,0.5625,0.5,0.3571429,0.0,0.0,-2.01167031363957,-0.9660243609358236,12.625973061434594,0.4225,0.0059856621825000005
belize,2009,-0.446709637,312614,0.010364783,75.11128998,8.2965,0.5446,0.5,0.425,0.25,0.5625,0.625,0.3571429,0.0,0.0,-1.01167031363957,-0.3692917619984703,12.652727680463201,0.4725,0.005467423032500001
belize,2010,1.417410992,320245,0.010364783,75.62230373,8.2965,0.5455,0.5,0.425,0.25,0.5625,0.625,0.3571429,0.0,0.0,-0.01167031363956994,0.8826971294668853,12.676844729438978,0.4725,0.005467423032500001
belize,2011,-0.130071123,327298,0.010364783,76.1272789,8.2965,0.5384,0.5,0.425,0.25,0.5625,0.625,0.3571429,0.0,0.0,0.9883296863604301,-0.12228057145153057,12.698629405183658,0.4725,0.005467423032500001
belize,2012,3.943893218,334414,0.010364783,78.80953972,8.2965,0.5325,0.5,0.4,0.25,0.5625,0.625,0.3571429,0.0,0.0,1.98832968636043,1.598153121621172,12.720138015645993,0.46749999999999997,0.0055192469475
belize,2013,4.066465616,341627,0.010364783,80.66943037,8.349,0.5398,0.5,0.4,0.25,0.5625,0.625,0.3571429,1.0,0.6931471805599453,2.98832968636043,1.6226434573441757,12.741477704750539,0.46749999999999997,0.0055192469475
belize,2014,3.892260672,348923,0.010364783,80.35830337,8.244,0.5319,0.5,0.375,0.25,0.5625,0.625,0.3571429,0.0,0.0,3.98832968636043,1.5876545017691708,12.762609412427334,0.4625,0.0055710708625
belize,2015,2.760260274,356333,0.010364783,81.29361995,7.578,0.5282,0.5,0.375,0.25,0.5625,0.625,0.3571429,0.0,0.0,4.98832968636043,1.324488176814595,12.783623772244713,0.4625,0.0055710708625
belize,2016,-0.018741496,364705,0.010364783,87.73137263,7.0,0.5295,0.5,0.375,0.25,0.5625,0.625,0.3571429,0.0,0.0,5.98832968636043,-0.01856803805343239,12.806846828539697,0.4625,0.0055710708625
belize,2017,-1.833237291,373202,0.010364783,86.3238932,6.596,0.5299,0.5,0.375,0.25,0.5625,0.625,0.3571429,0.0,0.0,6.98832968636043,-1.0414199769595172,12.829877786508225,0.4625,0.0055710708625
belize,2018,0.822068593,380226,0.010364783,86.28335614,9.346,0.5327,0.5,0.375,0.25,0.5625,0.625,0.3571429,0.0,0.0,7.98832968636043,0.5999724452202413,12.84852372177013,0.4625,0.0055710708625
belize,2019,4.2565871,385829,0.010364783,87.45265967,9.053,0.5258,0.5,0.375,0.25,0.5625,0.625,0.3571429,0.0,0.0,8.98832968636043,1.6594819758574688,12.863152136928242,0.4625,0.0055710708625
belize,2020,-13.52289971,390812,0.010364783,86.18865962,8.2965,0.5411,0.5,0.375,0.25,0.5625,0.625,0.3571429,0.0,0.0,9.98832968636043,-2.6757266940038065,12.87598446369473,0.4625,0.0055710708625
benin,2006,3.943738828,8693242,0.658208951,52.31655884,1.706,0.4936,0.25,0.425,0.25,0.75,0.5386666999999999,0.3214286,0.0,0.0,-4.01167031363957,1.5981218927082648,15.978056615196333,0.44273334000000003,0.3667979037058737
benin,2007,5.986349322,8953969,0.658208951,52.31655884,1.706,0.4975,0.25,0.425,0.25,0.75,0.5386666999999999,0.3214286,1.0,0.6931471805599453,-3.01167031363957,1.9439581482836799,16.00760756731954,0.44273334000000003,0.3667979037058737
benin,2008,4.896577084,9228466,0.658208951,52.31655884,1.706,0.5015,0.25,0.375,0.25,0.6875,0.3686667,0.3214286,0.0,0.0,-2.01167031363957,1.774372027302259,16.03780350384402,0.38623334,0.4039867094373737
benin,2009,2.319292139,9509423,0.658208951,52.31655884,1.706,0.5054,0.125,0.3,0.25,0.6875,0.452,0.3571429,0.0,0.0,-1.01167031363957,1.1997515490510915,16.067793864863926,0.3629,0.4193449226821
benin,2010,2.114064726,9797484,0.658208951,52.31655884,1.04,0.5093,0.125,0.275,0.25,0.625,0.4556667,0.3571429,0.0,0.0,-0.01167031363956994,1.1359288586806984,16.097636278051944,0.34613334,0.4303808883724737
benin,2011,2.963752919,10093623,0.68410868,45.7294693,2.647,0.5133,0.125,0.275,0.25,0.625,0.452,0.3571429,0.0,0.0,0.9883296863604301,1.3771912832939899,16.127414495337156,0.3454,0.44781754192800005
benin,2012,4.811223316,10397657,0.658208951,52.31655884,1.706,0.5217,0.125,0.275,0.25,0.625,0.45,0.3571429,0.0,0.0,1.98832968636043,1.759791102228936,16.157091146444312,0.345,0.431126862905
benin,2013,7.191433721,10708834,0.658208951,52.03784943,2.198,0.5302,0.125,0.275,0.25,0.625,0.4456667,0.3571429,0.0,0.0,2.98832968636043,2.103088940053358,16.18657965966323,0.34413334,0.43169730627447367
benin,2014,6.357679098,11030004,0.658208951,52.59526825,1.706,0.5387,0.125,0.275,0.25,0.625,0.4383333,0.3571429,0.0,0.0,3.98832968636043,1.9957445430650371,16.216129844538738,0.34266666,0.43266268817872633
benin,2015,1.77815106,11360681,0.658208951,55.13330841,1.706,0.5472,0.25,0.3,0.25,0.625,0.4406667,0.3214286,0.0,0.0,4.98832968636043,1.0217856201035829,16.245669004666507,0.37313334,0.41260924669547366
benin,2016,3.339673426,11697842,0.658208951,55.29459,1.706,0.5201,0.25,0.3,0.25,0.625,0.439,0.3214286,0.0,0.0,5.98832968636043,1.4677990978156432,16.27491502379742,0.3728,0.4128286540672
benin,2017,5.671561952,12039780,0.658208951,52.31655884,1.706,0.493,0.25,0.3,0.25,0.625,0.437,0.2857143,0.0,0.0,6.98832968636043,1.897854008224824,16.30372680831075,0.3724,0.41309193764759994
benin,2018,6.697253622,12383347,0.37176537,52.31655884,1.706,0.4659,0.25,0.3,0.25,0.625,0.4413333,0.2857143,0.0,0.0,7.98832968636043,2.040863592769352,16.33186322484685,0.37326666,0.2329977520364358
benin,2019,6.865686628,12726755,0.658208951,52.31655884,1.214,0.454,0.25,0.275,0.25,0.5625,0.4196667,0.25,1.0,0.6931471805599453,8.98832968636043,2.0625098344161334,16.359217106951007,0.35143334,0.42689238093217363
benin,2020,3.8487924,13070169,0.658208951,43.98587036,1.706,0.442,0.375,0.275,0.25,0.5625,0.4026667,0.25,1.0,0.6931471805599453,9.98832968636043,1.5787296842555907,16.385843092401814,0.37303334,0.41267506759057365
bhutan,2007,16.10478365,678641,0.120296588,50.22494125,3.7,0.4445,0.5,0.5125,0.5,0.875,0.262,0.32142855000000004,0.0,0.0,-3.01167031363957,2.839358170001141,13.427849021547885,0.5299,0.05655142601879999
bhutan,2009,7.667492386,693988,0.036468899,58.55374146,3.96,0.4476,0.375,0.425,0.5,0.875,0.3863333,0.1785714,0.0,0.0,-1.01167031363957,2.159579520122661,13.450211389219234,0.51226666,0.01778709791539266
bhutan,2010,11.93187384,701632,0.036468899,62.93544006,3.32,0.4538,0.375,0.425,0.5,0.875,0.406,0.1785714,0.0,0.0,-0.01167031363956994,2.559695104170688,13.46116575428176,0.5162,0.0176436533362
bhutan,2011,8.489258484,709377,0.036468899,66.98612213,3.23,0.4545,0.375,0.425,0.5,0.875,0.4023333,0.1785714,1.0,0.6931471805599453,0.9883296863604301,2.250160473004211,13.472143808717853,0.51546666,0.01767039743859266
bhutan,2012,5.164820127,717279,0.036468899,72.13021851,2.05,0.4566,0.375,0.425,0.5,0.875,0.405,0.1785714,0.0,0.0,1.98832968636043,1.818858959710536,13.483221559389266,0.516,0.017650947115999998
bhutan,2013,1.736340395,725273,0.036468899,76.68079376,2.87,0.4476,0.375,0.45,0.5,0.875,0.494,0.1071429,0.0,0.0,2.98832968636043,1.0066214053987947,13.494304793473349,0.5388,0.016819456218800002
bhutan,2014,5.881085507,733139,0.036468899,84.14041901,2.63,0.4384,0.5,0.45,0.5,0.875,0.4956667,0.1071429,1.0,0.6931471805599453,3.98832968636043,1.9287764166799746,13.505091958538623,0.56413334,0.015895577201007337
bhutan,2015,6.660801289,740618,0.036468899,85.23130798,2.45,0.4284,0.5,0.575,0.5,0.875,0.4976667,0.4642857,0.0,0.0,4.98832968636043,2.036116585200638,13.515241602006995,0.58953334,0.014969267166407339
bhutan,2016,8.475943392,747866,0.036468899,85.67661285,3.23,0.4208,0.5,0.575,0.5,0.875,0.4976667,0.4642857,0.0,0.0,5.98832968636043,2.248756312450076,13.524980433660359,0.58953334,0.014969267166407339
bhutan,2017,2.086845227,754335,0.026142048,86.56004333,3.23,0.4141,0.75,0.625,0.5,0.875,0.5026667,0.5714286,0.0,0.0,6.98832968636043,1.1271496072368805,13.533593171071674,0.65053334,0.009135774200119682
bhutan,2018,3.501871857,759759,0.036468899,87.57228707,3.35,0.4141,0.75,0.6,0.5,0.875,0.51,0.5714286,0.0,0.0,7.98832968636043,1.5044932785076994,13.540757872916835,0.647,0.012873521346999999
bhutan,2019,5.755148512,764824,0.036468899,90.61855755,2.72,0.4141,0.75,0.6,0.5,0.9375,0.51,0.5714286,0.0,0.0,8.98832968636043,1.9103049566627128,13.547402328469596,0.6595000000000001,0.012417660109499996
bhutan,2020,-10.21839742,770006,0.036468899,89.77114289,5.03,0.4141,0.75,0.6,0.5,0.875,0.5236666999999999,0.5714286,0.0,0.0,9.98832968636043,-2.417555057450958,13.554154884697635,0.64973334,0.012773839446607338
bolivia,1996,4.361341952,8021736,0.075246162,87.218201795,5.23,0.5541,0.125,0.425,0.5,0.4375,0.25,0.5714286,1.0,0.6931471805599453,-14.01167031363957,1.679214307925934,15.897665539933016,0.34750000000000003,0.049098120705
bolivia,1998,5.029354755,8313394,0.075246162,87.218201795,3.655,0.5541,0.25,0.45,0.5,0.625,0.375,0.5357143,0.0,0.0,-12.01167031363957,1.7966399992092528,15.93337862732327,0.44000000000000006,0.04213785072
bolivia,2000,2.507810809,8606326,0.282539865,72.75763702,4.47,0.5541,0.25,0.45,0.5,0.5,0.375,0.5357143,0.0,0.0,-10.01167031363957,1.2549921417557057,15.96800818840528,0.41500000000000004,0.165285821025
bolivia,2002,2.485565738,8900355,0.238880453,80.63069916,5.48,0.5619,0.125,0.425,0.5,0.3125,0.25,0.5357143,0.0,0.0,-8.01167031363957,1.248630366188208,16.001601833902388,0.3225,0.1618415069075
bolivia,2003,2.711339837,9050700,0.075246162,83.46972656,3.655,0.562,0.125,0.425,0.5,0.25,0.25,0.5357143,1.0,0.6931471805599453,-7.01167031363957,1.3113929534717679,16.018352771239886,0.31,0.05191985178
bolivia,2004,4.173295589,9204287,0.132452656,86.3809967,4.17,0.5588,0.125,0.4,0.25,0.3125,0.25,0.5,0.0,0.0,-6.01167031363957,1.6435099301196259,16.035180020391003,0.26749999999999996,0.09702157052
bolivia,2005,4.421433127,9360754,0.186803087,87.42555237,5.45,0.5548,0.0,0.375,0.25,0.3125,0.375,0.4642857,1.0,0.6931471805599453,-5.01167031363957,1.6903601950758278,16.0520365075939,0.2625,0.13776727666250002
bolivia,2006,4.797008824,9521689,0.159090098,86.59062958,5.08,0.5516,0.25,0.3,0.25,0.3125,0.4493333,0.3571429,0.0,0.0,-4.01167031363957,1.7573420645230753,16.069082912020964,0.31236666,0.10939565544866732
bolivia,2007,4.564384269,9685960,0.120687993,86.04959869,5.18,0.5618,0.25,0.3,0.25,0.3125,0.4493333,0.3571429,3.0,1.3862943611198906,-3.01167031363957,1.7163863351199924,16.086188075507305,0.31236666,0.08298908772448661
bolivia,2008,6.148497875,9850858,0.105672092,85.36837769,2.603,0.553,0.25,0.3,0.25,0.3125,0.455,0.3571429,0.0,0.0,-2.01167031363957,1.9669022472218771,16.10306921746769,0.3135,0.072543891158
bolivia,2009,3.356999574,10016275,0.100365788,83.75238037,2.973,0.5446,0.25,0.275,0.25,0.375,0.455,0.2857143,3.0,1.3862943611198906,-1.01167031363957,1.4717836493616028,16.119721927852904,0.321,0.068148370052
bolivia,2010,4.126722591,10182345,0.075246162,87.76018764,3.655,0.5455,0.25,0.25,0.25,0.375,0.4473333,0.2857143,0.0,0.0,-0.01167031363956994,1.6344665838674461,16.136165994403104,0.31446666,0.051583752758041085
bolivia,2011,5.204092443,10348929,0.069346738,85.30040795,2.255,0.5384,0.25,0.25,0.25,0.375,0.4446667,0.2857143,0.0,0.0,0.9883296863604301,1.825209145751314,16.15239369068889,0.31393334,0.047576484921555084
bolivia,2012,5.122275581,10515807,0.078767117,87.01085122,2.066,0.5325,0.25,0.25,0.25,0.25,0.4446667,0.2857143,1.0,0.6931471805599453,1.98832968636043,1.8119338543745056,16.168390206772496,0.28893334,0.05600867080301922
bolivia,2013,6.796011428,10682608,0.067578285,88.76505571,2.437,0.5398,0.25,0.25,0.25,0.375,0.443,0.2857143,0.0,0.0,2.98832968636043,2.0536122475241783,16.184127650052286,0.3136,0.046385734824000005
bolivia,2014,5.460569506,10848888,0.055981645,89.45648198,2.021,0.5319,0.25,0.275,0.25,0.375,0.443,0.2857143,0.0,0.0,3.98832968636043,1.8657174727322792,16.199573236394517,0.3186,0.038145892902999995
bolivia,2015,4.85718718,11014705,0.06209847,90.6139032,3.111,0.5282,0.25,0.275,0.25,0.375,0.4416667,0.2857143,0.0,0.0,4.98832968636043,1.7676694849374357,16.214741846986296,0.31833334,0.0423304566360102
bolivia,2016,4.263920864,11180020,0.071725207,90.61528528,3.498,0.5295,0.25,0.275,0.25,0.375,0.4376667,0.2857143,0.0,0.0,5.98832968636043,1.6608761604753624,16.229638904043668,0.31753334,0.04895006245909862
bolivia,2017,4.195206334,11344587,0.064122793,89.40002128,3.655,0.5299,0.25,0.275,0.25,0.375,0.433,0.2857143,0.0,0.0,6.98832968636043,1.6477363415680417,16.24425135997914,0.3166,0.0438215167362
bolivia,2018,2.868084048,11508368,0.046958622,88.72189996,3.519,0.5327,0.25,0.275,0.25,0.375,0.44,0.2857143,2.0,1.0986122886681098,7.98832968636043,1.3527593064139205,16.258585067790193,0.31799999999999995,0.032025780204
bolivia,2019,1.506721027,11671386,0.031385939,88.82350466,3.682,0.5258,0.25,0.275,0.25,0.375,0.4113333,0.2857143,1.0,0.6931471805599453,8.98832968636043,0.9189755353616857,16.27265084895707,0.31226666,0.021585156657506262
bolivia,2020,-12.71946901,11816299,0.04246919,88.86723698,7.903,0.5411,0.25,0.275,0.25,0.25,0.4193333,0.2857143,9.0,2.302585092994046,9.98832968636043,-2.6188159196537577,16.28499049217369,0.28886665999999994,0.0302012569317946
bosnia and herzegovina,1996,54.19930017,3875246,0.002351145,85.60005188,27.312,0.3109,0.25,0.5,0.0,0.5,0.625,0.4285714,33.0,3.5263605246161616,-14.01167031363957,4.010950275122972,15.170119960673638,0.375,0.0014694656249999998
bosnia and herzegovina,1998,16.6163745,4089356,0.002351145,85.60005188,27.312,0.3207,0.25,0.5,0.0,0.5,0.625,0.4285714,9.0,2.302585092994046,-12.01167031363957,2.8688288388370053,15.223898302945834,0.375,0.0014694656249999998
bosnia and herzegovina,2000,5.41431595,4159771,0.002351145,85.60005188,27.312,0.3207,0.25,0.5,0.0,0.5,0.625,0.4285714,6.0,1.9459101490553132,-10.01167031363957,1.8585323594902485,15.240970823043142,0.375,0.0014694656249999998
bosnia and herzegovina,2002,5.027444647,4188002,0.002351145,85.60005188,27.312,0.3317,0.25,0.5,0.0,0.5,0.625,0.4285714,3.0,1.3862943611198906,-8.01167031363957,1.7963231476216477,15.247734567304686,0.375,0.0014694656249999998
bosnia and herzegovina,2003,3.86713552,4178523,0.002351145,85.60005188,27.312,0.3388,0.25,0.5,0.0,0.5,0.625,0.4285714,1.0,0.6931471805599453,-7.01167031363957,1.582505575131835,15.24546863209506,0.375,0.0014694656249999998
bosnia and herzegovina,2004,6.325267949,4140987,0.003954833,85.60005188,27.312,0.3415,0.25,0.5,0.0,0.5,0.625,0.4285714,0.0,0.0,-6.01167031363957,1.991329734302356,15.236444964672744,0.375,0.0024717706249999995
bosnia and herzegovina,2005,3.897183205,4096493,0.002351145,85.60005188,27.312,0.3402,0.25,0.5,0.0,0.5,0.625,0.4285714,1.0,0.6931471805599453,-5.01167031363957,1.5886601837010017,15.225642043897976,0.375,0.0014694656249999998
bosnia and herzegovina,2006,5.414002996,4063272,0.002351145,85.60005188,31.11,0.338,0.25,0.5,0.0,0.5625,0.6093333,0.4285714,1.0,0.6931471805599453,-4.01167031363957,1.8584835683740657,15.21749936444285,0.38436665999999997,0.0014474432491743
bosnia and herzegovina,2007,5.859116894,4013424,0.001721799,80.98944855,28.984,0.337,0.25,0.475,0.0,0.5,0.5676667,0.3928571,2.0,1.0986122886681098,-3.01167031363957,1.9255787007979734,15.20515554944756,0.35853334000000003,0.00110447665372134
bosnia and herzegovina,2008,5.441847302,3947544,0.002351145,85.2279129,23.405,0.3439,0.25,0.45,0.0,0.5,0.5233333,0.3571429,4.0,1.6094379124341003,-2.01167031363957,1.8628153471198472,15.188604424666972,0.34466666,0.0015407837056742998
bosnia and herzegovina,2009,-3.004455539,3879794,0.002351145,87.00093079,24.068,0.3421,0.25,0.45,0.0,0.375,0.5233333,0.3571429,1.0,0.6931471805599453,-1.01167031363957,-1.387407625960568,15.171292875152089,0.31966666,0.0015995623306743
bosnia and herzegovina,2010,0.865667236,3811472,0.002351145,85.51837158,27.312,0.3433,0.25,0.425,0.0,0.375,0.4273333,0.3571429,1.0,0.6931471805599453,-0.01167031363956994,0.6236187564045467,15.15352628656011,0.29546666000000005,0.0016564600396742999
bosnia and herzegovina,2011,0.95951171,3741798,0.002351145,87.72799683,27.582,0.3463,0.25,0.4,0.0,0.3125,0.3413333,0.3571429,1.0,0.6931471805599453,0.9883296863604301,0.6726953146539821,15.135077069782364,0.26076666,0.0017380447711742998
bosnia and herzegovina,2012,-0.821837253,3670113,0.002351145,90.78530884,28.01,0.3447,0.25,0.4,0.0,0.3125,0.337,0.3571429,0.0,0.0,1.98832968636043,-0.599845471577075,15.115733282218619,0.2599,0.0017400824144999999
bosnia and herzegovina,2013,2.349858732,3610859,0.002351145,92.29839325,27.49,0.3443,0.25,0.4,0.0,0.3125,0.334,0.3571429,1.0,0.6931471805599453,2.98832968636043,1.2089181753955758,15.099456529084296,0.2593,0.0017414931014999998
bosnia and herzegovina,2014,1.153847934,3564829,0.002351145,90.2868576,27.517,0.3442,0.25,0.4,0.0,0.3125,0.326,0.3571429,3.0,1.3862943611198906,3.98832968636043,0.7672559792133257,15.086626924859026,0.2577,0.0017452549334999999
bosnia and herzegovina,2015,4.284130161,3518541,0.002351145,85.71617889,27.695,0.3453,0.25,0.4,0.0,0.3125,0.3276667,0.3571429,6.0,1.9459101490553132,4.98832968636043,1.6647080193998396,15.073557257222427,0.25803334,0.0017444712028256999
bosnia and herzegovina,2016,3.242258222,3473003,0.002351145,83.16995239,25.408,0.3448,0.25,0.4,0.0,0.3125,0.329,0.3571429,0.0,0.0,5.98832968636043,1.445095726991379,15.060530483467558,0.25830000000000003,0.0017438442465
bosnia and herzegovina,2017,3.244098953,3428682,0.002351145,83.66808319,20.527,0.3472,0.25,0.4,0.0,0.3125,0.329,0.4642857,0.0,0.0,6.98832968636043,1.4455295364554184,15.047686780394104,0.25830000000000003,0.0017438442465
bosnia and herzegovina,2018,3.829003993,3387000,0.002351145,85.64099121,18.4,0.3454,0.25,0.4,0.0,0.3125,0.3326667,0.4642857,2.0,1.0986122886681098,7.98832968636043,1.5746402337703342,15.035455427046395,0.25903334,0.0017421200578257
bosnia and herzegovina,2019,2.885852421,3345533,0.002351145,85.54013062,15.692,0.3422,0.25,0.4,0.0,0.3125,0.3286667,0.4642857,0.0,0.0,8.98832968636043,1.357342373136828,15.023136880058763,0.25823334,0.0017440009738256999
bosnia and herzegovina,2020,-3.015093355,3299349,0.002351145,85.55911255,15.868,0.3421,0.25,0.4,0.0,0.3125,0.328,0.4642857,0.0,0.0,9.98832968636043,-1.390060598685074,15.00923603733866,0.2581,0.0017443144755
botswana,1996,5.829800014,1535914,0.213652593,77.80651093,21.593,0.681,0.625,0.6,0.5,0.75,0.5,0.6785713999999999,0.0,0.0,-14.01167031363957,1.9212953926269294,14.244636852616853,0.595,0.086529300165
botswana,1998,0.443663586,1606899,0.213652593,74.40514374,20.86,0.6762,0.625,0.6,0.5,0.75,0.5,0.6785713999999999,0.0,0.0,-12.01167031363957,0.36718403964383944,14.289817415029844,0.595,0.086529300165
botswana,2000,1.987695834,1677382,0.213652593,76.19682312,15.88,0.6714,0.625,0.6,0.5,0.625,0.5,0.6785713999999999,0.0,0.0,-10.01167031363957,1.0945024662389549,14.332745398748768,0.5700000000000001,0.09187061498999999
botswana,2002,6.069530876,1744763,0.348094008,75.87957001,20.052,0.6665,0.625,0.6,0.5,0.75,0.5,0.6785713999999999,0.0,0.0,-8.01167031363957,1.9557941235343859,14.372129860919422,0.595,0.14097807324
botswana,2003,4.62589475,1775736,0.213652593,76.56487274,23.8,0.6632,0.875,0.65,0.5,0.875,0.75,0.6785713999999999,0.0,0.0,-7.01167031363957,1.7273800021073897,14.389726105982914,0.73,0.05768620011
botswana,2004,2.705821706,1807146,0.213652593,78.39881897,20.052,0.6599,0.75,0.625,0.5,0.75,0.625,0.6785713999999999,0.0,0.0,-6.01167031363957,1.3099050171537887,14.40725991656998,0.65,0.07477840755
botswana,2005,4.556645653,1839877,0.213652593,79.56362152,20.052,0.6566,0.875,0.625,0.5,0.8125,0.625,0.6785713999999999,0.0,0.0,-5.01167031363957,1.714994626383783,14.425209823039111,0.6875,0.0667664353125
botswana,2006,8.363871093,1874516,0.213652593,81.69483948,17.782,0.6533,0.625,0.6,0.5,0.9375,0.5866667,0.6428571,0.0,0.0,-4.01167031363957,2.2368587833015297,14.44386158420207,0.64983334,0.07481401489114937
botswana,2007,5.792555777,1911201,0.213652593,82.48670959,20.052,0.65,0.625,0.6,0.5,0.9375,0.5866667,0.6607143,0.0,0.0,-3.01167031363957,1.9158272738415152,14.463242921456144,0.64983334,0.07481401489114937
botswana,2008,3.252072958,1949970,0.213652593,77.80651093,20.052,0.6466,0.625,0.6,0.5,0.9375,0.5823332999999999,0.6785713999999999,0.0,0.0,-2.01167031363957,1.4474066188461363,14.483325058634472,0.6489666599999999,0.07499918332045064
botswana,2009,-14.14423462,1990673,0.210708839,77.80651093,16.169,0.6433,0.625,0.6,0.5,0.9375,0.5823332999999999,0.6785713999999999,0.0,0.0,-1.01167031363957,-2.717619906391344,14.503983832824327,0.6489666599999999,0.07396582752169228
botswana,2010,10.11972332,2033111,0.213652593,77.80651093,17.86,0.6366,0.625,0.6,0.5,0.875,0.5876667,0.6785713999999999,0.0,0.0,-0.01167031363956994,2.4087204072179276,14.525078182091555,0.6375333400000001,0.07744194178504937
botswana,2011,6.838410525,2073535,0.213652593,77.80651093,20.01,0.6298,0.625,0.6,0.5,0.875,0.5876667,0.6785713999999999,0.0,0.0,0.9883296863604301,2.059036074649792,14.544765920466252,0.6375333400000001,0.07744194178504937
botswana,2012,-0.170857099,2108617,0.213652593,77.80651093,20.052,0.623,0.625,0.6,0.5,0.875,0.595,0.6785713999999999,0.0,0.0,1.98832968636043,-0.15773604386404308,14.561543314558246,0.639,0.077128586073
botswana,2013,11.10290687,2140682,0.213652593,77.80651093,20.052,0.6162,0.625,0.6,0.5,0.875,0.5993333,0.6428571,0.0,0.0,2.98832968636043,2.493445660940445,14.576635494956179,0.63986666,0.07694342191675062
botswana,2014,5.697144221,2172044,0.213652593,77.80651093,20.052,0.6095,0.625,0.6,0.5,0.875,0.5956667,0.6071428999999999,0.0,0.0,3.98832968636043,1.9016811998610341,14.591179678053388,0.6391333400000001,0.07710009763624937
botswana,2015,-4.851325074,2203273,0.213652593,77.80651093,20.052,0.6027,0.625,0.6,0.5,0.875,0.5956667,0.6071428999999999,0.0,0.0,4.98832968636043,-1.7666681439706844,14.605454993901557,0.6391333400000001,0.07710009763624937
botswana,2016,7.204424759,2234776,0.213652593,77.80651093,20.052,0.6027,0.625,0.6,0.5,0.875,0.5956667,0.6071428999999999,0.0,0.0,5.98832968636043,2.10467361349201,14.619652004765468,0.6391333400000001,0.07710009763624937
botswana,2017,4.114378564,2266747,0.213652593,77.80651093,20.052,0.6027,0.625,0.6,0.5,0.875,0.5936667,0.6071428999999999,0.0,0.0,6.98832968636043,1.632055899158609,14.63385676318741,0.63873334,0.07718555867344937
botswana,2018,4.188692372,2299141,0.213652593,77.80651093,20.052,0.6027,0.625,0.6,0.5,0.875,0.5936667,0.6071428999999999,0.0,0.0,7.98832968636043,1.6464817139876131,14.648046567823089,0.63873334,0.07718555867344937
botswana,2019,3.031773395,2332083,0.213652593,77.80651093,20.094,0.6027,0.625,0.6,0.5,0.875,0.5936667,0.6071428999999999,0.0,0.0,8.98832968636043,1.3942063275527916,14.662272846386985,0.63873334,0.07718555867344937
botswana,2020,-8.72888244,2365894,0.213652593,77.80651093,21.017,0.6027,0.625,0.6,0.5,0.875,0.5873333,0.6071428999999999,0.0,0.0,9.98832968636043,-2.2750990324584697,14.67666694383748,0.6374666600000001,0.0774561881399506
brazil,1996,2.208864051,164202549,0.206502716,103.0159607,8.035,0.5861,0.375,0.45,0.25,0.5625,0.375,0.6428571,18.0,2.9444389791664403,-14.01167031363957,1.1659169963191143,18.91661128470367,0.4025,0.12338537280999999
brazil,1998,0.338097902,169159655,0.191343457,103.0159607,10.15,0.5861,0.375,0.45,0.25,0.5,0.375,0.6428571,2.0,1.0986122886681098,-12.01167031363957,0.29124912943280074,18.946353536988816,0.39,0.11671950877
brazil,2000,4.387949444,174018282,0.0778152155,103.0159607,9.882,0.5861,0.375,0.45,0.25,0.8125,0.375,0.5714286,2.0,1.0986122886681098,-10.01167031363957,1.6841648754305996,18.974670926371484,0.4525,0.04260383048625
brazil,2002,3.053461857,178503484,0.161935211,103.0159607,10.641,0.5934,0.25,0.425,0.25,0.75,0.375,0.5,1.0,0.6931471805599453,-8.01167031363957,1.399571295508666,19.000118682802906,0.41,0.09554177449000001
brazil,2003,1.140828999,180622688,0.171287049,103.0159607,11.168,0.5898,0.25,0.4,0.25,0.75,0.375,0.5357143,1.0,0.6931471805599453,-7.01167031363957,0.7611931367307303,19.011920822285454,0.40499999999999997,0.10191579415499999
brazil,2004,5.759964637,182675143,0.15330197,103.0159607,10.072,0.5818,0.25,0.4,0.25,0.75,0.375,0.5357143,0.0,0.0,-6.01167031363957,1.9110176588281722,19.02321996392645,0.40499999999999997,0.09121467215
brazil,2005,3.202132062,184688101,0.136648474,103.0159607,10.551,0.6049,0.25,0.4,0.25,0.75,0.375,0.5357143,0.0,0.0,-5.01167031363957,1.435592030296392,19.034179025119446,0.40499999999999997,0.08130584202999999
brazil,2006,3.961988709,186653106,0.113691751,103.0159607,9.692,0.6039,0.25,0.4,0.25,0.75,0.496,0.5,3.0,1.3862943611198906,-4.01167031363957,1.6018066097732677,19.04476240931544,0.42919999999999997,0.0648952514708
brazil,2007,6.069870607,188552320,0.107904789,103.0159607,9.28,0.5878,0.25,0.4125,0.25,0.75,0.496,0.5178571,0.0,0.0,-3.01167031363957,1.9558421780436908,19.05488609132504,0.43170000000000003,0.061322291588700006
brazil,2008,5.094195448,190367302,0.091210861,103.0159607,8.268,0.5844,0.25,0.45,0.25,0.75,0.496,0.5357143,0.0,0.0,-2.01167031363957,1.8073367522513812,19.064465937633432,0.4391999999999999,0.051151050848800006
brazil,2009,-0.125812003,192079951,0.084444935,103.0159607,9.419,0.5798,0.25,0.45,0.25,0.75,0.496,0.5357143,0.0,0.0,-1.01167031363957,-0.11850455574259636,19.073422259981363,0.4391999999999999,0.047356719548000005
brazil,2010,7.528225818,193701929,0.0778152155,103.0159607,9.882,0.5875,0.25,0.5,0.25,0.75,0.5706667,0.5357143,0.0,0.0,-0.01167031363956994,2.1433813466695333,19.081831092189226,0.46413333999999995,0.041698579627165236
brazil,2011,3.974423079,195284734,0.071185496,103.0159607,7.578,0.5952,0.25,0.5,0.25,0.75,0.5706667,0.4642857,0.0,0.0,0.9883296863604301,1.6043093998661089,19.08996923098976,0.46413333999999995,0.038145933981963365
brazil,2012,1.921175985,196876111,0.063941837,94.32097626,7.251,0.5856,0.25,0.5,0.25,0.75,0.5706667,0.4642857,1.0,0.6931471805599453,1.98832968636043,1.0719862697934242,19.098085215782188,0.46413333999999995,0.03426429862745443
brazil,2013,3.00482267,198478299,0.053788607,103.9176865,7.071,0.5759,0.25,0.475,0.5,0.5625,0.4873333,0.4642857,3.0,1.3862943611198906,2.98832968636043,1.3874993023865023,19.106190332216418,0.45496666,0.02931658412715738
brazil,2014,0.50395574,200085127,0.047357453,102.6355286,6.755,0.5792,0.25,0.475,0.5,0.5625,0.496,0.4642857,3.0,1.3862943611198906,3.98832968636043,0.408098796903141,19.1142534739533,0.4567,0.025729304214900002
brazil,2015,-3.545763393,201675532,0.053538469,100.920517,8.538,0.5913,0.25,0.475,0.5,0.5,0.482,0.4642857,5.0,1.791759469228055,4.98832968636043,-1.5141956767815192,19.122170691649817,0.44139999999999996,0.0299065887834
brazil,2016,-3.275916906,203218114,0.064787099,102.5695038,11.58,0.5835,0.25,0.5,0.5,0.5625,0.5633332999999999,0.4642857,3.0,1.3862943611198906,5.98832968636043,-1.4529985603266484,19.129790418317146,0.47516666,0.03400242955708066
brazil,2017,1.322869054,204703445,0.069389639,103.0159607,12.792,0.5785,0.25,0.475,0.5,0.5625,0.5619999999999999,0.4642857,2.0,1.0986122886681098,6.98832968636043,0.8428030828494821,19.137072884881615,0.4699,0.036783447633900006
brazil,2018,1.783666761,206107261,0.068849212,105.0070724,12.329,0.5742,0.25,0.45,0.5,0.5625,0.4823333,0.4642857,12.0,2.5649493574615367,7.98832968636043,1.0237690373911392,19.143907280562598,0.44896665999999996,0.037938211244728084
brazil,2019,1.220777823,207455459,0.070203095,103.9532776,11.936,0.5645,0.25,0.45,0.5,0.5625,0.4786667,0.4642857,3.0,1.3862943611198906,8.98832968636043,0.7978575052394211,19.15042722399188,0.44823334,0.038735727249812696
brazil,2020,-3.276758796,208660842,0.027703788,104.1259995,13.697,0.5908,0.25,0.45,0.5,0.625,0.4806667,0.4642857,6.0,1.9459101490553132,9.98832968636043,-1.4531954320500842,19.156220731061115,0.46113333999999995,0.014928647708908081
bulgaria,1996,5.205393138,8362826,0.024469985,94.786136625,12.5,0.3825,0.125,0.35,0.0,0.1875,0.375,0.4642857,12.0,2.5649493574615367,-14.01167031363957,1.825418774908989,15.939307085793127,0.20750000000000002,0.019392463112499998
bulgaria,1998,3.789120958,8256786,0.024469985,94.786136625,12.2,0.3552,0.25,0.425,0.25,0.75,0.5,0.5357143,2.0,1.0986122886681098,-12.01167031363957,1.566346878506532,15.926546086772783,0.43499999999999994,0.013825541525000002
bulgaria,2000,4.587225414,8170172,0.024469985,79.8759079,16.218,0.3445,0.375,0.5499999999999999,0.25,0.8125,0.5,0.5357143,2.0,1.0986122886681098,-10.01167031363957,1.7204828158238574,15.916000641642597,0.49749999999999994,0.012296167462500002
bulgaria,2002,5.871931081,7837161,0.024469985,83.981987,18.11,0.3703,0.375,0.6,0.25,0.75,0.625,0.6071428999999999,1.0,0.6931471805599453,-8.01167031363957,1.927445155673573,15.87438733699655,0.52,0.0117455928
bulgaria,2003,5.23715365,7775327,0.022282076,88.11878204,13.733,0.3588,0.375,0.575,0.25,0.75,0.625,0.6071428999999999,0.0,0.0,-7.01167031363957,1.8305239324818448,15.866466201634923,0.515,0.01080680686
bulgaria,2004,6.510425784,7716860,0.024469985,90.53427124,12.037,0.3531,0.375,0.575,0.25,0.75,0.625,0.6071428999999999,0.0,0.0,-6.01167031363957,2.016292159774767,15.85891823309662,0.515,0.011867942724999999
bulgaria,2005,7.056348735,7658972,0.024469985,91.36676788,10.083,0.3578,0.375,0.575,0.25,0.75,0.625,0.6071428999999999,0.0,0.0,-5.01167031363957,2.0864604433323546,15.851388459621122,0.515,0.011867942724999999
bulgaria,2006,6.802589436,7601022,0.080208278,92.41201019,8.951,0.3567,0.375,0.575,0.25,0.8125,0.6533333,0.6071428999999999,0.0,0.0,-4.01167031363957,2.054455657577078,15.843793401461243,0.53316666,0.03744389831438852
bulgaria,2007,6.654387924,7545338,0.0179107265,93.15415955,6.878,0.3412,0.375,0.575,0.25,0.8125,0.6533333,0.6071428999999999,0.0,0.0,-3.01167031363957,2.035279068238139,15.83644057959224,0.53316666,0.00836132427382151
bulgaria,2008,6.129558416,7492561,0.019363105,92.38407135,5.609,0.331,0.375,0.5499999999999999,0.25,0.8125,0.6506666999999999,0.6071428999999999,2.0,1.0986122886681098,-2.01167031363957,1.9642492992684306,15.829421353080326,0.52763334,0.0091464852360793
bulgaria,2009,-3.347141497,7444443,0.017649868,92.52137756,6.817,0.3504,0.25,0.5499999999999999,0.25,0.75,0.6506666999999999,0.6071428999999999,0.0,0.0,-1.01167031363957,-1.4695185019714931,15.822978540317527,0.49013334,0.00899907924660088
bulgaria,2010,1.555359799,7395599,0.026657894,94.18192291,10.279,0.35,0.25,0.5499999999999999,0.25,0.75,0.6446666999999999,0.6071428999999999,0.0,0.0,-0.01167031363956994,0.9381930352676662,15.816395786738335,0.48893334,0.01362396084921404
bulgaria,2011,2.090175078,7348328,0.034488253,96.43612671,11.26,0.3528,0.25,0.5499999999999999,0.25,0.75,0.6426666999999999,0.6071428999999999,2.0,1.0986122886681098,0.9883296863604301,1.1282277488514882,15.80998349840301,0.4885333399999999,0.017639591571144985
bulgaria,2012,0.748815412,7305888,0.030123001,95.39035034,12.27,0.3729,0.25,0.5499999999999999,0.25,0.75,0.6406666999999999,0.6071428999999999,2.0,1.0986122886681098,1.98832968636043,0.5589386513015782,15.80419129322989,0.4881333399999999,0.015418959911046665
bulgaria,2013,-0.542751389,7160005,0.032666991,100.7858124,12.941,0.3579,0.25,0.5499999999999999,0.25,0.6875,0.6443333,0.6071428999999999,3.0,1.3862943611198906,2.98832968636043,-0.43356743855893526,15.784021376925304,0.47636665999999994,0.01710552560507994
bulgaria,2014,0.949449091,7073572,0.027208172,104.9421997,11.424,0.3763,0.25,0.5499999999999999,0.25,0.6875,0.641,0.6071428999999999,1.0,0.6931471805599453,3.98832968636043,0.6675468152241891,15.771876285037104,0.47569999999999996,0.0142652445796
bulgaria,2015,3.397553368,6984225,0.045807728,103.8893433,9.143,0.3878,0.25,0.5499999999999999,0.25,0.75,0.6546666999999999,0.6428571,2.0,1.0986122886681098,4.98832968636043,1.4810483335422917,15.75916473565728,0.49093333999999994,0.02331918709514848
bulgaria,2016,3.026628412,6894139,0.030671726,103.0039215,7.575,0.4148,0.25,0.5499999999999999,0.25,0.75,0.6503333,0.7142856999999999,1.0,0.6931471805599453,5.98832968636043,1.392929403462305,15.746182333366534,0.49006665999999993,0.015640535682744844
bulgaria,2017,2.745926761,6803468,0.020031644,103.4610214,6.164,0.438,0.25,0.5499999999999999,0.25,0.75,0.651,0.7142856999999999,0.0,0.0,6.98832968636043,1.320669052576097,15.732943187124386,0.4901999999999999,0.010212132111200001
bulgaria,2018,2.330152134,6710798,0.014946728,104.0439224,5.211,0.4357,0.25,0.5,0.25,0.8125,0.5676667,0.6785713999999999,1.0,0.6931471805599453,7.98832968636043,1.2030179888346701,15.719228577864842,0.47603334,0.007831587148088478
bulgaria,2019,3.793317654,6616726,0.016310848,102.6569366,4.148,0.4134,0.25,0.5,0.25,0.75,0.5676667,0.6785713999999999,0.0,0.0,8.98832968636043,1.5672227925485092,15.7051113947757,0.46353334,0.00875022614832768
bulgaria,2020,-3.133233031,6550696,0.007054354,101.3549423,5.037,0.4134,0.25,0.5,0.25,0.6875,0.5569999999999999,0.6428571,1.0,0.6931471805599453,9.98832968636043,-1.419059916954892,15.695082014163797,0.44889999999999997,0.0038876544894
burkina faso,2006,6.253164688,14373707,0.587374624,14.15445995,2.353,0.501,0.25,0.5,0.25,0.6875,0.4573333,0.4642857,0.0,0.0,-4.01167031363957,1.9814378823140355,16.480911262347526,0.42896666000000006,0.3354104933739641
burkina faso,2007,4.111379018,14816307,0.587374624,15.27937031,3.3,0.4986,0.25,0.4875,0.375,0.65625,0.4156667,0.4642857,0.0,0.0,-3.01167031363957,1.6314692343443928,16.511239023988956,0.43688333999999995,0.33076043643563585
burkina faso,2008,5.799991741,15258093,0.587374624,17.99473953,3.3,0.4962,0.25,0.475,0.5,0.5,0.37,0.5,0.0,0.0,-2.01167031363957,1.9169213976225,16.540620674315917,0.41900000000000004,0.34126465654399996
burkina faso,2009,2.961950859,15710066,0.671733665,19.43535042,3.3,0.4937,0.25,0.525,0.5,0.5,0.4533333,0.5,0.0,0.0,-1.01167031363957,1.3767365451201874,16.5698122750222,0.44566666,0.3723643661098911
burkina faso,2010,8.446281577,16176498,0.587374624,21.17802019,3.3,0.4879,0.25,0.525,0.5,0.5625,0.453,0.5,0.0,0.0,-0.01167031363956994,2.245621180155198,16.599070067936722,0.45809999999999995,0.3182983087456
burkina faso,2011,6.622562613,16661908,0.587374624,23.17643719,3.3,0.482,0.25,0.4,0.5,0.3125,0.3696667,0.5,0.0,0.0,0.9883296863604301,2.0311126140807114,16.62863577397285,0.36643334,0.37214097869643586
burkina faso,2012,6.45267238,17172287,0.587374624,25.2399681,3.3,0.4761,0.125,0.4,0.25,0.375,0.3673333,0.5,0.0,0.0,1.98832968636043,2.008572676795707,16.65880747967442,0.30346665999999994,0.4091260086859641
burkina faso,2013,5.792584845,17695409,0.587374624,27.60088807,3.3,0.4702,0.125,0.4,0.25,0.375,0.3883333,0.5,1.0,0.6931471805599453,2.98832968636043,1.9158315532230556,16.688815841880388,0.30766666,0.4066590352651641
burkina faso,2014,4.326845615,18229461,0.587374624,29.56687444,6.481,0.4643,0.125,0.4,0.25,0.375,0.3863333,0.4642857,0.0,0.0,3.98832968636043,1.6727592459117335,16.718549634425617,0.30726665999999997,0.4068939851147641
burkina faso,2015,3.921228794,18777487,0.587374624,32.89313436,3.3,0.4801,0.25,0.375,0.25,0.3125,0.4066667,0.4285714,6.0,1.9459101490553132,4.98832968636043,1.5935582541987081,16.74816926347939,0.31883333999999997,0.40010001079883584
burkina faso,2016,5.957976708,19334856,0.587374624,34.93362808,3.3,0.4959,0.375,0.375,0.25,0.3125,0.4066667,0.4285714,10.0,2.3978952727983707,5.98832968636043,1.939888729210494,16.77742008708204,0.34383334,0.3854156451988358
burkina faso,2017,6.203489411,19894407,0.587374624,37.16275108,3.3,0.5118,0.375,0.375,0.25,0.375,0.4083333,0.4285714,32.0,3.4965075614664802,6.98832968636043,1.9745655490384393,16.805949245180287,0.35666666,0.3778776786891641
burkina faso,2018,6.604569068,20438288,0.476810634,39.62784675,4.695,0.5276,0.375,0.375,0.25,0.3125,0.4083333,0.3928571,72.0,4.290459441148391,7.98832968636043,2.0287492598059713,16.83292061138116,0.34416666,0.3127083106437376
burkina faso,2019,5.889204971,20961952,0.587374624,40.07704603,1.56,0.5079,0.375,0.35,0.25,0.25,0.3013333,0.3214286,161.0,5.087596335232384,8.98832968636043,1.9299556895433814,16.85821959055728,0.30526666,0.40806873436276414
burkina faso,2020,2.010772624,21478690,0.587374624,39.25400848,3.3,0.4883,0.375,0.325,0.25,0.1875,0.2076667,0.3214286,110.0,4.709530201312334,9.98832968636043,1.1021967315369285,16.88257188533831,0.26903334,0.4293512670740358
burundi,2006,5.413807145,7865547,0.815030704,14.33810997,3.185,0.4425,0.125,0.4,0.0,0.5,0.317,0.3571429,5.0,1.791759469228055,-4.01167031363957,1.8584530329985243,15.878002767826038,0.26839999999999997,0.5962764630464
burundi,2007,3.444493647,8161874,0.758243573,15.33611965,1.603,0.4475,0.125,0.375,0.0,0.5625,0.2336667,0.3571429,3.0,1.3862943611198906,-3.01167031363957,1.4916659472914384,15.914984479956809,0.25923334000000003,0.5616815590376762
burundi,2008,4.908741908,8505637,0.758243573,37.2382883,1.634,0.4525,0.125,0.375,0.0,0.5,0.2336667,0.3571429,7.0,2.0794415416798357,-2.01167031363957,1.7764329336299773,15.956239795695874,0.24673334000000002,0.5711596037001762
burundi,2009,3.787075831,8947646,0.758243573,20.89340019,1.603,0.4575,0.125,0.275,0.0,0.4375,0.2336667,0.3571429,0.0,0.0,-1.01167031363957,1.565919751312688,16.00690115065752,0.21423334,0.5958025198226762
burundi,2010,5.093736973,9376444,0.758243573,23.76470947,1.603,0.4625,0.125,0.275,0.0,0.375,0.217,0.3571429,29.0,3.4011973816621555,-0.01167031363956994,1.8072615179976328,16.05371125127676,0.1984,0.6078080481168
burundi,2011,4.024427939,9717978,0.758243573,26.79438019,1.603,0.4676,0.125,0.275,0.0,0.375,0.217,0.3571429,8.0,2.1972245773362196,0.9883296863604301,1.6143116044794603,16.089488233007184,0.1984,0.6078080481168
burundi,2012,4.423031185,10071028,0.758243573,29.57328987,1.603,0.4726,0.0,0.275,0.0,0.3125,0.2033333,0.2857143,4.0,1.6094379124341003,1.98832968636043,1.690654918349489,16.125173444181293,0.15816666000000001,0.6383147195921238
burundi,2013,4.923924851,10439341,0.758243573,34.21245073,1.603,0.4776,0.0,0.275,0.25,0.3125,0.197,0.2857143,2.0,1.0986122886681098,2.98832968636043,1.7789992108085475,16.16109211161257,0.2069,0.6013629777463
burundi,2014,4.244908031,10799785,0.758243573,40.26412587,1.572,0.4757,0.0,0.275,0.25,0.3125,0.1943333,0.2857143,5.0,1.791759469228055,3.98832968636043,1.6572577070901424,16.195036877083318,0.20636665999999998,0.6017673793735238
burundi,2015,-0.404525595,11047580,0.758243573,43.93519298,1.603,0.4738,0.0,0.25,0.25,0.1875,0.1663333,0.2857143,102.0,4.634728988229636,4.98832968636043,-0.3396995909632199,16.217722047935712,0.17076666000000001,0.6287608505723239
burundi,2016,3.200174706,11239451,0.758243573,47.47153428,1.603,0.4719,0.0,0.2,0.25,0.125,0.1633333,0.2857143,83.0,4.430816798843313,5.98832968636043,1.4351261210908721,16.234940646792882,0.14766666,0.6462762771086238
burundi,2017,3.831857569,11506762,0.758243573,48.22434873,1.603,0.4701,0.0,0.2,0.25,0.1875,0.161,0.2857143,21.0,3.091042453358316,6.98832968636043,1.5752309835838316,16.258445507434633,0.1597,0.6371520743919
burundi,2018,5.342244731,11859446,0.758243573,46.33039417,1.603,0.4682,0.0,0.175,0.25,0.25,0.161,0.2857143,10.0,2.3978952727983707,7.98832968636043,1.8472327643025586,16.288635323128048,0.16720000000000002,0.6314652475944
burundi,2019,4.459342024,12255336,0.758243573,41.83524175,1.603,0.4663,0.0,0.175,0.25,0.25,0.155,0.2857143,6.0,1.9459101490553132,8.98832968636043,1.6973282740701816,16.321472073546268,0.166,0.632375139882
burundi,2020,0.306443809,12617036,0.74199178,44.91517174,1.03,0.4644,0.0,0.175,0.25,0.3125,0.1546667,0.25,7.0,2.0794415416798357,9.98832968636043,0.2673087962514819,16.3505586014569,0.17843334,0.6095957084420548
cambodia,1996,5.897505607,10801270,0.057169535,40.440050125,0.963,0.5556,0.125,0.15,0.0,0.1875,0.0,0.4642857,33.0,3.5263605246161616,-14.01167031363957,1.9311598400121996,16.195174370355275,0.0925,0.0518813530125
cambodia,1998,4.681632104,12058173,0.057169535,16.92086983,0.716,0.5556,0.125,0.15,0.0,0.1875,0.0,0.4642857,7.0,2.0794415416798357,-12.01167031363957,1.7372385337117022,16.305253328181145,0.0925,0.0518813530125
cambodia,2000,9.993580323,12462336,0.057169535,18.12844086,2.764,0.5556,0.125,0.15,0.0,0.1875,0.0,0.4642857,4.0,1.6094379124341003,-10.01167031363957,2.397311495433518,16.338221613928983,0.0925,0.0518813530125
cambodia,2002,6.265072805,12855241,0.057169535,23.89594078,0.716,0.5556,0.125,0.15,0.0,0.1875,0.0,0.4642857,3.0,1.3862943611198906,-8.01167031363957,1.9830783183072016,16.369262223864713,0.0925,0.0518813530125
cambodia,2003,10.28368131,13050968,0.057169535,27.83922005,0.909,0.5556,0.125,0.15,0.0,0.1875,0.0,0.4642857,1.0,0.6931471805599453,-7.01167031363957,2.4233575500964664,16.384372941849932,0.0925,0.0518813530125
cambodia,2004,9.457694811,13244731,0.057169535,30.97751045,7.53,0.5556,0.125,0.15,0.0,0.25,0.0,0.5,0.0,0.0,-6.01167031363957,2.3473380529916845,16.39911044643301,0.10500000000000001,0.051166733825000005
cambodia,2005,13.30333384,13439202,0.057169535,40.440050125,0.716,0.5556,0.125,0.15,0.0,0.25,0.0,0.5,0.0,0.0,-5.01167031363957,2.6604926457583016,16.41368659070569,0.10500000000000001,0.051166733825000005
cambodia,2006,10.94336007,13639028,0.057169535,39.14353943,0.716,0.5556,0.125,0.15,0.0,0.25,0.159,0.4642857,0.0,0.0,-4.01167031363957,2.480175481273096,16.428446020162344,0.1368,0.049348742612
cambodia,2007,10.3984581,13841770,0.057169535,41.73656082,1.257,0.5556,0.125,0.15,0.0,0.25,0.159,0.4642857,0.0,0.0,-3.01167031363957,2.4334780918667853,16.44320146239505,0.1368,0.049348742612
cambodia,2008,7.476366066,14053479,0.057169535,44.25049973,0.825,0.5556,0.125,0.15,0.0,0.25,0.1623333,0.4642857,2.0,1.0986122886681098,-2.01167031363957,2.1372818280057815,16.45838060990745,0.13746666000000002,0.0493106299697969
cambodia,2009,4.074778506,14276810,0.057169535,40.440050125,0.579,0.5556,0.125,0.15,0.0,0.3125,0.1623333,0.4285714,0.0,0.0,-1.01167031363957,1.6242828798374869,16.474147170608507,0.14996666,0.048596010782296896
cambodia,2010,5.076918432,14500726,0.057169535,40.440050125,0.771,0.5546,0.125,0.15,0.0,0.3125,0.1623333,0.4285714,0.0,0.0,-0.01167031363956994,1.8044977306507624,16.489709344064973,0.14996666,0.048596010782296896
cambodia,2011,7.286658139,14722584,0.057169535,40.440050125,0.577,0.4627,0.125,0.175,0.0,0.375,0.1623333,0.4285714,0.0,0.0,0.9883296863604301,2.114646768331062,16.50489326726017,0.16746666000000002,0.0475955439197969
cambodia,2012,7.650256579,14945085,0.057169535,40.440050125,1.279,0.4509,0.125,0.175,0.0,0.3125,0.1653333,0.4285714,0.0,0.0,1.98832968636043,2.157588982816009,16.519893108116538,0.15556666000000002,0.048275861386296894
cambodia,2013,7.857499755,15170208,0.057169535,40.440050125,0.438,0.4731,0.125,0.175,0.0,0.375,0.1533333,0.4285714,2.0,1.0986122886681098,2.98832968636043,2.1812645300973146,16.534844128421636,0.16566666000000002,0.0476984490827969
cambodia,2014,8.000320746,15396772,0.057169535,40.440050125,0.692,0.4531,0.125,0.175,0.0,0.375,0.1593333,0.4642857,0.0,0.0,3.98832968636043,2.1972602151456297,16.549668499971595,0.16686666,0.047629845640796906
cambodia,2015,7.207034725,15623251,0.057169535,40.440050125,0.393,0.4529,0.125,0.15,0.0,0.375,0.1423333,0.4285714,0.0,0.0,4.98832968636043,2.1049916797827684,16.5642708753286,0.15846666,0.0481100697347969
cambodia,2016,7.905501161,15852803,0.057169535,40.440050125,0.716,0.4532,0.125,0.125,0.0,0.4375,0.1423333,0.3928571,0.0,0.0,5.98832968636043,2.1866691937655673,16.578856951158446,0.16596666,0.0476812982222969
cambodia,2017,8.075039155,16073372,0.057169535,48.94244587,0.141,0.4529,0.125,0.175,0.0,0.4375,0.2043333,0.3928571,0.0,0.0,6.98832968636043,2.2055276947421576,16.592674609901806,0.18836666000000002,0.0464007006382969
cambodia,2018,8.776223762,16274522,0.057169535,50.19909972,0.716,0.4523,0.125,0.15,0.0,0.4375,0.1196667,0.3928571,1.0,0.6931471805599453,7.98832968636043,2.279953291078913,16.605111436873635,0.16643334,0.0476546183437031
cambodia,2019,7.936950136,16481304,0.057169535,49.73445189,0.499,0.4523,0.125,0.225,0.0,0.4375,0.1176667,0.3928571,0.0,0.0,8.98832968636043,2.1901943828827384,16.617737266203687,0.18103334,0.0468199431327031
cambodia,2020,-3.555721934,16725474,0.057169535,51.81969833,0.172,0.4523,0.125,0.225,0.0,0.375,0.1033333,0.3928571,1.0,0.6931471805599453,9.98832968636043,-1.5163840107987339,16.632443564173183,0.16566666,0.047698449082796905
cameroon,1996,4.21507215,13414757,0.564792891,35.649263385,8.06,0.5372,0.0,0.05,0.0,0.0625,0.0,0.2142857,0.0,0.0,-14.01167031363957,1.6515529234481152,16.411866002171134,0.0225,0.5520850509524999
cameroon,1998,4.725534848,14144860,0.360153899,25.41883087,4.11,0.5271,0.125,0.175,0.25,0.375,0.0,0.2857143,1.0,0.6931471805599453,-12.01167031363957,1.744935968308066,16.4648619358756,0.185,0.293525427685
cameroon,2000,3.832417794,14912631,0.360153899,28.46063995,4.11,0.517,0.125,0.175,0.25,0.5625,0.0,0.2857143,0.0,0.0,-10.01167031363957,1.5753469208847846,16.517719196983666,0.2225,0.2800196564725
cameroon,2002,4.477026834,15725528,0.360153899,29.3418808,4.11,0.5096,0.0,0.125,0.25,0.375,0.0,0.25,0.0,0.0,-8.01167031363957,1.7005624051870627,16.570796000684467,0.15,0.30613081415
cameroon,2003,5.453153689,16160340,0.360153899,30.93568039,4.11,0.5073,0.125,0.15,0.25,0.375,0.125,0.25,0.0,0.0,-7.01167031363957,1.864568955344505,16.59807071231974,0.205,0.28632234970500003
cameroon,2004,7.048862819,16610487,0.360153899,27.50962067,4.11,0.5049,0.125,0.15,0.25,0.375,0.125,0.25,0.0,0.0,-6.01167031363957,2.0855308167311746,16.62554486104953,0.205,0.28632234970500003
cameroon,2005,2.228270209,17074594,0.360153899,28.00790024,21.382,0.5026,0.0,0.125,0.25,0.375,0.0,0.25,0.0,0.0,-5.01167031363957,1.1719464547730436,16.65310224425257,0.15,0.30613081415
cameroon,2006,3.809583276,17550407,0.360153899,24.40801048,4.11,0.5002,0.25,0.2,0.25,0.5,0.1923333,0.25,0.0,0.0,-4.01167031363957,1.5706104433582306,16.68058775546917,0.27846666,0.25986304565949264
cameroon,2007,4.32758901,18049896,0.360153899,33.44971848,3.063,0.4979,0.25,0.2375,0.25,0.5,0.2756667,0.2678571,1.0,0.6931471805599453,-3.01167031363957,1.672898792500055,16.70865053635569,0.30263334,0.25115932163160737
cameroon,2008,2.847677889,18574056,0.360153899,37.84880829,4.11,0.5005,0.25,0.275,0.25,0.4375,0.3653333,0.2857143,1.0,0.6931471805599453,-2.01167031363957,1.3474698206198592,16.73727638011924,0.31556666,0.24650133600659266
cameroon,2009,2.579251777,19113974,0.360153899,41.77436066,4.11,0.5032,0.25,0.25,0.25,0.375,0.282,0.2857143,1.0,0.6931471805599453,-1.01167031363957,1.2751537777309014,16.765930300865584,0.2814,0.2588065918214
cameroon,2010,2.899024721,19668066,0.360153899,35.649263385,4.11,0.5059,0.25,0.25,0.25,0.3125,0.2803333,0.25,3.0,1.3862943611198906,-0.01167031363956994,1.3607264503240382,16.794506914056875,0.26856666,0.2634285692595926
cameroon,2011,3.379211285,20232304,0.360153899,49.87324611,4.11,0.5086,0.25,0.25,0.25,0.3125,0.2803333,0.2142857,3.0,1.3862943611198906,0.9883296863604301,1.4768686362556522,16.82279114234682,0.26856666,0.2634285692595926
cameroon,2012,4.625978722,20809529,0.360153899,53.10208872,4.11,0.5113,0.125,0.25,0.25,0.3125,0.2813333,0.2142857,0.0,0.0,1.98832968636043,1.7273949279773277,16.850921612819235,0.24376666,0.27236038595479267
cameroon,2013,4.995529161,21402376,0.360153899,54.90127849,4.11,0.5139,0.125,0.225,0.25,0.3125,0.2006667,0.1785714,3.0,1.3862943611198906,2.98832968636043,1.7910140516400501,16.87901254859009,0.22263334,0.2799716335516073
cameroon,2014,5.719818145,22059893,0.290259296,59.12535636,3.534,0.5166,0.125,0.225,0.25,0.3125,0.197,0.1785714,69.0,4.248495242049359,3.98832968636043,1.9050610924129299,16.909271766701025,0.2219,0.2258507582176
cameroon,2015,5.666952987,22763414,0.360153899,60.49608836,4.11,0.5101,0.125,0.25,0.25,0.3125,0.2886667,0.1785714,83.0,4.430816798843313,4.98832968636043,1.8971629320136403,16.94066519990367,0.24523334000000002,0.27183215543420736
cameroon,2016,4.535794237,23454161,0.360153899,61.40370451,4.11,0.5037,0.125,0.25,0.25,0.3125,0.282,0.1785714,58.0,4.07753744390572,5.98832968636043,1.7112350494526496,16.97055852111667,0.2439,0.2723123630339
cameroon,2017,3.541176549,24128601,0.360153899,35.649263385,4.11,0.4972,0.125,0.25,0.25,0.3125,0.287,0.1785714,111.0,4.718498871295094,6.98832968636043,1.5131861302413534,16.99890849974382,0.24489999999999998,0.2719522091349
cameroon,2018,3.955514239,24806383,0.360153899,35.649263385,4.11,0.4908,0.125,0.25,0.25,0.3125,0.276,0.1785714,236.0,5.4680601411351315,7.98832968636043,1.6005009442335179,17.02661159736337,0.2427,0.2727445477127
cameroon,2019,3.475059982,25506095,0.360153899,35.649263385,4.11,0.4843,0.125,0.25,0.25,0.1875,0.2616667,0.1785714,146.0,4.990432586778736,8.98832968636043,1.4985197554358711,17.054428040382177,0.21483333999999998,0.2827808339638073
cameroon,2020,0.259932916,26210558,0.360153899,35.649263385,4.11,0.4778,0.125,0.25,0.25,0.125,0.259,0.1785714,145.0,4.983606621708336,9.98832968636043,0.23105847827617865,17.08167290280966,0.20179999999999998,0.2874748421818
canada,1996,1.688961225,29610218,0.004859595,109.6280594,9.62,0.3383,0.875,0.875,1.0,1.0,1.0,0.8928571,1.0,0.6931471805599453,-14.01167031363957,0.9891549573240769,17.20363009620037,0.95,0.00024297975000000025
canada,1998,3.892886543,30155173,0.004996556,109.6280594,8.278,0.3486,0.875,0.875,1.0,1.0,1.0,0.8928571,4.0,1.6094379124341003,-12.01167031363957,1.5877824244231893,17.22186707503794,0.95,0.0002498278000000002
canada,2000,5.13853918,30685730,0.002478209,101.9927368,6.829,0.3648,0.875,0.875,1.0,1.0,1.0,0.8928571,5.0,1.791759469228055,-10.01167031363957,1.8145867952851638,17.239308316236258,0.95,0.0001239104500000001
canada,2002,2.99925535,31359199,0.002423058,109.6280594,7.665,0.366,0.875,0.875,1.0,1.0,1.0,0.8928571,0.0,0.0,-8.01167031363957,1.3861081812895015,17.261018242917007,0.95,0.00012115290000000011
canada,2003,1.806385123,31642461,0.002371085,109.6280594,7.574,0.3695,0.875,0.875,1.0,1.0,1.0,0.8928571,0.0,0.0,-7.01167031363957,1.0318972220841847,17.27001051073153,0.95,0.00011855425000000012
canada,2004,3.092363843,31938807,0.002435585,109.6280594,7.185,0.3756,0.875,0.875,1.0,0.8125,1.0,0.8928571,2.0,1.0986122886681098,-6.01167031363957,1.4091227598257638,17.27933238007978,0.9125,0.00021311368750000006
canada,2005,3.210454391,32242732,0.002449899,100.2748566,6.758,0.3807,0.875,0.85,1.0,1.0,0.875,0.9285713999999999,0.0,0.0,-5.01167031363957,1.4375705732240398,17.288803242481354,0.9199999999999999,0.0001959919200000002
canada,2006,2.63794375,32571193,0.002491476,100.4493103,6.484,0.3838,0.875,0.9249999999999999,1.0,0.9375,0.8856666999999999,0.8571428999999999,2.0,1.0986122886681098,-4.01167031363957,1.2914186181842022,17.29893883608308,0.92463334,0.00018777422459016006
canada,2007,2.049904637,32888886,0.002482524,101.2722473,6.156,0.3838,0.875,0.9249999999999999,1.0,0.96875,0.8856666999999999,0.7857143,0.0,0.0,-3.01167031363957,1.1151103235731343,17.30864537751968,0.93088334,0.0001715837672498401
canada,2008,0.995406301,33247298,0.002454623,102.2784195,6.284,0.3758,0.875,0.9249999999999999,1.0,1.0,0.8856666999999999,0.7857143,5.0,1.791759469228055,-2.01167031363957,0.6908476892551386,17.319484088683843,0.9371333399999999,0.00015431394956918017
canada,2009,-2.915086216,33630069,0.002443097,102.97995,8.46,0.3588,0.875,0.8999999999999999,1.0,0.875,0.8023332999999999,0.7857143,4.0,1.6094379124341003,-1.01167031363957,-1.3648373511670808,17.33093116518916,0.8904666599999999,0.00026760057435398034
canada,2010,3.090806345,34005902,0.00248831,102.5102615,8.178,0.3652,0.875,0.8999999999999999,1.0,0.875,0.8026667,0.7857143,2.0,1.0986122886681098,-0.01167031363956994,1.4087421009898788,17.342044685157695,0.89053334,0.00027238698474460016
canada,2011,3.137194422,34339221,0.002261454,102.8239517,7.637,0.3647,0.875,0.8999999999999999,1.0,0.875,0.8026667,0.7857143,0.0,0.0,0.9883296863604301,1.4200178822657443,17.351798757381967,0.89053334,0.0002475538161236401
canada,2012,1.755661291,34713395,0.002465214,110.8738327,7.392,0.3582,0.875,0.8999999999999999,1.0,0.875,0.8026667,0.7857143,3.0,1.3862943611198906,1.98832968636043,1.013657446832412,17.362636222291435,0.89053334,0.0002698587427652401
canada,2013,2.325813548,35080992,0.004964854,111.407608,7.143,0.3587,0.875,0.8999999999999999,1.0,0.875,0.8026667,0.8214286,4.0,1.6094379124341003,2.98832968636043,1.2017143202697302,17.37317003179511,0.89053334,0.0005434859847676403
canada,2014,2.873466778,35434066,0.002421581,111.6815567,7.023,0.3565,0.875,0.8999999999999999,1.0,0.9375,0.8026667,0.8214286,3.0,1.3862943611198906,3.98832968636043,1.3541499143136568,17.383184259980037,0.90303334,0.00023481262148945995
canada,2015,0.649971002,35704498,0.004959172,111.7372818,6.945,0.3539,0.875,0.9249999999999999,1.0,0.9375,0.886,0.8214286,5.0,1.791759469228055,4.98832968636043,0.5007577132126005,17.390787261218673,0.9247,0.0003734256516000002
canada,2016,1.038550925,36110803,0.004998126,111.6073303,7.038,0.3413,0.875,0.9249999999999999,1.0,0.9375,0.8883333,0.8928571,6.0,1.9459101490553132,5.98832968636043,0.7122392245692567,17.402102658306244,0.92516666,0.0003740264623208399
canada,2017,3.033834912,36545075,0.004973831,111.9745178,6.426,0.3481,0.875,0.9249999999999999,1.0,0.9375,0.8883333,0.8928571,16.0,2.833213344056216,6.98832968636043,1.3947175145498347,17.414057015522324,0.92516666,0.0003722083863255398
canada,2018,2.742963449,37072620,0.002499711,111.8336792,5.837,0.346,0.875,0.9249999999999999,1.0,0.9375,0.8883333,0.8214286,7.0,2.0794415416798357,7.98832968636043,1.3198776637129774,17.428389276700873,0.92516666,0.00018706172316473993
canada,2019,1.908431946,37618495,0.002486375,110.980072,5.69,0.3438,0.875,0.9249999999999999,1.0,0.9375,0.8906666999999999,0.8214286,5.0,1.791759469228055,8.98832968636043,1.0676140857796517,17.443006402303272,0.9256333399999999,0.00018490340425750035
canada,2020,-5.038233435,38028638,0.002488486,109.6280594,9.657,0.3518,0.875,0.9249999999999999,1.0,0.9375,0.8913333,0.8214286,14.0,2.70805020110221,9.98832968636043,-1.7981114915177878,17.453850091727897,0.9257666600000001,0.0001847286273232398
central african republic,2009,8.587260426,4529047,0.057169535,11.99551964,5.926,0.635,0.125,0.225,0.0,0.1875,0.062,0.3928571,5.0,1.791759469228055,-1.01167031363957,2.2604351782194962,15.326022320848274,0.11989999999999998,0.0503149077535
central african republic,2010,4.630818432,4492995,0.057169535,15.61975956,5.926,0.6236,0.125,0.225,0.0,0.25,0.0606667,0.3928571,13.0,2.6390573296152584,-0.01167031363956994,1.728254801391051,15.318030297778142,0.13213334,0.049615533394203104
central african republic,2011,4.194615337,4565021,0.057169535,15.91895962,5.926,0.6123,0.125,0.225,0.0,0.25,0.0606667,0.3928571,3.0,1.3862943611198906,0.9883296863604301,1.6476225769589175,15.333933891276702,0.13213334,0.049615533394203104
central african republic,2012,5.053761254,4610848,0.057169535,15.61975956,5.926,0.601,0.125,0.2,0.0,0.1875,0.0663333,0.3571429,4.0,1.6094379124341003,1.98832968636043,1.8006797737465825,15.343922562875568,0.11576666,0.0505512088792969
central african republic,2013,-36.3919771,4642419,0.057169535,15.61975956,5.926,0.5897,0.125,0.05,0.0,0.0,0.0496667,0.3571429,21.0,3.091042453358316,2.98832968636043,-3.6214561653658484,15.350746339965747,0.04493334,0.0546007168462031
central african republic,2014,0.081070515,4623182,0.057169535,15.61975956,5.926,0.5783,0.125,0.05,0.0,0.0,0.0496667,0.3571429,94.0,4.553876891600541,3.98832968636043,0.07795176779694968,15.346593986872179,0.04493334,0.0546007168462031
central african republic,2015,4.33712103,4629320,0.057169535,15.61975956,5.926,0.567,0.0,0.075,0.0,0.0,0.1356667,0.2857143,49.0,3.912023005428146,4.98832968636043,1.6746863746288716,15.347920763040102,0.04213334,0.0547607915442031
central african republic,2016,4.750316841,4713663,0.057169535,13.94655037,5.926,0.5557,0.0,0.075,0.0,0.0625,0.137,0.2857143,38.0,3.6635616461296463,5.98832968636043,1.7492549560737651,15.365976082890791,0.054900000000000004,0.0540309275285
central african republic,2017,4.527278213,4793511,0.057169535,15.8074398,5.926,0.5444,0.0,0.075,0.0,0.0625,0.134,0.2857143,43.0,3.784189633918261,6.98832968636043,1.7096955086568109,15.382773894886062,0.0543,0.054065229249499996
central african republic,2018,3.789443593,4878657,0.057169535,15.61975956,5.926,0.533,0.0,0.075,0.0,0.0625,0.134,0.2857143,46.0,3.8501476017100584,7.98832968636043,1.566414244550453,15.400380740009895,0.0543,0.054065229249499996
central african republic,2019,3.1,4944703,0.057169535,15.61975956,5.926,0.5217,0.0,0.075,0.0,0.0625,0.1273333,0.2857143,15.0,2.772588722239781,8.98832968636043,1.410986973710262,15.41382766280449,0.05296666000000001,0.0541414556772969
central african republic,2020,0.899999997,5026628,0.057169535,15.61975956,5.926,0.5104,0.0,0.075,0.0,0.0625,0.1273333,0.2857143,36.0,3.6109179126442243,9.98832968636043,0.6418538845934474,15.430260138479198,0.05296666000000001,0.0541414556772969
chad,2006,-0.542829571,10706424,0.4352955385,15.86979008,1.135,0.4783,0.125,0.225,0.0,0.25,0.1383333,0.2857143,11.0,2.4849066497880004,-4.01167031363957,-0.4336181142670306,16.186354586513506,0.14766666,0.37101690021680356
chad,2007,4.200174182,11081660,0.4352955385,18.29099083,1.135,0.4805,0.125,0.225,0.0,0.21875,0.1383333,0.2678571,7.0,2.0794415416798357,-3.01167031363957,1.6486921215648467,16.22080213779536,0.14141666,0.3737374973324286
chad,2008,3.081190339,11476296,0.4352955385,20.7904892,1.135,0.4827,0.0,0.2,0.0,0.1875,0.2173333,0.25,8.0,2.1972245773362196,-2.01167031363957,1.4063886956202885,16.255794335846105,0.12096666,0.3826392910947536
chad,2009,-1.408282627,11893754,0.4352955385,22.75427055,1.135,0.4849,0.0,0.175,0.0,0.25,0.2173333,0.2857143,3.0,1.3862943611198906,-1.01167031363957,-0.8789138905758643,16.291524030415367,0.12846666,0.37937457455600365
chad,2010,13.67382727,12312575,0.4352955385,22.36927181,1.135,0.4871,0.0,0.15,0.0,0.4375,0.134,0.2857143,1.0,0.6931471805599453,-0.01167031363956994,2.686065449062647,16.326131737032263,0.1443,0.37248239229445
chad,2011,4.495429669,12754997,0.451976534,22.82248176,1.135,0.4893,0.0,0.15,0.0,0.375,0.1373333,0.2857143,0.0,0.0,0.9883296863604301,1.7039167775193484,16.36143375275678,0.13246666,0.3921047121426436
chad,2012,9.061803923,13210998,0.4352955385,22.10879034,1.135,0.4851,0.0,0.15,0.0,0.375,0.1373333,0.2857143,0.0,0.0,1.98832968636043,2.3087464649979195,16.39656029816599,0.13246666,0.3776333924020036
chad,2013,2.838215248,13691079,0.4352955385,24.53260355,1.135,0.481,0.0,0.15,0.0,0.375,0.1333333,0.2857143,0.0,0.0,2.98832968636043,1.3450074793896531,16.432255083853516,0.13166666,0.37798162883280356
chad,2014,2.062830743,14188678,0.4352955385,22.84857941,1.135,0.4768,0.0,0.15,0.0,0.375,0.1333333,0.2857143,1.0,0.6931471805599453,3.98832968636043,1.1193395677537978,16.46795495107476,0.13166666,0.37798162883280356
chad,2015,3.304159798,14647621,0.4352955385,22.24542488,1.135,0.4727,0.0,0.15,0.0,0.4375,0.1333333,0.2857143,27.0,3.332204510175204,4.98832968636043,1.4595819499583682,16.499788559432787,0.14416666,0.3725404346015536
chad,2016,-4.122503327,15114655,0.4352955385,22.53049085,1.135,0.4685,0.0,0.15,0.0,0.4375,0.1333333,0.2857143,5.0,1.791759469228055,5.98832968636043,-1.6336432506182619,16.531175427087884,0.14416666,0.3725404346015536
chad,2017,-1.617469228,15622759,0.4352955385,20.58556785,1.135,0.4644,0.0,0.2,0.0,0.4375,0.1333333,0.2857143,6.0,1.9459101490553132,6.98832968636043,-0.9622079074374801,16.56423938330971,0.15416665999999998,0.3681874792165536
chad,2018,5.741115808,16156531,0.418614543,20.00211807,1.135,0.4602,0.0,0.2,0.0,0.3125,0.137,0.2857143,12.0,2.5649493574615367,7.98832968636043,1.90822546137067,16.597834984066104,0.1299,0.3642365138643
chad,2019,5.382822029,16685223,0.4352955385,20.19287747,1.135,0.4595,0.0,0.2,0.0,0.3125,0.137,0.2857143,14.0,2.70805020110221,8.98832968636043,1.853610323854816,16.63003409530974,0.1299,0.37875064804885
chad,2020,-0.393646583,17224679,0.4352955385,22.17710761,1.135,0.4588,0.0,0.2,0.0,0.3125,0.135,0.2857143,15.0,2.772588722239781,9.98832968636043,-0.3319237529351791,16.661853797042664,0.1295,0.37892476626425003
chile,1996,7.114862627,14734046,0.079555156,91.77406311,7.414,0.6273,0.75,0.825,0.75,0.8125,0.875,0.8571428999999999,8.0,2.1972245773362196,-14.01167031363957,2.0936972725423084,16.50567149612072,0.8025,0.015712143310000003
chile,1998,4.180886627,15127799,0.073965672,91.77406311,7.307,0.6273,0.75,0.825,0.75,0.5625,0.875,0.8571428999999999,1.0,0.6931471805599453,-12.01167031363957,1.6449762051381023,16.532044668714793,0.7525000000000001,0.018306503819999993
chile,2000,4.971621488,15503635,0.086048065,86.90135956,10.491,0.6273,0.75,0.825,0.75,0.6875,0.875,0.8571428999999999,2.0,1.0986122886681098,-10.01167031363957,1.787018496556421,16.5565851350249,0.7775000000000001,0.019145694462499994
chile,2002,3.202799135,15857925,0.026483012,89.42163849,10.168,0.6102,0.75,0.85,0.75,0.875,1.0,0.8214286,1.0,0.6931471805599453,-8.01167031363957,1.435750764017291,16.579179996389165,0.845,0.0041048668600000005
chile,2003,4.723245269,16024752,0.07940843,90.62095642,9.765,0.6016,0.75,0.85,0.75,0.875,1.0,0.8571428999999999,2.0,1.0986122886681098,-7.01167031363957,1.7445359992271467,16.589645147235682,0.845,0.012308306650000003
chile,2004,6.674254168,16187322,0.026483012,91.0151062,10.162,0.6163,0.75,0.85,0.75,0.875,1.0,0.8571428999999999,0.0,0.0,-6.01167031363957,2.0378711119434714,16.599738963001315,0.845,0.0041048668600000005
chile,2005,5.837045719,16348778,0.026483012,92.00456238,9.34,0.6309,0.75,0.85,0.75,0.875,1.0,0.8571428999999999,0.0,0.0,-5.01167031363957,1.92235572590652,16.609663773619847,0.845,0.0041048668600000005
chile,2006,6.049990826,16509195,0.033363518,91.99732971,9.024,0.6455,0.75,0.85,0.75,0.8125,0.9296667,0.8571428999999999,1.0,0.6931471805599453,-4.01167031363957,1.953026315546735,16.619428116951603,0.81843334,0.00605770252910988
chile,2007,5.168230985,16671581,0.026483012,91.55079651,8.427,0.6415,0.75,0.85,0.75,0.78125,0.9296667,0.8571428999999999,8.0,2.1972245773362196,-3.01167031363957,1.8194120844897959,16.629216151243956,0.81218334,0.004973950860579919
chile,2008,3.789392806,16838988,0.026483012,91.54200745,9.285,0.6374,0.75,0.85,0.75,0.75,0.9296667,0.8571428999999999,4.0,1.6094379124341003,-2.01167031363957,1.5664036405484878,16.63920752934679,0.8059333399999999,0.005139469685579922
chile,2009,-1.118037236,17009731,0.026483012,89.85975647,11.313,0.6334,0.75,0.85,0.75,0.75,0.9296667,0.8571428999999999,8.0,2.1972245773362196,-1.01167031363957,-0.7504898277612192,16.64929620880995,0.8059333399999999,0.005139469685579922
chile,2010,5.851651022,17181464,0.026483012,90.99951172,8.547,0.6581,0.75,0.825,0.75,0.75,0.839,0.8571428999999999,5.0,1.791759469228055,-0.01167031363956994,1.9244896483417377,16.65934174445872,0.7828,0.005752110206399999
chile,2011,6.223896785,17351816,0.016561192,90.98262024,7.492,0.6829,0.75,0.825,0.75,0.75,0.8346667,0.8571428999999999,6.0,1.9459101490553132,0.9883296863604301,1.9773945282219152,16.669207785098518,0.78193334,0.003611443825058719
chile,2012,6.155340019,17519119,0.026483012,89.50314331,6.79,0.6718,0.75,0.825,0.75,0.75,0.8346667,0.8571428999999999,2.0,1.0986122886681098,1.98832968636043,1.967858933752102,16.678803413900532,0.78193334,0.0057750619735799195
chile,2013,3.308508247,17687006,0.007804124,99.15207672,6.361,0.6607,0.75,0.825,0.75,0.75,0.8433333,0.8571428999999999,5.0,1.791759469228055,2.98832968636043,1.4605917298190971,16.688340860187758,0.78366666,0.0016882922106941603
chile,2014,1.792649471,17864195,0.026483012,99.86544037,6.761,0.6564,0.75,0.825,0.75,0.75,0.8433333,0.8571428999999999,17.0,2.8903717578961645,3.98832968636043,1.026990776401634,16.698309044228775,0.78366666,0.005729158439220081
chile,2015,2.1519425,18047625,0.006747478,100.9216766,6.605,0.6522,0.75,0.7999999999999999,0.75,0.75,0.7613333,0.7857143,1.0,0.6931471805599453,4.98832968636043,1.1480189294434515,16.70852471054748,0.76226666,0.0016041004815165202
chile,2016,1.753038749,18267221,0.026483012,101.4881363,6.926,0.6434,0.75,0.7999999999999999,0.75,0.6875,0.7593333,0.7857143,19.0,2.995732273553991,5.98832968636043,1.0127053012521168,16.720618864247875,0.74936666,0.0066375257508200815
chile,2017,1.357695373,18558868,0.004827645,102.2948227,7.257,0.6346,0.75,0.7999999999999999,0.75,0.75,0.7613333,0.7857143,17.0,2.8903717578961645,6.98832968636043,0.8576846050503443,16.736458345965563,0.76226666,0.0011476921701843
chile,2018,3.990029478,18893191,0.026483012,103.1730499,7.673,0.6199,0.75,0.7999999999999999,0.75,0.75,0.7656666999999999,0.8214286,47.0,3.871201010907891,7.98832968636043,1.6074418171608083,16.75431220349786,0.7631333399999999,0.006272942599179923
chile,2019,0.634367534,19197744,0.026483012,104.4057693,7.559,0.6052,0.75,0.7999999999999999,0.75,0.75,0.7693333,0.8214286,27.0,3.332204510175204,8.98832968636043,0.4912559001536423,16.770303382183798,0.7638666599999999,0.0062535220768200825
chile,2020,-6.143474792,19370624,0.017220364,103.6916885,11.18,0.5905,0.75,0.7749999999999999,0.75,0.625,0.6926667,0.8214286,54.0,4.007333185232471,9.98832968636043,-1.9661993235144417,16.779268301253957,0.7185333399999999,0.004846958339064241
china,1996,9.976199921,1217550000,0.620022224,52.30776978,3.0,0.3391,0.25,0.3,0.5,0.4375,0.125,0.3928571,62.0,4.143134726391533,-14.01167031363957,2.395729285194472,20.92010648066089,0.3225,0.42006505675999994
china,1998,7.920792079,1241935000,0.062256405,78.1607132,3.1,0.3425,0.25,0.35,0.25,0.4375,0.125,0.3928571,2.0,1.0986122886681098,-12.01167031363957,2.188384740743771,20.939936484949733,0.28250000000000003,0.0446689705875
china,2000,8.586432018,1262645000,0.062256405,59.49248123,3.707,0.3587,0.25,0.35,0.25,0.375,0.125,0.4285714,4.0,1.6094379124341003,-10.01167031363957,2.260348767320507,20.956474564796,0.27,0.04544717565
china,2002,9.243393266,1280400000,0.481455375,62.83789825,4.0,0.3968,0.125,0.3,0.25,0.4375,0.125,0.3571429,2.0,1.0986122886681098,-8.01167031363957,2.3266329383520583,20.970438366840987,0.2475,0.3622951696875
china,2003,10.11819286,1288400000,0.062256405,64.05413055,4.3,0.4051,0.125,0.3,0.25,0.4375,0.125,0.3928571,3.0,1.3862943611198906,-7.01167031363957,2.4085827630259065,20.976666976197475,0.2475,0.046847944762499996
china,2004,10.13140736,1296075000,0.062256405,78.1607132,4.2,0.4121,0.125,0.3,0.25,0.4375,0.125,0.4285714,2.0,1.0986122886681098,-6.01167031363957,2.409770604733003,20.982606304344,0.2475,0.046847944762499996
china,2005,11.45823846,1303720000,0.330984316,78.1607132,4.2,0.4216,0.125,0.3,0.25,0.4375,0.125,0.4642857,1.0,0.6931471805599453,-5.01167031363957,2.5223821277629086,20.988487554235046,0.2475,0.24906569778999998
china,2006,12.67467517,1311020000,0.062256405,74.05756378,4.1,0.4236,0.0,0.35,0.25,0.4375,0.1823333,0.4642857,0.0,0.0,-4.01167031363957,2.6155455944610253,20.994071297904505,0.24396666000000003,0.0470679178085427
china,2007,14.14998549,1317885000,0.062256405,78.1607132,4.0,0.4269,0.0,0.375,0.25,0.4375,0.1823333,0.4642857,0.0,0.0,-3.01167031363957,2.717999574199144,20.999294016564452,0.24896666,0.0467566357835427
china,2008,9.670245886,1324655000,0.262423338,82.67925262,4.2,0.4269,0.0,0.4,0.25,0.4375,0.1846667,0.4642857,20.0,3.044522437723423,-2.01167031363957,2.367459109659198,21.00441788587695,0.25443333999999995,0.19565409161871108
china,2009,9.402699728,1331260000,0.062256405,88.28749847,4.3,0.4262,0.0,0.4,0.25,0.375,0.1846667,0.4642857,7.0,2.0794415416798357,-1.01167031363957,2.3420653616906417,21.009391699882055,0.24193333999999997,0.0471945050019573
china,2010,10.59627198,1337705000,0.205866401,90.78291733,4.1,0.4283,0.0,0.425,0.25,0.375,0.188,0.4642857,1.0,0.6931471805599453,-0.01167031363956994,2.450683665423884,21.014221296765218,0.2476,0.1548938801124
china,2011,9.461335887,1345035000,0.156968148,92.03294252,4.1,0.4311,0.0,0.425,0.25,0.375,0.188,0.4642857,4.0,1.6094379124341003,0.9883296863604301,2.3476861643443887,21.019685872709946,0.2476,0.1181028345552
china,2012,7.856174271,1354190000,0.132419545,92.2603063,4.1,0.4169,0.0,0.425,0.25,0.4375,0.1833333,0.4642857,4.0,1.6094379124341003,1.98832968636043,2.1811148735099204,21.026469327293388,0.25916666,0.0981008138036303
china,2013,7.778724094,1363240000,0.062256405,78.1607132,4.05,0.4235,0.125,0.425,0.25,0.4375,0.1833333,0.4285714,12.0,2.5649493574615367,2.98832968636043,2.1723310774971334,21.03313005706539,0.28416666,0.0445652103275427
china,2014,7.461900282,1371860000,0.047445186,78.1607132,4.1,0.4156,0.25,0.45,0.5,0.4375,0.2666667,0.5714286,37.0,3.6375861597263857,3.98832968636043,2.135573768016671,21.039433320956196,0.38083334,0.02937647734869876
china,2015,6.978780027,1379860000,0.0297972,78.1607132,4.1,0.4166,0.25,0.45,0.5,0.4375,0.2713333,0.5714286,17.0,2.8903717578961645,4.98832968636043,2.076785520952504,21.045247882418547,0.38176666,0.018421622478648
china,2016,6.775555628,1387790000,0.021982438,78.1607132,4.1,0.4168,0.25,0.45,0.5,0.4375,0.2713333,0.6071428999999999,5.0,1.791759469228055,5.98832968636043,2.0509849189202702,21.050978391475102,0.38176666,0.013590276066082919
china,2017,6.891266362,1396215000,0.016652044,78.1607132,3.9,0.4271,0.25,0.45,0.5,0.5,0.27,0.5714286,6.0,1.9459101490553132,6.98832968636043,2.065756624133316,21.057030841605584,0.394,0.010091138664
china,2018,6.756718002,1402760000,0.007953106,78.1607132,4.93,0.4241,0.25,0.45,0.5,0.5,0.2773333,0.5357143,1.0,0.6931471805599453,7.98832968636043,2.0485593068450756,21.061707562136863,0.39546665999999997,0.00480791773355404
china,2019,6.068502351,1407745000,0.0,78.1607132,5.15,0.4224,0.25,0.45,0.5,0.625,0.242,0.5357143,14.0,2.70805020110221,8.98832968636043,1.9556486259272858,21.065254971036047,0.41340000000000005,0.0
china,2020,2.340188431,1411100000,0.0,78.1607132,5.61,0.4308,0.375,0.45,0.5,0.625,0.2423333,0.5714286,21.0,3.091042453358316,9.98832968636043,1.206027221864326,21.067635379736657,0.43846666,0.0
colombia,1996,2.055854713,36462745,0.247902013,97.67411804,11.81,0.6397,0.25,0.35,0.5,0.625,0.25,0.5,409.0,6.016157159698354,-14.01167031363957,1.1170593286165467,17.41180163979288,0.395,0.149980717865
colombia,1998,0.569784088,37792165,0.131106533,97.67411804,15.0,0.6397,0.25,0.4,0.5,0.375,0.25,0.5714286,94.0,4.553876891600541,-12.01167031363957,0.45093808633610494,17.447612390433594,0.355,0.084563713785
colombia,2000,2.924861482,39089934,0.239181059,76.40447998,20.52,0.6397,0.125,0.25,0.5,0.3125,0.25,0.6071428999999999,137.0,4.927253685157205,-10.01167031363957,1.3673310594014312,17.481375574938387,0.2875,0.1704165045375
colombia,2002,2.503980467,40324680,0.212347819,78.15519714,14.481,0.6397,0.25,0.35,0.25,0.3125,0.375,0.4642857,150.0,5.017279836814924,-8.01167031363957,1.253899598572306,17.5124742712189,0.3075,0.1470508646575
colombia,2003,3.918271903,40937429,0.197630509,97.67411804,13.221,0.6011,0.25,0.375,0.25,0.25,0.375,0.4642857,98.0,4.59511985013459,-7.01167031363957,1.592957229577629,17.52755536143462,0.3,0.1383413563
colombia,2004,5.333022068,41543171,0.192086106,82.95046234,12.736,0.6224,0.25,0.375,0.25,0.25,0.375,0.4642857,37.0,3.6375861597263857,-6.01167031363957,1.845777542132675,17.542243733631764,0.3,0.1344602742
colombia,2005,4.828761108,42128977,0.168003517,86.96164703,11.062,0.6111,0.25,0.4,0.25,0.3125,0.375,0.5357143,42.0,3.7612001156935624,-5.01167031363957,1.7628044748645053,17.556246375412684,0.3175,0.1146624003525
colombia,2006,6.716868698,42691084,0.131106533,90.28766632,10.52,0.613,0.25,0.4,0.25,0.4375,0.4633333,0.5714286,43.0,3.784189633918261,-4.01167031363957,2.043408672687719,17.56950067419941,0.36016665999999997,0.08388633090521022
colombia,2007,6.738194691,43235374,0.131106533,93.01280975,10.252,0.6149,0.25,0.4,0.25,0.4375,0.4633333,0.5714286,30.0,3.4339872044851463,-3.01167031363957,2.046168416339163,17.582169583867444,0.36016665999999997,0.08388633090521022
colombia,2008,3.283446186,43758808,0.165645506,94.23155212,10.52,0.6168,0.25,0.4,0.25,0.4375,0.468,0.5714286,133.0,4.897839799950911,-2.01167031363957,1.454757869252115,17.594203499071423,0.3611,0.1058309137834
colombia,2009,1.139648645,44271541,0.150200916,98.27008057,11.319,0.6058,0.25,0.4,0.25,0.4375,0.468,0.5714286,138.0,4.9344739331306915,-1.01167031363957,0.7606416309745574,17.60585263581619,0.3611,0.0959633652324
colombia,2010,4.494658971,44777319,0.131106533,99.95436859,11.153,0.6007,0.25,0.425,0.5,0.5,0.4683333,0.6071428999999999,136.0,4.919980925828125,-0.01167031363956994,1.7037765242372305,17.617212319197417,0.42866666000000003,0.07490553339471022
colombia,2011,6.947891982,45259614,0.112377523,101.2058182,10.288,0.6056,0.25,0.425,0.5,0.625,0.471,0.6785713999999999,94.0,4.553876891600541,0.9883296863604301,2.07290673400839,17.627925691726062,0.4542,0.06133565205340001
colombia,2012,3.912635767,45715810,0.108860189,97.2326889,9.959,0.5825,0.25,0.425,0.5,0.625,0.471,0.6785713999999999,115.0,4.7535901911063645,1.98832968636043,1.5918106138618293,17.637954769771113,0.4542,0.0594158911562
colombia,2013,5.13399352,46151584,0.099394076,98.10150146,9.246,0.587,0.25,0.4,0.5,0.5,0.4683333,0.6428571,149.0,5.0106352940962555,2.98832968636043,1.8138460092845894,17.647441862852087,0.42366666,0.05728411979729384
colombia,2014,4.499030001,46565429,0.089910069,97.36328888,8.799,0.5595,0.25,0.4,0.5,0.5,0.4683333,0.6428571,231.0,5.44673737166631,3.98832968636043,1.704571713230017,17.65636897829878,0.42366666,0.05181817036640046
colombia,2015,2.955901375,46969940,0.080784339,97.67411804,8.572,0.5626,0.375,0.45,0.5,0.5625,0.5539999999999999,0.6071428999999999,136.0,4.919980925828125,4.98832968636043,1.3752084829643572,17.66501840188146,0.4883,0.0413373462663
colombia,2016,2.087382502,47437512,0.079806273,98.41562653,8.922,0.567,0.375,0.475,0.5,0.5625,0.5556667,0.6071428999999999,110.0,4.709530201312334,5.98832968636043,1.1273236451975577,17.67492388716488,0.49363334000000003,0.04041123590605818
colombia,2017,1.359360868,48131078,0.073062801,99.21932983,9.086,0.5897,0.375,0.45,0.5,0.625,0.5556667,0.6071428999999999,119.0,4.787491742782046,6.98832968636043,0.8583907637154597,17.689438659478032,0.50113334,0.03644859550511466
colombia,2018,2.564324283,49024465,0.073782299,100.3733368,9.36,0.596,0.375,0.45,0.5,0.625,0.5653332999999999,0.6071428999999999,206.0,5.332718793265369,7.98832968636043,1.2709744939654326,17.707830037585527,0.50306666,0.036664884274948656
colombia,2019,3.186855392,49907985,0.087890676,101.9893494,10.28,0.5969,0.375,0.45,0.5,0.6875,0.571,0.6428571,230.0,5.442417710521793,8.98832968636043,1.43194994906298,17.72569158799686,0.5166999999999999,0.042477563710800005
colombia,2020,-7.185914138,50629997,0.134859769,101.4994507,15.568,0.6122,0.375,0.45,0.5,0.625,0.568,0.6428571,171.0,5.147494476813453,9.98832968636043,-2.102414889131743,17.74005480444382,0.5035999999999999,0.0669443893316
comoros,2014,2.106669206,711503,0.313569638,61.50787743,8.142,0.4993,0.25,0.425,0.25,0.5625,0.352,0.4642857,0.0,0.0,3.98832968636043,1.1335511574110302,13.47513631842175,0.3679,0.19820736817979998
costa rica,1996,1.350459491,3619013,0.117491606,99.7109375,7.824,0.5177,0.625,0.7,0.5,0.875,0.75,0.7142856999999999,1.0,0.6931471805599453,-14.01167031363957,0.8546108371280494,15.10171217101035,0.6900000000000001,0.03642239785999999
costa rica,1998,7.155308579,3782838,0.074750006,99.7109375,7.824,0.5177,0.625,0.65,0.5,0.875,0.75,0.7142856999999999,0.0,0.0,-12.01167031363957,2.0986690745968213,15.14598534389376,0.6799999999999999,0.023920001920000003
costa rica,2000,3.86871809,3937739,0.097767517,59.65203857,7.824,0.5177,0.625,0.65,0.5,0.875,0.75,0.7142856999999999,0.0,0.0,-10.01167031363957,1.5828306765717977,15.186117512639457,0.6799999999999999,0.03128560544
costa rica,2002,3.41687639,4075705,0.065660155,65.63790894,6.396,0.5177,0.5,0.625,0.5,0.875,0.75,0.6785713999999999,0.0,0.0,-8.01167031363957,1.485432747165069,15.220554541184528,0.65,0.022981054249999997
costa rica,2003,4.317179866,4138784,0.068732227,99.7109375,6.654,0.5177,0.5,0.625,0.5,0.875,0.75,0.6785713999999999,0.0,0.0,-7.01167031363957,1.6709430624247352,15.235912824467455,0.65,0.024056279450000002
costa rica,2004,4.424599597,4200078,0.065921104,77.78919983,6.445,0.5177,0.5,0.625,0.5,0.875,0.75,0.6785713999999999,0.0,0.0,-6.01167031363957,1.690944089698044,15.250613892600509,0.65,0.023072386399999995
costa rica,2005,3.976666368,4261240,0.050424627,79.19320679,6.749,0.5177,0.5,0.625,0.5,0.875,0.75,0.6785713999999999,0.0,0.0,-5.01167031363957,1.6047602628695916,15.265070990375698,0.65,0.01764861945
costa rica,2006,7.326695433,4321340,0.05160285,85.95723724,5.926,0.5177,0.5,0.625,0.5,0.875,0.768,0.6428571,0.0,0.0,-4.01167031363957,2.1194666707471335,15.279076328717675,0.6536,0.017875227240000003
costa rica,2007,8.215131983,4380248,0.031409793,86.97624969,4.557,0.5177,0.5,0.625,0.5,0.875,0.768,0.6428571,0.0,0.0,-3.01167031363957,2.2208469136453717,15.292616130051837,0.6536,0.010880352295200001
costa rica,2008,4.738174878,4440056,0.033739828,88.26229858,4.934,0.5177,0.5,0.65,0.5,0.875,0.768,0.7142856999999999,0.0,0.0,-2.01167031363957,1.747141194264499,15.30617777216384,0.6586000000000001,0.011518777279199997
costa rica,2009,-0.873455943,4499791,0.036088418,94.30343628,7.824,0.5177,0.625,0.7,0.5,0.875,0.768,0.7142856999999999,0.0,0.0,-1.01167031363957,-0.6277848230957322,15.319541731450046,0.6936,0.011057491275199999
costa rica,2010,5.360343526,4555962,0.022089726,97.50673676,7.171,0.5177,0.625,0.6749999999999999,0.5,0.875,0.768,0.6785713999999999,0.0,0.0,-0.01167031363956994,1.8500823894153657,15.331947482357322,0.6885999999999999,0.006878740676400003
costa rica,2011,4.40315924,4609833,0.027238454,99.7109375,9.518,0.5204,0.625,0.6749999999999999,0.5,0.875,0.77,0.6785713999999999,0.0,0.0,0.9883296863604301,1.686983826942892,15.343702405647713,0.689,0.008471159194
costa rica,2012,4.88259241,4663934,0.025627971,103.2673035,9.11,0.5132,0.625,0.6749999999999999,0.5,0.875,0.77,0.6785713999999999,0.0,0.0,1.98832968636043,1.771997550803258,15.355370070380188,0.689,0.007970298981
costa rica,2013,2.494766112,4716147,0.026420895,108.5341263,8.218,0.528,0.625,0.6749999999999999,0.5,0.875,0.7676666999999999,0.6785713999999999,0.0,0.0,2.98832968636043,1.2512664527025608,15.366502922674544,0.68853334,0.0082292279198607
costa rica,2014,3.542109878,4767119,0.023871448,114.2898636,8.499,0.5265,0.625,0.6749999999999999,0.5,0.875,0.7676666999999999,0.6785713999999999,0.0,0.0,3.98832968636043,1.5133916349363306,15.377252906934947,0.68853334,0.00743516017792368
costa rica,2015,3.652080968,4818038,0.024401484,115.720871,8.415,0.5342,0.625,0.6749999999999999,0.5,0.875,0.7653333,0.6785713999999999,0.0,0.0,4.98832968636043,1.5373146394920552,15.387877556769274,0.6880666599999999,0.0076116364050765615
costa rica,2016,4.204323252,4866998,0.024028999,118.2037125,8.085,0.5479,0.625,0.6749999999999999,0.5,0.875,0.7626666999999999,0.7142856999999999,0.0,0.0,5.98832968636043,1.6494896747857017,15.39798808335019,0.68753334,0.00750826106067334
costa rica,2017,4.157698963,4913177,0.017488793,121.5149612,7.729,0.5266,0.5,0.6749999999999999,0.5,0.875,0.7626666999999999,0.7142856999999999,0.0,0.0,6.98832968636043,1.6404905426307173,15.407431540903598,0.66253334,0.00590188456114138
costa rica,2018,2.615904404,4957818,0.02320724,125.9643478,9.01,0.5231,0.625,0.6749999999999999,0.5,0.8125,0.769,0.75,0.0,0.0,7.98832968636043,1.2853420052335651,15.416476484254979,0.6763,0.007512183588
costa rica,2019,2.417511818,4999553,0.017298358,132.8493347,10.807,0.5516,0.625,0.6749999999999999,0.5,0.8125,0.771,0.7142856999999999,2.0,1.0986122886681098,8.98832968636043,1.2289127476933828,15.424859266419817,0.6767,0.005592559141400001
costa rica,2020,-4.273354322,5034320,0.033517811,132.6786804,16.432,0.5608,0.625,0.6749999999999999,0.5,0.8125,0.772,0.7142856999999999,0.0,0.0,9.98832968636043,-1.6626666538151842,15.431789219032966,0.6769000000000001,0.0108296047341
croatia,1996,6.10898085,4557097,0.00581106325,99.30599594,9.68,0.3245,0.0,0.25,0.25,0.25,0.25,0.4285714,3.0,1.3862943611198906,-14.01167031363957,1.9613588931752552,15.332196575391126,0.2,0.0046488506
croatia,1998,2.251677913,4532135,0.0,99.30599594,11.392,0.3301,0.0,0.3,0.25,0.375,0.25,0.4285714,0.0,0.0,-12.01167031363957,1.1791711440375803,15.326703909505904,0.23500000000000001,0.0
croatia,2000,2.945253151,4468302,0.0,99.30599594,16.064,0.3234,0.375,0.475,0.25,0.375,0.375,0.4285714,2.0,1.0986122886681098,-10.01167031363957,1.3725131223277454,15.312519252449295,0.37,0.0
croatia,2002,5.803328259,4302174,0.00581106325,95.02172852,15.053,0.3142,0.5,0.45,0.25,0.625,0.5,0.4642857,0.0,0.0,-8.01167031363957,1.917411942293493,15.274631266736522,0.465,0.0031089188387499996
croatia,2003,5.568372828,4303399,0.00581106325,95.49564362,13.924,0.309,0.5,0.575,0.25,0.6875,0.625,0.5,0.0,0.0,-7.01167031363957,1.8822661348509093,15.274915965901489,0.5275000000000001,0.0027457273856249993
croatia,2004,4.170484899,4304600,0.0,99.30599594,13.664,0.319,0.375,0.575,0.25,0.6875,0.625,0.5,0.0,0.0,-6.01167031363957,1.6429664750313364,15.275195008621811,0.5025000000000001,0.0
croatia,2005,4.327076425,4310145,0.00581106325,99.07688904,12.598,0.3314,0.375,0.575,0.25,0.6875,0.625,0.5,1.0,0.6931471805599453,-5.01167031363957,1.6728025745561839,15.276482336216173,0.5025000000000001,0.0028910039668749994
croatia,2006,5.069077708,4311159,0.00581106325,99.03450775,11.13,0.3328,0.375,0.575,0.25,0.6875,0.6513333,0.5,0.0,0.0,-4.01167031363957,1.8032066508580868,15.276717567399169,0.5077666599999999,0.0028603990724987553
croatia,2007,5.049276352,4310217,0.00581106325,99.01252747,9.909,0.341,0.375,0.575,0.25,0.6875,0.6513333,0.5,0.0,0.0,-3.01167031363957,1.7999386536490858,15.276499040847208,0.5077666599999999,0.0028603990724987553
croatia,2008,1.972870067,4309705,0.000318027,98.99922943,8.53,0.3385,0.375,0.575,0.25,0.6875,0.6513333,0.5,2.0,1.0986122886681098,-2.01167031363957,1.0895278387218466,15.27638024629621,0.5077666599999999,0.00015654349242018003
croatia,2009,-6.812312176,4305181,0.0054567505,98.93942261,9.202,0.3267,0.375,0.5499999999999999,0.25,0.6875,0.6513333,0.5,1.0,0.6931471805599453,-1.01167031363957,-2.0557009733015192,15.27532997137311,0.50276666,0.00271327827666167
croatia,2010,-1.336046724,4295427,0.0071921025,98.89552307,11.62,0.3261,0.375,0.5499999999999999,0.25,0.75,0.6436666999999999,0.5,0.0,0.0,-0.01167031363956994,-0.8484600664782778,15.27306175919238,0.5137333399999999,0.003497279661052651
croatia,2011,-0.110906722,4280622,0.009928041,99.26560211,13.678,0.3382,0.375,0.5499999999999999,0.25,0.6875,0.641,0.5,0.0,0.0,0.9883296863604301,-0.10517654853691316,15.269609117712706,0.5006999999999999,0.004957070871300001
croatia,2012,-2.237433601,4260368,0.010719465,99.34638977,16.046,0.3357,0.375,0.5499999999999999,0.25,0.6875,0.6476666999999999,0.5,0.0,0.0,1.98832968636043,-1.1747809174717074,15.264866334212591,0.5020333399999999,0.0053379361830369005
croatia,2013,-0.133645737,4233922,0.012065837,101.800499,17.231,0.338,0.375,0.5499999999999999,0.25,0.6875,0.6476666999999999,0.5,2.0,1.0986122886681098,2.98832968636043,-0.12543875526356146,15.258639544399156,0.5020333399999999,0.006008384550994421
croatia,2014,-0.557692914,4201598,0.011621529,102.528923,17.209,0.342,0.375,0.5499999999999999,0.25,0.75,0.6476666999999999,0.5,0.0,0.0,3.98832968636043,-0.44320582532550357,15.250975725086017,0.51453334,0.005641864867723141
croatia,2015,2.319986927,4151725,0.006963191,102.9813309,16.15,0.3418,0.375,0.5499999999999999,0.25,0.75,0.6476666999999999,0.5,0.0,0.0,4.98832968636043,1.199960845270042,15.239034709357403,0.51453334,0.00338039707771206
croatia,2016,3.466461143,4106867,0.008571757,103.7194366,13.015,0.3302,0.375,0.6,0.25,0.8125,0.6416666999999999,0.6428571,0.0,0.0,5.98832968636043,1.4965964044689424,15.22817125217383,0.53583334,0.00397872381702162
croatia,2017,3.283963216,4041407,0.006165376,104.2144165,11.078,0.3309,0.375,0.625,0.25,0.8125,0.6376666999999999,0.6428571,0.0,0.0,6.98832968636043,1.4548785661807588,15.212103704071623,0.54003334,0.00283586740636416
croatia,2018,2.911075934,3988775,0.005039287,104.960083,8.322,0.3463,0.375,0.625,0.25,0.8125,0.6356666999999999,0.6428571,0.0,0.0,7.98832968636043,1.363812511079657,15.198994974886157,0.53963334,0.0023199197249714203
croatia,2019,3.101526839,3949390,0.003641373,105.1359787,6.551,0.3441,0.375,0.625,0.25,0.8125,0.6356666999999999,0.6428571,0.0,0.0,8.98832968636043,1.4113593041427808,15.189071947775586,0.53963334,0.0016763667258241802
croatia,2020,-8.310864015,3914206,0.004439274,105.5854187,7.389,0.3441,0.5,0.6,0.25,0.6875,0.6333333,0.5,1.0,0.6931471805599453,9.98832968636043,-2.2311818920311888,15.180123312611736,0.53416666,0.00206796183459516
cuba,1996,7.838749659,10962010,0.057169535,82.66752625,7.61,0.5114,0.25,0.2,0.25,0.5,0.25,0.1785714,1.0,0.6931471805599453,-14.01167031363957,2.179145425356197,16.209946308054217,0.29,0.040590369849999995
cuba,1998,0.159146052,11034712,0.057169535,92.40794094,6.23,0.5114,0.25,0.25,0.25,0.4375,0.25,0.2142857,0.0,0.0,-12.01167031363957,0.1476835719489545,16.21655658917889,0.2875,0.0407332936875
cuba,2000,5.914760174,11109109,0.057169535,81.88301086,5.45,0.5114,0.25,0.25,0.5,0.4375,0.25,0.2142857,0.0,0.0,-10.01167031363957,1.9336582825196256,16.223276050396194,0.3375,0.0378748169375
cuba,2002,1.424821261,11177418,0.057169535,88.5996933,3.31,0.5215,0.25,0.25,0.5,0.4375,0.25,0.2142857,0.0,0.0,-8.01167031363957,0.8857578148688429,16.229406140363054,0.3375,0.0378748169375
cuba,2003,3.792740223,11209383,0.057169535,91.78713226,2.33,0.514,0.25,0.25,0.5,0.375,0.25,0.2142857,0.0,0.0,-7.01167031363957,1.5671023194597573,16.232261842601822,0.325,0.038589436125
cuba,2004,5.77053807,11238756,0.057169535,91.12374115,1.854,0.5053,0.25,0.25,0.5,0.5,0.25,0.1428571,0.0,0.0,-6.01167031363957,1.9125805623479077,16.234878809125995,0.35,0.03716019775
cuba,2005,11.20165642,11262554,0.057169535,92.37484741,1.95,0.489,0.25,0.225,0.0,0.5,0.125,0.2142857,0.0,0.0,-5.01167031363957,2.501571714654157,16.236994064349627,0.22000000000000003,0.044592237300000004
cuba,2006,12.06586311,11278550,0.057169535,93.15399933,1.913,0.4749,0.75,0.45,0.5,0.625,0.284,0.25,0.0,0.0,-4.01167031363957,2.5700029595536353,16.238413338336013,0.5218,0.027338471636999997
cuba,2007,7.262136966,11287272,0.057169535,93.1459198,1.788,0.5048,0.75,0.4625,0.5,0.625,0.3256667,0.25,1.0,0.6931471805599453,-3.01167031363957,2.1116832666633543,16.23918636576318,0.53263334,0.0267191346267031
cuba,2008,4.116828042,11291762,0.057169535,93.16905212,1.583,0.4699,0.75,0.475,0.5,0.625,0.3673333,0.25,0.0,0.0,-2.01167031363957,1.6325347240208423,16.23958407982495,0.54346666,0.0260997987597969
cuba,2009,1.451305431,11294719,0.057169535,92.1000824,1.67,0.4608,0.75,0.475,0.5,0.625,0.3673333,0.25,0.0,0.0,-1.01167031363957,0.8966207116332712,16.239845917847003,0.54346666,0.0260997987597969
cuba,2010,2.390352297,11297409,0.057169535,92.40794094,2.5,0.4672,0.75,0.475,0.5,0.625,0.3673333,0.25,0.0,0.0,-0.01167031363956994,1.2209338384116775,16.240084053871602,0.54346666,0.0260997987597969
cuba,2011,2.802300836,11301571,0.057169535,92.22151843,3.18,0.4326,0.75,0.475,0.5,0.625,0.3673333,0.25,0.0,0.0,0.9883296863604301,1.3356063666592661,16.240452389051217,0.54346666,0.0260997987597969
cuba,2012,3.014900289,11303175,0.057169535,90.92685663,3.498,0.4288,0.75,0.475,0.5,0.625,0.3673333,0.25,0.0,0.0,1.98832968636043,1.3900125124701663,16.240594306138963,0.54346666,0.0260997987597969
cuba,2013,2.747602563,11298167,0.057169535,91.33100394,3.29,0.4299,0.625,0.475,0.5,0.625,0.3673333,0.2142857,0.0,0.0,2.98832968636043,1.3211163189990278,16.240151146645264,0.51846666,0.027529037134796902
cuba,2014,1.047576632,11285775,0.057169535,95.98679902,2.7,0.4289,0.625,0.475,0.5,0.625,0.3673333,0.2142857,0.0,0.0,3.98832968636043,0.7166569631509379,16.23905372971546,0.51846666,0.027529037134796902
cuba,2015,4.438333589,11275065,0.057169535,96.09290991,2.4,0.4258,0.625,0.45,0.5,0.625,0.3673333,0.2142857,0.0,0.0,4.98832968636043,1.6934726883891253,16.238104296994422,0.51346666,0.0278148848097969
cuba,2016,0.512843096,11265612,0.057169535,97.80056411,2.0,0.4231,0.375,0.45,0.5,0.625,0.3653333,0.25,0.0,0.0,5.98832968636043,0.41399072552906035,16.237265546701742,0.46306665999999996,0.0306962293737969
cuba,2017,1.809791784,11247829,0.057169535,98.89163814,1.7,0.4318,0.375,0.45,0.5,0.625,0.3603333,0.25,0.0,0.0,6.98832968636043,1.033110382379605,16.23568577912036,0.46206665999999996,0.030753398908796904
cuba,2018,2.247948529,11227118,0.057169535,99.58059265,1.7,0.44,0.375,0.45,0.5,0.625,0.35,0.25,0.0,0.0,7.98832968636043,1.1780235751911081,16.2338427488325,0.45999999999999996,0.030871548900000004
cuba,2019,-0.163087224,11202846,0.057169535,100.4678099,2.365,0.4419,0.375,0.475,0.5,0.625,0.3446667,0.25,0.0,0.0,8.98832968636043,-0.15107786986438723,16.231678500391457,0.46393333999999997,0.030646681681203103
cuba,2020,-10.9494359,11176354,0.057169535,101.4879906,2.365,0.4564,0.375,0.475,0.5,0.625,0.3446667,0.25,0.0,0.0,9.98832968636043,-2.480684072242407,16.229310943909802,0.46393333999999997,0.030646681681203103
cyprus,1996,1.248541475,880290,0.000541303,96.60437012,3.1,0.3533,0.875,0.7749999999999999,0.75,0.6875,0.875,0.7142856999999999,10.0,2.3978952727983707,-14.01167031363957,0.8102817726889268,13.688007813609389,0.7925,0.00011232037250000001
cyprus,1998,6.110882949,914548,0.000541303,96.60437012,3.3,0.3963,0.75,0.75,0.75,0.6875,0.75,0.6785713999999999,1.0,0.6931471805599453,-12.01167031363957,1.9616264202118332,13.726186326569545,0.7375,0.00014209203749999998
cyprus,2000,5.965304455,947667,0.000541303,93.37213898,4.766,0.342,0.75,0.75,0.75,0.75,0.75,0.6428571,2.0,1.0986122886681098,-10.01167031363957,1.9409413184085107,13.761759508928511,0.75,0.00013532575
cyprus,2002,3.722974911,981440,0.000541303,96.91520691,3.336,0.3732,0.75,0.7,0.75,0.5,0.75,0.6785713999999999,0.0,0.0,-8.01167031363957,1.5524388788100973,13.796777178818493,0.6900000000000001,0.00016780392999999998
cyprus,2003,2.623299623,999590,0.000541303,97.55622864,4.153,0.3581,0.625,0.625,0.5,0.4375,0.75,0.6785713999999999,0.0,0.0,-7.01167031363957,1.287385108741876,13.815101474300961,0.5875,0.0002232874875
cyprus,2004,5.026272267,1017875,0.000940679,96.29353333,4.77,0.3032,0.5,0.6,0.5,0.5625,0.625,0.7142856999999999,1.0,0.6931471805599453,-6.01167031363957,1.7961286217319057,13.833228661207855,0.5575,0.0004162504575
cyprus,2005,4.852987622,1036151,0.000541303,94.00523376,5.481,0.3015,0.5,0.6,0.5,0.5625,0.625,0.7142856999999999,0.0,0.0,-5.01167031363957,1.766952235493931,13.851024409186229,0.5575,0.00023952657750000002
cyprus,2006,4.713783586,1054418,0.000181988,93.14047241,4.593,0.3192,0.625,0.7749999999999999,0.5,0.75,0.8366667,0.8214286,0.0,0.0,-4.01167031363957,1.742881428747613,13.868500462294886,0.6973333399999999,5.508170012008002e-05
cyprus,2007,5.098226149,1072714,0.000251592,92.91394043,3.946,0.3025,0.625,0.7749999999999999,0.5,0.75,0.7949999999999999,0.8214286,1.0,0.6931471805599453,-3.01167031363957,1.807997933644228,13.885703375894112,0.689,7.824511200000002e-05
cyprus,2008,3.646989221,1091026,8.47e-05,92.36916351,3.756,0.3418,0.625,0.7749999999999999,0.5,0.8125,0.7566666999999999,0.7857143,0.0,0.0,-2.01167031363957,1.536219530539144,13.902630012446654,0.69383334,2.5932316102000002e-05
cyprus,2009,-2.015082037,1109371,0.00111965,91.92617798,5.594,0.3457,0.625,0.7749999999999999,0.5,0.8125,0.7566666999999999,0.7857143,0.0,0.0,-1.01167031363957,-1.1036270394275476,13.91930464741691,0.69383334,0.00034279950086900005
cyprus,2010,2.282671001,1127816,0.000588181,91.44080353,6.359,0.3325,0.625,0.75,0.75,0.8125,0.743,0.7857143,0.0,0.0,-0.01167031363956994,1.1886574205827893,13.935794463836222,0.7361,0.0001552209659
cyprus,2011,0.416711868,1146493,0.000320713,92.82562256,7.942,0.3712,0.625,0.75,0.75,0.8125,0.743,0.7857143,0.0,0.0,0.9883296863604301,0.3483386005827333,13.952219147947606,0.7361,8.46361607e-05
cyprus,2012,-3.447381514,1165397,4.24e-05,95.29985046,12.097,0.3765,0.625,0.75,0.75,0.8125,0.743,0.7857143,1.0,0.6931471805599453,1.98832968636043,-1.4923154991686856,13.968573217540676,0.7361,1.118936e-05
cyprus,2013,-6.587477511,1183895,0.000970186,98.31169128,16.131,0.4213,0.625,0.75,0.75,0.75,0.743,0.7857143,2.0,1.0986122886681098,2.98832968636043,-2.0264991924273525,13.98432125273028,0.7236,0.00026815941039999997
cyprus,2014,-1.776058677,1201801,0.000979789,99.41673279,16.277,0.3763,0.625,0.725,0.75,0.8125,0.7466667,0.75,2.0,1.0986122886681098,3.98832968636043,-1.0210321796690083,13.99933265505099,0.73183334,0.00026274674363474
cyprus,2015,3.418920389,1219502,0.000452805,99.77831268,15.026,0.3739,0.625,0.725,0.75,0.8125,0.751,0.75,0.0,0.0,4.98832968636043,1.4858954103719275,14.013953956659686,0.7327,0.0001210347765
cyprus,2016,6.573590809,1237112,0.000762345,99.11930847,13.006,0.3586,0.625,0.725,0.75,0.8125,0.755,0.75,2.0,1.0986122886681098,5.98832968636043,2.024667302274187,14.028290997242884,0.7335,0.00020316494249999996
cyprus,2017,5.750832366,1254275,0.000513025,100.33255,11.155,0.3504,0.625,0.725,0.75,0.8125,0.753,0.7142856999999999,0.0,0.0,6.98832968636043,1.9096658107634377,14.042069071651278,0.7331000000000001,0.00013692637249999994
cyprus,2018,6.271663601,1270737,0.000781816,100.2535172,8.504,0.3676,0.5,0.7,0.5,0.8125,0.753,0.75,0.0,0.0,7.98832968636043,1.9839850963167258,14.055108392022381,0.6531,0.0002712119704
cyprus,2019,5.875595834,1286671,0.001747171,100.8504333,7.155,0.3312,0.5,0.7,0.5,0.8125,0.753,0.75,0.0,0.0,8.98832968636043,1.9279783065609244,14.067569597842033,0.6531,0.0006060936199
cyprus,2020,-3.220630186,1302247,0.000220837,101.4274063,7.755,0.3312,0.5,0.6749999999999999,0.5,0.625,0.752,0.75,11.0,2.4849066497880004,9.98832968636043,-1.4399844500741872,14.079602559802842,0.6103999999999999,8.603809520000002e-05
djibouti,2009,5.545080812,911527,0.263751496,85.67661285,26.064,0.5021,0.125,0.3,0.25,0.625,0.2456667,0.25,0.0,0.0,-1.01167031363957,1.8787137464208556,13.72287759122477,0.30913334,0.18221711511152333
djibouti,2010,5.545080812,930251,0.263751496,85.67661285,26.064,0.5062,0.125,0.275,0.25,0.5625,0.24,0.25,0.0,0.0,-0.01167031363956994,1.8787137464208556,13.743210796166245,0.2905,0.18713168641199998
djibouti,2011,5.545080812,948558,0.263751496,85.67661285,26.064,0.5102,0.125,0.275,0.25,0.4375,0.256,0.25,0.0,0.0,0.9883296863604301,1.8787137464208556,13.762699269901827,0.2687,0.1928814690248
djibouti,2012,5.545080812,966747,0.263751496,85.67661285,26.064,0.5142,0.125,0.275,0.25,0.4375,0.258,0.25,0.0,0.0,1.98832968636043,1.8787137464208556,13.78169314068023,0.2691,0.1927759684264
djibouti,2013,5.545080812,984824,0.312491499,85.67661285,26.064,0.5105,0.125,0.25,0.25,0.4375,0.182,0.25,0.0,0.0,2.98832968636043,1.8787137464208556,13.800219239395316,0.24889999999999998,0.2347123648989
djibouti,2014,7.192987285,1002717,0.263751496,85.67661285,26.064,0.5057,0.125,0.25,0.25,0.4375,0.183,0.25,1.0,0.6931471805599453,3.98832968636043,2.103278579223895,13.818224870881757,0.24910000000000002,0.19805099834639997
djibouti,2015,7.308985635,1020313,0.263751496,85.67661285,26.064,0.501,0.125,0.25,0.25,0.4375,0.18,0.25,1.0,0.6931471805599453,4.98832968636043,2.117337535833113,13.835620981023732,0.2485,0.198209249244
djibouti,2016,7.123432337,1037653,0.263751496,85.67661285,26.064,0.4962,0.125,0.25,0.25,0.4375,0.1776667,0.25,0.0,0.0,5.98832968636043,2.0947527664614176,13.852472953806734,0.24803334000000002,0.19833233151712334
djibouti,2017,5.458091517,1054841,0.253608787,85.67661285,26.064,0.4915,0.125,0.25,0.25,0.375,0.1753333,0.25,1.0,0.6931471805599453,6.98832968636043,1.8653338433412796,13.868901550643526,0.23506665999999998,0.1939938164932586
djibouti,2018,4.774339349,1071882,0.263751496,85.67661285,26.064,0.4915,0.125,0.25,0.25,0.375,0.179,0.25,0.0,0.0,7.98832968636043,1.753423851422298,13.88492747286544,0.2358,0.20155889324319998
djibouti,2019,5.545080812,1088709,0.263751496,85.67661285,26.064,0.4915,0.125,0.275,0.25,0.375,0.1756667,0.2857143,0.0,0.0,8.98832968636043,1.8787137464208556,13.90050406709392,0.24013334,0.20041596833552336
djibouti,2020,1.202115173,1105188,0.263751496,85.67661285,26.064,0.4915,0.125,0.25,0.25,0.4375,0.1736667,0.2857143,0.0,0.0,9.98832968636043,0.7894183407474052,13.915526919032175,0.24723334000000002,0.19854333271392335
dominican republic,1996,5.961193194,8032894,0.079587758,79.54652236999999,6.3294999999999995,0.5443,0.25,0.375,0.25,0.5,0.25,0.3571429,3.0,1.3862943611198906,-14.01167031363957,1.9403508955724105,15.899055543988734,0.325,0.05372173665
dominican republic,1998,6.705855708,8310362,0.055469352,79.54652236999999,6.3294999999999995,0.5443,0.0,0.275,0.0,0.375,0.125,0.3928571,0.0,0.0,-12.01167031363957,2.0419805213984996,15.933013848188056,0.155,0.04687160244
dominican republic,2000,4.651725503,8584190,0.082628248,59.44007874,6.432,0.5443,0.0,0.275,0.0,0.6875,0.125,0.4285714,0.0,0.0,-10.01167031363957,1.7319608972947023,15.965432813744103,0.21749999999999997,0.06465660406
dominican republic,2002,4.48650367,8852235,0.090040733,67.81627655,6.779,0.5443,0.25,0.325,0.0,0.5625,0.25,0.4285714,0.0,0.0,-8.01167031363957,1.7022911983631017,15.996180640439352,0.27749999999999997,0.0650544295925
dominican republic,2003,-1.349357448,8980620,0.106751378,79.54652236999999,6.938,0.5443,0.0,0.225,0.0,0.375,0.125,0.3928571,0.0,0.0,-7.01167031363957,-0.85414186438528,16.01057959156221,0.145,0.09127242818999999
dominican republic,2004,2.585566674,9104892,0.146348648,68.88931274,6.303,0.5443,0.25,0.3,0.0,0.4375,0.25,0.3928571,0.0,0.0,-6.01167031363957,1.2769165296215108,16.02432251929006,0.2475,0.11012735761999999
dominican republic,2005,9.43178932,9225034,0.098547278,70.52304077,6.587,0.5443,0.125,0.3,0.0,0.4375,0.25,0.3928571,0.0,0.0,-5.01167031363957,2.344857809428217,16.03743154192161,0.2225,0.076620508645
dominican republic,2006,9.17120651,9341183,0.081170187,79.54652236999999,5.654,0.5443,0.125,0.35,0.0,0.6875,0.371,0.4285714,0.0,0.0,-4.01167031363957,2.319560837242275,16.049943568766107,0.30670000000000003,0.056275290647100004
dominican republic,2007,7.418405778,9455658,0.078263493,79.92154694,5.158,0.5443,0.125,0.35,0.0,0.6875,0.371,0.4285714,0.0,0.0,-3.01167031363957,2.1304204727979315,16.062123956218045,0.30670000000000003,0.054260079696900006
dominican republic,2008,3.268086713,9573130,0.071428702,78.75715637,4.764,0.5443,0.125,0.35,0.0,0.6875,0.3733333,0.4285714,0.0,0.0,-2.01167031363957,1.4511656502434287,16.074470878155346,0.30716666000000004,0.04948818617852468
dominican republic,2009,1.00345293,9695265,0.063265634,80.71199799,5.467,0.5443,0.125,0.35,0.0,0.5625,0.3733333,0.4285714,0.0,0.0,-1.01167031363957,0.6948721569323765,16.087148283105613,0.28216666,0.04541418136143756
dominican republic,2010,8.401145412,9820175,0.055469352,77.97182754,5.212,0.5443,0.125,0.35,0.0,0.625,0.3733333,0.4642857,0.0,0.0,-0.01167031363956994,2.2408315341929903,16.099949602776967,0.29466666,0.039124383313795676
dominican republic,2011,3.191962275,9945621,0.053372381,77.42722002,6.087,0.5443,0.125,0.35,0.0,0.625,0.3733333,0.4642857,0.0,0.0,0.9883296863604301,1.433168947693896,16.11264301230637,0.29466666,0.037645319754482535
dominican republic,2012,2.775671008,10070411,0.054305074,77.98610639,6.722,0.5443,0.25,0.375,0.25,0.625,0.383,0.4642857,0.0,0.0,1.98832968636043,1.3285781173688223,16.125112177462572,0.3766,0.0338537831316
dominican republic,2013,4.934733007,10193833,0.044257072,79.1714978,7.351,0.5609,0.25,0.525,0.25,0.625,0.4746667,0.4642857,1.0,0.6931471805599453,2.98832968636043,1.7808220408660664,16.137293585660856,0.42493333999999994,0.025450766576419523
dominican republic,2014,7.111226297,10315528,0.041287046,80.11454425,6.719,0.5375,0.25,0.525,0.25,0.6875,0.4723333,0.4642857,0.0,0.0,3.98832968636043,2.0932490647113386,16.149160987709564,0.43696665999999995,0.02324598340811364
dominican republic,2015,6.987711312,10434829,0.032675568,79.93788964,7.605,0.5466,0.25,0.5,0.25,0.6875,0.4723333,0.5,0.0,0.0,4.98832968636043,2.07790427469018,16.16065980703347,0.43196665999999995,0.01856081202743712
dominican republic,2016,6.719740787,10551430,0.029633386,80.09447287,7.284,0.5554,0.25,0.5,0.25,0.6875,0.4723333,0.5357143,0.0,0.0,5.98832968636043,2.0437807866594997,16.17177204849853,0.43196665999999995,0.016832751225089242
dominican republic,2017,3.933861764,10666843,0.015202537,79.94068011,5.832,0.5264,0.25,0.5,0.25,0.6875,0.472,0.5357143,1.0,0.6931471805599453,6.98832968636043,1.5961220006899544,16.1826507969577,0.4319,0.008636561269700001
dominican republic,2018,7.097516402,10782053,0.011012305,80.21593,5.861,0.5496,0.25,0.5,0.25,0.6875,0.468,0.5357143,0.0,0.0,7.98832968636043,2.0915573976247415,16.193393643328456,0.4311,0.006264900314499999
dominican republic,2019,4.894030115,10894043,0.01008983,81.85623604,6.356,0.5205,0.25,0.5,0.25,0.6875,0.468,0.5357143,0.0,0.0,8.98832968636043,1.7739399937357718,16.203726775838106,0.4311,0.0057401042869999995
dominican republic,2020,-7.929052342,11008300,0.013026447,80.04441192,6.126,0.4986,0.25,0.5,0.25,0.625,0.4606667,0.5357143,0.0,0.0,9.98832968636043,-2.189310268540521,16.21416018253143,0.41713334,0.00759268165455702
ecuador,1996,1.731747626,11810950,0.07774476,93.83716371,10.38,0.5443,0.125,0.325,0.0,0.125,0.25,0.4642857,5.0,1.791759469228055,-14.01167031363957,1.0049415604283474,16.284537709910413,0.16499999999999998,0.0649168746
ecuador,1998,3.266529346,12251184,0.07774476,93.83716371,11.49,0.5443,0.125,0.325,0.25,0.4375,0.25,0.5357143,3.0,1.3862943611198906,-12.01167031363957,1.4508006972082788,16.32113322497039,0.27749999999999997,0.0561705891
ecuador,2000,1.091801647,12689206,0.340527798,55.96126938,4.8,0.5443,0.125,0.35,0.0,0.25,0.25,0.4285714,4.0,1.6094379124341003,-10.01167031363957,0.7380257266978891,16.356262347588256,0.195,0.27412487738999997
ecuador,2002,4.928095496,13138472,0.07774476,57.24361038,3.836,0.5356,0.125,0.35,0.0,0.3125,0.375,0.3571429,2.0,1.0986122886681098,-8.01167031363957,1.7797029971757732,16.391055354222164,0.2325,0.05966910329999999
ecuador,2003,2.884500365,13372306,0.188555889,56.81657028,5.662,0.5269,0.125,0.375,0.0,0.3125,0.375,0.3571429,4.0,1.6094379124341003,-7.01167031363957,1.356994369371521,16.408696484679165,0.2375,0.1437738653625
ecuador,2004,6.832397366,13608701,0.194386829,57.40961075,5.002,0.5188,0.0,0.375,0.0,0.25,0.375,0.3571429,2.0,1.0986122886681098,-6.01167031363957,2.05826864015159,16.42621999902884,0.2,0.15550946320000003
ecuador,2005,5.39862244,13846163,0.153785987,59.8716011,3.779,0.5108,0.0,0.35,0.0,0.3125,0.375,0.3214286,0.0,0.0,-5.01167031363957,1.8560827234473656,16.443518784726013,0.20750000000000002,0.12187539469750001
ecuador,2006,4.341131986,14086131,0.108596484,61.9531517,3.55,0.4861,0.0,0.3,0.0,0.3125,0.438,0.25,0.0,0.0,-4.01167031363957,1.6754376129040136,16.46070132525026,0.2101,0.0857803627116
ecuador,2007,1.902428597,14328773,0.109398068,63.44718933,3.142,0.5429,0.0,0.2625,0.0,0.3125,0.438,0.25,0.0,0.0,-3.01167031363957,1.065547833770516,16.477780241364155,0.20259999999999997,0.0872340194232
ecuador,2008,6.564920682,14575202,0.097861507,93.83716371,3.917,0.499,0.0,0.225,0.0,0.3125,0.438,0.25,2.0,1.0986122886681098,-2.01167031363957,2.023521862320845,16.49483221806267,0.1951,0.0787687269843
ecuador,2009,1.09101297,14825954,0.09332509,85.97103882,4.608,0.4846,0.0,0.225,0.25,0.375,0.438,0.1071429,3.0,1.3862943611198906,-1.01167031363957,0.7376486232010518,16.51188991898578,0.2576,0.06928454681599999
ecuador,2010,4.02913788,15076695,0.07774476,91.55838776,4.088,0.5073,0.0,0.225,0.25,0.375,0.4423333,0.1428571,0.0,0.0,-0.01167031363956994,1.6152485737954965,16.528660798395343,0.25846665999999996,0.0576503315502984
ecuador,2011,8.481476563,15326227,0.064440786,95.69297028,3.458,0.4475,0.0,0.225,0.25,0.375,0.4406667,0.1428571,1.0,0.6931471805599453,0.9883296863604301,2.249340059729005,16.54507616708198,0.25813334,0.04780647067759476
ecuador,2012,5.783212336,15572194,0.060294713,98.55480194,3.235,0.4691,0.0,0.225,0.25,0.375,0.4426667,0.1428571,1.0,0.6931471805599453,1.98832968636043,1.9144507856166877,16.56099751011032,0.25853334,0.04470651946376858
ecuador,2013,7.211236537,15807128,0.044902396,100.6592102,3.083,0.4524,0.0,0.3,0.25,0.5625,0.4456667,0.1428571,2.0,1.0986122886681098,2.98832968636043,2.105503525643357,16.575971598767588,0.31163334000000004,0.03090931236051736
ecuador,2014,4.226065204,16035124,0.039699283,102.5903397,3.48,0.4374,0.0,0.3,0.25,0.5625,0.4456667,0.1428571,0.0,0.0,3.98832968636043,1.6536586438671221,16.590292186526465,0.31163334000000004,0.027327662843104783
ecuador,2015,0.119692109,16266225,0.047707905,100.7917862,3.616,0.4179,0.125,0.3,0.25,0.5,0.4456667,0.0714286,1.0,0.6931471805599453,4.98832968636043,0.11305374483576404,16.604601491624386,0.32413334000000005,0.0322441824079473
ecuador,2016,-0.687954246,16505139,0.049700648,98.08037649,4.597,0.4061,0.125,0.375,0.25,0.5,0.4436667,0.1428571,6.0,1.9459101490553132,5.98832968636043,-0.5235172903561691,16.619182405511555,0.33873334,0.03286538150279568
ecuador,2017,5.97039881,16759519,0.042794947,96.16376518,3.836,0.4224,0.125,0.375,0.25,0.5625,0.4506667,0.1428571,3.0,1.3862943611198906,6.98832968636043,1.9416724412130155,16.63447701298995,0.35263334,0.027704021904267018
ecuador,2018,1.044294607,17049547,0.046928425,94.97481009,3.53,0.4416,0.125,0.375,0.25,0.5625,0.459,0.25,11.0,2.4849066497880004,7.98832968636043,0.7150527945385255,16.651634251078466,0.3543,0.0303016840225
ecuador,2019,0.165404465,17340021,0.046479165,93.83716371,3.812,0.4366,0.125,0.4,0.25,0.4375,0.461,0.3214286,3.0,1.3862943611198906,8.98832968636043,0.15306820702205443,16.668527798058655,0.3347,0.030922588474500003
ecuador,2020,-9.245096192,17546065,0.084386389,93.98494913,6.116,0.4678,0.125,0.4,0.25,0.4375,0.4543333,0.3571429,5.0,1.791759469228055,9.98832968636043,-2.3267991708122318,16.680340323204483,0.33336666,0.05625478034960926
el salvador,1996,0.811461899,5805286,0.212448504,67.32131195,7.68,0.5085,0.0,0.175,0.0,0.375,0.125,0.5,7.0,2.0794415416798357,-14.01167031363957,0.5941341982860935,15.574279612029818,0.135,0.18376795596
el salvador,1998,2.6522773,5880781,0.263483755,51.07915878,7.1,0.5085,0.0,0.175,0.0,0.375,0.125,0.4642857,0.0,0.0,-12.01167031363957,1.295350890846824,15.587200304229277,0.135,0.227913448075
el salvador,2000,1.127906977,5943366,0.184440179,54.83993149,6.96,0.5085,0.0,0.175,0.0,0.6875,0.125,0.4642857,0.0,0.0,-10.01167031363957,0.7551388567081319,15.597786365765376,0.1975,0.14801324364750001
el salvador,2002,1.572918448,5986631,0.195356293,60.69784164,6.2,0.5009,0.125,0.3,0.0,0.6875,0.25,0.4642857,0.0,0.0,-8.01167031363957,0.9450408374999822,15.605039541507573,0.2725,0.1421217031575
el salvador,2003,1.565393031,5998599,0.209413676,64.14383698,6.9,0.4967,0.125,0.3,0.0,0.5625,0.25,0.4642857,0.0,0.0,-7.01167031363957,0.9421116953444904,15.607036666632538,0.2475,0.15758379119
el salvador,2004,0.889404486,6004671,0.163151711,67.83882904,6.8,0.505,0.125,0.325,0.0,0.625,0.25,0.4285714,0.0,0.0,-6.01167031363957,0.6362616926487974,15.608048390855389,0.265,0.119916507585
el salvador,2005,2.680830094,6005578,0.164316627,67.62876129,7.22,0.5114,0.125,0.325,0.0,0.6875,0.25,0.4285714,0.0,0.0,-5.01167031363957,1.303138295765712,15.608199428498438,0.27749999999999997,0.1187187630075
el salvador,2006,4.336998603,6002319,0.12622554,67.4043808,6.57,0.4979,0.125,0.325,0.0,0.6875,0.374,0.4285714,0.0,0.0,-4.01167031363957,1.6746634355942318,15.607656619122706,0.30229999999999996,0.088067559258
el salvador,2007,1.847602206,6009824,0.091906379,67.32131195,6.41,0.5116,0.1875,0.325,0.0,0.75,0.374,0.4642857,0.0,0.0,-3.01167031363957,1.0464773089347372,15.60890618795101,0.3273,0.0618254211533
el salvador,2008,2.154402983,6029297,0.12627857,66.12458038,5.88,0.5055,0.25,0.325,0.0,0.8125,0.38,0.5,0.0,0.0,-2.01167031363957,1.148799249244034,15.61214114401583,0.35350000000000004,0.081639095505
el salvador,2009,-2.108768376,6048279,0.123565401,66.70648193,7.33,0.4994,0.25,0.3,0.0,0.75,0.38,0.5714286,0.0,0.0,-1.01167031363957,-1.1342266271755062,15.615284492066161,0.336,0.082047426264
el salvador,2010,2.154195367,6068249,0.113605189,68.14482181,4.893,0.4746,0.25,0.3,0.25,0.75,0.3823333,0.5714286,0.0,0.0,-0.01167031363956994,1.1487334292350377,15.618580818338195,0.38646666,0.06970057104850126
el salvador,2011,3.773584998,6090127,0.100932749,69.74462177,4.297,0.4671,0.25,0.3,0.25,0.75,0.3823333,0.5714286,0.0,0.0,0.9883296863604301,1.5630975945192718,15.622179657527601,0.38646666,0.06192560660935167
el salvador,2012,2.887700102,6113975,0.085443086,70.83097815,3.843,0.4598,0.25,0.325,0.25,0.75,0.3823333,0.5714286,0.0,0.0,1.98832968636043,1.3578177493639334,15.626087856008137,0.39146665999999997,0.05199496650348724
el salvador,2013,2.182952325,6138839,0.071413874,72.24528601,3.693,0.5269,0.25,0.325,0.25,0.75,0.3843333,0.5714286,0.0,0.0,2.98832968636043,1.1578091701796158,15.6301463571933,0.39186666,0.04342915771795916
el salvador,2014,1.729399842,6162955,0.069533309,71.38583491,4.154,0.5174,0.25,0.325,0.25,0.6875,0.3843333,0.5714286,0.0,0.0,3.98832968636043,1.0040817469336942,15.634067090538723,0.37936665999999997,0.04315468980592206
el salvador,2015,2.400000089,6183676,0.053014436,70.72582538,3.998,0.4668,0.25,0.325,0.25,0.6875,0.388,0.5714286,0.0,0.0,4.98832968636043,1.223775457798586,15.63742363631995,0.3801,0.032863648876399996
el salvador,2016,2.539062411,6200800,0.057748565,68.29660956,4.418,0.4878,0.25,0.325,0.25,0.6875,0.388,0.5714286,0.0,0.0,5.98832968636043,1.2638618364155136,15.64018903521894,0.3801,0.0357983354435
el salvador,2017,2.247619081,6213533,0.045496539,66.1074424,4.385,0.4357,0.25,0.3,0.25,0.6875,0.381,0.5714286,0.0,0.0,6.98832968636043,1.1779221374045856,15.64224037416944,0.37370000000000003,0.0284944823757
el salvador,2018,2.412444224,6219807,0.040671078,66.93257137,4.006,0.4383,0.25,0.3,0.25,0.625,0.3653333,0.5714286,0.0,0.0,7.98832968636043,1.227428815762119,15.643249596071728,0.35806666000000004,0.02610812094194052
el salvador,2019,2.437471591,6222318,0.029840348,64.84865372,4.17,0.446,0.25,0.325,0.25,0.75,0.455,0.5714286,0.0,0.0,8.98832968636043,1.2347361985221754,15.643653224813677,0.40599999999999997,0.017725166712
el salvador,2020,-7.89310136,6234673,0.113605189,65.18371913,5.008,0.4771,0.25,0.325,0.25,0.75,0.4466667,0.5714286,0.0,0.0,9.98832968636043,-2.1852758480811,15.645636850244175,0.40433334,0.06767082349029874
equatorial guinea,1996,66.57999722,593492,0.057169535,18.11887932,5.926,0.4477,0.0,0.09999999999999999,0.0,0.1875,0.0,0.0714286,0.0,0.0,-14.01167031363957,4.213312040149712,13.293780698522541,0.057499999999999996,0.0538822867375
equatorial guinea,1998,23.77448233,641474,0.057169535,18.11887932,5.926,0.4477,0.0,0.09999999999999999,0.0,0.1875,0.0,0.0714286,0.0,0.0,-12.01167031363957,3.2098141851440682,13.371525491117092,0.057499999999999996,0.0538822867375
equatorial guinea,2000,18.21377996,703279,0.057169535,21.75351906,5.926,0.4477,0.0,0.09999999999999999,0.0,0.1875,0.0,0.0714286,0.0,0.0,-10.01167031363957,2.9556277278557697,13.46351038452506,0.057499999999999996,0.0538822867375
equatorial guinea,2002,19.46283404,797957,0.057169535,18.11887932,5.926,0.4477,0.0,0.09999999999999999,0.0,0.1875,0.0,0.0714286,0.0,0.0,-8.01167031363957,3.0186102670600397,13.589811243467908,0.057499999999999996,0.0538822867375
equatorial guinea,2003,13.95525032,847862,0.057169535,18.11887932,5.926,0.4477,0.0,0.09999999999999999,0.0,0.1875,0.0,0.0714286,0.0,0.0,-7.01167031363957,2.705062430156473,13.650474345118592,0.057499999999999996,0.0538822867375
equatorial guinea,2004,37.99872686,899917,0.057169535,18.11887932,5.926,0.4477,0.0,0.09999999999999999,0.0,0.1875,0.0,0.0714286,0.0,0.0,-6.01167031363957,3.6635290009814145,13.710058927044468,0.057499999999999996,0.0538822867375
equatorial guinea,2005,16.74870061,947367,0.057169535,17.75947952,5.926,0.4477,0.0,0.09999999999999999,0.0,0.0,0.0,0.0714286,0.0,0.0,-5.01167031363957,2.8763123081713804,13.761442892249455,0.019999999999999997,0.0560261443
equatorial guinea,2006,7.704917607,990343,0.057169535,18.11887932,5.926,0.4477,0.0,0.2,0.0,0.5,0.0696667,0.0714286,0.0,0.0,-4.01167031363957,2.1638881081552555,13.805807636502879,0.15393333999999997,0.0483692375312031
equatorial guinea,2007,15.28211392,1036044,0.057169535,18.11887932,5.926,0.4477,0.0,0.2375,0.0,0.5,0.0696667,0.0892857,0.0,0.0,-3.01167031363957,2.7900671998107636,13.850921137151673,0.16143334,0.0479404660187031
equatorial guinea,2008,17.79910913,1084530,0.057169535,18.11887932,5.926,0.4477,0.0,0.275,0.0,0.5,0.073,0.1071429,0.0,0.0,-2.01167031363957,2.933809482010991,13.896658193441732,0.1696,0.047473581864000004
equatorial guinea,2009,1.343356288,1135673,0.057169535,18.11887932,5.926,0.4477,0.0,0.25,0.0,0.5625,0.073,0.1071429,1.0,0.6931471805599453,-1.01167031363957,0.8515842128390607,13.942736865247953,0.17709999999999998,0.047044810351499995
equatorial guinea,2010,-8.924175889,1189085,0.057169535,18.11887932,5.926,0.4477,0.0,0.25,0.0,0.5625,0.0613333,0.1071429,0.0,0.0,-0.01167031363956994,-2.2949737892718485,13.988695502746067,0.17476666000000002,0.0471782063142969
equatorial guinea,2011,6.52392363,1241835,0.057169535,18.11887932,5.926,0.4477,0.0,0.25,0.0,0.4375,0.059,0.1071429,0.0,0.0,0.9883296863604301,2.0180877612011994,14.032101487668275,0.1493,0.0486341234245
equatorial guinea,2012,8.312871844,1293483,0.057169535,18.11887932,5.926,0.4477,0.0,0.25,0.0,0.4375,0.061,0.1071429,0.0,0.0,1.98832968636043,2.2313975124655614,14.07284991099171,0.1497,0.048611255610500004
equatorial guinea,2013,-4.133198501,1346218,0.057169535,18.11887932,5.926,0.4477,0.0,0.25,0.0,0.4375,0.059,0.1071429,0.0,0.0,2.98832968636043,-1.6357289543675542,14.112810480260963,0.1493,0.0486341234245
equatorial guinea,2014,0.415066302,1399828,0.057169535,18.11887932,5.926,0.4477,0.0,0.25,0.0,0.4375,0.05533329999999999,0.1071429,0.0,0.0,3.98832968636043,0.34717638653457017,14.151860644268298,0.14856666000000002,0.0486760481312969
equatorial guinea,2015,-9.110041149,1453923,0.057169535,18.11887932,5.926,0.4477,0.0,0.25,0.0,0.4375,0.059,0.1071429,0.0,0.0,4.98832968636043,-2.313529103152683,14.189776666108399,0.1493,0.0486341234245
equatorial guinea,2016,-8.816417232,1508186,0.057169535,18.11887932,5.926,0.4477,0.0,0.225,0.0,0.4375,0.0566667,0.1071429,0.0,0.0,5.98832968636043,-2.284056211802759,14.226418825167055,0.14383333999999998,0.0489466498347031
equatorial guinea,2017,-5.667508505,1562396,0.057169535,18.11887932,5.926,0.4477,0.0,0.225,0.0,0.4375,0.0603333,0.1071429,0.0,0.0,6.98832968636043,-1.89724625266377,14.261731738419876,0.14456666,0.048904726271296904
equatorial guinea,2018,-6.236544067,1616422,0.057169535,18.11887932,5.926,0.4477,0.0,0.225,0.0,0.4375,0.064,0.1071429,0.0,0.0,7.98832968636043,-1.9791437536230323,14.295726241236423,0.14529999999999998,0.0488628015645
equatorial guinea,2019,-5.481825379,1670177,0.057169535,18.11887932,5.926,0.4477,0.0,0.25,0.0,0.4375,0.064,0.1428571,0.0,0.0,8.98832968636043,-1.8690021649859196,14.328440765539312,0.15030000000000002,0.0485769538895
equatorial guinea,2020,-4.791080834,1716468,0.057169535,18.11887932,5.926,0.4477,0.0,0.25,0.0,0.4375,0.064,0.1071429,0.0,0.0,9.98832968636043,-1.7563189467026135,14.355779831710974,0.15030000000000002,0.0485769538895
eritrea,2006,-0.969217111,2703502,0.057169535,53.11925888,5.926,0.4276,0.25,0.2,0.25,0.5,0.1603333,0.0714286,0.0,0.0,-4.01167031363957,-0.6776360581796147,14.810058897476228,0.27206666,0.0416156105587969
eritrea,2007,1.426822211,2743222,0.057169535,50.1338501,5.926,0.4306,0.25,0.2,0.25,0.5,0.1603333,0.0714286,2.0,1.0986122886681098,-3.01167031363957,0.8865826694258602,14.82464406446432,0.27206666,0.0416156105587969
eritrea,2008,-9.783030018,2816327,0.057169535,51.39458084,5.926,0.4336,0.25,0.175,0.25,0.5,0.077,0.0714286,2.0,1.0986122886681098,-2.01167031363957,-2.3779736037224537,14.850944466749846,0.2504,0.042854283436
eritrea,2009,3.876501528,2887885,0.057169535,51.8130188,5.926,0.4366,0.25,0.175,0.25,0.5,0.077,0.0714286,1.0,0.6931471805599453,-1.01167031363957,1.584428062769369,14.876035304531538,0.2504,0.042854283436
eritrea,2010,2.194190349,2945186,0.057169535,51.56085968,5.926,0.4396,0.25,0.175,0.25,0.4375,0.077,0.0714286,1.0,0.6931471805599453,-0.01167031363956994,1.161333643821695,14.895682870505256,0.2379,0.0435689026235
eritrea,2011,8.679800101,2998485,0.057169535,51.8398819,5.926,0.4414,0.25,0.175,0.25,0.4375,0.078,0.0714286,1.0,0.6931471805599453,0.9883296863604301,2.270041250352116,14.913618052578634,0.23810000000000003,0.0435574687165
eritrea,2012,1.8105062799999998,3036988,0.057169535,52.70793152,5.926,0.4432,0.25,0.175,0.25,0.4375,0.08,0.0714286,0.0,0.0,1.98832968636043,1.033364637935347,14.926377122025936,0.23850000000000002,0.0435346009025
eritrea,2013,1.8105062799999998,3074360,0.057169535,51.34619141,5.926,0.445,0.25,0.175,0.25,0.4375,0.08,0.0714286,0.0,0.0,2.98832968636043,1.033364637935347,14.938607632750282,0.23850000000000002,0.0435346009025
eritrea,2014,1.8105062799999998,3095173,0.057169535,50.66537857,5.926,0.4468,0.25,0.175,0.25,0.4375,0.0813333,0.0714286,0.0,0.0,3.98832968636043,1.033364637935347,14.945354682229773,0.23876666000000002,0.0435193560742969
eritrea,2015,1.8105062799999998,3105546,0.057169535,46.17150116,5.926,0.4486,0.0,0.175,0.25,0.4375,0.079,0.0714286,0.0,0.0,4.98832968636043,1.033364637935347,14.94870042530587,0.1883,0.0464045115595
eritrea,2016,1.8105062799999998,3124698,0.057169535,51.370386125,5.926,0.4401,0.0,0.175,0.25,0.4375,0.079,0.0714286,0.0,0.0,5.98832968636043,1.033364637935347,14.95484851651357,0.1883,0.0464045115595
eritrea,2017,1.8105062799999998,3150347,0.057169535,44.91106033,5.926,0.4316,0.0,0.175,0.25,0.4375,0.079,0.0714286,0.0,0.0,6.98832968636043,1.033364637935347,14.963023480890246,0.1883,0.0464045115595
eritrea,2018,1.8105062799999998,3192760,0.057169535,46.17237854,5.926,0.4231,0.0,0.175,0.25,0.4375,0.079,0.0714286,0.0,0.0,7.98832968636043,1.033364637935347,14.976396617658345,0.1883,0.0464045115595
eritrea,2019,1.8105062799999998,3240194,0.057169535,51.370386125,5.926,0.4146,0.0,0.175,0.25,0.4375,0.079,0.0714286,0.0,0.0,8.98832968636043,1.033364637935347,14.991144071142642,0.1883,0.0464045115595
eritrea,2020,1.8105062799999998,3291271,0.057169535,51.370386125,5.926,0.4061,0.0,0.175,0.25,0.4375,0.0716667,0.0714286,7.0,2.0794415416798357,9.98832968636043,1.033364637935347,15.006784674160745,0.18683334000000001,0.046488359829703105
estonia,1996,4.943012261,1415594,0.009919048,107.93730925,9.915,0.4382,0.375,0.575,0.5,0.6875,0.625,0.75,1.0,0.6931471805599453,-14.01167031363957,1.78221611948184,14.163060495376001,0.5525,0.00443877398
estonia,1998,4.339827612,1386156,0.0,107.93730925,9.51,0.4195,0.5,0.6,0.25,0.6875,0.75,0.75,0.0,0.0,-12.01167031363957,1.6751933700540118,14.142045727930064,0.5575,0.0
estonia,2000,10.08763858,1396985,0.029788593,95.02153778,13.36,0.42,0.5,0.65,0.5,0.75,0.75,0.75,0.0,0.0,-10.01167031363957,2.405830846317454,14.149827616714296,0.63,0.01102177941
estonia,2002,6.933000826,1379350,0.028668715,99.08287048,10.026,0.4284,0.5,0.75,0.5,0.875,0.875,0.7857143,0.0,0.0,-8.01167031363957,2.0710313784418823,14.137123656657357,0.7,0.008600614500000001
estonia,2003,7.59630181,1370720,0.0327075395,99.07743835,11.288,0.4278,0.5,0.75,0.5,0.875,0.875,0.7857143,0.0,0.0,-7.01167031363957,2.1513320886804235,14.130847436741202,0.7,0.009812261850000002
estonia,2004,6.800701108,1362550,0.0155300695,101.4452286,10.248,0.4082,0.5,0.75,0.5,0.875,0.875,0.7857143,0.0,0.0,-6.01167031363957,2.0542136152970993,14.124869236011667,0.7,0.004659020850000001
estonia,2005,9.523053865,1354775,0.010830727,104.2218475,8.033,0.4451,0.5,0.7749999999999999,0.5,0.875,0.75,0.7857143,0.0,0.0,-5.01167031363957,2.3535684565329924,14.119146684976993,0.6799999999999999,0.0034658326400000008
estonia,2006,9.762571312,1346810,0.01086419,104.0280304,5.915,0.4051,0.5,0.7749999999999999,0.5,0.875,0.758,0.7857143,0.0,0.0,-4.01167031363957,2.3760744957017,14.11325013374387,0.6816,0.003459158096
estonia,2007,7.570918793,1340680,0.00596354,105.0911789,4.592,0.3894,0.5,0.7749999999999999,0.5,0.8125,0.758,0.7857143,0.0,0.0,-3.01167031363957,2.1483749372481302,14.108688251787884,0.6691,0.001973335386
estonia,2008,-5.125311543,1337090,0.005535273,105.3950119,5.455,0.3697,0.5,0.7749999999999999,0.5,0.75,0.756,0.7857143,0.0,0.0,-2.01167031363957,-1.8124296193005183,14.106006916595137,0.6561999999999999,0.0019030268574000008
estonia,2009,-14.63022254,1334515,0.007585305,107.4255524,13.548,0.3421,0.5,0.7749999999999999,0.5,0.6875,0.756,0.7857143,0.0,0.0,-1.01167031363957,-2.749206382335865,14.104079237264022,0.6436999999999999,0.0027026441715000005
estonia,2010,2.449750206,1331475,0.010475495,110.8886795,16.707,0.3591,0.5,0.7749999999999999,0.5,0.6875,0.756,0.7857143,0.0,0.0,-0.01167031363956994,1.2383018243639972,14.101798659289598,0.6436999999999999,0.0037324188685000006
estonia,2011,7.606974589,1327439,0.011560695,112.2874069,12.328,0.3706,0.5,0.7749999999999999,0.5,0.6875,0.7536666999999999,0.7857143,1.0,0.6931471805599453,0.9883296863604301,2.1525728732986247,14.09876283333667,0.6432333399999999,0.004124470542428701
estonia,2012,3.672018725,1322696,0.010474346,112.5360031,10.021,0.3886,0.5,0.7749999999999999,0.5,0.6875,0.7536666999999999,0.7857143,0.0,0.0,1.98832968636043,1.5415912534374148,14.095183391923564,0.6432333399999999,0.0037368974381043617
estonia,2013,1.756493796,1317997,0.01075939,110.5217133,8.631,0.385,0.5,0.7749999999999999,0.5,0.6875,0.7536666999999999,0.7857143,0.0,0.0,2.98832968636043,1.013959508364858,14.091624476592756,0.6432333399999999,0.0038385916339374014
estonia,2014,3.322789882,1314545,0.009919048,107.6858215,7.352,0.3798,0.5,0.825,0.5,0.6875,0.8413333,0.8571428999999999,0.0,0.0,3.98832968636043,1.4639009998315684,14.089001916834196,0.6707666600000001,0.0032656813026603194
estonia,2015,1.838152629,1315407,0.006605013,108.188797,6.412,0.354,0.5,0.825,0.5,0.6875,0.845,0.8928571,1.0,0.6931471805599453,4.98832968636043,1.0431533577709435,14.089657441631106,0.6715,0.0021697467705
estonia,2016,3.093019208,1315790,0.005852308,111.596199,6.882,0.3488,0.5,0.825,0.5,0.6875,0.845,0.8928571,0.0,0.0,5.98832968636043,1.4092828903895547,14.089948563665361,0.6715,0.001922483178
estonia,2017,5.63467249,1317384,0.005189627,113.2497864,5.807,0.3476,0.5,0.825,0.5,0.6875,0.843,0.8928571,0.0,0.0,6.98832968636043,1.8923093056012965,14.09115926906045,0.6711,0.0017068683202999997
estonia,2018,3.699697562,1321977,0.00417003,112.759697,5.412,0.3481,0.75,0.7999999999999999,0.75,0.6875,0.849,0.8214286,0.0,0.0,7.98832968636043,1.5474981581349203,14.094639657802952,0.7673,0.000970365981
estonia,2019,3.726649435,1326898,0.007201877,112.2872009,4.514,0.3998,0.75,0.7999999999999999,0.75,0.6875,0.8466667,0.8571428999999999,0.0,0.0,8.98832968636043,1.553216586801582,14.09835519888795,0.76683334,0.0016792376058208198
estonia,2020,-2.883807515,1329522,0.004140315,112.5277023,6.956,0.3997,0.75,0.825,0.75,0.8125,0.8446667,0.8571428999999999,0.0,0.0,9.98832968636043,-1.356815990756116,14.100330789252316,0.79643334,0.0008428300958979001
eswatini,2006,6.728809466,1084436,0.5137356125,54.49879074,25.479,0.5854,0.5,0.425,0.25,0.5,0.3476667,0.4642857,1.0,0.6931471805599453,-4.01167031363957,2.0449548359901053,13.896571516275396,0.4045333400000001,0.3059124292984292
eswatini,2007,4.317721449,1090705,0.5137356125,58.3698616,28.24,0.58,0.5,0.425,0.25,0.5,0.3476667,0.4642857,0.0,0.0,-3.01167031363957,1.6710449125471627,13.902335750956071,0.4045333400000001,0.3059124292984292
eswatini,2008,1.440553587,1098091,0.5137356125,68.21863174500001,25.479,0.5746,0.5,0.425,0.25,0.5,0.3513333,0.4642857,3.0,1.3862943611198906,-2.01167031363957,0.8922248934897868,13.909084686248274,0.40526666,0.30553569669907077
eswatini,2009,1.433111342,1105153,0.582161902,59.57096863,25.479,0.5693,0.5,0.425,0.25,0.5,0.3513333,0.4642857,0.0,0.0,-1.01167031363957,0.8891708260095201,13.915495249739216,0.40526666,0.34623109239721267
eswatini,2010,3.824434874,1111650,0.5137356125,64.59770203,25.479,0.573,0.375,0.4,0.25,0.5,0.2633333,0.4642857,0.0,0.0,-0.01167031363956994,1.5736936033717468,13.921356855610922,0.35766665999999997,0.3299895118540707
eswatini,2011,1.839736259,1117833,0.5137356125,67.2353363,25.479,0.5767,0.375,0.4,0.25,0.25,0.2753333,0.4642857,0.0,0.0,0.9883296863604301,1.043711181311454,13.926903442245472,0.31006666,0.3544433270090708
eswatini,2012,4.090481901,1123863,0.5137356125,69.20192719,25.479,0.5805,0.375,0.4,0.25,0.25,0.2733333,0.4642857,0.0,0.0,1.98832968636043,1.627372502112373,13.932283305673833,0.30966666,0.35464882125407077
eswatini,2013,4.094585221,1129990,0.5137356125,70.80808258,25.479,0.5842,0.375,0.4,0.25,0.3125,0.2733333,0.4642857,0.0,0.0,2.98832968636043,1.628178254332334,13.937720226055037,0.32216666,0.3482271260978208
eswatini,2014,2.057381792,1136299,0.5137356125,73.70523834,25.479,0.588,0.375,0.4,0.25,0.3125,0.2696667,0.4642857,0.0,0.0,3.98832968636043,1.1175589261801333,13.9432879279061,0.32143333999999996,0.34860385869717925
eswatini,2015,1.70425806,1142813,0.5137356125,76.28727722,25.479,0.5917,0.375,0.45,0.25,0.375,0.2696667,0.5,0.0,0.0,4.98832968636043,0.9948275900174876,13.949004199876248,0.34393334,0.33704480741592924
eswatini,2016,2.949168211,1149507,0.445309323,82.02393577,22.718,0.5954,0.375,0.45,0.25,0.375,0.2676667,0.5,0.0,0.0,5.98832968636043,1.3735049772443848,13.954844582708786,0.34353333999999996,0.29233072393667114
eswatini,2017,3.52095346,1158195,0.5137356125,68.21863174500001,25.479,0.5954,0.375,0.45,0.25,0.375,0.2676667,0.5,0.0,0.0,6.98832968636043,1.5087229140767795,13.962374180132912,0.34353333999999996,0.33725030166092923
eswatini,2018,0.065395656,1168929,0.5137356125,68.21863174500001,25.479,0.5954,0.375,0.45,0.25,0.375,0.2676667,0.5,0.0,0.0,7.98832968636043,0.06334623815060589,13.971599358421791,0.34353333999999996,0.33725030166092923
eswatini,2019,6.431868887,1179874,0.5137356125,68.21863174500001,25.479,0.5954,0.375,0.4,0.25,0.375,0.2713333,0.5,0.0,0.0,8.98832968636043,2.0057773596713138,13.980919058627245,0.33426666,0.3420109251865708
eswatini,2020,-2.951834534,1192729,0.5137356125,68.21863174500001,25.479,0.5954,0.375,0.4,0.25,0.375,0.2693333,0.5,0.0,0.0,9.98832968636043,-1.3741799100819678,13.991755355264598,0.33386666,0.3422164194315708
ethiopia,1996,12.42617378,59467635,0.374092014,11.07069016,2.3739999999999997,0.5366,0.0,0.15,0.0,0.3125,0.125,0.1071429,7.0,2.0794415416798357,-14.01167031363957,2.5972060689751735,17.900942789757654,0.11750000000000001,0.33013620235499996
ethiopia,1998,-3.458139135,63363524,0.374092014,28.86445999,2.3739999999999997,0.4563,0.0,0.15,0.0,0.3125,0.125,0.1071429,0.0,0.0,-12.01167031363957,-1.4947314446605884,17.964398938392602,0.11750000000000001,0.33013620235499996
ethiopia,2000,6.073217481,67411494,0.374092014,14.45131969,2.3739999999999997,0.4172,0.0,0.15,0.0,0.3125,0.125,0.1071429,1.0,0.6931471805599453,-10.01167031363957,1.9563154656371287,18.02632611030214,0.11750000000000001,0.33013620235499996
ethiopia,2002,1.514725707,71635517,0.374092014,19.19392014,2.3739999999999997,0.4194,0.0,0.15,0.0,0.3125,0.125,0.1071429,3.0,1.3862943611198906,-8.01167031363957,0.9221637347808587,18.08710157038558,0.11750000000000001,0.33013620235499996
ethiopia,2003,-2.161359723,73832663,0.374092014,19.56677055,2.3739999999999997,0.4205,0.0,0.15,0.0,0.3125,0.125,0.1071429,1.0,0.6931471805599453,-7.01167031363957,-1.1510022271383353,18.11731179327751,0.11750000000000001,0.33013620235499996
ethiopia,2004,13.57260314,76077206,0.413287899,21.47705078,2.3739999999999997,0.4216,0.0,0.15,0.0,0.375,0.125,0.1428571,2.0,1.0986122886681098,-6.01167031363957,2.679143268627395,18.147259264171065,0.13,0.35956047213000003
ethiopia,2005,11.81876595,78367470,0.374092014,23.85487938,2.497,0.4246,0.0,0.175,0.0,0.375,0.25,0.1428571,5.0,1.791759469228055,-5.01167031363957,2.5509101871088666,18.176919488507085,0.16,0.31423729176
ethiopia,2006,10.83472707,80703490,0.374092014,27.47756958,2.3739999999999997,0.4276,0.25,0.325,0.25,0.25,0.324,0.3214286,11.0,2.4849066497880004,-4.01167031363957,2.4710381814410547,18.206292391288425,0.2798,0.26942106848279995
ethiopia,2007,11.456167,83103217,0.374092014,30.2513504,2.3739999999999997,0.4306,0.25,0.325,0.25,0.25,0.324,0.3214286,5.0,1.791759469228055,-3.01167031363957,2.522215841635142,18.235593983504305,0.2798,0.26942106848279995
ethiopia,2008,10.78852169,85543668,0.374092014,31.31093025,2.3739999999999997,0.4336,0.25,0.325,0.25,0.25,0.3173333,0.3571429,8.0,2.1972245773362196,-2.01167031363957,2.4671263199192537,18.264537552057362,0.27846666,0.26991986032874676
ethiopia,2009,8.802553199,88007636,0.374092014,31.64901924,2.3739999999999997,0.4366,0.25,0.325,0.25,0.25,0.3173333,0.3571429,2.0,1.0986122886681098,-1.01167031363957,2.2826428822545504,18.292934152767867,0.27846666,0.26991986032874676
ethiopia,2010,12.55053833,90538514,0.374092014,33.04785919,2.3739999999999997,0.4396,0.25,0.325,0.25,0.25,0.2893333,0.3571429,2.0,1.0986122886681098,-0.01167031363956994,2.6064262756878196,18.321285898247123,0.27286666,0.2720147756071467
ethiopia,2011,11.17829623,93149970,0.374092014,34.44689941,2.3739999999999997,0.4414,0.25,0.325,0.25,0.25,0.293,0.2857143,3.0,1.3862943611198906,0.9883296863604301,2.499655369902851,18.349721343686003,0.27359999999999995,0.2717404389696
ethiopia,2012,8.647811635,95798767,0.374092014,36.21934891,2.3739999999999997,0.4432,0.25,0.3,0.25,0.3125,0.2906667,0.2142857,3.0,1.3862943611198906,1.98832968636043,2.2667311160587498,18.377760382733136,0.28063334,0.2691093226438532
ethiopia,2013,10.58227005,98438751,0.374092014,28.86445999,2.251,0.445,0.25,0.35,0.25,0.3125,0.2943333,0.1428571,5.0,1.791759469228055,2.98832968636043,2.4494754848847378,18.4049451056335,0.29136666,0.2650940733481467
ethiopia,2014,10.25749296,101115610,0.374092014,28.86445999,2.3739999999999997,0.4468,0.25,0.4,0.25,0.3125,0.2906667,0.1785714,2.0,1.0986122886681098,3.98832968636043,2.4210339478325236,18.431775083544263,0.30063333999999997,0.26162748236385325
ethiopia,2015,10.39246301,103867135,0.329990453,33.9114222,2.3739999999999997,0.4486,0.25,0.4,0.25,0.3125,0.2943333,0.1785714,7.0,2.0794415416798357,4.98832968636043,2.4329519972776867,18.458623101896155,0.30136665999999995,0.23054233234750304
ethiopia,2016,9.43348266,106718162,0.374092014,28.86445999,2.3739999999999997,0.4401,0.375,0.4,0.25,0.25,0.2866667,0.1785714,13.0,2.6390573296152584,5.98832968636043,2.345020121235639,18.485701926715073,0.31233334,0.2572506058000532
ethiopia,2017,9.564189658,109666481,0.374092014,28.86445999,2.3739999999999997,0.4316,0.25,0.425,0.25,0.25,0.2806667,0.25,28.0,3.367295829986474,6.98832968636043,2.3574699475111385,18.512954336169543,0.29113334,0.2651813564968532
ethiopia,2018,6.816147786,112664152,0.374092014,28.86445999,2.3739999999999997,0.4231,0.25,0.425,0.25,0.25,0.2783333,0.25,10.0,2.3978952727983707,7.98832968636043,2.05619182269888,18.53992185387941,0.29066666,0.2653559377579467
ethiopia,2019,8.364085733,115737383,0.374092014,28.86445999,2.3739999999999997,0.4146,0.25,0.425,0.25,0.25,0.2813333,0.25,26.0,3.295836866004329,8.98832968636043,2.2368817051826513,18.566834251469874,0.29126666,0.2651314825495467
ethiopia,2020,6.059530891,118917671,0.374092014,28.86445999,2.3739999999999997,0.4061,0.25,0.425,0.25,0.0625,0.2793333,0.25,53.0,3.9889840465642745,9.98832968636043,1.9543786032635209,18.593941979716885,0.25336666,0.27930956988014677
fiji,2008,1.03279422,903399,0.037875396,79.27690125,8.94,0.4536,0.25,0.425,0.25,0.5625,0.511,0.4642857,0.0,0.0,-2.01167031363957,0.7094113096510224,13.71392070220264,0.3997,0.0227366002188
gabon,1996,3.62504902,1152015,0.0649286955,45.63800812,18.65,0.5027,0.0,0.175,0.0,0.1875,0.0,0.3571429,1.0,0.6931471805599453,-14.01167031363957,1.5314869698271394,13.957024009030413,0.0725,0.06022136507624999
gabon,1998,3.477833587,1211736,0.0649286955,49.4348793,18.65,0.5027,0.125,0.25,0.0,0.3125,0.0,0.3571429,0.0,0.0,-12.01167031363957,1.4991393551367629,14.007565425364536,0.1375,0.05600099986875
gabon,2000,-1.882966398,1275572,0.0649286955,49.4348793,18.65,0.5027,0.25,0.375,0.0,0.5,0.125,0.3571429,0.0,0.0,-10.01167031363957,-1.0588197633680858,14.058906047384149,0.25,0.048696521624999996
gabon,2002,-0.249033169,1345135,0.0649286955,49.4348793,18.65,0.5027,0.25,0.375,0.0,0.5,0.125,0.3928571,0.0,0.0,-8.01167031363957,-0.22236978723598058,14.112005681147911,0.25,0.048696521624999996
gabon,2003,2.247330012,1382350,0.0649286955,49.4348793,18.65,0.5027,0.25,0.375,0.0,0.5,0.125,0.3928571,0.0,0.0,-7.01167031363957,1.1778331239277895,14.139296230801866,0.25,0.048696521624999996
gabon,2004,0.689543058,1421609,0.0649286955,49.4348793,18.65,0.5027,0.25,0.375,0.0,0.4375,0.125,0.3928571,0.0,0.0,-6.01167031363957,0.5244581124940951,14.167300590125356,0.2375,0.049508130318749996
gabon,2005,2.676203333,1463495,0.091752518,49.4348793,16.91,0.5027,0.25,0.375,0.0,0.5,0.125,0.3928571,0.0,0.0,-5.01167031363957,1.3018805166198448,14.196338651936443,0.25,0.0688143885
gabon,2006,-2.806578356,1508337,0.0649286955,49.4348793,18.65,0.4965,0.25,0.275,0.25,0.5625,0.174,0.2857143,0.0,0.0,-4.01167031363957,-1.3367307163414428,14.226518940365919,0.30229999999999996,0.04530075085034999
gabon,2007,6.008108025,1556237,0.0649286955,49.4348793,18.65,0.4903,0.25,0.325,0.25,0.59375,0.2156667,0.3214286,0.0,0.0,-3.01167031363957,1.9470677680415436,14.257781928322052,0.32688334,0.04370458665311703
gabon,2008,-3.308430649,1607175,0.0649286955,49.4348793,18.65,0.4841,0.25,0.4,0.25,0.625,0.35,0.3571429,0.0,0.0,-2.01167031363957,-1.4605737192469117,14.289989159568977,0.375,0.0405804346875
gabon,2009,0.13033112,1661556,0.0649286955,49.4348793,18.65,0.4779,0.25,0.375,0.25,0.4375,0.2666667,0.3571429,0.0,0.0,-1.01167031363957,0.12251061634902767,14.323265672538021,0.31583334,0.04442204873839203
gabon,2010,7.089887315,1719879,0.0649286955,49.4348793,20.39,0.4717,0.25,0.375,0.25,0.5625,0.2763333,0.3571429,0.0,0.0,-0.01167031363956994,2.0906148020487936,14.357765078913914,0.34276666,0.042673303405307964
gabon,2011,7.091753343,1781985,0.0649286955,49.4348793,18.65,0.4655,0.25,0.375,0.25,0.5625,0.2826667,0.3571429,0.0,0.0,0.9883296863604301,2.0908454372541736,14.39323903064084,0.34403334,0.042591059525292026
gabon,2012,5.251076918,1846889,0.0649286955,49.4348793,18.65,0.4593,0.25,0.4,0.25,0.5625,0.3686667,0.3571429,0.0,0.0,1.98832968636043,1.8327537557851847,14.42901370137103,0.36623333999999996,0.041149642485192026
gabon,2013,5.638699003,1913059,0.0649286955,49.4348793,18.65,0.4531,0.25,0.4,0.25,0.5625,0.3753333,0.3571429,0.0,0.0,2.98832968636043,1.8929160110077765,14.46421461227973,0.36756665999999993,0.04106307175690797
gabon,2014,4.314964441,1978399,0.0649286955,49.4348793,18.65,0.447,0.25,0.4,0.25,0.5625,0.3753333,0.2857143,0.0,0.0,3.98832968636043,1.6705263214610888,14.497798995189344,0.36756665999999993,0.04106307175690797
gabon,2015,3.878899395,2040989,0.0649286955,49.4348793,18.65,0.4408,0.25,0.4,0.25,0.4375,0.3753333,0.2857143,0.0,0.0,4.98832968636043,1.5849196606170057,14.528945542220939,0.34256665999999997,0.042686289144407974
gabon,2016,2.091442208,2100306,0.0649286955,49.4348793,18.65,0.4346,0.25,0.4,0.25,0.4375,0.3746667,0.2857143,0.0,0.0,5.98832968636043,1.1286377160038117,14.557594082485055,0.34243334000000003,0.042694945438092026
gabon,2017,0.472642031,2156900,0.038104873,49.4348793,18.65,0.4284,0.25,0.4,0.25,0.4375,0.3703333,0.2857143,4.0,1.6094379124341003,6.98832968636043,0.3870580875796601,14.584183027238714,0.34156665999999997,0.025089518799665818
gabon,2018,0.837916581,2212318,0.0649286955,49.4348793,18.65,0.4284,0.25,0.4,0.25,0.4375,0.3703333,0.2857143,0.0,0.0,7.98832968636043,0.6086326371581557,14.609551844608168,0.34156665999999997,0.042751217839907964
gabon,2019,3.920808795,2267706,0.0649286955,70.26399664,18.65,0.4284,0.25,0.4,0.25,0.4375,0.3703333,0.25,1.0,0.6931471805599453,8.98832968636043,1.5934729062214306,14.634279746771677,0.34156665999999997,0.042751217839907964
gabon,2020,-1.837761064,2322539,0.0649286955,49.4348793,18.65,0.4284,0.25,0.4,0.25,0.4375,0.368,0.25,0.0,0.0,9.98832968636043,-1.0430153835092475,14.658171972342057,0.34109999999999996,0.04278151746495
georgia,2006,9.421480812,3880347,0.224766789,98.63510132,13.57,0.4472,0.375,0.425,0.25,0.4375,0.4133333,0.6428571,3.0,1.3862943611198906,-4.01167031363957,2.3438691387042074,15.171435398299133,0.38016666,0.13931794954694526
georgia,2007,12.57556982,3860158,0.238947204,107.9337769,13.28,0.469,0.3125,0.4875,0.375,0.375,0.4966667,0.6785713999999999,0.0,0.0,-3.01167031363957,2.6082718406296523,15.166218932302503,0.40933334000000005,0.14113814690301862
georgia,2008,2.42161441,3848449,0.216621121,110.878418,17.87,0.4621,0.375,0.5,0.5,0.125,0.4873333,0.6785713999999999,33.0,3.5263605246161616,-2.01167031363957,1.230112489401703,15.163181027797277,0.39746665999999997,0.13052144755067416
georgia,2009,-3.650752296,3814419,0.211488464,106.6533279,20.71,0.4441,0.375,0.5,0.5,0.0625,0.4873333,0.6785713999999999,25.0,3.258096538021482,-1.01167031363957,-1.5370289905996526,15.154299179687957,0.38496666,0.13007245638538975
georgia,2010,6.246408653,3786695,0.236178411,107.85683935,20.203,0.4521,0.375,0.5,0.5,0.3125,0.4863333,0.6785713999999999,7.0,2.0794415416798357,-0.01167031363956994,1.9805059879292781,15.14700442903804,0.43476666,0.13349591208542275
georgia,2011,7.934336525,3756441,0.21624512,107.85683935,19.632,0.4917,0.375,0.5,0.5,0.3125,0.4913333,0.6785713999999999,3.0,1.3862943611198906,0.9883296863604301,2.1899018901184273,15.13898279076799,0.43576666,0.12201270631630082
georgia,2012,6.57883102,3728874,0.187821442,107.85683935,19.653,0.4572,0.375,0.5,0.5,0.4375,0.5176666999999999,0.6785713999999999,3.0,1.3862943611198906,1.98832968636043,2.0253589687639466,15.131617137547895,0.46603333999999996,0.10029038806112373
georgia,2013,5.132885312,3717668,0.148895102,107.0388323,19.416,0.4909,0.375,0.525,0.5,0.5,0.5316666999999999,0.6785713999999999,2.0,1.0986122886681098,2.98832968636043,1.8136653263222497,15.128607416942188,0.48633334,0.07648244973469931
georgia,2014,4.090490596,3719414,0.12035514,105.7570889,17.439,0.4623,0.5,0.575,0.5,0.5,0.5273333,0.7142856999999999,2.0,1.0986122886681098,3.98832968636043,1.6273742102006725,15.129076955818467,0.5204666600000001,0.05771430227036759
georgia,2015,3.351023503,3725276,0.106034661,106.7641555,16.506,0.4634,0.5,0.575,0.5,0.5625,0.5293333,0.7142856999999999,1.0,0.6931471805599453,4.98832968636043,1.4704111054706785,15.130651769447157,0.5333666600000001,0.04947930801819773
georgia,2016,3.45021518,3727505,0.104713058,107.7799018,16.604,0.4777,0.5,0.575,0.5,0.5625,0.531,0.7142856999999999,4.0,1.6094379124341003,5.98832968636043,1.4929524500652605,15.131249935277683,0.5337000000000001,0.04882769894539999
georgia,2017,5.159902617,3728004,0.110653681,109.5232037,13.939,0.4852,0.625,0.575,0.5,0.5,0.531,0.7857143,1.0,0.6931471805599453,6.98832968636043,1.8180609684918947,15.131383795988436,0.5462,0.0502146404378
georgia,2018,6.062036413,3726549,0.1099111,111.616827,12.667,0.48,0.625,0.575,0.5,0.5,0.5166666999999999,0.7857143,1.0,0.6931471805599453,7.98832968636043,1.9547334536809504,15.130993430629678,0.54333334,0.050192734933926
georgia,2019,5.380719266,3720161,0.097026938,111.9008539,11.565,0.4873,0.625,0.575,0.5,0.5,0.514,0.7857143,0.0,0.0,8.98832968636043,1.8532808286198457,15.129277773688223,0.5428000000000001,0.044360716053599994
georgia,2020,-6.290471785,3722716,0.119763277,108.0669948,11.734,0.4873,0.625,0.575,0.5,0.5,0.5103333,0.7857143,1.0,0.6931471805599453,9.98832968636043,-1.986568260661783,15.129964335998416,0.54206666,0.054843597445955176
germany,1996,1.037875567,81914831,0.0,101.72313310000001,8.822,0.302,0.875,0.8999999999999999,1.0,1.0,1.0,0.8214286,52.0,3.970291913552122,-14.01167031363957,0.7119078765086431,18.22119063132797,0.9550000000000001,0.0
germany,1998,2.095612312,82047195,0.0,101.72313310000001,9.787,0.318,0.875,0.8999999999999999,1.0,1.0,1.0,0.8214286,6.0,1.9459101490553132,-12.01167031363957,1.1299857256643013,18.222805200632447,0.9550000000000001,0.0
germany,2000,2.876523125,82211508,0.0,99.12943268,7.917,0.319,0.875,0.8999999999999999,1.0,1.0,1.0,0.8571428999999999,8.0,2.1972245773362196,-10.01167031363957,1.3549386500918192,18.22480586239107,0.9550000000000001,0.0
germany,2002,-0.228255716,82488495,0.0,100.8536072,8.482,0.3208,0.875,0.875,1.0,0.9375,0.875,0.8928571,3.0,1.3862943611198906,-8.01167031363957,-0.2055950458314889,18.228169399157668,0.9125,0.0
germany,2003,-0.529801394,82534176,0.002292279,101.2267838,9.779,0.3128,0.875,0.875,1.0,0.9375,0.875,0.8214286,2.0,1.0986122886681098,-7.01167031363957,-0.42513791913543963,18.22872303218683,0.9125,0.00020057441250000005
germany,2004,1.162086845,82516260,0.0,101.3777771,10.727,0.3251,0.875,0.875,1.0,0.9375,0.875,0.8214286,3.0,1.3862943611198906,-6.01167031363957,0.7710738872354327,18.228505934912963,0.9125,0.0
germany,2005,0.885485293,82469422,0.0,101.4364929,11.193,0.3455,0.875,0.875,1.0,0.9375,0.875,0.7857143,3.0,1.3862943611198906,-5.01167031363957,0.6341852376328179,18.227938152301494,0.9125,0.0
germany,2006,3.866682415,82376451,0.0,102.4863968,10.277,0.3494,0.75,0.875,1.0,0.9375,0.8773333,0.7857143,4.0,1.6094379124341003,-4.01167031363957,1.5824124759998495,18.226810177338727,0.88796666,0.0
germany,2007,2.889117414,82266372,0.0,102.0097733,8.732,0.3673,0.75,0.875,1.0,0.9375,0.8773333,0.8035713999999999,3.0,1.3862943611198906,-3.01167031363957,1.3581822460266817,18.22547299162897,0.88796666,0.0
germany,2008,0.887902331,82110097,0.0,103.2407303,7.508,0.3639,0.75,0.875,1.0,0.9375,0.8773333,0.8214286,3.0,1.3862943611198906,-2.01167031363957,0.6354663349233264,18.223571563205144,0.88796666,0.0
germany,2009,-5.544554519,81902307,0.0,103.3142929,7.88,0.3698,0.75,0.875,1.0,0.875,0.8773333,0.8214286,4.0,1.6094379124341003,-1.01167031363957,-1.8786333327214706,18.22103772913441,0.8754666600000001,0.0
germany,2010,4.134637785,81776930,0.0,104.8913574,7.043,0.3643,0.75,0.875,1.0,0.875,0.8626667,0.8214286,1.0,0.6931471805599453,-0.01167031363956994,1.6360093024310287,18.219505744683758,0.87253334,0.0
germany,2011,3.757968845,80274983,0.0,105.3465118,5.967,0.3655,0.75,0.875,1.0,0.875,0.8613333,0.8214286,8.0,2.1972245773362196,0.9883296863604301,1.5598208639400346,18.200968598624975,0.87226666,0.0
germany,2012,0.463512037,80425823,0.0,104.4422379,5.372,0.3607,0.75,0.875,1.0,0.875,0.8613333,0.7857143,5.0,1.791759469228055,1.98832968636043,0.3808390519195331,18.202845876607284,0.87226666,0.0
germany,2013,0.396995584,80645605,0.0,103.9353333,5.316,0.3763,0.75,0.875,1.0,0.875,0.8603333,0.7857143,0.0,0.0,2.98832968636043,0.33432391921041554,18.205574878720217,0.87206666,0.0
germany,2014,2.180186022,80982500,0.0,103.3038712,4.979,0.3808,0.75,0.875,1.0,0.875,0.8713333,0.7857143,14.0,2.70805020110221,3.98832968636043,1.1569396925654511,18.209743652260315,0.87426666,0.0
germany,2015,1.663006023,81686611,0.0,102.1924133,4.612,0.38,0.75,0.875,1.0,0.875,0.8713333,0.7857143,68.0,4.23410650459726,4.98832968636043,0.979455568564123,18.218400678593376,0.87426666,0.0
germany,2016,2.222222163,82348669,0.0,100.8523102,4.104,0.3788,0.75,0.85,1.0,0.875,0.7876666999999999,0.8214286,45.0,3.828641396489095,5.98832968636043,1.170071234270944,18.226472863880694,0.8525333400000001,0.0
germany,2017,2.797906721,82657002,0.002444575,101.0956421,3.781,0.3759,0.75,0.85,1.0,0.875,0.7869999999999999,0.8214286,28.0,3.367295829986474,6.98832968636043,1.334450052056896,18.230210109434356,0.8524,0.0003608192699999999
germany,2018,1.135696046,82905782,0.0,100.8373032,3.384,0.3722,0.875,0.875,1.0,0.875,0.7893333,0.8214286,24.0,3.2188758248682006,7.98832968636043,0.7587926104104651,18.23321537641797,0.88286666,0.0
germany,2019,0.977734697,83092962,0.002495795,101.1525574,3.163,0.3729,0.875,0.875,1.0,0.875,0.7893333,0.8214286,17.0,2.8903717578961645,8.98832968636043,0.6819520973088495,18.23547057513293,0.88286666,0.0002923408043052999
germany,2020,-4.131914432,83160871,0.002437963,101.3078003,3.881,0.3728,0.875,0.875,1.0,0.875,0.7889999999999999,0.8214286,33.0,3.5263605246161616,9.98832968636043,-1.635478773192719,18.236287506709598,0.8827999999999999,0.0002857292636000002
ghana,1996,4.602461156,17810181,0.513262228,55.60692978,5.384,0.4558,0.25,0.4,0.25,0.5,0.25,0.3571429,2.0,1.0986122886681098,-14.01167031363957,1.7232059933355761,16.695280874191734,0.32999999999999996,0.34388569276000003
ghana,1998,4.700390784,18688036,0.653485754,55.60692978,8.2,0.4522,0.125,0.275,0.25,0.4375,0.25,0.3571429,0.0,0.0,-12.01167031363957,1.7405347310869625,16.743394144488267,0.26749999999999996,0.478678314805
ghana,2000,3.700000082,19637087,0.513262228,32.57759094,10.456,0.4642,0.375,0.475,0.25,0.4375,0.25,0.3571429,0.0,0.0,-10.01167031363957,1.5475625261628212,16.792930581058577,0.35750000000000004,0.32977098148999995
ghana,2002,4.499999559,20729388,0.513262228,32.26757813,5.384,0.4761,0.375,0.475,0.25,0.375,0.25,0.3571429,0.0,0.0,-8.01167031363957,1.7047480120566039,16.847063009785597,0.34500000000000003,0.33618675934000003
ghana,2003,5.200000133,21296705,0.513262228,33.65478897,5.384,0.4821,0.375,0.475,0.25,0.375,0.25,0.3571429,0.0,0.0,-7.01167031363957,1.8245493135026585,16.874062970833112,0.34500000000000003,0.33618675934000003
ghana,2004,5.599999991,21868298,0.513262228,36.14455032,5.384,0.4881,0.25,0.4,0.25,0.4375,0.25,0.3571429,0.0,0.0,-6.01167031363957,1.8870696476687434,16.900548611850326,0.3175,0.35030147061
ghana,2005,5.900003819,22449438,0.608869443,38.12768936,5.384,0.494,0.25,0.425,0.25,0.4375,0.375,0.3571429,0.0,0.0,-5.01167031363957,1.9315219650813213,16.92677618297617,0.34750000000000003,0.39728731155749997
ghana,2006,6.399912606,23040702,0.513262228,39.8474884,4.897,0.492,0.375,0.5,0.25,0.625,0.5116667,0.3571429,0.0,0.0,-4.01167031363957,2.0014681901403857,16.952772905479257,0.45233334000000003,0.2810966101129185
ghana,2007,4.346819104,23642279,0.513262228,43.75952148,5.384,0.4899,0.375,0.5,0.25,0.59375,0.5116667,0.3571429,0.0,0.0,-3.01167031363957,1.6765018240870277,16.978547192551996,0.44608334000000005,0.28430449903791843
ghana,2008,9.149798938,24249946,0.513262228,46.05958176,5.384,0.4878,0.375,0.5,0.25,0.5625,0.5116667,0.3571429,0.0,0.0,-2.01167031363957,2.317453896227555,17.00392498977837,0.43983334,0.28751238796291845
ghana,2009,4.844487052,24862664,0.513262228,47.92771912,5.384,0.4857,0.375,0.45,0.25,0.6875,0.5116667,0.3571429,0.0,0.0,-1.01167031363957,1.7654988326470307,17.028877838623096,0.45483334,0.2798134545429185
ghana,2010,7.899711941,25474995,0.513262228,55.60692978,5.384,0.4837,0.375,0.45,0.25,0.6875,0.534,0.3571429,0.0,0.0,-0.01167031363956994,2.1860189100345226,17.053207980056367,0.4593,0.27752088667959995
ghana,2011,14.04712358,26095088,0.513262228,55.60692978,5.384,0.4816,0.375,0.45,0.25,0.6875,0.534,0.3571429,0.0,0.0,0.9883296863604301,2.7111868486758257,17.077257693668894,0.4593,0.27752088667959995
ghana,2012,9.292789406,26734268,0.417655013,56.73260178,5.384,0.4795,0.375,0.45,0.25,0.6875,0.534,0.3571429,0.0,0.0,1.98832968636043,2.331443592410895,17.10145678355615,0.4593,0.2258260655291
ghana,2013,7.312525017,27386193,0.513262228,68.19914246,2.173,0.481,0.375,0.45,0.25,0.625,0.5443333,0.3928571,0.0,0.0,2.98832968636043,2.1177634155413534,17.12554957576071,0.44886666000000003,0.28287592601348155
ghana,2014,2.856240163,28041592,0.513262228,63.97456998,5.384,0.4825,0.375,0.475,0.25,0.625,0.5443333,0.3928571,1.0,0.6931471805599453,3.98832968636043,1.3496926577444823,17.149199430214516,0.45386666,0.28030961487348155
ghana,2015,2.120759338,28696068,0.513262228,67.04865665,6.806,0.484,0.375,0.45,0.25,0.625,0.4786667,0.3571429,0.0,0.0,4.98832968636043,1.1380763497739785,17.172270702707674,0.43573333999999997,0.2896167630977185
ghana,2016,3.37346575,29356742,0.390257937,67.26441013,5.384,0.4855,0.5,0.425,0.25,0.625,0.475,0.3571429,1.0,0.6931471805599453,5.98832968636043,1.4755557725906772,17.195032822314534,0.45499999999999996,0.21269057566500002
ghana,2017,8.128894881,30008354,0.513262228,66.63594502,3.369,0.4855,0.375,0.45,0.25,0.75,0.473,0.4642857,0.0,0.0,6.98832968636043,2.211444644673839,17.2169864008525,0.4596,0.2773669080112
ghana,2018,6.200077681,30637585,0.513262228,68.2222558,5.384,0.4855,0.5,0.45,0.25,0.75,0.471,0.4285714,2.0,1.0986122886681098,7.98832968636043,1.9740918149915863,17.23773811383211,0.48419999999999996,0.26474065720240003
ghana,2019,6.507774794,31258945,0.513262228,71.1877006,5.384,0.4855,0.5,0.45,0.25,0.75,0.471,0.4285714,3.0,1.3862943611198906,8.98832968636043,2.0159391228028922,17.257816165178674,0.48419999999999996,0.26474065720240003
ghana,2020,0.513941671,31887809,0.513262228,74.01021863,5.384,0.4855,0.5,0.45,0.25,0.75,0.4666667,0.4285714,10.0,2.3978952727983707,9.98832968636043,0.41471662785301616,17.277734363062724,0.48333334,0.2651854810449185
greece,1996,1.382470573,10608800,0.009424785,103.54220965,10.402,0.3602,0.625,0.7999999999999999,0.75,0.5625,0.75,0.75,20.0,3.044522437723423,-14.01167031363957,0.8681380051582946,16.17719449760689,0.6975,0.0028509974624999997
greece,1998,3.436935797,10720509,0.009424785,103.54220965,12.227,0.3874,0.75,0.7749999999999999,0.5,0.5625,0.875,0.75,28.0,3.367295829986474,-12.01167031363957,1.4899640023799796,16.18766928710216,0.6925,0.0028981213875
greece,2000,4.137826994,10805808,0.002362558,97.09967041,11.345,0.4028,0.75,0.7999999999999999,0.5,0.6875,0.875,0.75,28.0,3.367295829986474,-10.01167031363957,1.6366302262640287,16.1955944178644,0.7224999999999999,0.0006556098450000001
greece,2002,4.683137271,10902022,0.002417635,98.18379974,10.346,0.3762,0.5,0.75,0.5,0.8125,0.75,0.7142856999999999,10.0,2.3978952727983707,-8.01167031363957,1.7375034166950933,16.204458926308778,0.6625,0.0008159518125000001
greece,2003,5.796822743,10928070,0.00559221,94.34111786,9.839,0.3632,0.5,0.75,0.5,0.875,0.75,0.7142856999999999,12.0,2.5649493574615367,-7.01167031363957,1.9164552593132496,16.206845357843346,0.675,0.00181746825
greece,2004,5.377866346,10955141,0.009122613,92.8870163,10.628,0.3715,0.5,0.75,0.5,0.875,0.75,0.7142856999999999,4.0,1.6094379124341003,-6.01167031363957,1.8528336128963623,16.209319493045452,0.675,0.0029648492249999994
greece,2005,1.183506355,10987314,0.004470559,96.8381424,10.074,0.3751,0.5,0.75,0.5,0.875,0.75,0.7142856999999999,6.0,1.9459101490553132,-5.01167031363957,0.7809320044040933,16.21225198351869,0.675,0.0014529316749999997
greece,2006,6.443397625,11020362,0.006532315,96.81659698,8.906,0.3643,0.5,0.75,0.5,0.875,0.771,0.7142856999999999,23.0,3.1780538303479458,-4.01167031363957,2.0073274146298603,16.21525530125542,0.6792,0.002095566652
greece,2007,3.506869766,11048473,0.006173905,95.97881317,8.351,0.3536,0.5,0.75,0.5,0.875,0.771,0.7142856999999999,15.0,2.772588722239781,-3.01167031363957,1.505602847351366,16.217802876843905,0.6792,0.001980588724
greece,2008,0.057474024,11077841,0.003650398,103.54220965,7.664,0.3294,0.5,0.75,0.5,0.875,0.771,0.7142856999999999,53.0,3.9889840465642745,-2.01167031363957,0.05588306804322537,16.220457454971218,0.6792,0.0011710476784
greece,2009,-4.119276067,11107017,0.006387006,103.54220965,9.546,0.3241,0.5,0.7,0.5,0.6875,0.771,0.6785713999999999,115.0,4.7535901911063645,-1.01167031363957,-1.6330130358903983,16.223087718747564,0.6317,0.0023523343097999997
greece,2010,-5.693741216,11121341,0.010666923,107.8190536,12.719,0.3381,0.375,0.6749999999999999,0.5,0.5625,0.764,0.6428571,49.0,3.912023005428146,-0.01167031363956994,-1.9011729429441533,16.224376522958284,0.5753,0.004530242198099999
greece,2011,-9.876778753,11104899,0.014706451,105.9560471,17.973,0.3149,0.375,0.6749999999999999,0.5,0.5625,0.755,0.6428571,11.0,2.4849066497880004,0.9883296863604301,-2.3866301270939507,16.222897010317396,0.5734999999999999,0.006272301351500002
greece,2012,-8.331134211,11045011,0.021395428,106.2905502,24.731,0.3183,0.375,0.625,0.5,0.5625,0.5883333,0.6428571,24.0,3.2188758248682006,1.98832968636043,-2.233356573494282,16.217489481300227,0.53016666,0.01005228539796952
greece,2013,-2.272116999,10965211,0.015242863,107.4143066,27.686,0.3338,0.375,0.625,0.5,0.5625,0.5883333,0.6428571,56.0,4.04305126783455,2.98832968636043,-1.1854371757417983,16.210238273892546,0.53016666,0.00716160523445242
greece,2014,0.792225061,10892413,0.019677299,103.4685898,26.708,0.3579,0.375,0.65,0.5,0.75,0.5816667,0.6428571,27.0,3.332204510175204,3.98832968636043,0.5834578987426071,16.203577141601734,0.57133334,0.00843500204015134
greece,2015,-0.228301892,10820883,0.019816222,103.3777008,24.981,0.3553,0.375,0.6,0.5,0.625,0.5816667,0.6428571,30.0,3.4339872044851463,4.98832968636043,-0.20563263990203307,16.196988528599828,0.53633334,0.00918812146855852
greece,2016,-0.031794768,10775971,0.013920055,103.9520721,23.514,0.3431,0.375,0.6,0.5,0.625,0.6576666999999999,0.6428571,30.0,3.4339872044851463,5.98832968636043,-0.03129977906541081,16.19282939870222,0.55153334,0.006242680572866301
greece,2017,1.473124727,10754679,0.010717371,104.2287903,21.413,0.3399,0.375,0.6,0.5,0.625,0.6596666999999999,0.6428571,44.0,3.8066624897703196,6.98832968636043,0.9054824227708891,16.190851566638344,0.5519333399999999,0.00480209662795086
greece,2018,2.064672079,10732882,0.001598767,103.8916931,19.179,0.3304,0.375,0.6,0.5,0.75,0.6596666999999999,0.6428571,26.0,3.295836866004329,7.98832968636043,1.1199405747574387,16.188822764444588,0.57693334,0.0006763850148082201
greece,2019,2.277180653,10721582,0.009726957,106.5278397,17.045,0.327,0.375,0.6,0.5,0.75,0.6643333,0.6428571,32.0,3.4965075614664802,8.98832968636043,1.1869834957529009,16.187769370615545,0.57786666,0.00410607284644638
greece,2020,-9.196231497,10698599,0.010963271,103.6158295,15.899,0.327,0.375,0.6,0.5,0.75,0.6629999999999999,0.6785713999999999,50.0,3.9318256327243257,9.98832968636043,-2.3220181909442346,16.185623449750192,0.5776,0.0046308856704
guatemala,1996,2.957779887,10583526,0.0965595245,25.85479927,2.6500000000000004,0.5541,0.0,0.175,0.25,0.125,0.125,0.4642857,26.0,3.295836866004329,-14.01167031363957,1.3756832334560918,16.174809293680035,0.135,0.0835239886925
guatemala,1998,4.993527803,11139145,0.1339,25.87759018,2.6500000000000004,0.5541,0.0,0.175,0.25,0.125,0.125,0.4285714,0.0,0.0,-12.01167031363957,1.7906801875130216,16.225976128842607,0.135,0.1158235
guatemala,2000,3.608868717,11697592,0.087963362,30.98065948,2.6500000000000004,0.5541,0.125,0.25,0.0,0.25,0.125,0.4285714,1.0,0.6931471805599453,-10.01167031363957,1.527982429279753,16.27489365210766,0.15,0.0747688577
guatemala,2002,3.839287086,12246915,0.0965595245,35.5038414,2.254,0.5619,0.25,0.25,0.25,0.3125,0.125,0.4285714,0.0,0.0,-8.01167031363957,1.5767674135983862,16.320784708157333,0.2375,0.07362663743124999
guatemala,2003,2.560377668,12525842,0.0965595245,51.79569648,2.807,0.562,0.25,0.25,0.25,0.3125,0.125,0.4285714,3.0,1.3862943611198906,-7.01167031363957,1.2698666257540165,16.343304508059518,0.2375,0.07362663743124999
guatemala,2004,3.137916836,12807402,0.0965595245,38.61787033,2.971,0.5588,0.25,0.25,0.0,0.375,0.125,0.3928571,2.0,1.0986122886681098,-6.01167031363957,1.4201924814896851,16.36553392107952,0.2,0.0772476196
guatemala,2005,3.276026926,13087629,0.0965595245,40.5942688,2.6500000000000004,0.5548,0.25,0.25,0.0,0.375,0.125,0.3928571,0.0,0.0,-5.01167031363957,1.453024290149521,16.387178067253906,0.2,0.0772476196
guatemala,2006,5.351397787,13367459,0.105155687,42.43397141,1.902,0.5516,0.125,0.25,0.0,0.375,0.2856667,0.3928571,4.0,1.6094379124341003,-4.01167031363957,1.848674912617889,16.408333953468397,0.20713334,0.08337443833169543
guatemala,2007,6.33771869,13652040,0.0965595245,44.24298859,2.6500000000000004,0.5618,0.1875,0.25,0.0,0.375,0.2856667,0.3928571,0.0,0.0,-3.01167031363957,1.9930279891393732,16.429399592227195,0.21963333999999998,0.07535183362525316
guatemala,2008,3.293524,13935174,0.0965595245,45.23133087,2.6500000000000004,0.553,0.25,0.25,0.0,0.375,0.2856667,0.3928571,0.0,0.0,-2.01167031363957,1.4571078409598939,16.449926777125754,0.23213334,0.07414483956900317
guatemala,2009,0.476898107,14215611,0.0965595245,48.26572037,2.6500000000000004,0.5446,0.25,0.25,0.0,0.4375,0.2856667,0.3928571,0.0,0.0,-1.01167031363957,0.389944014710529,16.469851355253386,0.24463333999999998,0.07293784551275316
guatemala,2010,2.884175428,14500112,0.0965595245,52.18832002,3.497,0.5455,0.125,0.25,0.0,0.4375,0.285,0.3928571,0.0,0.0,-0.01167031363956994,1.3569107162473986,16.489667000463886,0.21949999999999997,0.07536470887225
guatemala,2011,4.163906883,14792126,0.0965595245,52.76896096,4.126,0.5384,0.125,0.25,0.0,0.4375,0.2793333,0.3928571,0.0,0.0,0.9883296863604301,1.6416934408698434,16.509605637734253,0.21836666,0.07547414364374683
guatemala,2012,2.974708568,15089647,0.0965595245,53.11784933,2.765,0.5325,0.125,0.25,0.0,0.4375,0.2793333,0.3928571,1.0,0.6931471805599453,1.98832968636043,1.3799514291921142,16.52951950376553,0.21836666,0.07547414364374683
guatemala,2013,3.69481895,15387337,0.0965595245,53.32331583,3.017,0.5398,0.125,0.225,0.0,0.4375,0.277,0.3928571,6.0,1.9459101490553132,2.98832968636043,1.5464595496163622,16.54905552139343,0.2129,0.07600200173395
guatemala,2014,4.443977834,15681725,0.079611413,52.96680237,2.717,0.5319,0.125,0.225,0.0,0.4375,0.277,0.3928571,0.0,0.0,3.98832968636043,1.6945100131424293,16.568006643359173,0.2129,0.06266214317230001
guatemala,2015,4.092170816,15971743,0.0965595245,54.88641882,2.506,0.5282,0.125,0.225,0.0,0.4375,0.2806667,0.4642857,0.0,0.0,4.98832968636043,1.6277042260869454,16.58633171898771,0.21363333999999998,0.07593119077225316
guatemala,2016,2.677802776,16268760,0.0965595245,54.42525562,2.583,0.5295,0.125,0.225,0.0,0.5,0.2806667,0.5,0.0,0.0,5.98832968636043,1.3023155021233956,16.604757323867695,0.22613334,0.07472419671600317
guatemala,2017,3.079851269,16567357,0.0965595245,54.04447732,2.462,0.5299,0.125,0.225,0.0,0.5,0.2786667,0.5,0.0,0.0,6.98832968636043,1.4060605340751484,16.622944931910354,0.22573333999999998,0.07476282052580316
guatemala,2018,3.406873483,16845685,0.0965595245,54.07976471,2.283,0.5327,0.125,0.225,0.0,0.5,0.27,0.5,2.0,1.0986122886681098,7.98832968636043,1.4831654772562484,16.6396051582441,0.22400000000000003,0.07493019101199999
guatemala,2019,4.01789785,17103803,0.0965595245,52.5563884,2.193,0.5258,0.125,0.225,0.0,0.5,0.2586667,0.5,0.0,0.0,8.98832968636043,1.6130110910212068,16.654811452873542,0.22173334000000003,0.07514905862380317
guatemala,2020,-1.785551751,17357325,0.0965595245,51.79569648,2.6500000000000004,0.5411,0.0,0.225,0.0,0.3125,0.249,0.5,3.0,1.3862943611198906,9.98832968636043,-1.0244459690173338,16.669525223074228,0.1573,0.08137071129614999
guinea,2006,1.189602117,9441171,0.212595276,32.29708862,5.031,0.4712,0.125,0.275,0.0,0.25,0.234,0.25,0.0,0.0,-4.01167031363957,0.7837198455871239,16.060590682957766,0.1768,0.17500843120319998
guinea,2007,6.817471111,9662281,0.440259176,36.74647903,5.031,0.4605,0.0,0.2,0.0,0.25,0.0673333,0.25,0.0,0.0,-3.01167031363957,2.0563611149161045,16.0837404101744,0.10346666,0.3947070295249278
guinea,2008,4.13301616,9898870,0.212595276,33.23809052,5.031,0.4525,0.0,0.15,0.0,0.1875,0.0696667,0.2142857,0.0,0.0,-2.01167031363957,1.6356934318295908,16.107931268197678,0.08143333999999999,0.19528293260709814
guinea,2009,-1.122642048,10143534,0.212595276,36.74647903,5.031,0.4445,0.0,0.09999999999999999,0.0,0.125,0.153,0.2142857,0.0,0.0,-1.01167031363957,-0.7526615618167652,16.1323471147031,0.0756,0.1965230731344
guinea,2010,4.81336017,10396086,0.212595276,36.74647903,5.031,0.4365,0.0,0.09999999999999999,0.0,0.125,0.1763333,0.2142857,0.0,0.0,-0.01167031363956994,1.760158746201151,16.15694004331181,0.08026666,0.19553096326370184
guinea,2011,5.612111774,10656810,0.212595276,36.74647903,5.031,0.4285,0.0,0.09999999999999999,0.0,0.1875,0.1763333,0.2142857,0.0,0.0,0.9883296863604301,1.8889030845345878,16.181709776223645,0.09276666,0.19287352231370183
guinea,2012,5.915286261,10921581,0.212595276,36.87668991,5.031,0.4205,0.0,0.09999999999999999,0.0,0.1875,0.1763333,0.2142857,0.0,0.0,1.98832968636043,1.9337343613676217,16.206251389583,0.09276666,0.19287352231370183
guinea,2013,3.945687086,11191873,0.212595276,36.74647903,5.031,0.4125,0.0,0.075,0.0,0.1875,0.178,0.2142857,2.0,1.0986122886681098,2.98832968636043,1.5985159010242471,16.230698537222622,0.0881,0.1938656321844
guinea,2014,3.696553117,11472924,0.212595276,38.55487823,5.044,0.4044,0.0,0.075,0.0,0.375,0.1836667,0.2142857,0.0,0.0,3.98832968636043,1.5468288603001128,16.25550046967284,0.12673334,0.18565236660429815
guinea,2015,3.825910569,11767070,0.212595276,36.74647903,5.031,0.3964,0.0,0.09999999999999999,0.0,0.5,0.2713333,0.2142857,2.0,1.0986122886681098,4.98832968636043,1.5739994359494962,16.280815595251266,0.17426666,0.17554700731970183
guinea,2016,10.8206272,12073030,0.212595276,36.74647903,5.031,0.3883,0.0,0.15,0.0,0.5625,0.2713333,0.2142857,1.0,0.6931471805599453,5.98832968636043,2.469846073175935,16.306484680024308,0.19676666,0.17076361360970185
guinea,2017,10.30000534,12385659,0.212595276,36.74647903,5.031,0.3803,0.0,0.15,0.0,0.5,0.2713333,0.2142857,0.0,0.0,6.98832968636043,2.424803198284555,16.332049909756208,0.18426666,0.17342105455970183
guinea,2018,6.358491927,12704774,0.116504446,36.74647903,5.031,0.3723,0.0,0.15,0.0,0.4375,0.2713333,0.2142857,2.0,1.0986122886681098,7.98832968636043,1.9958550105228352,16.35748846501642,0.17176666000000002,0.09649286643542963
guinea,2019,5.616914469,13034346,0.212595276,36.74647903,5.018,0.3723,0.125,0.15,0.0,0.4375,0.2713333,0.2142857,0.0,0.0,8.98832968636043,1.8896291689980667,16.383098508199232,0.19676666,0.17076361360970185
guinea,2020,4.704590961,13371183,0.212595276,36.74647903,5.031,0.3723,0.125,0.175,0.0,0.3125,0.2693333,0.2142857,0.0,0.0,9.98832968636043,1.7412712824087964,16.40861250162694,0.17636666,0.17510055724010185
guyana,2006,5.129609348,758966,0.057169535,89.87500763,10.7,0.5516,0.25,0.45,0.5,0.3125,0.455,0.4642857,2.0,1.0986122886681098,-4.01167031363957,1.813131020021816,13.53971357717169,0.3935,0.034673322977500004
guyana,2007,7.191236241,756861,0.057169535,85.37798309,13.172,0.5618,0.25,0.45,0.5,0.4375,0.455,0.4642857,0.0,0.0,-3.01167031363957,2.103064831650946,13.53693621725429,0.4185,0.0332440846025
guyana,2008,1.755223496,754606,0.057169535,86.24141693,13.172,0.553,0.25,0.425,0.25,0.5,0.454,0.4285714,3.0,1.3862943611198906,-2.01167031363957,1.013498563089477,13.533952362907169,0.3758,0.035685223747
guyana,2009,3.611508472,752094,0.057169535,89.87500763,13.172,0.5446,0.25,0.425,0.25,0.5,0.454,0.3928571,0.0,0.0,-1.01167031363957,1.528555020838214,13.530617924740275,0.3758,0.035685223747
guyana,2010,4.138441601,749256,0.057169535,93.28646088,13.172,0.5455,0.25,0.425,0.25,0.5,0.4516667,0.3928571,0.0,0.0,-0.01167031363956994,1.6367498430286258,13.526837327811277,0.37533333999999996,0.0357119024822031
guyana,2011,5.196251561,746153,0.057169535,101.134758,13.172,0.5384,0.25,0.425,0.25,0.4375,0.4516667,0.3928571,0.0,0.0,0.9883296863604301,1.8239445222791835,13.52268729219762,0.36283334,0.0364265216697031
guyana,2012,5.27633062,746288,0.057169535,102.622467,13.172,0.5325,0.25,0.425,0.25,0.4375,0.4516667,0.3928571,0.0,0.0,1.98832968636043,1.836785513534229,13.522868203629907,0.36283334,0.0364265216697031
guyana,2013,3.653384333,750021,0.057169535,89.87500763,13.172,0.5398,0.25,0.4,0.25,0.4375,0.4516667,0.3928571,0.0,0.0,2.98832968636043,1.537594768419812,13.527857818415614,0.35783334,0.0367123693447031
guyana,2014,1.68649445,754229,0.057169535,89.87500763,13.172,0.5319,0.25,0.4,0.25,0.4375,0.447,0.3928571,0.0,0.0,3.98832968636043,0.9882371652996247,13.533452640262714,0.3569,0.0367657279585
guyana,2015,0.687404591,758781,0.057169535,89.87500763,13.172,0.5282,0.25,0.4,0.25,0.4375,0.4516667,0.3928571,0.0,0.0,4.98832968636043,0.5231916034995104,13.539469795095846,0.35783334,0.0367123693447031
guyana,2016,3.807456264,763548,0.057169535,89.87500763,13.172,0.5295,0.25,0.425,0.25,0.625,0.4583333,0.3928571,1.0,0.6931471805599453,5.98832968636043,1.5701681009875175,13.545732579708543,0.40166665999999995,0.034206438822796906
guyana,2017,3.734491546,768479,0.057169535,89.87500763,13.172,0.5299,0.25,0.425,0.25,0.625,0.4653333,0.4285714,0.0,0.0,6.98832968636043,1.5548743388236022,13.552169816898651,0.40306666,0.0341264014737969
guyana,2018,4.440912885,791556,0.057169535,89.87500763,13.627,0.5327,0.25,0.425,0.25,0.625,0.4723333,0.4285714,0.0,0.0,7.98832968636043,1.6939468565320186,13.581757170871324,0.40446666000000003,0.034046364124796905
guyana,2019,5.352840035,807665,0.057169535,89.87500763,13.172,0.5258,0.375,0.425,0.25,0.625,0.455,0.4285714,1.0,0.6931471805599453,8.98832968636043,1.8489019625246057,13.601903885707182,0.426,0.032815313090000006
guyana,2020,43.47965172,807481,0.057169535,86.94001007,13.172,0.5411,0.375,0.425,0.25,0.625,0.4503333,0.4285714,6.0,1.9459101490553132,9.98832968636043,3.795031819875701,13.601676042808828,0.42506666,0.032868671703796905
haiti,2006,1.768750603,9216562,0.5275621865,85.67661285,15.45,0.5516,0.125,0.2,0.0,0.25,0.3063333,0.5357143,1.0,0.6931471805599453,-4.01167031363957,1.0183961725990953,16.03651274946165,0.17626665999999996,0.43457056194334787
haiti,2007,4.70652994,9373296,0.5275621865,85.67661285,16.8,0.5618,0.125,0.225,0.0,0.25,0.3063333,0.5357143,2.0,1.0986122886681098,-3.01167031363957,1.7416111226463127,16.05337545998645,0.18126666,0.4319327510108479
haiti,2008,2.658032308,9530774,0.5275621865,85.67661285,15.45,0.553,0.125,0.3,0.0,0.25,0.3896667,0.5,0.0,0.0,-2.01167031363957,1.296925382078386,16.07003659446453,0.21293334000000003,0.4152266080708521
haiti,2009,5.890378948,9689581,0.5275621865,85.67661285,15.45,0.5446,0.125,0.3,0.0,0.3125,0.3896667,0.5357143,0.0,0.0,-1.01167031363957,1.9301260832228628,16.086561845681608,0.22543334,0.40863208073960205
haiti,2010,-5.651511534,9803294,0.5275621865,85.67661285,15.45,0.5455,0.0,0.25,0.0,0.25,0.3,0.3928571,0.0,0.0,-0.01167031363956994,-1.894844127185272,16.09822911161981,0.16,0.44315223666
haiti,2011,5.098213544,9914904,0.5275621865,85.67661285,15.45,0.5384,0.0,0.25,0.0,0.1875,0.3,0.3928571,0.0,0.0,0.9883296863604301,1.8079958666475768,16.10954973844787,0.14750000000000002,0.44974676399125
haiti,2012,0.502424404,10069771,0.5275621865,85.67661285,14.1,0.5325,0.0,0.275,0.0,0.375,0.2986667,0.3928571,0.0,0.0,1.98832968636043,0.4070800726839227,16.12504862292899,0.18973334,0.4274660507976521
haiti,2013,4.324784115,10222362,0.5275621865,85.67661285,15.45,0.5398,0.0,0.275,0.0,0.375,0.298,0.3571429,0.0,0.0,2.98832968636043,1.672372168989611,16.140088329321397,0.1896,0.42753639593959997
haiti,2014,2.888772509,10373235,0.5275621865,85.67661285,15.45,0.5319,0.0,0.325,0.0,0.375,0.294,0.3928571,0.0,0.0,3.98832968636043,1.358093557448252,16.154739585528915,0.1988,0.4226828238238
haiti,2015,1.400000009,10523242,0.5275621865,85.67661285,15.45,0.5282,0.0,0.35,0.0,0.375,0.298,0.3928571,0.0,0.0,4.98832968636043,0.8754687411038999,16.16909698773039,0.20459999999999998,0.41962296314209996
haiti,2016,1.812468078,10671457,0.5275621865,85.67661285,15.45,0.5295,0.0,0.35,0.0,0.375,0.3006667,0.3571429,1.0,0.6931471805599453,5.98832968636043,1.034062417421682,16.183083258741387,0.20513334,0.4193415931255521
haiti,2017,2.510271345,10817754,0.5275621865,85.67661285,15.45,0.5299,0.0,0.35,0.0,0.375,0.301,0.3571429,0.0,0.0,6.98832968636043,1.2556933407576052,16.1966993237176,0.2052,0.41930642583019995
haiti,2018,1.667810955,10962362,0.5275621865,85.67661285,15.45,0.5327,0.0,0.35,0.0,0.375,0.3303333,0.3571429,5.0,1.791759469228055,7.98832968636043,0.981258269096164,16.209978418435114,0.21106666000000002,0.4162113978531479
haiti,2019,-1.723096998,11105163,0.5275621865,85.67661285,15.45,0.5258,0.0,0.375,0.0,0.3125,0.319,0.3571429,4.0,1.6094379124341003,8.98832968636043,-1.0017698347979105,16.222920783324085,0.20129999999999998,0.42136391835754994
haiti,2020,-3.30550547,11243848,0.5275621865,85.67661285,15.45,0.5411,0.0,0.3,0.0,0.3125,0.3073333,0.3571429,2.0,1.0986122886681098,9.98832968636043,-1.4598945456212817,16.235331781533823,0.18396666,0.43050833310729786
honduras,1996,22.9573909,5903954,0.381577916,59.50156021,4.37,0.5541,0.0,0.15,0.0,0.3125,0.0,0.4285714,19.0,2.995732273553991,-14.01167031363957,3.1762768733278843,15.591133023282179,0.0925,0.34628195877
honduras,1998,11.57616598,6234431,0.323060005,59.50156021,4.02,0.5541,0.0,0.15,0.0,0.4375,0.0,0.4285714,0.0,0.0,-12.01167031363957,2.5318034337549724,15.645598034309813,0.11750000000000001,0.2851004544125
honduras,2000,9.612218817,6577773,0.208366616,59.50156021,4.909,0.5541,0.0,0.2,0.0,0.375,0.0,0.4285714,0.0,0.0,-10.01167031363957,2.3620060558329805,15.699206948193526,0.11499999999999999,0.18440445516
honduras,2002,3.754337861,6938859,0.28954807,59.50156021,4.02,0.5619,0.0,0.225,0.0,0.4375,0.0,0.3928571,1.0,0.6931471805599453,-8.01167031363957,1.5590574351969175,15.75264805386031,0.1325,0.25118295072499996
honduras,2003,4.547038052,7119213,0.340004556,59.50156021,5.3,0.562,0.0,0.225,0.0,0.375,0.0,0.3928571,0.0,0.0,-7.01167031363957,1.7132641009738518,15.778307884035947,0.12,0.29920400928
honduras,2004,6.232302961,7298994,0.332938286,59.50156021,5.99,0.5588,0.0,0.225,0.0,0.375,0.0,0.3928571,1.0,0.6931471805599453,-6.01167031363957,1.978557513943636,15.803247225408189,0.12,0.29298569168000005
honduras,2005,6.050599222,7478355,0.313398166,59.50156021,4.909,0.5548,0.0,0.175,0.0,0.375,0.0,0.3928571,0.0,0.0,-5.01167031363957,1.9531126092405884,15.8275235396979,0.11000000000000001,0.27892436774
honduras,2006,6.567243552,7656832,0.273066833,57.63871002,3.574,0.5516,0.0,0.175,0.0,0.375,0.2083333,0.3928571,0.0,0.0,-4.01167031363957,2.023828873265522,15.851109009749019,0.15166666,0.2316516984821122
honduras,2007,6.188327167,7834798,0.220138483,59.51185989,3.211,0.5618,0.0,0.175,0.0,0.375,0.2083333,0.3928571,0.0,0.0,-3.01167031363957,1.9724584836061492,15.874085779327041,0.15166666,0.1867508145459232
honduras,2008,4.23160011,8012587,0.208798666,59.50156021,3.156,0.553,0.0,0.175,0.0,0.375,0.206,0.3928571,0.0,0.0,-2.01167031363957,1.6547171796589324,15.896524362990066,0.1512,0.1772283077008
honduras,2009,-2.43162788,8189899,0.180620216,59.50156021,3.292,0.5446,0.0,0.175,0.0,0.4375,0.206,0.3928571,8.0,2.1972245773362196,-1.01167031363957,-1.2330347491737035,15.9184122457425,0.1637,0.15105268664080002
honduras,2010,3.731140344,8365878,0.195584328,66.16819,4.119,0.5455,0.0,0.175,0.0,0.5,0.192,0.3928571,0.0,0.0,-0.01167031363956994,1.554166260973341,15.939671967575837,0.1734,0.16167000552480001
honduras,2011,3.835690662,8540583,0.200840458,65.90184784,4.474,0.5384,0.0,0.175,0.0,0.5,0.1946667,0.3928571,1.0,0.6931471805599453,0.9883296863604301,1.5760239650325445,15.960339947501609,0.17393334,0.16590760633293028
honduras,2012,4.128687749,8715076,0.239685129,64.53279114,3.755,0.5325,0.0,0.175,0.0,0.5,0.1946667,0.3928571,0.0,0.0,1.98832968636043,1.6348498270452227,15.980565072238592,0.17393334,0.19799589396469913
honduras,2013,2.791559757,8889278,0.207934566,61.92071152,5.646,0.5398,0.0,0.175,0.0,0.5,0.1946667,0.3928571,2.0,1.0986122886681098,2.98832968636043,1.332777479815347,16.00035650183891,0.17393334,0.17176781243416955
honduras,2014,3.058080562,9063122,0.20594995,49.47668218,7.078,0.5319,0.0,0.175,0.0,0.5,0.1946667,0.3928571,1.0,0.6931471805599453,3.98832968636043,1.4007100938433288,16.019724320609836,0.17393334,0.17012838732366697
honduras,2015,3.840079971,9237305,0.19933634,50.35110851,6.147,0.5282,0.125,0.2,0.0,0.5,0.1946667,0.3928571,0.0,0.0,4.98832968636043,1.5769312435259224,16.038760842664882,0.20393334,0.1586850144004244
honduras,2016,3.892972197,9412380,0.19842039,51.04664868,6.727,0.5295,0.125,0.2,0.25,0.5,0.1973333,0.3928571,1.0,0.6931471805599453,5.98832968636043,1.587799930091783,16.05753650824808,0.25446665999999996,0.1479290160808026
honduras,2017,4.842913911,9588137,0.193274545,51.01203918,5.528,0.5299,0.125,0.25,0.25,0.4375,0.274,0.5357143,1.0,0.6931471805599453,6.98832968636043,1.7652296297653154,16.076037267424073,0.2673,0.1416122591215
honduras,2018,3.84499477,9765210,0.198462495,59.50156021,5.648,0.5327,0.125,0.275,0.25,0.4375,0.3543333,0.5,0.0,0.0,7.98832968636043,1.5779461658787826,16.094336729842368,0.28836666,0.1412325281815833
honduras,2019,2.559634346,9943633,0.187790312,64.35241699,5.698,0.5258,0.125,0.275,0.25,0.4375,0.3473333,0.5,5.0,1.791759469228055,8.98832968636043,1.2696578277909685,16.112443105381082,0.28696666,0.13390075338500207
honduras,2020,-8.965082233,10119640,0.208366616,58.42689994,10.982,0.5411,0.125,0.275,0.25,0.4375,0.3453333,0.5,2.0,1.0986122886681098,9.98832968636043,-2.2990872058133482,16.129988746886067,0.28656666,0.14865569079737745
hungary,1996,0.101234228,10311238,0.0020230185,101.9219513,10.022,0.2579,0.625,0.7999999999999999,0.5,0.75,0.75,0.6428571,13.0,2.6390573296152584,-14.01167031363957,0.09643157625876876,16.148745023360533,0.6849999999999999,0.0006372508275000001
hungary,1998,3.848108144,10266570,0.003869214,101.9219513,8.925,0.2751,0.625,0.75,0.5,0.8125,0.75,0.6428571,2.0,1.0986122886681098,-12.01167031363957,1.5785885554489103,16.14440364105046,0.6875,0.001209129375
hungary,2000,4.409375018,10210971,0.00133662,96.20510864,6.563,0.2845,0.625,0.75,0.5,0.75,0.75,0.6071428999999999,0.0,0.0,-10.01167031363957,1.6881335627099934,16.138973386393086,0.675,0.0004344014999999999
hungary,2002,4.730065308,10158608,0.000509668,99.8345108,5.608,0.3194,0.5,0.7749999999999999,0.5,0.875,0.875,0.7857143,0.0,0.0,-8.01167031363957,1.7457269282184156,16.133832081292837,0.705,0.00015035206000000003
hungary,2003,3.938777612,10129552,0.001587212,101.8508606,5.79,0.3197,0.5,0.7749999999999999,0.5,0.875,0.875,0.7857143,0.0,0.0,-7.01167031363957,1.5971178536162172,16.130967748893916,0.705,0.00046822754000000005
hungary,2004,4.963125362,10107146,0.0016733155,95.94435883,5.832,0.3117,0.5,0.7749999999999999,0.5,0.875,0.875,0.7857143,0.0,0.0,-6.01167031363957,1.7855947332303965,16.128753355326218,0.705,0.0004936280725000001
hungary,2005,4.300283185,10087065,0.005276819,97.37332916,7.189,0.3302,0.5,0.7749999999999999,0.5,0.875,0.875,0.7857143,0.0,0.0,-5.01167031363957,1.6677602502627595,16.126764567090813,0.705,0.0015566616050000004
hungary,2006,3.933931627,10071370,0.001435583,97.7556076,7.494,0.3424,0.5,0.7749999999999999,0.5,0.875,0.8343332999999999,0.7857143,0.0,0.0,-4.01167031363957,1.5961361604918944,16.12520740239879,0.69686666,0.00043517306963722005
hungary,2007,0.332354338,10055780,0.002339343,97.85636139,7.406,0.3451,0.5,0.7625,0.5,0.8125,0.8343332999999999,0.7857143,0.0,0.0,-3.01167031363957,0.2869475562607984,16.123658250972117,0.6818666600000001,0.0007442230019956197
hungary,2008,0.993437085,10038188,0.00089742,98.38033295,7.817,0.3375,0.5,0.75,0.5,0.75,0.8313332999999999,0.7857143,2.0,1.0986122886681098,-2.01167031363957,0.689860327271015,16.121907277471646,0.66626666,0.0002994989739828
hungary,2009,-6.740166085,10022650,0.001127361,99.74337769,10.03,0.3317,0.5,0.75,0.5,0.75,0.8313332999999999,0.7857143,1.0,0.6931471805599453,-1.01167031363957,-2.046423145381752,16.120358189486577,0.66626666,0.00037623795191573994
hungary,2010,1.067950682,10000023,0.001668813,101.9976883,11.172,0.3325,0.5,0.75,0.5,0.75,0.8236667,0.75,0.0,0.0,-0.01167031363956994,0.7265581081993349,16.11809805095544,0.66473334,0.0005594973606745801
hungary,2011,1.916709166,9971727,0.001706694,103.0810699,11.029,0.3248,0.5,0.75,0.5,0.75,0.818,0.75,0.0,0.0,0.9883296863604301,1.0704559827952544,16.11526444687973,0.6636,0.0005741318616000001
hungary,2012,-1.339484465,9920362,0.0047583,101.2340469,11.003,0.3159,0.5,0.75,0.5,0.75,0.8153332999999999,0.75,0.0,0.0,1.98832968636043,-0.8499305909943289,16.11010007133349,0.6630666599999999,0.0016032299117220005
hungary,2013,2.032169907,9872734,0.004609007,107.0703583,10.177,0.3303,0.5,0.75,0.5,0.75,0.8153332999999999,0.75,0.0,0.0,2.98832968636043,1.1092785041388191,16.1052874753542,0.6630666599999999,0.0015529281225933804
hungary,2014,4.334353641,9833038,0.009814092,105.8414688,7.725,0.3256,0.5,0.75,0.5,0.8125,0.8133332999999999,0.75,1.0,0.6931471805599453,3.98832968636043,1.6741677229621894,16.101258599990572,0.67516666,0.0031879442834272798
hungary,2015,3.659816154,9797755,0.009690301,104.5464783,6.813,0.3257,0.5,0.75,0.5,0.8125,0.8113332999999999,0.75,1.0,0.6931471805599453,4.98832968636043,1.538975995427976,16.097663937829136,0.67476666,0.0031516089598353403
hungary,2016,2.438641413,9759755,0.015732796,104.0468903,5.115,0.3276,0.5,0.75,0.5,0.8125,0.724,0.75,1.0,0.6931471805599453,5.98832968636043,1.235076455295328,16.09377795807677,0.6573,0.0053916291892000005
hungary,2017,4.124183895,9726756,0.009179572,104.2907791,4.156,0.3277,0.5,0.75,0.5,0.8125,0.7213333,0.7142856999999999,0.0,0.0,6.98832968636043,1.6339712723444368,16.09039109953068,0.65676666,0.0031507351573304807
hungary,2018,5.606138138,9706964,0.0020230185,103.7495499,3.667,0.3216,0.5,0.75,0.5,0.8125,0.721,0.7142856999999999,0.0,0.0,7.98832968636043,1.8879992377399752,16.08835422704245,0.6567000000000001,0.0006945022510499999
hungary,2019,5.077184951,9694824,0.0020230185,102.5616379,3.411,0.3259,0.375,0.7,0.5,0.8125,0.721,0.7142856999999999,1.0,0.6931471805599453,8.98832968636043,1.804541587279531,16.08710279595446,0.6217,0.0007653078985499999
hungary,2020,-4.3387254,9670419,0.0020230185,101.993042,4.248,0.3256,0.375,0.7,0.5,0.8125,0.7186667,0.7142856999999999,0.0,0.0,9.98832968636043,-1.6749869353427407,16.08458229978514,0.6212333400000001,0.0007662519603632098
iceland,2006,5.671612485,303782,0.001842796,107.523468,2.83,0.312,0.625,0.8999999999999999,0.5,0.9375,0.9069999999999999,0.8928571,0.0,0.0,-4.01167031363957,1.8978615825843197,12.624068909711092,0.7739,0.00041665617559999993
iceland,2007,8.741329415,311566,0.000806142,106.3270035,2.251,0.3441,0.6875,0.8999999999999999,0.5,0.96875,0.9069999999999999,0.8928571,0.0,0.0,-3.01167031363957,2.276377598586904,12.64936968236398,0.79265,0.00016715354370000002
iceland,2008,1.699610761,317414,0.00060815,106.2299423,2.946,0.2821,0.75,0.875,0.5,1.0,0.9049999999999999,0.8571428999999999,0.0,0.0,-2.01167031363957,0.9931076000252654,12.667965344936981,0.806,0.00011798109999999997
iceland,2009,-8.321464143,318499,0.000972007,106.4782486,7.22,0.2691,0.875,0.875,0.5,0.9375,0.9049999999999999,0.8571428999999999,0.0,0.0,-1.01167031363957,-2.2323197132474877,12.671377753994355,0.8185,0.00017641927049999998
iceland,2010,-2.221818476,318041,0.001493845,108.8190384,7.564,0.2621,0.875,0.875,0.5,0.9375,0.9049999999999999,0.8571428999999999,0.0,0.0,-0.01167031363956994,-1.1699459442477607,12.669938728512815,0.8185,0.0002711328675
iceland,2011,1.379996691,319014,0.001882956,109.7068634,7.028,0.2674,0.875,0.875,0.5,0.9375,0.9033333,0.8571428999999999,0.0,0.0,0.9883296863604301,0.8670990973462824,12.672993402605059,0.8181666599999999,0.00034238417855304013
iceland,2012,1.169311749,320716,0.000335558,113.5176697,6.0,0.2709,0.875,0.875,0.5,0.9375,0.9049999999999999,0.8571428999999999,1.0,0.6931471805599453,1.98832968636043,0.7744099508850338,12.678314393319036,0.8185,6.0903777e-05
iceland,2013,3.59695701,323764,0.000882093,122.0335693,5.376,0.2907,0.875,0.875,0.5,0.9375,0.9049999999999999,0.8571428999999999,0.0,0.0,2.98832968636043,1.525394565029221,12.68777322296892,0.8185,0.0001600998795
iceland,2014,1.913816091,327386,0.0,120.6325684,4.897,0.2894,0.75,0.875,0.5,0.9375,0.9026666999999999,0.8928571,1.0,0.6931471805599453,3.98832968636043,1.0694635935644694,12.69889823635014,0.79303334,0.0
iceland,2015,3.768590238,330815,0.000344902,119.8073578,3.979,0.2887,0.875,0.875,0.5,0.9375,0.9026666999999999,0.8928571,0.0,0.0,4.98832968636043,1.5620507136283555,12.709317608555711,0.81803334,6.276066496731998e-05
iceland,2016,6.218087642,335439,0.0,117.1227722,2.978,0.2853,0.875,0.875,0.5,0.9375,0.8999999999999999,0.8928571,0.0,0.0,5.98832968636043,1.97659004829152,12.723198381844645,0.8175000000000001,0.0
iceland,2017,3.485067039,343400,0.0,115.7411423,2.742,0.2844,0.75,0.8999999999999999,0.5,0.9375,0.9026666999999999,0.8928571,0.0,0.0,6.98832968636043,1.5007534427792046,12.746654139497183,0.7980333399999999,0.0
iceland,2018,4.660770326,352721,0.002681579,114.6494064,2.704,0.2734,0.75,0.9249999999999999,0.75,1.0,0.9026666999999999,0.8928571,0.0,0.0,7.98832968636043,1.7335599829543267,12.773435490235748,0.86553334,0.0003605829716561399
iceland,2019,1.138212305,360563,0.00079942,112.0343399,3.507,0.2729,0.75,0.9249999999999999,0.75,1.0,0.9026666999999999,0.8928571,0.0,0.0,8.98832968636043,0.7599701084212235,12.795424751156999,0.86553334,0.00010749533733719998
iceland,2020,-6.645878163,366463,0.000802781,110.4873199,5.478,0.2729,0.75,0.9249999999999999,0.75,0.9375,0.8956666999999999,0.8928571,0.0,0.0,9.98832968636043,-2.0341667004101445,12.811655569017733,0.8516333399999999,0.00011910593568146008
india,1996,7.549522249,979678458,0.345755796,66.03638077,3.804,0.3794,0.375,0.525,0.25,0.8125,0.375,0.3571429,213.0,5.365976015021851,-14.01167031363957,2.145875404077532,20.70273497273008,0.46749999999999997,0.18411496137
india,1998,6.184415822,1018665080,0.345755796,66.03638077,3.804,0.3924,0.375,0.5499999999999999,0.25,0.75,0.375,0.3928571,61.0,4.127134385045092,-12.01167031363957,1.971914211006333,20.741758862971416,0.45999999999999996,0.18670812984000001
india,2000,3.840991157,1057922733,0.345755796,47.17343903,2.731,0.3987,0.375,0.575,0.25,0.625,0.375,0.4642857,180.0,5.198497031265826,-10.01167031363957,1.577119484267188,20.779573137469935,0.44000000000000006,0.19362324575999998
india,2002,3.803975321,1097600380,0.345755796,48.80693817,3.804,0.4206,0.25,0.4,0.25,0.375,0.375,0.3214286,184.0,5.220355825078324,-8.01167031363957,1.5694437670271895,20.816392162056825,0.32999999999999996,0.23165638332000002
india,2003,7.860381476,1116803006,0.345755796,51.42557144,3.804,0.4318,0.25,0.4,0.25,0.3125,0.375,0.2857143,196.0,5.2832037287379885,-7.01167031363957,2.1815898196720487,20.833735982483084,0.3175,0.23597833077
india,2004,7.922936612,1135991513,0.464241686,53.24737167,3.804,0.4432,0.25,0.4,0.25,0.3125,0.375,0.2857143,108.0,4.6913478822291435,-6.01167031363957,2.1886251090039552,20.85077168714705,0.3175,0.316844950695
india,2005,7.923430621,1154676322,0.345755796,55.9314003,3.804,0.4548,0.25,0.4,0.25,0.5,0.375,0.2857143,146.0,4.990432586778736,-5.01167031363957,2.1886804714195858,20.86708590181881,0.355,0.22301248842000002
india,2006,8.060732572,1172878890,0.345755796,56.78594971,3.804,0.4676,0.25,0.4,0.25,0.5,0.506,0.2857143,167.0,5.123963979403259,-4.01167031363957,2.203949974622714,20.88272715405806,0.3812,0.21395368656480002
india,2007,7.660815067,1190676021,0.345755796,59.14783859,3.804,0.4807,0.25,0.4125,0.25,0.5625,0.5476667,0.2857143,150.0,5.017279836814924,-3.01167031363957,2.158808836736691,20.89778706848453,0.4045333400000001,0.20588604901976135
india,2008,3.086698059,1207930964,0.345755796,62.21192169,3.804,0.4941,0.25,0.4,0.25,0.625,0.51,0.2857143,535.0,6.284134161070802,-2.01167031363957,1.4077373234580866,20.912174786647206,0.40700000000000003,0.205033187028
india,2009,7.861888833,1225524753,0.345755796,61.36032104,3.804,0.5078,0.25,0.4,0.25,0.625,0.51,0.2857143,672.0,6.511745329644728,-1.01167031363957,2.181759928464811,20.92663495983085,0.40700000000000003,0.205033187028
india,2010,8.497584702,1243481564,0.345755796,64.94759369,3.115,0.5217,0.25,0.4,0.25,0.625,0.4926667,0.2857143,663.0,6.498282149476434,-0.01167031363956994,2.251037524386809,20.941180996007372,0.40353333999999996,0.20623180481576137
india,2011,5.241316199,1261224954,0.271246924,67.12516785,3.804,0.5414,0.25,0.4,0.25,0.625,0.4933333,0.2857143,645.0,6.470799503782602,0.9883296863604301,1.8311910894657966,20.955349272150496,0.40366666,0.16175358415364613
india,2012,5.456387552,1278674502,0.345755796,69.80895996,3.222,0.55,0.25,0.4,0.25,0.625,0.5006667,0.2857143,613.0,6.419994928147142,1.98832968636043,1.8650699589057118,20.969089833800005,0.40513334,0.20567859554216136
india,2013,6.386106401,1295829511,0.345755796,69.47712708,3.804,0.5523,0.25,0.4,0.25,0.625,0.5063333,0.3214286,694.0,6.543911845564792,2.98832968636043,1.999600722094278,20.9824168768404,0.40626666,0.20528674358343865
india,2014,7.410227605,1312277191,0.345755796,74.88870239,3.804,0.561,0.25,0.4,0.25,0.625,0.514,0.3214286,860.0,6.7580945044277305,3.98832968636043,2.129448537233388,20.995029779543263,0.40779999999999994,0.2047565823912
india,2015,7.996253786,1328024498,0.345755796,74.61136627,3.804,0.5674,0.25,0.425,0.5,0.625,0.508,0.3214286,885.0,6.786716950605081,4.98832968636043,2.196808244681806,21.00695833587266,0.46159999999999995,0.1861549205664
india,2016,8.256305502,1343944296,0.345755796,75.93728638,3.804,0.582,0.25,0.45,0.5,0.625,0.5103333,0.3571429,1027.0,6.93537044601511,5.98832968636043,2.2253049951807484,21.018874632503948,0.46706665999999997,0.18426479118663866
india,2017,6.795383419,1359657400,0.345755796,74.67437744,3.804,0.5884,0.25,0.475,0.5,0.6875,0.491,0.3928571,967.0,6.875232087276577,6.98832968636043,2.0535316891127597,21.030498593930048,0.4807,0.1795509848628
india,2018,6.453851345,1374659064,0.345755796,76.00257874,7.652,0.5785,0.25,0.45,0.5,0.6875,0.491,0.3928571,889.0,6.7912214627261855,7.98832968636043,2.00873085787457,21.041471584592312,0.47569999999999996,0.1812797638428
india,2019,3.871436941,1389030312,0.345755796,75.8716507,6.51,0.5759,0.25,0.45,0.5,0.6875,0.48,0.3571429,622.0,6.434546518787453,8.98832968636043,1.5833889533265235,21.051871724094596,0.4734999999999999,0.18204042659400002
india,2020,-5.777724707,1402617695,0.345755796,77.97664333,7.859,0.568,0.25,0.475,0.5,0.5625,0.4703333,0.3928571,450.0,6.111467339502679,9.98832968636043,-1.9136414566916822,21.061606110556724,0.45156666,0.18962400602463864
indonesia,1996,7.818187077,203204348,0.681460688,50.30279922,4.861,0.4753,0.25,0.35,0.5,0.25,0.125,0.5714286,65.0,4.189654742026425,-14.01167031363957,2.1768163020656592,19.129722675998625,0.29500000000000004,0.48042978504
indonesia,1998,-13.12672549,209826788,0.828322531,54.27188873,5.459,0.3855,0.125,0.275,0.25,0.125,0.0,0.5,3.0,1.3862943611198906,-12.01167031363957,-2.648068428155823,19.161792934049565,0.155,0.6999325386949999
indonesia,2000,4.920067747,216077790,0.656772431,55.59762955,6.077,0.3791,0.125,0.275,0.25,0.0,0.0,0.5357143,101.0,4.624972813284271,-10.01167031363957,1.778347892580435,19.191149044330846,0.13,0.57139201497
indonesia,2002,4.499475391,222088495,0.468390893,57.64659882,6.604,0.3885,0.0,0.275,0.0,0.1875,0.125,0.3928571,43.0,3.784189633918261,-8.01167031363957,1.7046527042345887,19.218586491035104,0.11750000000000001,0.41335496307249997
indonesia,2003,4.780369122,225048008,0.455486129,60.72446823,6.657,0.3873,0.0,0.275,0.0,0.0625,0.25,0.3928571,18.0,2.9444389791664403,-7.01167031363957,1.7544675425829155,19.231824310741175,0.11750000000000001,0.4019665088425
indonesia,2004,5.030873945,227926649,0.454143934,62.97586823,7.303,0.4036,0.0,0.275,0.0,0.25,0.25,0.3928571,17.0,2.8903717578961645,-6.01167031363957,1.796891933073166,19.244534424632466,0.155,0.38375162423000003
indonesia,2005,5.692571304,230871650,0.410938013,61.63827896,7.945,0.4158,0.0,0.275,0.0,0.4375,0.25,0.3928571,15.0,2.772588722239781,-5.01167031363957,1.900998150670145,19.257372490693577,0.1925,0.3318324454975
indonesia,2006,5.500951785,233951652,0.468292408,64.64221191,7.551,0.409,0.0,0.3,0.25,0.5,0.4636667,0.4285714,10.0,2.3978952727983707,-4.01167031363957,1.871948594643529,19.270625040863848,0.30273333999999996,0.3265246832295173
indonesia,2007,6.345022227,237062337,0.410768323,71.85450745,8.06,0.4155,0.0,0.3,0.25,0.5625,0.4636667,0.4285714,2.0,1.0986122886681098,-3.01167031363957,1.9940228357614933,19.283833694049065,0.31523334,0.2812804525745112
indonesia,2008,6.0137036,240157903,0.380051134,70.16844177,7.208,0.4581,0.0,0.3,0.25,0.5625,0.4613333,0.4285714,13.0,2.6390573296152584,-2.01167031363957,1.9478658924846157,19.29680719829635,0.31476666,0.2604237079216076
indonesia,2009,4.628871183,243220028,0.378748545,74.50359344,6.106,0.4716,0.0,0.3,0.25,0.625,0.4613333,0.4285714,19.0,2.995732273553991,-1.01167031363957,1.727908921693476,19.309477060750737,0.32726666,0.25479677369799025
indonesia,2010,6.223854181,246305322,0.341008845,75.65190887,5.614,0.4212,0.0,0.3,0.25,0.625,0.4676667,0.4285714,4.0,1.6094379124341003,-0.01167031363956994,1.977388630556583,19.322082474712694,0.32853334,0.2289760701826077
indonesia,2011,6.169784208,249470032,0.312102024,78.1330719,5.153,0.4396,0.0,0.3,0.25,0.625,0.4676667,0.4285714,21.0,3.091042453358316,0.9883296863604301,1.9698755576453701,19.334849357725844,0.32853334,0.20956610363451983
indonesia,2012,6.030050653,252698525,0.265782612,80.09268188,4.468,0.4337,0.0,0.3,0.25,0.625,0.4753333,0.4285714,39.0,3.6888794541139363,1.98832968636043,1.9501939110597737,19.34770773933785,0.33006666,0.17805663297108407
indonesia,2013,5.557263689,255852467,0.271665517,81.88969748,4.336,0.4261,0.0,0.325,0.25,0.5625,0.4773333,0.3928571,32.0,3.4965075614664802,2.98832968636043,1.8805733953577415,19.360111539445967,0.32296665999999996,0.18392661233733681
indonesia,2014,5.006668426,258877399,0.256611167,83.55599493,4.049,0.4252,0.0,0.375,0.5,0.625,0.565,0.4285714,35.0,3.58351893845611,3.98832968636043,1.7928702564088206,19.37186514852068,0.413,0.15063075502899997
indonesia,2015,4.8763223,261799249,0.215861031,87.84232079,4.514,0.441,0.25,0.4,0.25,0.625,0.5676667,0.4285714,29.0,3.4011973816621555,4.98832968636043,1.7709311070456688,19.383088546653692,0.4185333399999999,0.12551599271972647
indonesia,2016,5.033069183,264627418,0.180464648,87.81917917,4.301,0.4232,0.25,0.4,0.25,0.625,0.5656667,0.4285714,19.0,2.995732273553991,5.98832968636043,1.797255866822014,19.393833428615125,0.41813333999999996,0.10500636197983568
indonesia,2017,5.069785901,267346658,0.147567417,90.94553912,3.783,0.4095,0.25,0.4,0.25,0.625,0.5463333,0.4642857,27.0,3.332204510175204,6.98832968636043,1.8033233327854263,19.404056722553793,0.41426666,0.08643515603458278
indonesia,2018,5.17429154,269951846,0.124650942,92.81207396,4.387,0.4621,0.25,0.4,0.25,0.625,0.5463333,0.4285714,43.0,3.784189633918261,7.98832968636043,1.8203941455676367,19.413754156612942,0.41426666,0.07301221259180628
indonesia,2019,5.01928768,272489381,0.108495216,94.94670449,3.59,0.4621,0.25,0.4,0.25,0.5625,0.5493333,0.4642857,26.0,3.295836866004329,8.98832968636043,1.7949689267383104,19.423110206170797,0.40236666000000004,0.06484035831210144
indonesia,2020,-2.065511829,274814866,0.098477703,96.93457791,4.255,0.4621,0.25,0.4,0.25,0.5625,0.5433333,0.4642857,19.0,2.995732273553991,9.98832968636043,-1.1202145469637723,19.431608218013537,0.40116666,0.05897173180301802
iraq,1996,11.02078564,21501321,0.005645888999999999,38.77507019,10.59,0.5459,0.0,0.125,0.0,0.0,0.125,0.1785714,12.0,2.5649493574615367,-14.01167031363957,2.486637288036012,16.88362497957965,0.05,0.005363594549999999
iraq,1998,35.00096762,22884399,0.005645888999999999,40.41062927,10.59,0.5459,0.0,0.125,0.0,0.0,0.125,0.1785714,7.0,2.0794415416798357,-12.01167031363957,3.5835458164282272,16.945966013679424,0.05,0.005363594549999999
iraq,2000,16.79613444,24424056,0.005645888999999999,36.87025833,10.59,0.5459,0.0,0.175,0.0,0.0,0.125,0.1785714,10.0,2.3978952727983707,-10.01167031363957,2.878981267421891,17.01107914716419,0.06,0.005307135659999999
iraq,2002,-8.203704812,26006559,0.005645888999999999,40.41062927,10.59,0.5459,0.0,0.125,0.0,0.0,0.125,0.1785714,6.0,1.9459101490553132,-8.01167031363957,-2.219606099950858,17.073859371853832,0.05,0.005363594549999999
iraq,2003,-36.65678044,26802659,0.005645888999999999,40.41062927,10.59,0.5459,0.0,0.125,0.0,0.0,0.125,0.1785714,102.0,4.634728988229636,-7.01167031363957,-3.6285130293992607,17.104011694287102,0.05,0.005363594549999999
iraq,2004,53.38554729,27577878,0.005645888999999999,45.14722061,10.59,0.5459,0.125,0.075,0.25,0.0,0.0,0.1071429,323.0,5.780743515792329,-6.01167031363957,3.9960984437479143,17.1325245238189,0.09,0.00513775899
iraq,2005,1.675228636,28407448,0.005645888999999999,40.41062927,10.59,0.5459,0.125,0.075,0.0,0.0,0.0,0.1071429,617.0,6.42648845745769,-5.01167031363957,0.9840348480973669,17.162161957472154,0.04,0.005420053439999999
iraq,2006,5.638299152,28616515,0.00570051,40.41062927,10.59,0.5459,0.0,0.05,0.0,0.0625,0.1336667,0.1071429,837.0,6.731018100482083,-4.01167031363957,1.892855778868636,17.169494591628702,0.04923334,0.0054198548529965996
iraq,2007,1.888539362,28391607,0.005645888999999999,50.57424164,8.646,0.5459,0.0,0.05,0.0,0.0625,0.1753333,0.1428571,1045.0,6.952728644624869,-3.01167031363957,1.0607509632884498,17.161604166507043,0.057566660000000006,0.00532087402753926
iraq,2008,8.228107104,28971036,0.005645888999999999,40.41062927,10.59,0.5446,0.0,0.05,0.0,0.0625,0.2166667,0.2142857,1106.0,7.009408932708637,-2.01167031363957,2.222253946659411,17.181807164755558,0.06583333999999999,0.00527420126986074
iraq,2009,3.379299094,30058206,0.005645888999999999,40.41062927,10.59,0.5434,0.0,0.05,0.0,0.125,0.2166667,0.2142857,1137.0,7.037027614686276,-1.01167031363957,1.4768886873822031,17.218646293138203,0.07833334,0.005203627657360739
iraq,2010,6.402564845,31045366,0.005645888999999999,40.41062927,10.59,0.5423,0.0,0.05,0.0,0.0625,0.2166667,0.2142857,1179.0,7.07326971745971,-0.01167031363956994,2.0018265408336613,17.25096014426062,0.06583333999999999,0.00527420126986074
iraq,2011,7.5464712,32161424,0.005645888999999999,40.41062927,10.59,0.5412,0.0,0.09999999999999999,0.0,0.3125,0.2176667,0.2142857,1308.0,7.1770187659099,0.9883296863604301,2.1455184726080048,17.286278310994888,0.12603334,0.004934318752060739
iraq,2012,13.93643017,33654842,0.005591268,40.41062927,7.965,0.5155,0.0,0.125,0.0,0.3125,0.3033333,0.1785714,1435.0,7.269616749608169,1.98832968636043,2.7038032067084545,17.331667526433154,0.14816666,0.00476282849527512
iraq,2013,7.628285923,35281989,0.005645888999999999,40.41062927,10.59,0.4519,0.0,0.125,0.0,0.1875,0.3033333,0.1785714,2852.0,7.9561263512135,2.98832968636043,2.155045866943983,17.378883193407802,0.12316666000000001,0.00495050370913926
iraq,2014,2.263688176,36550059,0.005645888999999999,40.41062927,10.59,0.4729,0.0,0.125,0.0,0.125,0.3076667,0.2142857,3934.0,8.277666160851503,3.98832968636043,1.182857898224442,17.41419338574558,0.11153334,0.005016184142560739
iraq,2015,2.606766429,37560535,0.005645888999999999,40.41062927,10.59,0.4944,0.0,0.125,0.0,0.125,0.3026667,0.25,2751.0,7.920083199053234,4.98832968636043,1.2828116449037246,17.441464482703047,0.11053334000000001,0.005021830031560739
iraq,2016,13.78737302,38469627,0.005645888999999999,40.41062927,10.82,0.5166,0.0,0.09999999999999999,0.0,0.125,0.3026667,0.25,3395.0,8.130353547431238,5.98832968636043,2.693773642285388,17.465379604809097,0.10553333999999999,0.00505005947656074
iraq,2017,-1.819750351,39337353,0.005645888999999999,40.41062927,13.02,0.5393,0.0,0.09999999999999999,0.0,0.125,0.303,0.1785714,2548.0,7.8434564043761155,6.98832968636043,-1.0366483530170019,17.48768510887667,0.1056,0.005049683121599999
iraq,2018,2.633850991,40265624,0.005645888999999999,40.41062927,10.59,0.5626,0.0,0.09999999999999999,0.0,0.125,0.302,0.1785714,1364.0,7.21890970761906,7.98832968636043,1.2902929650056043,17.511008685256968,0.10539999999999998,0.0050508122994
iraq,2019,5.513790575,41192171,0.005645888999999999,40.41062927,10.59,0.5866,0.0,0.09999999999999999,0.0,0.125,0.2913333,0.1785714,644.0,6.4692503167957724,8.98832968636043,1.8739215563525715,17.533758796267467,0.10326666,0.00506285690023926
iraq,2020,-12.03679309,42116605,0.005645888999999999,40.41062927,10.59,0.6113,0.0,0.075,0.0,0.125,0.204,0.1785714,764.0,6.639875833826536,9.98832968636043,-2.5677755975721084,17.555952662686117,0.08080000000000001,0.0051897011688
ireland,1996,7.379624658,3637510,0.002240181,115.8337326,11.692,0.31,0.75,0.85,0.75,1.0,0.75,0.8571428999999999,1.0,0.6931471805599453,-14.01167031363957,2.125803123276083,15.106810214512295,0.82,0.00040323258000000007
ireland,1998,8.766122657,3712696,0.002350518,115.8337326,7.699,0.3474,0.75,0.875,0.75,1.0,0.75,0.8571428999999999,3.0,1.3862943611198906,-12.01167031363957,2.278919525155109,15.127269124658314,0.825,0.00041134065000000006
ireland,2000,9.403524764,3805174,0.001782722,105.1223679,4.318,0.3576,0.75,0.875,0.75,1.0,0.75,0.8928571,0.0,0.0,-10.01167031363957,2.3421446683424323,15.151872540335956,0.825,0.00031197635000000006
ireland,2002,5.899365061,3931947,0.002350518,106.364212,4.216,0.3473,0.75,0.875,0.75,1.0,0.75,0.8928571,0.0,0.0,-8.01167031363957,1.9314293872241728,15.184645535339772,0.825,0.00041134065000000006
ireland,2003,3.013838694,3996521,0.002256395,107.8529968,4.478,0.355,0.875,0.8999999999999999,0.75,1.0,0.875,0.8928571,1.0,0.6931471805599453,-7.01167031363957,1.3897480637171469,15.200935040849775,0.8800000000000001,0.00027076739999999975
ireland,2004,6.788139906,4070262,0.000849493,109.4098816,4.491,0.3538,0.75,0.875,0.75,1.0,0.75,0.8214286,0.0,0.0,-6.01167031363957,2.0526020516526544,15.21921817449567,0.825,0.00014866127500000003
ireland,2005,5.739782026,4159914,0.000626923,109.7843018,4.237,0.3638,0.875,0.9249999999999999,1.0,1.0,1.0,0.8571428999999999,0.0,0.0,-5.01167031363957,1.9080275840451721,15.241005199336389,0.96,2.5076920000000026e-05
ireland,2006,4.987853645,4273591,0.004720414,109.6034393,4.355,0.3677,0.75,0.9249999999999999,0.75,0.9375,0.8836666999999999,0.8214286,1.0,0.6931471805599453,-4.01167031363957,1.789733024875921,15.267965249378014,0.84923334,0.0007116810525972403
ireland,2007,5.310118309,4398942,0.001293331,111.2344971,4.98,0.3529,0.75,0.9249999999999999,0.75,0.90625,0.8836666999999999,0.8214286,1.0,0.6931471805599453,-3.01167031363957,1.842154425822678,15.29687484275657,0.84298334,0.00020307451389446003
ireland,2008,-4.48407081,4489544,0.002007196,111.2939682,6.774,0.3159,0.75,0.9249999999999999,0.75,0.875,0.8836666999999999,0.8214286,5.0,1.791759469228055,-2.01167031363957,-1.701847673724658,15.317261918280671,0.83673334,0.00032770818688536007
ireland,2009,-5.095782779,4535375,0.005775791,114.392662,12.609,0.3196,0.75,0.8999999999999999,0.5,0.75,0.8003332999999999,0.8214286,0.0,0.0,-1.01167031363957,-1.80759718438332,15.327418548789069,0.7400666599999999,0.0015013206457719407
ireland,2010,1.682971755,4560155,0.007488451,118.0969086,14.534,0.3176,0.75,0.8999999999999999,0.5,0.75,0.7929999999999999,0.8214286,4.0,1.6094379124341003,-0.01167031363956994,0.9869250439933663,15.332867391431718,0.7385999999999999,0.0019574810914000005
ireland,2011,1.608866489,4580084,0.006732483,115.8337326,15.354,0.3267,0.625,0.8999999999999999,0.5,0.75,0.7853333,0.8214286,4.0,1.6094379124341003,0.9883296863604301,0.9589158315987415,15.337228114870118,0.71206666,0.0019385063166832202
ireland,2012,-0.405029417,4599533,0.005379514,117.7521896,15.451,0.303,0.625,0.8999999999999999,0.5,0.75,0.7853333,0.8214286,29.0,3.4011973816621555,1.98832968636043,-0.34005823993307355,15.341465551979866,0.71206666,0.0015489414335967604
ireland,2013,2.192937575,4623816,0.007410097,115.8337326,13.735,0.3187,0.625,0.8999999999999999,0.5,0.75,0.7893333,0.8214286,27.0,3.332204510175204,2.98832968636043,1.1609413629621375,15.346731112426628,0.71286666,0.00212768590133398
ireland,2014,9.385793351,4657740,0.004454243,116.7390976,11.858,0.324,0.625,0.875,0.5,0.8125,0.7906667,0.8214286,33.0,3.5263605246161616,3.98832968636043,2.3404388483437657,15.354041124617302,0.72063334,0.00124436698973838
ireland,2015,24.62398564,4701957,0.004278008,116.9898682,9.908,0.3466,0.625,0.875,0.5,0.8125,0.7949999999999999,0.8214286,28.0,3.367295829986474,4.98832968636043,3.2435288518945864,15.363489575673054,0.7215,0.0011914252279999998
ireland,2016,1.222716611,4762722,0.003402334,117.028717,8.374,0.3526,0.625,0.85,0.5,0.75,0.8049999999999999,0.8214286,15.0,2.772588722239781,5.98832968636043,0.7987301464238898,15.37633012146786,0.7060000000000001,0.0010002861959999998
ireland,2017,10.10885761,4827445,0.003040497,125.3071213,6.713,0.3396,0.625,0.85,0.5,0.75,0.8049999999999999,0.8214286,17.0,2.8903717578961645,6.98832968636043,2.4077427729821084,15.38982810730821,0.7060000000000001,0.0008939061179999998
ireland,2018,7.688659374,4898022,0.000987075,154.9082947,5.741,0.3538,0.625,0.85,0.5,0.75,0.8049999999999999,0.8571428999999999,5.0,1.791759469228055,7.98832968636043,2.162018655109137,15.404342212277427,0.7060000000000001,0.0002902000499999999
ireland,2019,4.972880038,4976456,0.000563519,138.091217,4.95,0.3604,0.625,0.85,0.5,0.75,0.8079999999999999,0.8571428999999999,12.0,2.5649493574615367,8.98832968636043,1.7872292295036132,15.420228750020055,0.7066,0.00016533647459999998
ireland,2020,7.153695057,5039747,0.001825366,135.2246704,5.623,0.3604,0.625,0.85,0.75,0.75,0.8016667,0.8571428999999999,10.0,2.3978952727983707,9.98832968636043,2.098471205733551,15.43286663879751,0.75533334,0.00044660620249756006
israel,1996,5.839438476,5692000,0.007305765,96.4185524,6.682,0.4976,0.875,0.7999999999999999,1.0,0.25,0.5,0.7142856999999999,18.0,2.9444389791664403,-14.01167031363957,1.9227056341125028,15.554572413877036,0.6849999999999999,0.0023013159750000004
israel,1998,4.111963962,5971000,0.007305765,96.4185524,8.535,0.5002,0.75,0.725,1.0,0.3125,0.5,0.7142856999999999,12.0,2.5649493574615367,-12.01167031363957,1.6315836673633735,15.60242514300525,0.6575,0.0025022245125000003
israel,2000,8.582089424,6289000,0.007305765,98.04927063,8.78,0.503,0.625,0.7,1.0,0.4375,0.375,0.75,13.0,2.6390573296152584,-10.01167031363957,2.2598956709158173,15.65431279253342,0.6275000000000001,0.0027213974624999996
israel,2002,-0.134072635,6570000,0.007474366,99.26904297,10.302,0.5073,0.625,0.7,1.0,0.4375,0.5,0.7142856999999999,71.0,4.276666119016055,-8.01167031363957,-0.12581525528253545,15.698024542667783,0.6525000000000001,0.002597342184999999
israel,2003,1.449057694,6689700,0.009380756,98.25582886,10.72,0.5101,0.5,0.6749999999999999,1.0,0.4375,0.5,0.7142856999999999,34.0,3.5553480614894135,-7.01167031363957,0.8957033358795561,15.716079737533127,0.6224999999999999,0.003541235390000001
israel,2004,4.647897444,6809000,0.009712281,97.19194031,10.369,0.5128,0.5,0.6749999999999999,1.0,0.4375,0.5,0.6785713999999999,18.0,2.9444389791664403,-6.01167031363957,1.7312833420940723,15.733755971329536,0.6224999999999999,0.0036663860775000006
israel,2005,4.38778887,6930100,0.009717233,96.97492218,8.993,0.5155,0.5,0.6749999999999999,1.0,0.4375,0.5,0.6785713999999999,28.0,3.367295829986474,-5.01167031363957,1.6841350725539272,15.751384945374456,0.6224999999999999,0.0036682554575000006
israel,2006,5.601626982,7053700,0.00499392,96.70527649,8.404,0.515,0.5,0.625,0.75,0.5,0.576,0.6428571,79.0,4.382026634673881,-4.01167031363957,1.8873161310774271,15.769063001581781,0.5902000000000001,0.0020465084159999995
israel,2007,6.323349505,7180100,0.004918124,96.23010254,7.319,0.5146,0.5,0.625,0.75,0.53125,0.576,0.6428571,49.0,3.912023005428146,-3.01167031363957,1.9910678059644782,15.786824007777838,0.59645,0.0019847089402
israel,2008,3.222096,7308800,0.007378151,95.0427475,6.1,0.5174,0.5,0.625,0.75,0.625,0.5826667,0.6785713999999999,129.0,4.867534450455582,-2.01167031363957,1.4403316872064678,15.804589796385075,0.6165333399999999,0.0028292749209456606
israel,2009,1.237731597,7485600,0.007393684,95.80390167,7.61,0.5201,0.5,0.625,0.75,0.5,0.5826667,0.6785713999999999,36.0,3.6109179126442243,-1.01167031363957,0.8054626728494956,15.828491866533657,0.59153334,0.00302007340857544
israel,2010,5.534340339,7623600,0.00460204,96.51119232,6.637,0.5227,0.5,0.6,0.75,0.5,0.4993333,0.6785713999999999,14.0,2.70805020110221,-0.01167031363956994,1.8770713992114194,15.846759388214242,0.56986666,0.0019794908360136
israel,2011,5.518796214,7765800,0.002693994,96.30815887,5.604,0.5172,0.5,0.65,0.75,0.4375,0.5843332999999999,0.75,51.0,3.9512437185814275,0.9883296863604301,1.874689729137789,15.865240164428311,0.5843666599999999,0.0011197137241599601
israel,2012,2.447168367,7910500,0.00745615,96.29354095,6.762,0.5117,0.5,0.65,0.75,0.4375,0.5843332999999999,0.75,59.0,4.0943445622221,1.98832968636043,1.2375531308443404,15.883701675285508,0.5843666599999999,0.0030990245280410004
israel,2013,4.085709186,8059500,0.004745734,96.49815369,6.137,0.5018,0.5,0.65,0.75,0.4375,0.5843332999999999,0.75,37.0,3.6375861597263857,2.98832968636043,1.6264344860493598,15.902362201896292,0.5843666599999999,0.0019724852731715604
israel,2014,3.775828432,8215700,0.007305765,96.32904053,5.789,0.4923,0.5,0.65,0.75,0.5,0.5876667,0.75,293.0,5.683579767338681,3.98832968636043,1.5635674524969827,15.921557637523248,0.59753334,0.0029403268382948997
israel,2015,2.237603175,8380100,0.004938537,96.33895111,5.176,0.4891,0.625,0.6749999999999999,0.75,0.5625,0.5923333,0.75,58.0,4.07753744390572,4.98832968636043,1.1748332952437277,15.941370524891601,0.6409666599999999,0.0017730994338235803
israel,2016,4.459782719,8546000,0.004831344,96.79280853,4.723,0.486,0.75,0.6749999999999999,0.75,0.6875,0.595,0.8214286,50.0,3.9318256327243257,5.98832968636043,1.6974089939100243,15.960974012199909,0.6914999999999999,0.0014904696240000005
israel,2017,4.346931167,8713300,0.007238092,96.29299164,4.14,0.486,0.5,0.6749999999999999,0.75,0.6875,0.593,0.8214286,34.0,3.5553480614894135,6.98832968636043,1.676522782683809,15.98036126669729,0.6411,0.0025977512188
israel,2018,4.003898622,8882800,0.007167306,96.65574646,3.917,0.486,0.5,0.7,0.75,0.6875,0.593,0.8214286,63.0,4.1588830833596715,7.98832968636043,1.6102173330069545,15.99962749315935,0.6461,0.0025365095934
israel,2019,3.710496328,9054000,0.009976542,96.29541779,3.731,0.486,0.5,0.7,0.75,0.6875,0.5953333,0.8214286,65.0,4.189654742026425,8.98832968636043,1.5497932799712002,16.018717317426457,0.6465666600000001,0.003526042560710279
israel,2020,-2.021615482,9215100,0.007464206,96.14169312,4.169,0.486,0.5,0.7,0.75,0.625,0.5946667,0.8214286,67.0,4.219507705176107,9.98832968636043,-1.1057916161784667,16.036354109416664,0.63393334,0.0027323969599719598
italy,1996,1.345584772,56860281,0.01264796,100.5963974,11.864,0.2796,0.625,0.7999999999999999,0.75,0.875,0.625,0.7142856999999999,8.0,2.1972245773362196,-14.01167031363957,0.8525347405335959,17.8561076237246,0.735,0.0033517094
italy,1998,1.804373282,56906744,0.017424413,100.5963974,12.117,0.2883,0.625,0.7,0.75,1.0,0.625,0.75,6.0,1.9459101490553132,-12.01167031363957,1.0311800851337043,17.85692443337162,0.74,0.00453034738
italy,2000,3.882098851,56942108,0.01249517,94.79878998,10.834,0.2959,0.625,0.7,0.75,1.0,0.625,0.6785713999999999,8.0,2.1972245773362196,-10.01167031363957,1.5855752198198556,17.857545678116647,0.74,0.0032487442
italy,2002,0.269929664,57089824,0.017487728,98.81388092,9.211,0.3017,0.625,0.7,0.75,0.75,0.625,0.6785713999999999,7.0,2.0794415416798357,-8.01167031363957,0.23896151625965747,17.86013646260031,0.6900000000000001,0.005421195679999999
italy,2003,0.066553809,57399184,0.008816183,99.52631378,8.869,0.2963,0.5,0.6749999999999999,0.5,0.75,0.625,0.6785713999999999,15.0,2.772588722239781,-7.01167031363957,0.06443271147742652,17.86554066258272,0.61,0.00343831137
italy,2004,1.474021706,57828179,0.00790682,99.07501984,7.866,0.3044,0.625,0.7,0.5,0.8125,0.625,0.75,3.0,1.3862943611198906,-6.01167031363957,0.9058450475777254,17.872986758084604,0.6525000000000001,0.0027476199499999994
italy,2005,0.762410677,58166682,0.007962184,99.20562744,7.73,0.299,0.625,0.6749999999999999,0.5,0.8125,0.625,0.7142856999999999,6.0,1.9459101490553132,-5.01167031363957,0.5666825747037143,17.8788232917409,0.6475,0.0028066698600000004
italy,2006,1.799479922,58399861,0.007647415,99.53385162,6.777,0.3034,0.625,0.6749999999999999,0.5,0.8125,0.841,0.75,4.0,1.6094379124341003,-4.01167031363957,1.0294336577860927,17.882824084781966,0.6907,0.0023653454595
italy,2007,1.462292053,58756247,0.00788204,99.83773804,6.076,0.3054,0.625,0.6749999999999999,0.5,0.78125,0.841,0.75,0.0,0.0,-3.01167031363957,0.9010926450161529,17.888908054270065,0.68445,0.002487177722
italy,2008,-1.023138512,59211181,0.008526028,100.2914581,6.723,0.3022,0.625,0.65,0.5,0.8125,0.8493333,0.75,1.0,0.6931471805599453,-2.01167031363957,-0.7046500244527139,17.896620967152817,0.68736666,0.00266552061057352
italy,2009,-5.305154012,59555454,0.01079074,100.1754913,7.749,0.2992,0.625,0.65,0.5,0.75,0.8493333,0.7142856999999999,4.0,1.6094379124341003,-1.01167031363957,-1.8413673960812775,17.902418453264595,0.67486666,0.0035084293372716004
italy,2010,1.529105732,59819407,0.014104554,101.4011612,8.363,0.3045,0.375,0.625,0.5,0.75,0.8443333,0.7142856999999999,10.0,2.3978952727983707,-0.01167031363956994,0.9278657746430867,17.906840714761373,0.6188666599999999,0.005375715775230361
italy,2011,0.695463154,60026841,0.01264796,101.5964279,8.359,0.3087,0.25,0.625,0.5,0.75,0.8413333,0.7142856999999999,5.0,1.791759469228055,0.9883296863604301,0.5279559507048374,17.910302386814408,0.5932666600000001,0.005144347014986399
italy,2012,-3.125238773,60191247,0.014115522,100.4498367,10.655,0.3057,0.25,0.625,0.5,0.6875,0.8413333,0.7142856999999999,10.0,2.3978952727983707,1.98832968636043,-1.4171239024750455,17.913037517650253,0.58076666,0.00591769743390348
italy,2013,-1.818025107,60311613,0.016131836,100.9731216,12.149,0.3059,0.25,0.625,0.5,0.6875,0.845,0.7142856999999999,7.0,2.0794415416798357,2.98832968636043,-1.03603632294709,17.915035246800137,0.5814999999999999,0.006751173366000001
italy,2014,-0.001387617,60320707,0.014488131,101.121727,12.683,0.3049,0.25,0.625,0.5,0.6875,0.845,0.7142856999999999,7.0,2.0794415416798357,3.98832968636043,-0.001386655149214842,17.915186018995623,0.5814999999999999,0.006063282823500001
italy,2015,0.885667635,60229605,0.020502881,101.2280884,11.896,0.3064,0.25,0.625,0.5,0.6875,0.8493333,0.7857143,6.0,1.9459101490553132,4.98832968636043,0.6342819412158459,17.91367458340794,0.58236666,0.008562686671652539
italy,2016,1.236221085,60115223,0.017778953,100.7429581,11.688,0.3205,0.25,0.625,0.5,0.6875,0.8493333,0.7857143,11.0,2.4849066497880004,5.98832968636043,0.8047874256286336,17.91177367857567,0.58236666,0.007425083523093019
italy,2017,1.603699953,60002252,0.015411753,101.0100174,11.211,0.3276,0.25,0.625,0.5,0.6875,0.8493333,0.7857143,10.0,2.3978952727983707,6.98832968636043,0.9569334922849368,17.90989266948139,0.58236666,0.00643646188064502
italy,2018,0.826646712,60148658,0.017016388,101.526413,10.538,0.3275,0.25,0.6,0.5,0.6875,0.757,0.75,15.0,2.772588722239781,7.98832968636043,0.6024818881445548,17.912329705872104,0.5589000000000001,0.007505928746799999
italy,2019,0.429162534,59729081,0.010350133,101.7417831,9.884,0.3257,0.25,0.6,0.5,0.6875,0.7506667,0.75,8.0,2.1972245773362196,8.98832968636043,0.35708863215796016,17.905329595429155,0.55763334,0.00457855376576578
italy,2020,-8.868221222,59438851,0.008764221,101.8361282,9.192,0.3257,0.375,0.6,0.5,0.6875,0.758,0.75,13.0,2.6390573296152584,9.98832968636043,-2.289319616535001,17.90045864459373,0.5841000000000001,0.0036450395139
jamaica,1996,-0.113731206,2524463,0.08283077,85.52950299,16.01,0.5541,0.25,0.35,0.25,0.5,0.375,0.5357143,1.0,0.6931471805599453,-14.01167031363957,-0.10771582513749779,14.741539320929874,0.34500000000000003,0.05425415435
jamaica,1998,-2.334553539,2569736,0.054748501000000005,85.52950299,15.5,0.5541,0.25,0.35,0.25,0.5,0.375,0.5357143,0.0,0.0,-12.01167031363957,-1.2043387990416983,14.759314117004507,0.34500000000000003,0.03586026815500001
jamaica,2000,0.87870355,2607826,0.054748501000000005,80.04814911,15.539,0.5541,0.25,0.35,0.25,0.5,0.375,0.4642857,0.0,0.0,-10.01167031363957,0.6305819378938446,14.774027865472632,0.34500000000000003,0.03586026815500001
jamaica,2002,1.997290942,2640572,0.06409001,80.49839783,14.19,0.5619,0.125,0.325,0.25,0.375,0.25,0.4642857,0.0,0.0,-8.01167031363957,1.097708861367198,14.786506497026087,0.265,0.047106157350000004
jamaica,2003,3.66631759,2656623,0.054748501000000005,80.86839294,11.731,0.562,0.125,0.325,0.25,0.375,0.25,0.5,0.0,0.0,-7.01167031363957,1.540370236006472,14.792566701743475,0.265,0.040240148235
jamaica,2004,1.323725105,2672225,0.045406992,85.65721893,12.205,0.5588,0.125,0.375,0.25,0.5625,0.25,0.5357143,0.0,0.0,-6.01167031363957,0.8431715467094157,14.798422390900239,0.3125,0.031217307
jamaica,2005,0.893797935,2687066,0.054748501000000005,84.6938324,11.263,0.5548,0.125,0.4,0.0,0.5625,0.375,0.5,0.0,0.0,-5.01167031363957,0.6385843021664147,14.803960822158363,0.2925,0.0387345644575
jamaica,2006,2.899125345,2700968,0.054748501000000005,85.52950299,10.325,0.5516,0.25,0.45,0.5,0.5625,0.578,0.6428571,0.0,0.0,-4.01167031363957,1.360752257470388,14.809121155478234,0.4681,0.029120727681900004
jamaica,2007,1.431954038,2713800,0.054748501000000005,86.40058136,9.745,0.5618,0.25,0.45,0.5,0.5625,0.578,0.6428571,1.0,0.6931471805599453,-3.01167031363957,0.8886950650766509,14.813860793180915,0.4681,0.029120727681900004
jamaica,2008,-0.811736702,2725635,0.054748501000000005,88.05020905,6.666,0.553,0.25,0.425,0.5,0.5625,0.4903333,0.6428571,0.0,0.0,-2.01167031363957,-0.5942858891155451,14.818212353342636,0.44556666,0.03035439426942334
jamaica,2009,-4.345301858,2736995,0.054748501000000005,90.17427826,7.314,0.5446,0.25,0.425,0.5,0.5,0.4903333,0.6428571,0.0,0.0,-1.01167031363957,-1.6762180177186605,14.8223715265676,0.43306666,0.031038750531923346
jamaica,2010,-1.457147209,2748568,0.054748501000000005,89.49394542,7.63,0.5455,0.25,0.4,0.5,0.4375,0.407,0.6428571,0.0,0.0,-0.01167031363956994,-0.8990010058671768,14.826590970570248,0.3989,0.0329093239511
jamaica,2011,1.73037627,2760494,0.054748501000000005,91.53739166,8.034,0.5384,0.25,0.4,0.5,0.4375,0.4043333,0.6428571,0.0,0.0,0.9883296863604301,1.0044394275383122,14.83092056943852,0.39836666,0.032938523516623346
jamaica,2012,-0.613636042,2772430,0.054748501000000005,85.52950299,8.695,0.5325,0.25,0.4,0.5,0.5,0.413,0.6071428999999999,0.0,0.0,1.98832968636043,-0.4784900437990907,14.835235110611123,0.41259999999999997,0.032159269487400007
jamaica,2013,0.517686011,2783687,0.054748501000000005,85.40178705,9.698,0.5398,0.25,0.425,0.5,0.6875,0.4963333,0.6071428999999999,0.0,0.0,2.98832968636043,0.417186813704776,14.839287225190734,0.47176666,0.02891998354322334
jamaica,2014,0.68982236,2793749,0.054748501000000005,86.3705618,9.046,0.5319,0.25,0.425,0.5,0.75,0.4963333,0.5714286,1.0,0.6931471805599453,3.98832968636043,0.5246234109842484,14.842895337344016,0.48426666,0.02823562728072334
jamaica,2015,0.921487124,2802534,0.054748501000000005,85.3548254,13.511,0.5282,0.25,0.425,0.5,0.75,0.4963333,0.6071428999999999,0.0,0.0,4.98832968636043,0.6530994299854775,14.846034922699708,0.48426666,0.02823562728072334
jamaica,2016,2.760437614,2809915,0.054748501000000005,87.93982486,8.634,0.5295,0.25,0.425,0.5,0.75,0.4963333,0.6071428999999999,0.0,0.0,5.98832968636043,1.324535337331524,14.848665147624683,0.48426666,0.02823562728072334
jamaica,2017,2.293033713,2815764,0.054748501000000005,84.23694323,7.399,0.5299,0.25,0.45,0.5,0.6875,0.493,0.5714286,2.0,1.0986122886681098,6.98832968636043,1.1918092411189245,14.850744541073237,0.4761,0.028682739673900004
jamaica,2018,2.515844586,2820097,0.004248895,83.7616154,5.47,0.5327,0.25,0.425,0.5,0.75,0.484,0.5714286,0.0,0.0,7.98832968636043,1.2572797769119803,14.852282194083518,0.48179999999999995,0.002201777389
jamaica,2019,1.809431473,2823271,0.054748501000000005,85.76184997,4.987,0.5258,0.375,0.4,0.5,0.75,0.482,0.5714286,0.0,0.0,8.98832968636043,1.0329821400998398,14.85340705399335,0.5014,0.027297602598600004
jamaica,2020,-8.304419236,2830739,0.054748501000000005,81.53378166,6.501,0.5411,0.375,0.425,0.5,0.6875,0.4876667,0.5714286,0.0,0.0,9.98832968636043,-2.230489473960446,14.856048719537352,0.49503334,0.027646167689976662
japan,1996,3.133870993,125757000,0.008556418,102.0416527,3.4,0.381,0.375,0.725,0.75,1.0,0.625,0.7142856999999999,8.0,2.1972245773362196,-14.01167031363957,1.4192142544349613,18.649862039350648,0.6950000000000001,0.0026097074899999995
japan,1998,-1.270330495,126400000,0.008556418,102.0416527,4.1,0.3824,0.375,0.725,0.75,1.0,0.625,0.7142856999999999,1.0,0.6931471805599453,-12.01167031363957,-0.8199254134067635,18.654962047588423,0.6950000000000001,0.0026097074899999995
japan,2000,2.764647551,126843000,0.008556418,102.0416527,4.748,0.4006,0.375,0.725,0.75,1.0,0.625,0.7142856999999999,13.0,2.6390573296152584,-10.01167031363957,1.3256542449177935,18.658460667083325,0.6950000000000001,0.0026097074899999995
japan,2002,0.041962499,127445000,0.008556418,102.0416527,5.386,0.4232,0.375,0.725,0.75,1.0,0.625,0.4642857,2.0,1.0986122886681098,-8.01167031363957,0.0411059532401615,18.663195464792352,0.6950000000000001,0.0026097074899999995
japan,2003,1.535125499,127718000,0.008556418,102.0416527,5.251,0.4306,0.375,0.725,0.75,1.0,0.625,0.75,2.0,1.0986122886681098,-7.01167031363957,0.9302431423266154,18.665335274263377,0.6950000000000001,0.0026097074899999995
japan,2004,2.186115694,127761000,0.008556418,102.0416527,4.734,0.4404,0.375,0.725,0.75,1.0,0.625,0.75,0.0,0.0,-6.01167031363957,1.1588025240739956,18.665671896843467,0.6950000000000001,0.0026097074899999995
japan,2005,1.803900872,127773000,0.008556418,102.0416527,4.446,0.4424,0.375,0.725,0.75,1.0,0.625,0.75,0.0,0.0,-5.01167031363957,1.031011616193654,18.66576581780831,0.6950000000000001,0.0026097074899999995
japan,2006,1.372350128,127854000,0.008556418,102.0416527,4.192,0.4446,0.375,0.725,0.75,1.0,0.6883332999999999,0.75,0.0,0.0,-4.01167031363957,0.8638810790113479,18.666399553697534,0.70766666,0.00250132625237612
japan,2007,1.483969412,128001000,0.008556418,102.0416527,3.888,0.4463,0.4375,0.725,0.75,1.0,0.6883332999999999,0.7678571,0.0,0.0,-3.01167031363957,0.9098578499857525,18.667548642165812,0.7201666600000001,0.0023943710273761193
japan,2008,-1.224289001,128063000,0.009858602,102.0416527,4.002,0.4378,0.5,0.7,0.75,1.0,0.6916667,0.7857143,3.0,1.3862943611198906,-2.01167031363957,-0.7994373144388276,18.66803289610801,0.72833334,0.0026782534776093195
japan,2009,-5.693236359,128047000,0.008556418,102.0416527,5.068,0.4263,0.625,0.725,0.75,1.0,0.7749999999999999,0.7857143,1.0,0.6931471805599453,-1.01167031363957,-1.9010975178532528,18.667907949796692,0.775,0.0019251940499999997
japan,2010,4.097917919,128070000,0.006889292,102.0416527,5.102,0.4326,0.625,0.725,0.75,1.0,0.7693333,0.7857143,0.0,0.0,-0.01167031363956994,1.6288322051966102,18.668087555210484,0.77386666,0.0015578986101952798
japan,2011,0.023809524,127833000,0.004779874,102.0416527,4.55,0.4313,0.625,0.725,0.75,1.0,0.7693333,0.7857143,0.0,0.0,0.9883296863604301,0.023530497596240627,18.666235290360852,0.77386666,0.0010808888723991598
japan,2012,1.374750999,127629000,0.014977018,102.0416527,4.358,0.4319,0.625,0.725,0.75,1.0,0.7693333,0.7857143,0.0,0.0,1.98832968636043,0.8648925894639269,18.664638183614912,0.77386666,0.0033868031035801196
japan,2013,2.005100177,127445000,0.009594793,101.7811737,4.038,0.4334,0.625,0.75,0.75,1.0,0.7693333,0.7857143,1.0,0.6931471805599453,2.98832968636043,1.1003109042035597,18.663195464792352,0.77886666,0.00212172862269862
japan,2014,0.296205514,127276000,0.007432925,101.8139801,3.589,0.4332,0.625,0.7749999999999999,0.75,1.0,0.7693333,0.7857143,5.0,1.791759469228055,3.98832968636043,0.25944116097558273,18.6618685225813,0.7838666599999999,0.0016065029062195004
japan,2015,1.560626697,127141000,0.004030491,102.2004166,3.385,0.4339,0.625,0.7749999999999999,0.75,0.875,0.7653333,0.8214286,10.0,2.3978952727983707,4.98832968636043,0.9402520320476049,18.66080727265218,0.75806666,0.00097511014946994
japan,2016,0.753826746,127076000,0.00734843,101.1679993,3.132,0.4334,0.625,0.7749999999999999,0.75,0.875,0.7663333,0.8571428999999999,1.0,0.6931471805599453,5.98832968636043,0.561800112560438,18.660295898504067,0.75826666,0.0017763605276562002
japan,2017,1.675331752,126972000,0.006282901,101.8828888,2.822,0.4331,0.625,0.825,0.75,0.875,0.7626666999999999,0.8571428999999999,0.0,0.0,6.98832968636043,0.9840733920974473,18.65947715555005,0.7675333400000001,0.0014605650105806594
japan,2018,0.643391024,126811000,0.009826477,102.425148,2.467,0.4331,0.625,0.825,0.75,0.875,0.7663333,0.8571428999999999,1.0,0.6931471805599453,7.98832968636043,0.49676180465264497,18.65820835487916,0.76826666,0.0022771223356431803
japan,2019,-0.402169201,126633000,0.012214445,102.6700668,2.351,0.4331,0.625,0.825,0.75,0.875,0.7663333,0.8571428999999999,2.0,1.0986122886681098,8.98832968636043,-0.3380204667798534,18.656803705111464,0.76826666,0.0028304941360963003
japan,2020,-4.168764571,126261000,0.012131146,102.8448029,2.809,0.4331,0.625,0.825,0.75,0.9375,0.771,0.8571428999999999,0.0,0.0,9.98832968636043,-1.6426336988427228,18.65386175895723,0.7817000000000001,0.0026482291717999993
jordan,1996,2.087020782,4912516,0.0020364255,87.478740695,13.7,0.472,0.375,0.5,0.5,0.375,0.25,0.4285714,2.0,1.0986122886681098,-14.01167031363957,1.1272064775997266,15.407296995713462,0.4,0.0012218552999999999
jordan,1998,3.01217269,5164284,0.0020364255,87.478740695,13.7,0.4646,0.375,0.5,0.5,0.3125,0.25,0.4285714,1.0,0.6931471805599453,-12.01167031363957,1.38933291254324,15.457277219201139,0.3875,0.00124731061875
jordan,2000,4.245711921,5386945,0.0020364255,87.478740695,13.7,0.4822,0.375,0.5,0.25,0.5,0.25,0.4285714,2.0,1.0986122886681098,-10.01167031363957,1.6574109659071143,15.499489177480259,0.375,0.0012727659374999999
jordan,2002,5.783807927,5616066,0.010321079,83.63677216,15.3,0.4976,0.25,0.425,0.5,0.1875,0.25,0.4285714,2.0,1.0986122886681098,-8.01167031363957,1.9145385854413857,15.54114215481605,0.3225,0.0069925310225
jordan,2003,4.161667555,5741828,0.0020364255,83.76437378,14.5,0.5015,0.25,0.425,0.5,0.1875,0.25,0.3928571,0.0,0.0,-7.01167031363957,1.6412596968590758,15.563288358655432,0.3225,0.00137967827625
jordan,2004,8.567214242,5882061,0.0020364255,83.66114807,13.7,0.5051,0.25,0.45,0.25,0.375,0.25,0.3928571,0.0,0.0,-6.01167031363957,2.2583420702991646,15.587417938672964,0.315,0.0013949514675
jordan,2005,8.146594811,6029587,0.0020364255,84.39366913,14.8,0.5084,0.25,0.475,0.25,0.3125,0.375,0.3928571,4.0,1.6094379124341003,-5.01167031363957,2.2133816582184833,15.612189241327647,0.3325,0.00135931402125
jordan,2006,8.092975278,6427371,0.002890517,86.77455139,14.0,0.5116,0.25,0.475,0.25,0.3125,0.3806667,0.3928571,1.0,0.6931471805599453,-4.01167031363957,2.2075021679454028,15.676076303493703,0.33363334,0.00192614415896322
jordan,2007,8.176169952,6827227,0.0020364255,87.71517181,13.1,0.5147,0.25,0.475,0.25,0.5,0.3806667,0.3928571,0.0,0.0,-3.01167031363957,2.2166099010156213,15.736429292649554,0.37113334,0.00128064010252383
jordan,2008,7.220386373,6989866,0.001182334,88.44667816,12.7,0.5176,0.25,0.475,0.25,0.5,0.381,0.3928571,0.0,0.0,-2.01167031363957,2.106617211978033,15.759972086847286,0.37120000000000003,0.0007434516192
jordan,2009,5.023710073,7141753,0.0020364255,87.478740695,12.9,0.5218,0.25,0.475,0.25,0.5,0.381,0.3928571,0.0,0.0,-1.01167031363957,1.7957033606873134,15.781468962410022,0.37120000000000003,0.0012805043544
jordan,2010,2.314834221,7297043,0.001041225,87.36444092,12.5,0.5259,0.25,0.475,0.25,0.5,0.3746667,0.3928571,2.0,1.0986122886681098,-0.01167031363956994,1.198407613639232,15.802979892604869,0.36993334000000005,0.0006560411580585
jordan,2011,2.737179886,7480424,0.0020364255,87.59304047,12.9,0.4975,0.25,0.5,0.25,0.4375,0.3796667,0.3928571,0.0,0.0,0.9883296863604301,1.3183312858179308,15.827800166518387,0.36343334,0.0012963205788738298
jordan,2012,2.429358001,7587127,0.0020364255,87.23175812,12.2,0.4924,0.25,0.475,0.25,0.4375,0.292,0.4285714,2.0,1.0986122886681098,1.98832968636043,1.2323730719389194,15.841963685141389,0.34090000000000004,0.0013422080470499999
jordan,2013,2.609947375,7991809,0.0020364255,87.30279197,12.6,0.4872,0.375,0.5,0.5,0.4375,0.292,0.4642857,1.0,0.6931471805599453,2.98832968636043,1.283693194676209,15.893927825254153,0.42089999999999994,0.0011792940070500001
jordan,2014,3.384078099,8791710,0.0020364255,88.87030341,11.9,0.4872,0.375,0.5,0.5,0.4375,0.292,0.4642857,3.0,1.3862943611198906,3.98832968636043,1.4779793640399568,15.98931990373371,0.42089999999999994,0.0011792940070500001
jordan,2015,2.496528793,9544729,0.0020364255,87.478740695,13.075,0.4872,0.375,0.5,0.5,0.4375,0.2953333,0.4642857,4.0,1.6094379124341003,4.98832968636043,1.2517707029341134,16.07149972768061,0.42156666000000004,0.0011779364036261697
jordan,2016,1.994180849,10006367,0.0020364255,87.478740695,15.275,0.4872,0.375,0.5,0.5,0.5,0.2986667,0.5,11.0,2.4849066497880004,5.98832968636043,1.0966706879808155,16.118732248287237,0.43473334,0.00115112344072383
jordan,2017,2.473598154,10234226,0.0020364255,88.87582889,18.12,0.4872,0.375,0.5,0.5,0.5,0.2956667,0.5357143,8.0,2.1972245773362196,6.98832968636043,1.2451909887046233,16.14124824906659,0.43413334,0.00115234529602383
jordan,2018,1.919070913,10462306,0.0020364255,89.79290681,18.257,0.4872,0.375,0.5,0.5,0.5625,0.2976667,0.5714286,2.0,1.0986122886681098,7.98832968636043,1.0712653851705896,16.163289546775793,0.44703334000000006,0.0011260754070738298
jordan,2019,1.751240779,10671891,0.0020364255,89.51047748,16.801,0.4872,0.375,0.475,0.5,0.5625,0.2976667,0.5714286,4.0,1.6094379124341003,8.98832968636043,1.0120520022854484,16.183123927146305,0.44203334000000005,0.0011362575345738298
jordan,2020,-1.102751883,10865228,0.0020364255,90.19929929,19.213,0.4872,0.375,0.475,0.5,0.4375,0.2873333,0.5357143,0.0,0.0,9.98832968636043,-0.7432469073540047,16.20107824830283,0.41496666,0.00119137681192617
kazakhstan,1996,0.500000002,16416027,0.146174691,97.348165795,12.96,0.4021,0.0,0.09999999999999999,0.0,0.0625,0.0,0.3571429,0.0,0.0,-14.01167031363957,0.4054651094414978,16.6137687326042,0.032499999999999994,0.1414240135425
kazakhstan,1998,-1.899999999,15647785,0.003772164,86.01384735,13.13,0.4202,0.0,0.125,0.0,0.25,0.0,0.2857143,0.0,0.0,-12.01167031363957,-1.0647107366476007,16.5658399952941,0.075,0.0034892517000000003
kazakhstan,2000,9.800000002,15501103,0.003772164,89.07672882,12.75,0.4264,0.0,0.125,0.0,0.4375,0.0,0.2857143,1.0,0.6931471805599453,-10.01167031363957,2.379546134315359,16.556421805159488,0.1125,0.00334779555
kazakhstan,2002,9.8,15656677,0.162038374,97.348165795,9.33,0.4377,0.0,0.175,0.0,0.5,0.125,0.1785714,0.0,0.0,-8.01167031363957,2.379546134130174,16.566408093201105,0.16,0.13611223416
kazakhstan,2003,9.3,15747380,0.122657438,97.348165795,8.78,0.4226,0.0,0.175,0.0,0.5,0.125,0.1785714,0.0,0.0,-7.01167031363957,2.33214389523559,16.57218462369463,0.16,0.10303224791999999
kazakhstan,2004,9.600000001,15850159,0.075557206,97.348165795,8.4,0.3896,0.0,0.175,0.0,0.5,0.125,0.1785714,0.0,0.0,-6.01167031363957,2.360854001212361,16.578690152873836,0.16,0.06346805304
kazakhstan,2005,9.699999999,15968117,0.145647399,97.348165795,8.13,0.4121,0.0,0.175,0.0,0.5,0.125,0.1785714,0.0,0.0,-5.01167031363957,2.3702437413744026,16.586104667285635,0.16,0.12234381516000001
kazakhstan,2006,10.7,16103716,0.023848449,98.44328308,7.79,0.4172,0.0,0.225,0.0,0.625,0.204,0.25,0.0,0.0,-4.01167031363957,2.4595888418037104,16.59456067287363,0.21080000000000002,0.0188211959508
kazakhstan,2007,8.9,16257214,0.010521824,97.348165795,7.26,0.4006,0.0,0.225,0.0,0.625,0.204,0.25,0.0,0.0,-3.01167031363957,2.2925347571405443,16.604047368201186,0.21080000000000002,0.0083038235008
kazakhstan,2008,3.3,16426525,0.007873445,97.348165795,6.63,0.4029,0.0,0.225,0.0,0.625,0.1983333,0.25,1.0,0.6931471805599453,-2.01167031363957,1.4586150226995167,16.614408025173073,0.20966665999999998,0.0062226460841563
kazakhstan,2009,1.199999999,16619846,0.007766428,97.348165795,6.55,0.4099,0.0,0.225,0.0,0.5625,0.1983333,0.25,0.0,0.0,-1.01167031363957,0.7884573599097248,16.62610814157303,0.19716666,0.00623514733110952
kazakhstan,2010,7.300000003,16836810,0.005220831,98.52374926,5.77,0.4051,0.0,0.225,0.0,0.5625,0.1933333,0.25,0.0,0.0,-0.01167031363956994,2.1162555151639983,16.639078178299272,0.19616666,0.00419667802030554
kazakhstan,2011,7.400000001,17066002,0.002323497,98.8350533,5.39,0.3853,0.0,0.225,0.0,0.5625,0.1913333,0.25,5.0,1.791759469228055,0.9883296863604301,2.128231705968316,16.65259891386677,0.19576666,0.00186863375278998
kazakhstan,2012,4.799999995,17306106,0.001460831,99.01801874,5.29,0.3878,0.0,0.225,0.0,0.5625,0.1816667,0.25,4.0,1.6094379124341003,1.98832968636043,1.7578579166903048,16.666570002956473,0.19383334,0.0011776732480944599
kazakhstan,2013,5.999999997,17556502,0.000750151,97.65003126,5.2,0.3877,0.0,0.3,0.0,0.5625,0.1853333,0.2857143,4.0,1.6094379124341003,2.98832968636043,1.9459101486267418,16.680934980553214,0.20956666,0.00059294436043434
kazakhstan,2014,4.200000006,17816285,0.000699666,98.52238889,5.06,0.3778,0.0,0.3,0.25,0.5625,0.189,0.3214286,0.0,0.0,3.98832968636043,1.6486586267412278,16.695623540776573,0.26030000000000003,0.0005175429402000001
kazakhstan,2015,1.200000001,18084169,0.001049345,98.21206016,4.93,0.3622,0.0,0.375,0.25,0.5625,0.2686667,0.4642857,0.0,0.0,4.98832968636043,0.7884573608188157,16.71054752792754,0.29123334,0.0007437407508377
kazakhstan,2016,1.099999999,18363600,0.001693612,97.04630033,4.96,0.3953,0.0,0.375,0.25,0.5625,0.2686667,0.4642857,3.0,1.3862943611198906,5.98832968636043,0.7419373442531868,16.72588105682268,0.29123334,0.00120037572057592
kazakhstan,2017,4.100000003,18651931,0.001154723,96.50617093,4.9,0.3981,0.0,0.375,0.25,0.5625,0.2686667,0.5357143,0.0,0.0,6.98832968636043,1.6292405403185153,16.741460291182065,0.29123334,0.0008184291639351801
kazakhstan,2018,4.099999993,18932727,0.000611302,96.11562127,4.85,0.4024,0.125,0.375,0.25,0.5625,0.2646667,0.5,0.0,0.0,7.98832968636043,1.629240538357731,16.756402622681176,0.31543334,0.00041847696839131997
kazakhstan,2019,4.500000001,19209555,0.000796744,96.53713551,4.8,0.4024,0.125,0.375,0.25,0.5625,0.2646667,0.5,1.0,0.6931471805599453,8.98832968636043,1.7047480924202434,16.77091842151563,0.31543334,0.00054542437895504
kazakhstan,2020,-2.499999996,19482117,0.000374446,91.94902063,4.89,0.4024,0.125,0.375,0.25,0.5,0.2713333,0.5,3.0,1.3862943611198906,9.98832968636043,-1.252762967352511,16.785007577167708,0.30426666,0.00026051456622964
kenya,1996,4.146839269,27344211,0.444277157,48.81311035,7.307,0.5293,0.0,0.09999999999999999,0.25,0.3125,0.0,0.3214286,3.0,1.3862943611198906,-14.01167031363957,1.638382792088975,17.124015437379427,0.1325,0.38541043369749994
kenya,1998,3.290213722,28888057,0.444277157,48.81311035,7.307,0.541,0.0,0.09999999999999999,0.0,0.3125,0.0,0.3214286,2.0,1.0986122886681098,-12.01167031363957,1.4563365503470367,17.1789388496915,0.08249999999999999,0.40762429154749996
kenya,2000,0.599695391,30642890,0.444277157,40.96178818,7.307,0.5427,0.125,0.175,0.0,0.25,0.0,0.2857143,4.0,1.6094379124341003,-10.01167031363957,0.46981323049604395,17.23791125217153,0.11000000000000001,0.39540666973
kenya,2002,0.54685953,32629808,0.444277157,41.86101913,7.307,0.5443,0.125,0.175,0.0,0.4375,0.125,0.25,2.0,1.0986122886681098,-8.01167031363957,0.4362267659168288,17.30073681504333,0.17250000000000001,0.3676393474175
kenya,2003,2.932475546,33652223,0.444277157,43.58113098,7.307,0.5451,0.125,0.175,0.0,0.5,0.125,0.25,2.0,1.0986122886681098,-7.01167031363957,1.369269137494852,17.33158970399584,0.185,0.36208588295499994
kenya,2004,5.104299776,34713455,0.444277157,47.117939,7.307,0.5459,0.125,0.175,0.0,0.5,0.125,0.25,0.0,0.0,-6.01167031363957,1.8089934041785896,17.3626379507293,0.185,0.36208588295499994
kenya,2005,5.90666608,35796484,0.445576505,47.26359177,9.957,0.5467,0.125,0.175,0.0,0.5,0.125,0.25,2.0,1.0986122886681098,-5.01167031363957,1.9324870437810842,17.39336026219299,0.185,0.363144851575
kenya,2006,6.4724943,36904008,0.444277157,48.81311035,7.307,0.5402,0.125,0.175,0.0,0.5,0.2526667,0.25,2.0,1.0986122886681098,-4.01167031363957,2.0112288523787427,17.423830748095767,0.21053334,0.3507420032510856
kenya,2007,6.85072977,38036349,0.444277157,50.87136078,7.307,0.5337,0.125,0.175,0.0,0.5,0.2526667,0.25,12.0,2.5649493574615367,-3.01167031363957,2.0606064918046116,17.454052839407947,0.21053334,0.3507420032510856
kenya,2008,0.232282745,39206351,0.444277157,57.0353508,7.307,0.5272,0.125,0.175,0.0,0.5,0.243,0.25,11.0,2.4849066497880004,-2.01167031363957,0.2088683395917337,17.484349332449824,0.20860000000000004,0.35160094204979997
kenya,2009,3.306939816,40408891,0.444277157,57.74071121,9.6,0.5207,0.125,0.175,0.0,0.5,0.243,0.25,1.0,0.6931471805599453,-1.01167031363957,1.4602276324428825,17.514560417723047,0.20860000000000004,0.35160094204979997
kenya,2010,8.058473603,41598567,0.444277157,48.81311035,7.307,0.5142,0.125,0.175,0.0,0.5,0.2403333,0.25,12.0,2.5649493574615367,-0.01167031363956994,2.2037006293710637,17.54357630156208,0.20806666000000001,0.3518378928287143
kenya,2011,5.12110612,42758461,0.444277157,48.81311035,7.307,0.5077,0.125,0.175,0.0,0.5,0.2403333,0.25,42.0,3.7612001156935624,0.9883296863604301,1.8117428187550801,17.571077675279675,0.20806666000000001,0.3518378928287143
kenya,2012,4.568679614,43888303,0.444277157,48.81311035,7.307,0.5012,0.125,0.175,0.0,0.5,0.2403333,0.25,80.0,4.394449154672439,1.98832968636043,1.7171579726958242,17.597158418858097,0.20806666000000001,0.3518378928287143
kenya,2013,3.797848393,44986791,0.444277157,48.81311035,7.307,0.4947,0.125,0.175,0.0,0.5625,0.2543333,0.25,80.0,4.394449154672439,2.98832968636043,1.5681675659607948,17.621879493540668,0.22336666000000002,0.34504045232661434
kenya,2014,5.020111002,46051440,0.444277157,48.81311035,7.307,0.4882,0.25,0.3,0.0,0.5625,0.3376667,0.3571429,115.0,4.7535901911063645,3.98832968636043,1.7951056980211677,17.645269612249837,0.29003334000000003,0.3154219692695856
kenya,2015,4.967721128,47088526,0.376519077,72.57508607,7.307,0.4817,0.125,0.3,0.0,0.5,0.3443333,0.3571429,70.0,4.2626798770413155,4.98832968636043,1.7863651339276407,17.66753994120384,0.25386666,0.28093343649572716
kenya,2016,4.213517068,48139687,0.444277157,74.46985949,2.757,0.4741,0.125,0.3,0.0,0.5,0.3443333,0.3571429,65.0,4.189654742026425,5.98832968636043,1.651254689050534,17.689617509201398,0.25386666,0.3314899990381144
kenya,2017,3.837958174,49197766,0.444277157,48.81311035,7.307,0.4665,0.125,0.3,0.0,0.5,0.337,0.3571429,97.0,4.584967478670572,6.98832968636043,1.5764927668424862,17.71135879425369,0.2524,0.3321416025732
kenya,2018,5.647946407,50207107,0.444277157,48.81311035,7.307,0.4589,0.125,0.325,0.0,0.5625,0.337,0.3571429,52.0,3.970291913552122,7.98832968636043,1.8943079959983904,17.731667168264025,0.2699,0.32436675232569995
kenya,2019,5.114158858,51202827,0.444277157,48.81311035,5.014,0.4513,0.125,0.325,0.0,0.5625,0.3393333,0.3571429,50.0,3.9318256327243257,8.98832968636043,1.8106072057938405,17.751305322859373,0.27036666,0.3241594259476144
kenya,2020,-0.272766327,52217334,0.444277157,48.81311035,7.307,0.4437,0.125,0.325,0.0,0.5625,0.335,0.3214286,66.0,4.204692619390966,9.98832968636043,-0.2411927418460977,17.770925085846418,0.26949999999999996,0.3245444631885
kosovo,2010,3.824690601,1788743,0.057169535,85.67661285,5.926,0.45875,0.25,0.375,0.0,0.1875,0.5,0.3571429,1.0,0.6931471805599453,-0.01167031363956994,1.5737466085898306,14.397024255549479,0.2625,0.0421625320625
kosovo,2011,3.824690601,1791949,0.057169535,85.67661285,5.926,0.45875,0.25,0.375,0.0,0.1875,0.5,0.3571429,1.0,0.6931471805599453,0.9883296863604301,1.5737466085898306,14.398814970342036,0.2625,0.0421625320625
kosovo,2012,3.824690601,1807126,0.057169535,85.67661285,5.926,0.45875,0.25,0.375,0.0,0.1875,0.5,0.3571429,4.0,1.6094379124341003,1.98832968636043,1.5737466085898306,14.407248849340435,0.2625,0.0421625320625
kosovo,2013,3.824690601,1818119,0.057169535,85.67661285,5.926,0.45875,0.25,0.375,0.0,0.1875,0.5,0.3571429,6.0,1.9459101490553132,2.98832968636043,1.5737466085898306,14.413313558141882,0.2625,0.0421625320625
kosovo,2014,3.824690601,1812788,0.057169535,85.67661285,5.926,0.45875,0.25,0.375,0.0,0.4375,0.5,0.3571429,4.0,1.6094379124341003,3.98832968636043,1.5737466085898306,14.410377101276303,0.3125,0.0393040553125
kosovo,2015,3.824690601,1788274,0.057169535,85.67661285,5.926,0.45875,0.25,0.375,0.0,0.5,0.5,0.3571429,2.0,1.0986122886681098,4.98832968636043,1.5737466085898306,14.396762026021099,0.325,0.038589436125
kosovo,2016,3.824690601,1777568,0.057169535,85.67661285,5.926,0.45875,0.25,0.4,0.0,0.5,0.5,0.3571429,8.0,2.1972245773362196,5.98832968636043,1.5737466085898306,14.390757258471513,0.32999999999999996,0.03830358845
kosovo,2017,3.824690601,1791019,0.057169535,85.67661285,5.926,0.45875,0.25,0.4,0.0,0.5,0.5,0.3571429,8.0,2.1972245773362196,6.98832968636043,1.5737466085898306,14.39829584792634,0.32999999999999996,0.03830358845
kosovo,2018,3.824690601,1797086,0.057169535,85.67661285,5.926,0.45875,0.25,0.425,0.0,0.5,0.5,0.25,2.0,1.0986122886681098,7.98832968636043,1.5737466085898306,14.401677578617148,0.335,0.038017740775
kosovo,2020,3.824690601,1790151,0.057169535,85.67661285,5.926,0.45875,0.125,0.425,0.0,0.5,0.5,0.3571429,3.0,1.3862943611198906,9.98832968636043,1.5737466085898306,14.397811090412878,0.31,0.03944697915
kuwait,1996,0.605127159,1730246,0.057169535,91.2636795,0.7,0.5387,0.5,0.525,0.5,0.625,0.375,0.3928571,0.0,0.0,-14.01167031363957,0.47320298023498,14.363774730849117,0.505,0.028298919825
kuwait,1998,3.662054728,1844302,0.057169535,85.05226135,0.7,0.5387,0.5,0.525,0.25,0.4375,0.375,0.3571429,0.0,0.0,-12.01167031363957,1.5394562797124012,14.427611986302985,0.4175,0.0333012541375
kuwait,2000,4.694581871,1954709,0.057169535,85.79931641,0.8,0.5387,0.5,0.525,0.25,0.6875,0.375,0.3571429,0.0,0.0,-10.01167031363957,1.7395151738349937,14.485752402802586,0.46749999999999997,0.030442777387499998
kuwait,2002,3.014283152,2059974,0.057169535,98.41850031,1.1,0.5387,0.5,0.5499999999999999,0.25,0.4375,0.375,0.3214286,1.0,0.6931471805599453,-8.01167031363957,1.3898587889923681,14.538204404769793,0.4225,0.0330154064625
kuwait,2003,17.32602042,2109881,0.057169535,96.06272125,1.3,0.5387,0.5,0.5499999999999999,0.25,0.4375,0.375,0.3214286,3.0,1.3862943611198906,-7.01167031363957,2.908321930806288,14.562142579717818,0.4225,0.0330154064625
kuwait,2004,10.24029806,2157320,0.057169535,100.6515121,1.7,0.5387,0.5,0.5499999999999999,0.25,0.5625,0.375,0.3928571,0.0,0.0,-6.01167031363957,2.419505361907549,14.584377732101526,0.44749999999999995,0.0315861680875
kuwait,2005,10.60904498,2236788,0.057169535,108.5592499,1.95,0.5387,0.5,0.5499999999999999,0.25,0.5625,0.375,0.3928571,2.0,1.0986122886681098,-5.01167031363957,2.4517845339284596,14.620551913269908,0.44749999999999995,0.0315861680875
kuwait,2006,7.514773,2364733,0.057169535,101.0139389,1.3,0.5387,0.375,0.5499999999999999,0.25,0.75,0.353,0.3928571,0.0,0.0,-4.01167031363957,2.1418026549219524,14.676176100009606,0.4555999999999999,0.031123094854000007
kuwait,2007,5.991575511,2507887,0.057169535,101.3083878,1.5,0.5387,0.375,0.5625,0.25,0.75,0.353,0.4107143,0.0,0.0,-3.01167031363957,1.9447059258409307,14.734951522640502,0.45809999999999995,0.030980171016500004
kuwait,2008,2.479756943,2651421,0.057169535,99.55774689,1.75,0.5377,0.375,0.575,0.25,0.6875,0.363,0.4642857,0.0,0.0,-2.01167031363957,1.2469624473816623,14.790606657815669,0.45009999999999994,0.031437527296500005
kuwait,2009,-7.076056431,2795484,0.057169535,99.46000671,1.64,0.5366,0.375,0.575,0.25,0.6875,0.363,0.4642857,0.0,0.0,-1.01167031363957,-2.0889036879199874,14.84351617366803,0.45009999999999994,0.031437527296500005
kuwait,2010,-2.370548044,2943372,0.057169535,99.41663459,1.82,0.5354,0.375,0.575,0.25,0.75,0.3793333,0.5,0.0,0.0,-0.01167031363956994,-1.2150753554747113,14.895066760604914,0.46586666,0.0305361546757969
kuwait,2011,9.628634195,3132814,0.057169535,98.14176941,1.64,0.5341,0.25,0.575,0.25,0.625,0.3746667,0.5,1.0,0.6931471805599453,0.9883296863604301,2.3635516982098443,14.957442519355896,0.41493334,0.0334479888962031
kuwait,2012,6.625874851,3337109,0.057169535,98.69523121,1.64,0.5325,0.25,0.575,0.25,0.625,0.376,0.4642857,0.0,0.0,1.98832968636043,2.0315470504693462,15.020615720930104,0.4152,0.033432744068
kuwait,2013,1.149465528,3507844,0.057169535,95.5615387,1.64,0.5308,0.25,0.575,0.25,0.625,0.376,0.4642857,0.0,0.0,2.98832968636043,0.7652192196076439,15.070512446777398,0.4152,0.033432744068
kuwait,2014,0.500914669,3665876,0.057169535,93.06600189,2.9,0.4415,0.25,0.575,0.25,0.625,0.376,0.4642857,0.0,0.0,3.98832968636043,0.4060747016016238,15.114578155264093,0.4152,0.033432744068
kuwait,2015,0.592770817,3834574,0.057169535,95.3934021,2.2,0.4415,0.25,0.5499999999999999,0.25,0.625,0.3783333,0.4642857,1.0,0.6931471805599453,4.98832968636043,0.4654751517767984,15.159569165260343,0.41066665999999996,0.033691913007796906
kuwait,2016,2.926075843,4004096,0.057169535,98.41850031,2.16,0.4415,0.25,0.5499999999999999,0.25,0.625,0.3783333,0.5,2.0,1.0986122886681098,5.98832968636043,1.3676404138031835,15.202828644898034,0.41066665999999996,0.033691913007796906
kuwait,2017,-4.712222705,4154812,0.057169535,98.41850031,1.64,0.4415,0.25,0.575,0.25,0.625,0.3783333,0.5,0.0,0.0,6.98832968636043,-1.7426082132478213,15.239777979242037,0.41566665999999997,0.0334060653327969
kuwait,2018,2.74333045,4323515,0.057169535,98.41850031,1.64,0.4415,0.25,0.575,0.25,0.625,0.3783333,0.5,0.0,0.0,7.98832968636043,1.3199757098237086,15.27957951808122,0.41566665999999997,0.0334060653327969
kuwait,2019,2.263817066,4442316,0.057169535,98.41850031,1.64,0.4415,0.375,0.575,0.25,0.625,0.381,0.5357143,0.0,0.0,8.98832968636043,1.182897389575345,15.306686645140541,0.4412,0.031946336158
kuwait,2020,-4.817315934,4400267,0.057169535,98.41850031,1.64,0.4415,0.375,0.575,0.25,0.625,0.3766667,0.5357143,0.0,0.0,9.98832968636043,-1.7608389756421843,15.297176006124515,0.44033334,0.0319958827072031
latvia,1996,2.299961038,2457222,0.03773,105.23167799999999,20.93,0.355,0.125,0.425,0.0,0.5,0.375,0.6785713999999999,0.0,0.0,-14.01167031363957,1.1939106617360686,14.71454240847554,0.28500000000000003,0.02697695
latvia,1998,6.550002648,2410019,0.032760461,105.23167799999999,14.454,0.3635,0.25,0.5,0.25,0.375,0.5,0.6785713999999999,4.0,1.6094379124341003,-12.01167031363957,2.0215479139893486,14.69514560418759,0.375,0.020475288124999998
latvia,2000,5.841026424,2367550,0.015075915,90.06597137,14.211,0.3628,0.125,0.475,0.25,0.5,0.375,0.6785713999999999,3.0,1.3862943611198906,-10.01167031363957,1.9229377823645892,14.677366645521015,0.34500000000000003,0.009874724325
latvia,2002,7.665487786,2310173,0.015314351,95.29273224,13.829,0.3718,0.375,0.575,0.5,0.75,0.5,0.7142856999999999,0.0,0.0,-8.01167031363957,2.1593482154088672,14.65283340433654,0.54,0.007044601459999999
latvia,2003,8.429132571,2287955,0.015075915,96.53778839,12.061,0.3762,0.375,0.6749999999999999,0.5,0.8125,0.5,0.7142856999999999,0.0,0.0,-7.01167031363957,2.2438041063062193,14.64316940052768,0.5725,0.0064449536625
latvia,2004,8.725143417,2263122,0.022210554,99.29524231,11.708,0.3846,0.375,0.65,0.5,0.75,0.5,0.7142856999999999,0.0,0.0,-6.01167031363957,2.2747146366451276,14.632256275767878,0.5549999999999999,0.009883696530000001
latvia,2005,11.61531786,2238799,0.031104354,102.6863174,10.033,0.3997,0.5,0.6749999999999999,0.5,0.75,0.625,0.7142856999999999,0.0,0.0,-5.01167031363957,2.5349117787632953,14.621450565999341,0.61,0.01213069806
latvia,2006,12.82501785,2218357,0.019456051,103.9654007,7.03,0.3568,0.5,0.75,0.5,0.8125,0.7456667,0.75,0.0,0.0,-4.01167031363957,2.6264798385468056,14.612277840540472,0.6616333400000001,0.006583278993659658
latvia,2007,10.41453728,2200325,0.004722419,103.9212418,6.052,0.3826,0.5,0.75,0.5,0.8125,0.7456667,0.75,1.0,0.6931471805599453,-3.01167031363957,2.434887743023485,14.604116089168885,0.6616333400000001,0.0015979091441505398
latvia,2008,-3.388716658,2177322,0.008351813999999999,104.8975677,7.739,0.3754,0.5,0.75,0.5,0.8125,0.741,0.75,0.0,0.0,-2.01167031363957,-1.4790368513198378,14.593606698526617,0.6607000000000001,0.0028337704901999993
latvia,2009,-16.04001953,2141669,0.016209406,99.42040253,17.515,0.382,0.5,0.75,0.5,0.6875,0.741,0.75,0.0,0.0,-1.01167031363957,-2.835564667527273,14.57709645649647,0.6357,0.005905086605799999
latvia,2010,-3.661258596,2097555,0.025962991,102.8221588,19.482,0.3645,0.5,0.75,0.5,0.6875,0.735,0.75,0.0,0.0,-0.01167031363956994,-1.5392854966497134,14.556283415417637,0.6345,0.009489473210500001
latvia,2011,3.036344827,2059709,0.016572234,105.5657883,16.206,0.3742,0.5,0.75,0.5,0.6875,0.735,0.75,0.0,0.0,0.9883296863604301,1.3953395366514734,14.538075754156765,0.6345,0.006057151527000001
latvia,2012,7.305240572,2034319,0.014388631,106.3448029,15.047,0.3789,0.5,0.75,0.5,0.6875,0.735,0.75,0.0,0.0,1.98832968636043,2.1168867097739548,14.525672168683348,0.6345,0.005259044630500001
latvia,2013,2.096090282,2012647,0.015389972,114.7768097,11.867,0.3791,0.5,0.75,0.5,0.6875,0.735,0.75,0.0,0.0,2.98832968636043,1.1301401161550244,14.514961825943566,0.6345,0.0056250347660000005
latvia,2014,2.094959771,1993782,0.011159605,113.7069321,10.846,0.3657,0.5,0.75,0.5,0.6875,0.7493333,0.75,0.0,0.0,3.98832968636043,1.1297749079906947,14.505544397102451,0.63736666,0.0040468448342307
latvia,2015,3.783367121,1977527,0.010333018,112.3566513,9.873,0.3554,0.5,0.7749999999999999,0.5,0.6875,0.7456667,0.8214286,0.0,0.0,4.98832968636043,1.5651447171362665,14.49735813781574,0.64163334,0.0037030091483798793
latvia,2016,2.55168602,1959537,0.00961231,111.2968063,9.643,0.3385,0.5,0.7749999999999999,0.5,0.6875,0.7436667,0.8214286,0.0,0.0,5.98832968636043,1.2674224259525613,14.488219289136007,0.64123334,0.0034485763535846005
latvia,2017,3.398948726,1942248,0.009826289,110.7232513,8.715,0.3588,0.5,0.75,0.5,0.6875,0.7416667,0.8214286,1.0,0.6931471805599453,6.98832968636043,1.4813655864677824,14.479357137945756,0.63583334,0.00357840684532474
latvia,2018,4.309712863,1927174,0.005591618,109.1557007,7.412,0.3531,0.5,0.75,0.5,0.6875,0.746,0.7857143,0.0,0.0,7.98832968636043,1.6695377590271596,14.47156575801103,0.6367,0.0020314348193999996
latvia,2019,0.675372772,1913822,0.003374786,107.6024628,6.312,0.3512,0.625,0.75,0.5,0.6875,0.7496667,0.8214286,0.0,0.0,8.98832968636043,0.5160356909641136,14.464613370229793,0.66243334,0.00113921523823476
latvia,2020,-3.469227508,1900449,0.005121097,105.9562836,8.098,0.3512,0.625,0.75,0.5,0.6875,0.7413333,0.8214286,0.0,0.0,9.98832968636043,-1.4972155766886615,14.457601258199269,0.66076666,0.0017372468397739802
lebanon,1996,11.28593572,4034781,0.000611298,55.92296982,8.415,0.5058,0.25,0.4,0.5,0.25,0.375,0.3571429,39.0,3.6888794541139363,-14.01167031363957,2.508455170756699,15.210462830965199,0.355,0.00039428721000000003
lebanon,1998,3.665723785,4181281,0.000611298,62.45502853,8.415,0.5058,0.125,0.325,0.5,0.1875,0.375,0.3214286,23.0,3.1780538303479458,-12.01167031363957,1.540242974461663,15.246128456043142,0.3025,0.000426380355
lebanon,2000,1.34187162,4329340,0.000611298,62.57704926,8.415,0.5058,0.25,0.45,0.5,0.3125,0.375,0.3214286,12.0,2.5649493574615367,-10.01167031363957,0.8509504472768096,15.28092589440061,0.3775,0.00038053300500000004
lebanon,2002,3.423149828,4463504,0.000611298,62.55519104,8.415,0.5058,0.25,0.45,0.5,0.375,0.375,0.2857143,8.0,2.1972245773362196,-8.01167031363957,1.4868520730581012,15.31144488979808,0.39,0.00037289178
lebanon,2003,3.227098269,4525508,0.000611298,64.8559494,8.415,0.5058,0.25,0.35,0.5,0.375,0.375,0.2857143,5.0,1.791759469228055,-7.01167031363957,1.4415157692443978,15.325240614977911,0.37,0.00038511774
lebanon,2004,6.679444616,4599279,0.000611298,66.01799011,7.85,0.5058,0.25,0.425,0.5,0.375,0.375,0.2857143,1.0,0.6931471805599453,-6.01167031363957,2.03854722891968,15.341410327469386,0.385,0.00037594827000000003
lebanon,2005,2.68577931,4671102,0.000611298,66.42398071,8.415,0.5058,0.25,0.425,0.5,0.3125,0.375,0.3214286,17.0,2.8903717578961645,-5.01167031363957,1.3044819849646978,15.356905790193814,0.3725,0.00038358949499999996
lebanon,2006,1.549515001,4751136,0.000611298,67.2385788,8.415,0.5023,0.125,0.45,0.5,0.125,0.5273333,0.4642857,8.0,2.1972245773362196,-4.01167031363957,0.935903145394567,15.373894515787827,0.34546666,0.00040011492167532
lebanon,2007,9.310622526,4844118,0.000611298,68.04348755,8.98,0.549,0.125,0.45,0.5,0.15625,0.5273333,0.4642857,18.0,2.9444389791664403,-3.01167031363957,2.333174677001366,15.393275949827357,0.35171666,0.00039629430917532
lebanon,2008,9.069128268,4925354,0.000611298,68.8993988,8.415,0.5528,0.125,0.45,0.5,0.25,0.5206666999999999,0.4642857,58.0,4.07753744390572,-2.01167031363957,2.3094741357539177,15.409906911208875,0.36913334,0.00038564752752468006
lebanon,2009,10.23215558,4992287,0.000611298,71.09172821,6.355,0.5408,0.125,0.375,0.5,0.25,0.2706667,0.4642857,14.0,2.70805020110221,-1.01167031363957,2.4187806986832507,15.423404879674957,0.30413334000000003,0.00042538189752468
lebanon,2010,7.975135558,5041288,0.000611298,70.56243579,8.415,0.5486,0.125,0.4,0.5,0.25,0.3606667,0.5,5.0,1.791759469228055,-0.01167031363956994,2.1944580382157106,15.433172361316334,0.32713333999999994,0.00041132204352468005
lebanon,2011,0.867339879,5096020,0.000611298,73.82861485,8.415,0.5529,0.125,0.375,0.5,0.25,0.344,0.5,10.0,2.3978952727983707,0.9883296863604301,0.6245148935188937,15.443970597104766,0.3188,0.0004164161976
lebanon,2012,2.564791337,5235742,0.000611298,72.21227746,8.415,0.5588,0.125,0.325,0.5,0.1875,0.335,0.5,15.0,2.772588722239781,1.98832968636043,1.2711055211574613,15.471019321537632,0.2945,0.000431270739
lebanon,2013,3.827873499,5743436,0.000611298,71.22311897,8.415,0.5552,0.125,0.325,0.5,0.1875,0.335,0.5,121.0,4.804021044733257,2.98832968636043,1.5744061013592932,15.563568369586047,0.2945,0.000431270739
lebanon,2014,2.484060105,6346990,0.000611298,59.2622758,8.415,0.5514,0.125,0.325,0.5,0.1875,0.3373333,0.5,205.0,5.327876168789581,3.98832968636043,1.2481983105636056,15.66349140029485,0.29496666,0.00043098547067532
lebanon,2015,0.462320793,6472469,0.000611298,58.10750649,8.415,0.5469,0.125,0.275,0.5,0.1875,0.3286667,0.4642857,44.0,3.8066624897703196,4.98832968636043,0.38002475791503004,15.683068355602883,0.28323333999999994,0.00043815802572468
lebanon,2016,1.554549409,6323060,0.000611298,59.46409163,8.415,0.5422,0.125,0.275,0.5,0.25,0.3286667,0.4642857,41.0,3.7376696182833684,5.98832968636043,0.9378758515472488,15.659713984313525,0.29573333999999996,0.00043051680072468007
lebanon,2017,0.903028464,6160128,0.000611298,63.14007038,8.415,0.5373,0.125,0.275,0.5,0.1875,0.324,0.4642857,24.0,3.2188758248682006,6.98832968636043,0.643446545637779,15.633608276848873,0.2823,0.0004387285746
lebanon,2018,-1.884705756,5984119,0.000611298,64.2435657,8.415,0.5321,0.0,0.3,0.25,0.1875,0.321,0.4642857,8.0,2.1972245773362196,7.98832968636043,-1.05942290377076,15.604619851911318,0.2117,0.00048188621340000004
lebanon,2019,-6.914924729,5794594,0.000611298,65.27676439,11.301,0.5267,0.0,0.3,0.25,0.125,0.312,0.4642857,7.0,2.0794415416798357,8.98832968636043,-2.0687501833698785,15.572436144479381,0.19740000000000002,0.0004906277748
lebanon,2020,-21.39989969,5702398,0.000611298,65.89697761,8.415,0.5209,0.0,0.275,0.0,0.125,0.222,0.3571429,10.0,2.3978952727983707,9.98832968636043,-3.1090564807259673,15.556397521453798,0.1244,0.0005352525288
lesotho,2006,4.230095228,1945063,0.418584923,38.4086113,24.58,0.5343,0.5,0.525,0.25,0.5,0.6326667,0.3928571,1.0,0.6931471805599453,-4.01167031363957,1.65442948594166,14.480805439377649,0.48153334000000003,0.21702232695416718
lesotho,2007,4.1879141,1953268,0.418584923,41.55625153,24.58,0.5304,0.5,0.525,0.25,0.5625,0.6326667,0.3928571,0.0,0.0,-3.01167031363957,1.646331708876875,14.485014937189128,0.49403334,0.21179001541666717
lesotho,2008,5.52341967,1966541,0.418584923,44.7508812,35.46,0.5265,0.5,0.5,0.25,0.5625,0.5429999999999999,0.3928571,0.0,0.0,-2.01167031363957,1.875398727705946,14.491787228368109,0.4711,0.22138956577469998
lesotho,2009,-1.253757799,1980883,0.418584923,49.1937294,24.58,0.5225,0.5,0.5,0.25,0.5625,0.5429999999999999,0.3928571,1.0,0.6931471805599453,-1.01167031363957,-0.8125989559842002,14.499053767681497,0.4711,0.22138956577469998
lesotho,2010,5.269670781,1996251,0.418584923,54.24269867,24.58,0.5186,0.5,0.425,0.25,0.5625,0.4506667,0.3928571,0.0,0.0,-0.01167031363956994,1.8357238462487437,14.506781980389379,0.43763334,0.2353982050738672
lesotho,2011,4.616413945,2014009,0.418584923,56.95064163,24.58,0.5147,0.5,0.425,0.25,0.5625,0.461,0.3928571,0.0,0.0,0.9883296863604301,1.725693372162468,14.515638317491614,0.43970000000000004,0.23453313235690001
lesotho,2012,6.334083747,2034354,0.418584923,59.07720184,24.58,0.5108,0.5,0.425,0.25,0.625,0.472,0.4642857,0.0,0.0,1.98832968636043,1.992532488591301,14.52568937330156,0.4544,0.2283799339888
lesotho,2013,1.792525556,2056504,0.418584923,57.75907135,24.58,0.5069,0.5,0.425,0.25,0.625,0.472,0.4642857,0.0,0.0,2.98832968636043,1.0269464035755647,14.536518497965002,0.4544,0.2283799339888
lesotho,2014,1.710549905,2080089,0.418584923,58.25756294,24.58,0.503,0.5,0.425,0.25,0.625,0.472,0.4642857,0.0,0.0,3.98832968636043,0.9971515312809147,14.547921719972184,0.4544,0.2283799339888
lesotho,2015,3.12406678,2104611,0.418584923,59.39850963,24.58,0.4991,0.5,0.45,0.25,0.5625,0.4696667,0.4285714,1.0,0.6931471805599453,4.98832968636043,1.4168397590400967,14.559641685068659,0.44643334,0.23171465775146718
lesotho,2016,3.608907317,2130422,0.418584923,56.83869934,24.58,0.4952,0.5,0.45,0.25,0.5,0.4696667,0.4285714,0.0,0.0,5.98832968636043,1.5279908044018773,14.571831109518213,0.43393334,0.23694696928896716
lesotho,2017,-3.138174937,2157110,0.418584923,59.35865155,24.58,0.4913,0.5,0.4,0.25,0.5625,0.4713333,0.4285714,0.0,0.0,6.98832968636043,-1.4202548541668287,14.584280384408867,0.43676666,0.23576098425493283
lesotho,2018,-1.480633158,2183603,0.418584923,56.894670485,24.58,0.4913,0.5,0.4,0.25,0.5625,0.4713333,0.4285714,0.0,0.0,7.98832968636043,-0.9085138332371119,14.596487280725395,0.43676666,0.23576098425493283
lesotho,2019,-1.417993831,2209405,0.418584923,56.894670485,16.876,0.4913,0.5,0.4,0.25,0.5,0.468,0.4285714,0.0,0.0,8.98832968636043,-0.8829382009072951,14.608234259086037,0.4236,0.2412723496172
lesotho,2020,-8.155957855,2235727,0.418584923,56.894670485,24.58,0.4913,0.5,0.4,0.25,0.5,0.46,0.4285714,0.0,0.0,9.98832968636043,-2.2144047990871534,14.620077460061612,0.422,0.24194208549400004
liberia,2009,5.300540503,3943028,0.32651968200000003,37.25562096,2.6734999999999998,0.4336,0.25,0.275,0.0,0.5,0.2583333,0.3214286,0.0,0.0,-1.01167031363957,1.8406354238443654,15.187459767638703,0.25666665999999994,0.24271296579679794
liberia,2010,6.09982524,4058890,0.32651968200000003,37.25562096,2.266,0.4295,0.25,0.275,0.0,0.5,0.2523333,0.3214286,0.0,0.0,-0.01167031363956994,1.9600701696598313,15.21642034155556,0.25546666,0.24310478941519792
liberia,2011,8.200768225,4221178,0.32651968200000003,43.64794922,2.6734999999999998,0.4253,0.25,0.275,0.0,0.4375,0.2523333,0.3214286,0.0,0.0,0.9883296863604301,2.219286983286228,15.25562503087804,0.24296666,0.2471862854401979
liberia,2012,7.993814446,4373043,0.32651968200000003,37.25562096,2.6734999999999998,0.4212,0.25,0.275,0.0,0.5625,0.2483333,0.3214286,1.0,0.6931471805599453,1.98832968636043,2.1965370572706755,15.290969892086949,0.26716666,0.2392845091357979
liberia,2013,8.687287816,4470239,0.32651968200000003,37.25562096,2.6734999999999998,0.417,0.125,0.275,0.0,0.5625,0.2483333,0.3214286,0.0,0.0,2.98832968636043,2.270814491575078,15.312952656423594,0.24216666,0.24744750118579792
liberia,2014,0.7013931,4564293,0.317450026,36.76956177,2.079,0.4129,0.125,0.275,0.0,0.4375,0.2483333,0.3214286,1.0,0.6931471805599453,3.98832968636043,0.5314473860677041,15.33377440506732,0.21716666,0.24851046413666686
liberia,2015,-0.01856497,4659431,0.32651968200000003,36.37284851,2.6734999999999998,0.4195,0.125,0.275,0.0,0.3125,0.3316667,0.2857143,0.0,0.0,4.98832968636043,-0.018394744537323985,15.354404110260814,0.20883333999999998,0.25833148623220215
liberia,2016,-1.554958617,4755608,0.335589338,37.25562096,3.081,0.4262,0.125,0.3,0.0,0.375,0.427,0.2857143,0.0,0.0,5.98832968636043,-0.9380360266556126,15.374835321470414,0.2454,0.2532357144548
liberia,2017,2.45515592,4848925,0.32651968200000003,37.25562096,5.931,0.4262,0.125,0.3,0.0,0.375,0.4243333,0.2857143,1.0,0.6931471805599453,6.98832968636043,1.2398675850002019,15.394267795092508,0.24486666,0.2465658980443979
liberia,2018,1.157575122,4944726,0.32651968200000003,37.25562096,2.6734999999999998,0.4262,0.125,0.3,0.0,0.5,0.4283333,0.2857143,0.0,0.0,7.98832968636043,0.7689849623727547,15.41383231423489,0.27066666,0.2381416902487979
liberia,2019,-2.467297635,5043721,0.32651968200000003,37.25562096,2.6734999999999998,0.4262,0.125,0.3,0.0,0.5,0.4316667,0.2857143,1.0,0.6931471805599453,8.98832968636043,-1.2433755110135432,15.433654859559956,0.27133334000000003,0.23792400610720216
liberia,2020,-2.982491276,5149463,0.32651968200000003,37.74168015,2.6734999999999998,0.4262,0.125,0.3,0.0,0.5,0.4273333,0.2142857,0.0,0.0,9.98832968636043,-1.3819075722158631,15.45440318955356,0.27046666,0.2382069941851979
libya,1996,2.1341232,4987393,0.057169535,102.182575215,19.03,0.4586,0.0,0.09999999999999999,0.0,0.0,0.0,0.1071429,4.0,1.6094379124341003,-14.01167031363957,1.1423494539461199,15.422424086821573,0.019999999999999997,0.0560261443
libya,1998,-3.552244747,5140704,0.057169535,102.182575215,19.03,0.4588,0.0,0.09999999999999999,0.0,0.125,0.0,0.1071429,0.0,0.0,-12.01167031363957,-1.5156204622942824,15.452700787558912,0.045,0.054596905925
libya,2000,3.679270408,5305021,0.057169535,102.182575215,19.03,0.4619,0.0,0.15,0.0,0.375,0.0,0.0714286,0.0,0.0,-10.01167031363957,1.5431422020500578,15.484164477052724,0.10500000000000001,0.051166733825000005
libya,2002,-0.958897333,5508410,0.057169535,110.586441,19.03,0.4628,0.0,0.15,0.0,0.4375,0.0,0.1071429,0.0,0.0,-8.01167031363957,-0.6723817297279102,15.521786754783227,0.11750000000000001,0.050452114637499997
libya,2003,13.01603725,5619398,0.057169535,106.7556381,19.03,0.4632,0.0,0.225,0.0,0.4375,0.0,0.1071429,0.0,0.0,-7.01167031363957,2.6402021918674445,15.541735276649659,0.1325,0.0495945716125
libya,2004,4.461638996,5736693,0.057169535,102.182575215,19.03,0.4636,0.0,0.225,0.0,0.5625,0.0,0.1071429,0.0,0.0,-6.01167031363957,1.6977489271286685,15.562393644179965,0.1575,0.0481653332375
libya,2005,11.87075652,5858798,0.057169535,93.68515778,19.03,0.4637,0.0,0.225,0.0,0.5625,0.0,0.1071429,0.0,0.0,-5.01167031363957,2.554957801543243,15.583455191742859,0.1575,0.0481653332375
libya,2006,6.50052542,5980211,0.057169535,97.60951233,19.03,0.4633,0.0,0.225,0.0,0.5625,0.0613333,0.1071429,0.0,0.0,-4.01167031363957,2.014973074088458,15.603966576803442,0.16976666,0.047464053989296894
libya,2007,6.229982786,6104380,0.057169535,102.182575215,19.03,0.4621,0.0,0.225,0.0,0.5625,0.0613333,0.1607143,1.0,0.6931471805599453,-3.01167031363957,1.978236655254976,15.624517268085002,0.16976666,0.047464053989296894
libya,2008,-0.162048239,6235430,0.057169535,102.182575215,19.03,0.4609,0.0,0.25,0.0,0.5625,0.0666667,0.1785714,1.0,0.6931471805599453,-2.01167031363957,-0.15018417133741,15.645758260609353,0.17583334,0.047117224714703095
libya,2009,-4.400181763,6366686,0.057169535,102.182575215,19.03,0.4573,0.0,0.2,0.0,0.5625,0.0666667,0.1785714,0.0,0.0,-1.01167031363957,-1.6864326128185647,15.666589798060926,0.16583334,0.0476889200647031
libya,2010,5.027247672,6497839,0.057169535,102.182575215,19.03,0.4543,0.0,0.2,0.0,0.625,0.0646667,0.1428571,0.0,0.0,-0.01167031363956994,1.7962904674013973,15.686980371947122,0.17793334,0.0469971686912031
libya,2011,-50.33851514,6343203,0.057169535,102.182575215,19.03,0.4506,0.0,0.2,0.0,0.1875,0.2016667,0.1428571,2.0,1.0986122886681098,0.9883296863604301,-3.9384412529367023,15.662894561536671,0.11783334000000001,0.0504330577447031
libya,2012,86.82674844,6179328,0.057169535,102.182575215,19.03,0.4469,0.125,0.2,0.0,0.3125,0.255,0.1071429,57.0,4.060443010546419,1.98832968636043,4.475366106180312,15.636720247487288,0.1785,0.0469647730025
libya,2013,-17.99796157,6304628,0.057169535,102.182575215,19.03,0.4531,0.125,0.175,0.0,0.25,0.244,0.1071429,291.0,5.676753802268282,2.98832968636043,-2.944331687621435,15.656794683461149,0.1588,0.048091012842
libya,2014,-23.04280583,6427252,0.057169535,102.182575215,19.03,0.4595,0.125,0.175,0.0,0.125,0.21,0.1071429,729.0,6.593044534142437,3.98832968636043,-3.1798358179145705,15.67605778875679,0.127,0.049909004055
libya,2015,-0.842656252,6531819,0.057169535,102.182575215,19.03,0.4654,0.0,0.075,0.0,0.0625,0.1583333,0.0714286,543.0,6.298949246855942,4.98832968636043,-0.6112081458275964,15.692196176048588,0.05916666,0.0537870045602969
libya,2016,-1.490941117,6632126,0.057169535,102.182575215,19.03,0.4625,0.0,0.075,0.0,0.0625,0.1583333,0.0357143,422.0,6.0473721790462776,5.98832968636043,-0.9126605977027821,15.707436125191721,0.05916666,0.0537870045602969
libya,2017,32.49180219,6738770,0.057169535,102.182575215,19.03,0.4594,0.0,0.075,0.0,0.0625,0.1606667,0.0357143,191.0,5.2574953720277815,6.98832968636043,3.511300698138192,15.723388122048112,0.05963334,0.0537603246817031
libya,2018,7.941367853,6849055,0.057169535,102.182575215,19.03,0.4616,0.0,0.075,0.0,0.0625,0.1563333,0.0357143,167.0,5.123963979403259,7.98832968636043,2.190688581172827,15.739621390522728,0.058766660000000005,0.0538098723742969
libya,2019,-11.19608289,6951033,0.057169535,102.182575215,19.03,0.4639,0.0,0.075,0.0,0.0625,0.1506667,0.0357143,70.0,4.2626798770413155,8.98832968636043,-2.501114825593565,15.754400983453195,0.05763334,0.0538746637517031
libya,2020,-29.45529673,7045399,0.057169535,102.182575215,19.03,0.4641,0.0,0.05,0.0,0.0625,0.1483333,0.0357143,17.0,2.8903717578961645,9.98832968636043,-3.4162599274686962,15.767885479559752,0.05216666,0.0541871913052969
lithuania,1996,5.026943768,3601613,0.0024,104.62656025,16.4,0.3402,0.375,0.5,0.25,0.375,0.5,0.7142856999999999,3.0,1.3862943611198906,-14.01167031363957,1.7962400444424493,15.096892636288311,0.4,0.0014399999999999999
lithuania,1998,7.462937149,3549331,0.009789885,104.62656025,13.711,0.3216,0.25,0.525,0.25,0.5,0.5,0.75,0.0,0.0,-12.01167031363957,2.1356962940977073,15.082269974731505,0.40499999999999997,0.005824981575
lithuania,2000,3.418622066,3499536,0.012271614,96.91568756,15.931,0.3323,0.25,0.475,0.25,0.4375,0.5,0.6785713999999999,0.0,0.0,-10.01167031363957,1.4858278977117887,15.06814123199483,0.3825,0.0075777216449999995
lithuania,2002,6.719839451,3443067,0.013661843,102.2917099,13.008,0.3271,0.25,0.475,0.5,0.75,0.5,0.7142856999999999,0.0,0.0,-8.01167031363957,2.043793567317844,15.05187349234346,0.495,0.006899230715
lithuania,2003,10.55189596,3415213,0.003930067,105.0201721,12.874,0.3383,0.375,0.5499999999999999,0.5,0.8125,0.5,0.75,0.0,0.0,-7.01167031363957,2.446849575877227,15.043750713738172,0.5475,0.0017783553175
lithuania,2004,6.502035361,3377075,0.02191394,103.0095367,10.684,0.3552,0.5,0.625,0.5,0.8125,0.625,0.7142856999999999,0.0,0.0,-6.01167031363957,2.015174365191642,15.032520804296581,0.6125,0.008491651749999999
lithuania,2005,7.731446758,3322528,0.027466924,104.4972382,8.325,0.3595,0.5,0.625,0.5,0.8125,0.625,0.7142856999999999,0.0,0.0,-5.01167031363957,2.1669310786869085,15.016236797898639,0.6125,0.01064343305
lithuania,2006,7.395481225,3269909,0.01849529,107.0048523,5.78,0.3366,0.375,0.725,0.5,0.8125,0.7476667,0.75,0.0,0.0,-4.01167031363957,2.127693611697812,15.000273019558893,0.63203334,0.0068056500870314
lithuania,2007,11.07792826,3231294,0.016015068,106.9292908,4.25,0.3707,0.375,0.725,0.5,0.8125,0.7476667,0.75,0.0,0.0,-3.01167031363957,2.491379676142949,14.988393543640937,0.63203334,0.00589301108163288
lithuania,2008,2.599461546,3198231,0.0109436615,106.1087799,5.826,0.3753,0.375,0.725,0.5,0.8125,0.7453333,0.75,0.0,0.0,-2.01167031363957,1.2807842637197178,14.978108715085588,0.6315666600000001,0.004032009758274409
lithuania,2009,-14.83861179,3162916,0.027226112,104.7558823,13.785,0.378,0.375,0.725,0.5,0.6875,0.7453333,0.75,0.0,0.0,-1.01167031363957,-2.7624507430255107,14.96700526103296,0.60656666,0.01071166017937408
lithuania,2010,0.427199567,3097282,0.019838556,105.0682678,17.814,0.3504,0.5,0.725,0.5,0.6875,0.7413333,0.75,0.0,0.0,-0.01167031363956994,0.35571417945230627,14.946035833534188,0.63076666,0.007325056292657039
lithuania,2011,6.323636648,3028115,0.008902583,106.0081635,15.39,0.3502,0.5,0.725,0.5,0.6875,0.7413333,0.75,0.0,0.0,0.9883296863604301,1.9911070144401382,14.923451201920628,0.63076666,0.0032871304557172197
lithuania,2012,4.382905844,2989139,0.010501388,106.1735077,13.365,0.3753,0.5,0.725,0.5,0.6875,0.7413333,0.75,0.0,0.0,1.98832968636043,1.6832283480641503,14.910496278576685,0.63076666,0.00387746256587592
lithuania,2013,4.046913186,2961250,0.011997247,108.9944077,11.77,0.3807,0.5,0.725,0.5,0.75,0.7513333,0.75,0.0,0.0,2.98832968636043,1.6187768061006145,14.901122372150306,0.6452666600000001,0.004255823499114979
lithuania,2014,3.772543796,2937253,0.017161508,102.4475174,10.698,0.4144,0.5,0.75,0.5,0.75,0.7513333,0.7857143,0.0,0.0,3.98832968636043,1.562879453317409,14.892985689246919,0.65026666,0.0060019515122767195
lithuania,2015,2.832806433,2911109,0.01045723,102.1533432,9.12,0.374,0.5,0.75,0.5,0.75,0.7513333,0.8571428999999999,0.0,0.0,4.98832968636043,1.3435972849927973,14.884045009715644,0.65026666,0.0036572419750482
lithuania,2016,2.671922151,2877325,0.014791508,101.8199081,7.862,0.3708,0.5,0.75,0.5,0.75,0.749,0.8214286,0.0,0.0,5.98832968636043,1.3007152718254449,14.872371948592587,0.6498,0.005179986101599999
lithuania,2017,4.612243103,2842639,0.01167178,102.7917786,7.073,0.3836,0.5,0.75,0.5,0.75,0.747,0.8214286,0.0,0.0,6.98832968636043,1.7249504797268027,14.860243755812613,0.6494,0.004092126068
lithuania,2018,4.918367801,2819200,0.009812001,103.0140228,6.147,0.3705,0.25,0.725,0.5,0.75,0.75,0.75,1.0,0.6931471805599453,7.98832968636043,1.7780607015905798,14.85196406943449,0.595,0.003973860405000001
lithuania,2019,4.677351835,2811089,0.006033842,103.8806076,6.255,0.4319,0.5,0.75,0.5,0.8125,0.8333332999999999,0.75,1.0,0.6931471805599453,8.98832968636043,1.736484897783423,14.849082866451907,0.67916666,0.0019358576818922799
lithuania,2020,0.042815834,2810369,0.004728085,105.9874878,8.487,0.4319,0.625,0.75,0.5,0.8125,0.821,0.7142856999999999,0.0,0.0,9.98832968636043,0.04192458708160982,14.848826705239718,0.7017,0.0014103877555
luxembourg,2006,6.016715401,472637,3.73e-05,94.22083282,4.731,0.3854,1.0,0.875,0.75,1.0,0.8866666999999999,0.7857143,0.0,0.0,-4.01167031363957,1.9482952169468497,13.066085046765759,0.90233334,3.6429664180000005e-06
luxembourg,2007,8.09866723,479993,0.000219162,94.90796661,4.065,0.4173,1.0,0.875,0.75,1.0,0.8866666999999999,0.7857143,0.0,0.0,-3.01167031363957,2.2081279445549904,13.081528882805948,0.90233334,2.1404820538920003e-05
luxembourg,2008,-0.300175625,488650,0.0,95.75830078,5.06,0.4018,1.0,0.875,0.75,1.0,0.8866666999999999,0.8214286,0.0,0.0,-2.01167031363957,-0.2624993514966736,13.099403812219405,0.90233334,0.0
luxembourg,2009,-3.238954091,497783,0.000477619,103.92430114999999,5.194,0.3654,1.0,0.875,0.75,1.0,0.8866666999999999,0.8214286,0.0,0.0,-1.01167031363957,-1.4443165621632337,13.117921526976824,0.90233334,4.6647452482540005e-05
luxembourg,2010,3.760414543,506953,0.000328364,100.0800018,4.423,0.3581,1.0,0.875,0.75,1.0,0.8793333,0.8214286,0.0,0.0,-0.01167031363956994,1.5603347533168597,13.136175548674087,0.9008666599999999,3.255182005576002e-05
luxembourg,2011,1.044298553,518347,0.001379187,100.4209671,5.122,0.3514,1.0,0.875,0.75,1.0,0.8793333,0.8214286,0.0,0.0,0.9883296863604301,0.7150547247868263,13.158402110346978,0.9008666599999999,0.0001367234137945801
luxembourg,2012,1.649902128,530946,0.000436189,100.60952,5.03,0.3841,1.0,0.875,0.75,1.0,0.8793333,0.8214286,0.0,0.0,1.98832968636043,0.9745227064859083,13.182417483566477,0.9008666599999999,4.324087244126003e-05
luxembourg,2013,3.1717899,543360,0.000891033,103.4694138,6.045,0.3591,1.0,0.875,0.75,1.0,0.8793333,0.8214286,0.0,0.0,2.98832968636043,1.4283451763306527,13.205529203063842,0.9008666599999999,8.833107734022006e-05
luxembourg,2014,2.623086792,556319,0.001603865,104.5969772,6.044,0.3603,1.0,0.875,0.75,1.0,0.8793333,0.8214286,0.0,0.0,3.98832968636043,1.2873263674637072,13.229098947241688,0.9008666599999999,0.00015899649435910013
luxembourg,2015,2.269784233,569604,0.003098734,104.3791885,6.796,0.3332,1.0,0.875,0.75,1.0,0.8793333,0.8214286,0.0,0.0,4.98832968636043,1.184723998940087,13.252698417131263,0.9008666599999999,0.0003071878511915602
luxembourg,2016,4.978190115,582014,0.001172195,106.0851974,6.669,0.3465,1.0,0.875,0.75,1.0,0.877,0.8571428999999999,0.0,0.0,5.98832968636043,1.7881178657983476,13.274251499577328,0.9004,0.00011675062200000003
luxembourg,2017,1.317187138,596336,0.002910417,106.7843475,5.523,0.3701,1.0,0.875,0.75,1.0,0.877,0.8571428999999999,0.0,0.0,6.98832968636043,0.8403540095603318,13.29856122249026,0.9004,0.00028987753320000007
luxembourg,2018,1.611295613,607950,0.003040011,106.9831238,5.589,0.3583,1.0,0.8999999999999999,0.75,1.0,0.877,0.8928571,0.0,0.0,7.98832968636043,0.9598465016154449,13.317849565595322,0.9054,0.00028758504060000007
luxembourg,2019,2.749319291,620001,0.001011875,106.9465103,5.592,0.3346,1.0,0.8999999999999999,0.75,1.0,0.877,0.8928571,0.0,0.0,8.98832968636043,1.3215743011051346,13.337477982822524,0.9054,9.572337500000001e-05
luxembourg,2020,-0.510051634,630419,0.0,107.078949,6.766,0.3346,1.0,0.8999999999999999,0.75,1.0,0.8726666999999999,0.8928571,0.0,0.0,9.98832968636043,-0.4121438449441942,13.354141542910876,0.9045333400000001,0.0
madagascar,2006,5.398508449,19730909,0.663073068,22.88318062,1.785,0.5032,0.25,0.425,0.25,0.5625,0.444,0.3571429,1.0,0.6931471805599453,-4.01167031363957,1.856064908360376,16.797696999591036,0.3863,0.4069279418316
madagascar,2007,5.710564199,20318583,0.663073068,25.21120071,1.785,0.5071,0.25,0.425,0.25,0.59375,0.444,0.3571429,0.0,0.0,-3.01167031363957,1.903683030757282,16.82704649320707,0.39255,0.40278373515660004
madagascar,2008,6.712632539,20923840,0.663073068,27.46335983,1.785,0.511,0.25,0.45,0.25,0.5,0.519,0.3571429,0.0,0.0,-2.01167031363957,2.042859574043328,16.85639978451431,0.3938,0.40195489382160005
madagascar,2009,-3.978708612,21547280,0.663073068,28.5682106,1.785,0.5149,0.5,0.375,0.25,0.25,0.4356667,0.3571429,1.0,0.6931471805599453,-1.01167031363957,-1.605170542549212,16.885760194859976,0.36213334,0.4229522032211129
madagascar,2010,0.619239745,22183340,0.652948047,34.373208885,4.28,0.5187,0.5,0.35,0.25,0.1875,0.3813333,0.3571429,0.0,0.0,-0.01167031363956994,0.48195674588189386,16.914852159742033,0.33376666000000005,0.43501575819928695
madagascar,2011,1.578427054,22822300,0.663073068,34.1198082,1.785,0.5107,0.5,0.35,0.25,0.125,0.381,0.3214286,1.0,0.6931471805599453,0.9883296863604301,0.9471795440175662,16.94324872991792,0.32120000000000004,0.4500939985584
madagascar,2012,3.011148116,23462438,0.673198089,35.39201511,0.599,0.5026,0.5,0.325,0.25,0.375,0.2976667,0.3214286,1.0,0.6931471805599453,1.98832968636043,1.3890775135556281,16.970911359980075,0.34953333999999997,0.4378929124702127
madagascar,2013,2.300376228,24109290,0.663073068,34.373208885,1.785,0.498,0.5,0.35,0.25,0.3125,0.3106667,0.2857143,2.0,1.0986122886681098,2.98832968636043,1.1940364704588098,16.998107842839854,0.34463334,0.4345559819111129
madagascar,2014,3.339203112,24764348,0.663073068,35.81487023,1.785,0.4935,0.375,0.35,0.25,0.5625,0.314,0.2857143,1.0,0.6931471805599453,3.98832968636043,1.4676907165065183,17.024915636560234,0.3703,0.41753711091959994
madagascar,2015,3.132298075,25426702,0.663073068,36.1207695,1.785,0.489,0.375,0.375,0.25,0.5625,0.4116667,0.2857143,0.0,0.0,4.98832968636043,1.4188336868452966,17.05131047897335,0.39483334000000003,0.40126971389751287
madagascar,2016,3.993146062,26099952,0.663073068,36.07651138,1.785,0.4844,0.375,0.425,0.25,0.5625,0.419,0.3214286,1.0,0.6931471805599453,5.98832968636043,1.6080661844452977,17.07744407152502,0.4063,0.3936664804716
madagascar,2017,3.933307595,26788375,0.663073068,34.77094864,1.785,0.4799,0.25,0.4,0.25,0.5625,0.4203333,0.3214286,0.0,0.0,6.98832968636043,1.5960096748586203,17.103478620049156,0.37656666,0.41338185744728717
madagascar,2018,3.194356517,27494926,0.663073068,34.62660957,1.785,0.4754,0.25,0.375,0.25,0.4375,0.424,0.3214286,0.0,0.0,7.98832968636043,1.433739935304654,17.12951207289234,0.3473,0.4327877914836
madagascar,2019,4.411232129,28219554,0.663073068,32.8161749,1.785,0.4709,0.25,0.3,0.25,0.5,0.438,0.3571429,0.0,0.0,8.98832968636043,1.6884768172044973,17.155525735306426,0.3476,0.4325888695632
madagascar,2020,-7.137671621,28953556,0.663073068,34.373208885,1.785,0.4663,0.25,0.325,0.25,0.5,0.44,0.3571429,0.0,0.0,9.98832968636043,-2.0965040974505427,17.181203621447835,0.353,0.429008274996
malawi,1996,7.316681782,10352228,0.736408596,24.15060997,1.736,0.7987,0.125,0.325,0.0,0.375,0.25,0.3928571,0.0,0.0,-14.01167031363957,2.1182633510027165,16.152712416807358,0.215,0.57808074786
malawi,1998,3.895253503,10792876,0.736408596,31.65950012,1.736,0.757,0.125,0.275,0.0,0.1875,0.25,0.3928571,0.0,0.0,-12.01167031363957,1.5882660627926883,16.194396937467182,0.1675,0.61306015617
malawi,2000,1.576077626,11315942,0.736408596,31.09893036,1.736,0.6736,0.125,0.275,0.0,0.25,0.25,0.3928571,0.0,0.0,-10.01167031363957,0.946267942104848,16.24172317427532,0.18,0.6038550487200001
malawi,2002,1.700000031,11880440,0.736408596,31.32537079,1.736,0.5901,0.0,0.25,0.0,0.4375,0.125,0.3571429,1.0,0.6931471805599453,-8.01167031363957,0.9932517844917649,16.29040399242192,0.1625,0.61674219915
malawi,2003,5.705639405,12181574,0.736408596,33.66198149,1.736,0.5484,0.0,0.25,0.0,0.4375,0.125,0.3571429,0.0,0.0,-7.01167031363957,1.9029488746030432,16.31543512223099,0.1625,0.61674219915
malawi,2004,5.42049755,12500737,0.743958021,28.91453934,1.736,0.5067,0.0,0.35,0.0,0.5625,0.125,0.3571429,0.0,0.0,-6.01167031363957,1.8594956146989,16.34129824052974,0.20750000000000002,0.5895867316425
malawi,2005,3.268726023,12840031,0.736408596,28.7130394,0.942,0.514,0.0,0.35,0.0,0.5625,0.125,0.3571429,0.0,0.0,-5.01167031363957,1.4513154274544242,16.36807834843482,0.20750000000000002,0.5836038123299999
malawi,2006,4.699999764,13198701,0.736408596,30.56421089,1.736,0.5213,0.125,0.375,0.0,0.6875,0.4156667,0.3928571,0.0,0.0,-4.01167031363957,1.7404661334369949,16.395629049388226,0.32063334,0.5002914482598093
malawi,2007,9.599999877,13576343,0.736408596,30.26260948,1.736,0.5286,0.125,0.425,0.0,0.6875,0.4156667,0.4107143,0.0,0.0,-3.01167031363957,2.360853989514248,16.423839424408413,0.33063334,0.4929273622998093
malawi,2008,7.639736399,13976417,0.736408596,32.69173813,1.736,0.5359,0.125,0.425,0.0,0.5,0.421,0.3928571,0.0,0.0,-2.01167031363957,2.156372072975544,16.452882038763207,0.2942,0.5197571870568
malawi,2009,8.328109852,14395788,0.736408596,33.35152817,1.736,0.5432,0.125,0.425,0.0,0.5,0.421,0.3928571,0.0,0.0,-1.01167031363957,2.2330324061254143,16.48244629122452,0.2942,0.5197571870568
malawi,2010,6.874065854,14826463,0.728859171,33.66198149,1.736,0.5505,0.125,0.425,0.0,0.6875,0.4446667,0.3928571,0.0,0.0,-0.01167031363956994,2.0635745559612992,16.51192425008032,0.33643334,0.4836466457108388
malawi,2011,4.932669998,15265022,0.736408596,34.73715992,1.736,0.5551,0.125,0.425,0.0,0.5625,0.4446667,0.3928571,0.0,0.0,0.9883296863604301,1.78047436429017,16.541074690864686,0.31143334,0.5070664073430093
malawi,2012,1.900000001,15709577,0.736408596,34.8210141,1.736,0.5598,0.125,0.425,0.0,0.5625,0.4526667,0.3928571,0.0,0.0,1.98832968636043,1.064710737337256,16.5697811479996,0.31303334,0.5058881535894093
malawi,2013,5.410349998,16161816,0.736408596,37.84729585,4.978,0.5645,0.0,0.425,0.0,0.625,0.45,0.4285714,0.0,0.0,2.98832968636043,1.8579138713140255,16.598162042855343,0.3,0.5154860172
malawi,2014,5.625270001,16621538,0.736408596,39.54356595,1.736,0.5691,0.0,0.425,0.0,0.625,0.4386667,0.3928571,0.0,0.0,3.98832968636043,1.8908911259097534,16.626209942382506,0.29773334,0.5171552051082093
malawi,2015,2.8,17085587,0.736408596,39.72914618,1.736,0.5738,0.0,0.425,0.0,0.5,0.435,0.3928571,0.0,0.0,4.98832968636043,1.33500106673234,16.653745859093828,0.272,0.536105457888
malawi,2016,2.499999999,17557739,0.716524893,38.18436813,1.736,0.5785,0.0,0.425,0.0,0.5,0.435,0.3928571,0.0,0.0,5.98832968636043,1.2527629682096537,16.68100543629395,0.272,0.521630122104
malawi,2017,4.000000001,18039715,0.736408596,39.6154223,3.77,0.545,0.0,0.425,0.0,0.5,0.433,0.3928571,1.0,0.6931471805599453,6.98832968636043,1.6094379126341003,16.70808632968104,0.2716,0.5364000213264
malawi,2018,4.353564716,18528081,0.736408596,38.83243978,1.736,0.5116,0.0,0.425,0.0,0.5,0.433,0.3928571,2.0,1.0986122886681098,7.98832968636043,1.6777626410833293,16.73479808507909,0.2716,0.5364000213264
malawi,2019,5.716825192,19025752,0.754382207,35.52126725,1.736,0.4781,0.0,0.45,0.0,0.5,0.4333333,0.3928571,5.0,1.791759469228055,8.98832968636043,1.904615601232665,16.761304040429433,0.27666665999999995,0.5456698014258814
malawi,2020,0.79359643,19533888,0.736408596,41.45650751,0.907,0.4781,0.125,0.45,0.0,0.5,0.4413333,0.3928571,0.0,0.0,9.98832968636043,0.5842227829234297,16.787661412573495,0.30326665999999997,0.5130804206957906
malaysia,1996,10.00270069,20850087,0.00368172,67.9570694,2.52,0.4656,0.375,0.525,0.5,0.625,0.25,0.5714286,0.0,0.0,-14.01167031363957,2.3981407599366644,16.85286872682368,0.45499999999999996,0.0020065374
malaysia,1998,-7.359415188,21906713,0.00368172,79.08828735,3.2,0.4618,0.25,0.4,0.5,0.4375,0.25,0.5357143,0.0,0.0,-12.01167031363957,-2.123388471061227,16.902303723144577,0.3675,0.0023286879
malaysia,2000,8.85886817,22967816,0.00368172,76.48282623,3.0,0.4517,0.25,0.45,0.5,0.5625,0.125,0.5357143,3.0,1.3862943611198906,-10.01167031363957,2.288371371964809,16.94960453314419,0.3775,0.0022918707
malaysia,2002,5.390988307,24102477,0.00368172,75.00115967,3.48,0.4435,0.125,0.575,0.5,0.6875,0.25,0.5357143,0.0,0.0,-8.01167031363957,1.85488892106234,16.99782521475187,0.42750000000000005,0.0021077847
malaysia,2003,5.788499286,24679602,0.031729222,80.08899689,3.61,0.4432,0.25,0.625,0.5,0.625,0.5,0.6071428999999999,0.0,0.0,-7.01167031363957,1.9152298988803191,17.02148767097257,0.5,0.015864611
malaysia,2004,6.783437724,25256772,0.00368172,80.56777191,3.54,0.4429,0.25,0.625,0.5,0.625,0.5,0.6071428999999999,0.0,0.0,-6.01167031363957,2.0519981074339433,17.044604915340127,0.5,0.00184086
malaysia,2005,5.332139161,25836071,0.00368172,76.25375366,3.53,0.4475,0.25,0.625,0.5,0.625,0.5,0.6071428999999999,0.0,0.0,-5.01167031363957,1.845638119193564,17.06728221293972,0.5,0.00184086
malaysia,2006,5.584847067,26417909,0.016615138,75.8026123,3.32,0.4521,0.25,0.625,0.5,0.625,0.5326666999999999,0.6071428999999999,0.0,0.0,-4.01167031363957,1.8847711104760463,17.08955274719203,0.50653334,0.00819901665429908
malaysia,2007,6.298785927,26998389,0.00368172,74.25193787,3.31,0.4567,0.25,0.625,0.5,0.65625,0.5326666999999999,0.6071428999999999,0.0,0.0,-3.01167031363957,1.987708022953213,17.111287792561058,0.51278334,0.0017937953214551999
malaysia,2008,4.831769889,27570059,0.014825598,74.83595276,3.34,0.448,0.25,0.65,0.5,0.6875,0.5453333,0.5714286,2.0,1.0986122886681098,-2.01167031363957,1.7633205373092686,17.132240959276174,0.52656666,0.007018932378637321
malaysia,2009,-1.513528716,28124778,0.00368172,75.02427673,3.62,0.4393,0.25,0.65,0.5,0.625,0.5453333,0.5714286,1.0,0.6931471805599453,-1.01167031363957,-0.9216876287918159,17.15216156068021,0.5140666599999999,0.0017890704965448003
malaysia,2010,7.424847383,28655776,0.00368172,77.2140274,3.32,0.4316,0.25,0.65,0.5,0.6875,0.5396666999999999,0.6428571,0.0,0.0,-0.01167031363956994,2.1311853612969025,17.170865621286968,0.52543334,0.0017472215634552
malaysia,2011,5.293912834,29162039,0.00368172,77.59253693,3.05,0.4239,0.25,0.65,0.5,0.6875,0.5396666999999999,0.6428571,0.0,0.0,0.9883296863604301,1.8395829494837168,17.188378421505462,0.52543334,0.0017472215634552
malaysia,2012,5.473454193,29662831,0.00368172,81.23719788,3.04,0.4162,0.25,0.65,0.5,0.6875,0.5469999999999999,0.6428571,2.0,1.0986122886681098,1.98832968636043,1.8677098444121287,17.205405372246748,0.5269,0.0017418217319999998
malaysia,2013,4.693722526,30174265,0.001086721,80.93836212,3.14,0.4052,0.375,0.6,0.5,0.6875,0.5496667,0.7142856999999999,13.0,2.6390573296152584,2.98832968636043,1.7393642567236005,17.222499999879854,0.54243334,0.00049724729832186
malaysia,2014,6.006721946,30696137,0.00368172,83.28363037,2.88,0.3941,0.375,0.6,0.5,0.6875,0.5496667,0.7142856999999999,12.0,2.5649493574615367,3.98832968636043,1.9468699662833504,17.239647406598586,0.54243334,0.0016846323234552
malaysia,2015,5.091532422,31232798,0.000522948,81.51158142,3.1,0.3941,0.375,0.6,0.5,0.6875,0.5476667,0.7142856999999999,5.0,1.791759469228055,4.98832968636043,1.8068996792967242,17.25697935060338,0.54203334,0.00023949274891367996
malaysia,2016,4.449781398,31789685,0.00368172,79.82839203,3.44,0.3489,0.375,0.6,0.5,0.6875,0.5513333,0.7142856999999999,19.0,2.995732273553991,5.98832968636043,1.6955754974119912,17.274652455518293,0.5427666600000001,0.0016834051325447996
malaysia,2017,5.81272241,32355644,0.00368172,78.8863678,3.41,0.3498,0.375,0.625,0.5,0.6875,0.5513333,0.75,4.0,1.6094379124341003,6.98832968636043,1.9187918067958993,17.292299061369842,0.54776666,0.0016649965325448001
malaysia,2018,4.843086976,32910967,0.000301526,74.4872818,3.3,0.3505,0.5,0.625,0.5,0.6875,0.5626667,0.7142856999999999,7.0,2.0794415416798357,7.98832968636043,1.7652592489655339,17.309316534039066,0.57503334,0.00012813849712316002
malaysia,2019,4.413187421,33440596,0.00368172,75.32298279,3.33,0.3509,0.5,0.625,0.5,0.6875,0.572,0.7142856999999999,2.0,1.0986122886681098,8.98832968636043,1.6888380914533814,17.325281198892228,0.5769,0.001557735732
malaysia,2020,-5.456846584,33889558,0.00368172,73.24594116,4.54,0.3537,0.5,0.65,0.5,0.6875,0.573,0.7142856999999999,1.0,0.6931471805599453,9.98832968636043,-1.8651410537213653,17.33861753081046,0.5821,0.0015385907880000002
mali,2009,5.454735626,15435539,0.633404539,34.03554153,1.665,0.4057,0.25,0.4,0.0,0.5,0.4456667,0.3214286,6.0,1.9459101490553132,-1.01167031363957,1.8648140669920124,16.55218320072916,0.31913334,0.43126403289776977
mali,2010,5.576788598,15945198,0.4636144805,36.71892062,8.07,0.4093,0.25,0.4,0.0,0.5625,0.4503333,0.3214286,1.0,0.6931471805599453,-0.01167031363956994,1.883546571184414,16.584668338749797,0.33256666,0.30943176119247984
mali,2011,2.935378971,16469049,0.4636144805,38.74921372,6.9,0.413,0.25,0.4,0.0,0.5625,0.462,0.3214286,4.0,1.6094379124341003,0.9883296863604301,1.3700071849830258,16.61699341985878,0.3349,0.30834999098055
mali,2012,-1.072399241,16957033,0.4636144805,38.74921372,6.351,0.4166,0.25,0.4,0.0,0.1875,0.4206667,0.3214286,19.0,2.995732273553991,1.98832968636043,-0.7287069897163909,16.646193290958905,0.25163334000000004,0.3469536202994201
mali,2013,3.29068742,17459615,0.4636144805,39.27581214,6.351,0.4202,0.25,0.375,0.0,0.5,0.3633333,0.3214286,58.0,4.07753744390572,2.98832968636043,1.4564469578654642,16.67540111500673,0.29766666,0.32561190656192984
mali,2014,6.502638784,18020267,0.4636144805,41.23491147,6.375,0.4239,0.25,0.4,0.0,0.5,0.443,0.3214286,69.0,4.248495242049359,3.98832968636043,2.0152547965285033,16.707007682397915,0.3186,0.31590690701269997
mali,2015,6.238878902,18593022,0.4636144805,38.98922386,7.729,0.4275,0.25,0.325,0.0,0.4375,0.44,0.3214286,121.0,4.804021044733257,4.98832968636043,1.979466346617413,16.738296960786123,0.2905,0.32893447391475
mali,2016,6.005063086,19191289,0.4636144805,40.09999486,1.367,0.4312,0.25,0.325,0.0,0.4375,0.44,0.3214286,100.0,4.61512051684126,5.98832968636043,1.94663318560138,16.769967088236275,0.2905,0.32893447391475
mali,2017,5.375547696,19813011,0.4636144805,38.54858057,7.414,0.4348,0.25,0.325,0.0,0.375,0.438,0.3214286,142.0,4.962844630259907,6.98832968636043,1.85247000045221,16.801849451539162,0.27759999999999996,0.3349151007132
mali,2018,4.86785,20442030,0.293824422,37.9832691,1.62,0.4384,0.25,0.325,0.0,0.375,0.4303333,0.3214286,164.0,5.10594547390058,7.98832968636043,1.769488297581824,16.833103682355677,0.27606666,0.21270929519202947
mali,2019,4.999999116,21068405,0.4636144805,38.74921372,3.29,0.4398,0.25,0.325,0.0,0.375,0.414,0.3214286,139.0,4.941642422609304,8.98832968636043,1.7917593218947108,16.863285130331956,0.2728,0.33714045021960004
mali,2020,-1.169108348,21713836,0.4636144805,38.74921372,3.528,0.4411,0.25,0.325,0.0,0.3125,0.381,0.3214286,138.0,4.9344739331306915,9.98832968636043,-0.7743161835708496,16.89346026506804,0.2537,0.34599548679715
malta,2006,2.33618945,405308,0.005492243,97.52716064,6.798,0.2969,0.625,0.8999999999999999,0.75,0.8125,0.7796666999999999,0.8214286,0.0,0.0,-4.01167031363957,1.2048292724523793,12.912405018143357,0.77343334,0.0012443591524183802
malta,2007,5.036401681,406724,0.005275415,100.5222092,6.472,0.3005,0.625,0.8999999999999999,0.75,0.8125,0.7796666999999999,0.8214286,0.0,0.0,-3.01167031363957,1.7978080862394576,12.91589256037737,0.77343334,0.0011952331566639001
malta,2008,4.410596606,409379,0.00179175,101.4230499,5.977,0.3037,0.625,0.8999999999999999,0.75,0.8125,0.7796666999999999,0.8571428999999999,0.0,0.0,-2.01167031363957,1.68835936515156,12.922399099037523,0.77343334,0.00040595081305500004
malta,2009,-1.395249735,412477,0.00479163,99.02468492,6.896,0.3162,0.625,0.8999999999999999,0.75,0.75,0.7796666999999999,0.7857143,0.0,0.0,-1.01167031363957,-0.8734874989132064,12.929938150001266,0.76093334,0.0011455189800557999
malta,2010,6.197350411,414508,0.002585859,105.1138535,6.861,0.3043,0.625,0.8999999999999999,0.75,0.75,0.7759999999999999,0.7857143,0.0,0.0,-0.01167031363956994,1.9737129598217333,12.934849966228882,0.7602,0.0006200889882
malta,2011,0.992201912,416268,0.002096037,94.1126709,6.388,0.3185,0.625,0.825,0.75,0.75,0.7759999999999999,0.7857143,0.0,0.0,0.9883296863604301,0.6892405154714654,12.939086964880705,0.7452,0.0005340702276
malta,2012,4.101673922,420028,0.001870947,95.51699829,6.203,0.3266,0.625,0.825,0.75,0.75,0.7759999999999999,0.7857143,0.0,0.0,1.98832968636043,1.6295687058778792,12.94807903549492,0.7452,0.0004767172956
malta,2013,6.292333759,424810,0.000296661,96.26006317,6.115,0.3289,0.625,0.825,0.75,0.75,0.7759999999999999,0.7857143,0.0,0.0,2.98832968636043,1.9868236263394643,12.959399643113215,0.7452,7.55892228e-05
malta,2014,7.631363608,433481,0.0,96.23097992,5.737,0.3356,0.625,0.825,0.75,0.8125,0.7796666999999999,0.7857143,1.0,0.6931471805599453,3.98832968636043,2.1554025004928965,12.979605551849302,0.7584333400000001,0.0
malta,2015,9.620703158,444220,0.00084378,95.15711975,5.389,0.3456,0.625,0.825,0.75,0.8125,0.7796666999999999,0.75,1.0,0.6931471805599453,4.98832968636043,2.362805224356422,13.004077465326791,0.7584333400000001,0.00020382911637479995
malta,2016,4.078003559,454505,0.001135259,94.97657013,4.694,0.332,0.625,0.825,0.75,0.8125,0.7796666999999999,0.7857143,0.0,0.0,5.98832968636043,1.624918184148724,13.026966393832666,0.7584333400000001,0.0002742407248649399
malta,2017,12.9713425,467106,0.001648642,103.1384125,4.008,0.341,0.625,0.825,0.5,0.8125,0.7716666999999999,0.7857143,3.0,1.3862943611198906,6.98832968636043,2.637008267434785,13.054313632462259,0.70683334,0.0004833268686757201
malta,2018,7.189214796,483903,0.001592334,104.6425095,3.956,0.3253,0.625,0.7999999999999999,0.5,0.8125,0.7736666999999999,0.7857143,0.0,0.0,7.98832968636043,2.1028180197645465,13.089641818917942,0.7022333399999999,0.0004741439767844401
malta,2019,4.085055821,503912,0.003046818,104.5057297,4.08,0.3485,0.5,0.7749999999999999,0.5,0.8125,0.765,0.7857143,0.0,0.0,8.98832968636043,1.626306007021391,13.130158913105504,0.6705,0.001003926531
malta,2020,-3.457282763,515490,0.003938395,102.9240112,4.856,0.3485,0.5,0.75,0.5,0.8125,0.756,0.7857143,0.0,0.0,9.98832968636043,-1.4945393344021103,13.15287512350886,0.6637000000000001,0.0013244822384999998
mauritania,2009,0.097875914,3284448,0.1096360465,20.00699043,10.336,0.4079,0.25,0.375,0.25,0.5625,0.1303333,0.4642857,5.0,1.791759469228055,-1.01167031363957,0.09337732577216096,15.004709463716566,0.31356666,0.07525783758339032
mauritania,2010,2.620229481,3390965,0.1096360465,20.42440033,10.336,0.4061,0.25,0.325,0.25,0.5625,0.1286667,0.4642857,1.0,0.6931471805599453,-0.01167031363956994,1.286537416369894,15.036625394516665,0.30323333999999996,0.07639074193540969
mauritania,2011,4.172783278,3502811,0.1096360465,22.7523098,10.336,0.4043,0.25,0.3,0.25,0.4375,0.139,0.4642857,3.0,1.3862943611198906,0.9883296863604301,1.6434108953051798,15.069076632455102,0.2753,0.07945324289855
mauritania,2012,4.470013192,3619034,0.1096360465,27.06389644,9.864,0.4024,0.25,0.3,0.25,0.4375,0.139,0.4642857,0.0,0.0,1.98832968636043,1.6992810281311646,15.101717973678998,0.2753,0.07945324289855
mauritania,2013,4.15081319,3734318,0.1096360465,30.26204191,10.336,0.4006,0.25,0.3,0.25,0.4375,0.139,0.4642857,0.0,0.0,2.98832968636043,1.6391546031814723,15.133076030607775,0.2753,0.07945324289855
mauritania,2014,4.274823288,3848514,0.117057048,30.69882329,10.336,0.3987,0.25,0.3,0.25,0.4375,0.139,0.4642857,0.0,0.0,3.98832968636043,1.6629451788957825,15.163197917571363,0.2753,0.0848312426856
mauritania,2015,5.376339241,3965959,0.1096360465,31.19630754,10.336,0.3976,0.25,0.3,0.25,0.4375,0.132,0.4642857,0.0,0.0,4.98832968636043,1.8525941460010105,15.193258502282323,0.2739,0.07960673336365
mauritania,2016,1.260909231,4086657,0.1096360465,32.18758704,10.336,0.3964,0.25,0.3,0.25,0.4375,0.132,0.4642857,0.0,0.0,5.98832968636043,0.8157670469791443,15.223238079084199,0.2739,0.07960673336365
mauritania,2017,6.270545669,4210600,0.1096360465,31.75656968,10.336,0.3952,0.25,0.325,0.25,0.4375,0.1273333,0.4642857,0.0,0.0,6.98832968636043,1.9838313463628574,15.253115950814408,0.27796666000000003,0.0791608808387903
mauritania,2018,4.772173657,4337685,0.1096360465,35.52934256,10.336,0.394,0.25,0.3,0.25,0.4375,0.1273333,0.4642857,1.0,0.6931471805599453,7.98832968636043,1.7530487265643826,15.282851584162232,0.27296666,0.0797090610712903
mauritania,2019,3.141004893,4467708,0.102215045,37.57937099,10.416,0.3929,0.125,0.3,0.25,0.375,0.1306667,0.4642857,0.0,0.0,8.98832968636043,1.4209384861613799,15.312386307238194,0.23613334,0.0780786650258997
mauritania,2020,-0.360657384,4600131,0.1096360465,36.02770301,10.336,0.3929,0.25,0.325,0.25,0.375,0.1306667,0.4642857,0.0,0.0,9.98832968636043,-0.30796795355026557,15.341595556699785,0.26613334,0.08045823926055969
mauritius,1996,5.587843927,1133996,0.010737179,88.72229004,7.447,0.4509,0.5,0.725,0.5,0.9375,0.625,0.5357143,0.0,0.0,-14.01167031363957,1.8852261215368946,13.941259117763689,0.6575,0.0036774838075
mauritius,1998,6.071940178,1160421,0.010737179,88.72229004,7.447,0.4509,0.5,0.725,0.5,0.9375,0.625,0.5357143,0.0,0.0,-12.01167031363957,1.9561348663063522,13.96429429002933,0.6575,0.0036774838075
mauritius,2000,8.202791749,1186873,0.010737179,88.72229004,7.447,0.4509,0.5,0.725,0.5,0.875,0.625,0.5357143,0.0,0.0,-10.01167031363957,2.219506889001319,13.986833517999623,0.645,0.0038116985449999996
mauritius,2002,1.614918659,1204621,0.010737179,82.4172287,8.205,0.4509,0.5,0.725,0.5,0.875,0.625,0.5357143,0.0,0.0,-8.01167031363957,0.9612329914881657,14.00167638274891,0.645,0.0038116985449999996
mauritius,2003,5.925445489,1213370,0.010737179,85.57759094,5.904,0.4509,0.5,0.6749999999999999,0.5,0.875,0.625,0.5714286,0.0,0.0,-7.01167031363957,1.9352023805457979,14.008912994419005,0.635,0.003919070334999999
mauritius,2004,4.330019855,1221003,0.010737179,86.34352875,8.337,0.4509,0.5,0.75,0.5,0.875,0.625,0.5714286,0.0,0.0,-6.01167031363957,1.6733549633115277,14.01518402909075,0.65,0.0037580126499999994
mauritius,2005,1.77754302,1228254,0.010737179,88.63310242,9.524,0.4509,0.5,0.75,0.5,0.875,0.625,0.5714286,0.0,0.0,-5.01167031363957,1.0215667311605734,14.021105020855094,0.65,0.0037580126499999994
mauritius,2006,4.865544608,1233996,0.011172141,86.69441986,9.04,0.4509,0.5,0.7,0.5,0.8125,0.6846667,0.6785713999999999,0.0,0.0,-4.01167031363957,1.7690953350834702,14.0257690523262,0.6394333400000001,0.004028301565419059
mauritius,2007,5.72701616,1239630,0.010737179,86.7215271,8.475,0.4574,0.5,0.7,0.5,0.8125,0.6846667,0.6964286,0.0,0.0,-3.01167031363957,1.9061316813001343,14.030324312650151,0.6394333400000001,0.003871468769852139
mauritius,2008,5.386962542,1244121,0.010737179,86.2219162,7.17,0.4639,0.5,0.7,0.5,0.8125,0.6846667,0.7142856999999999,0.0,0.0,-2.01167031363957,1.8542588098370314,14.03394061821219,0.6394333400000001,0.003871468769852139
mauritius,2009,3.315076998,1247429,0.010737179,86.65670013,7.257,0.4703,0.5,0.7,0.5,0.8125,0.6846667,0.7142856999999999,0.0,0.0,-1.01167031363957,1.462115168640379,14.036595992809012,0.6394333400000001,0.003871468769852139
mauritius,2010,4.377203223,1250400,0.010737179,86.90731049,7.654,0.4768,0.5,0.7,0.5,0.8125,0.6846667,0.7142856999999999,0.0,0.0,-0.01167031363956994,1.6821683919803594,14.038974857833166,0.6394333400000001,0.003871468769852139
mauritius,2011,4.077538066,1252404,0.010737179,88.72229004,7.447,0.4833,0.5,0.7,0.5,0.8125,0.6846667,0.7142856999999999,0.0,0.0,0.9883296863604301,1.6248265114408538,14.040576260761135,0.6394333400000001,0.003871468769852139
mauritius,2012,3.496118365,1255882,0.010737179,92.10943897,7.472,0.4898,0.5,0.7,0.5,0.8125,0.6903332999999999,0.7142856999999999,0.0,0.0,1.98832968636043,1.503214438979723,14.043349468805042,0.64056666,0.0038593001101478604
mauritius,2013,3.3604061,1258927,0.010737179,93.79828644,7.322,0.4853,0.5,0.7,0.5,0.8125,0.689,0.7142856999999999,0.0,0.0,2.98832968636043,1.4725651952253125,14.045771123146535,0.6403000000000001,0.003862163286299999
mauritius,2014,3.82696982,1261208,0.010737179,97.07535326,7.467,0.4808,0.5,0.7,0.5,0.8125,0.689,0.7142856999999999,0.0,0.0,3.98832968636043,1.5742189043281698,14.047581342688476,0.6403000000000001,0.003862163286299999
mauritius,2015,3.690556904,1262879,0.010737179,93.96819847,7.41,0.4764,0.375,0.7,0.5,0.8125,0.6926667,0.7142856999999999,0.0,0.0,4.98832968636043,1.545551318265956,14.048905384942229,0.6160333400000001,0.004122718758452139
mauritius,2016,3.862468263,1263747,0.010737179,94.43625456,6.814,0.4719,0.375,0.7,0.5,0.8125,0.6926667,0.7142856999999999,0.0,0.0,5.98832968636043,1.5815461820338044,14.049592466724071,0.6160333400000001,0.004122718758452139
mauritius,2017,3.937983806,1264887,0.005401916,92.5403345,6.752,0.4674,0.375,0.7,0.5,0.8125,0.6906667,0.7142856999999999,0.0,0.0,6.98832968636043,1.5969571114522396,14.05049413867467,0.61563334,0.0020763164105205597
mauritius,2018,4.006740572,1265577,0.010737179,91.41713586,6.426,0.4674,0.375,0.7,0.5,0.8125,0.6906667,0.7142856999999999,0.0,0.0,7.98832968636043,1.610785118943751,14.051039492785021,0.61563334,0.0041270136300521395
mauritius,2019,2.891284993,1265985,0.010737179,93.13549687,6.331,0.4674,0.375,0.7,0.5,0.8125,0.6906667,0.7142856999999999,0.0,0.0,8.98832968636043,1.3587394354733686,14.051361823173297,0.61563334,0.0041270136300521395
mauritius,2020,-14.54653815,1266014,0.010737179,89.50199984,8.626,0.4674,0.375,0.7,0.5,0.8125,0.688,0.7142856999999999,0.0,0.0,9.98832968636043,-2.7438379868305254,14.0513847299573,0.6151,0.0041327401971
mexico,1996,6.218297159,92452702,0.21694376,87.82650757,5.465,0.5445,0.125,0.325,0.25,0.1875,0.375,0.6428571,75.0,4.330733340286331,-14.01167031363957,1.9766190745336023,18.342207752795638,0.2525,0.16216546060000003
mexico,1998,6.185078931,95575245,0.218923399,87.82650757,3.733,0.5445,0.25,0.4,0.5,0.375,0.375,0.6428571,2.0,1.0986122886681098,-12.01167031363957,1.9720065049960478,18.375424411438285,0.38,0.13573250738
mexico,2000,5.029283994,98625552,0.163460306,71.11958313,2.646,0.5445,0.25,0.4,0.5,0.5,0.375,0.6071428999999999,4.0,1.6094379124341003,-10.01167031363957,1.796628263058685,18.406840944212185,0.40499999999999997,0.09725888207
mexico,2002,-0.236588002,101548624,0.128046233,75.14829254,3.003,0.5445,0.25,0.5499999999999999,0.25,0.625,0.5,0.6785713999999999,0.0,0.0,-8.01167031363957,-0.2123559756854292,18.436048305770985,0.43499999999999994,0.07234612164500001
mexico,2003,1.185544867,102978515,0.095631905,78.55419159,3.455,0.5702,0.25,0.5499999999999999,0.25,0.625,0.5,0.6785713999999999,1.0,0.6931471805599453,-7.01167031363957,0.7818651645088139,18.450030941913276,0.43499999999999994,0.05403202632500001
mexico,2004,3.565441009,104394131,0.110482373,79.78270721,3.937,0.5959,0.25,0.5499999999999999,0.25,0.625,0.5,0.6785713999999999,1.0,0.6931471805599453,-6.01167031363957,1.5185151159525592,18.463684024936594,0.43499999999999994,0.062422540745000005
mexico,2005,2.113247126,105811504,0.116611906,80.63053894,3.558,0.5914,0.25,0.525,0.25,0.625,0.5,0.6785713999999999,1.0,0.6931471805599453,-5.01167031363957,1.1356662734676468,18.477169814387544,0.43,0.06646878642000001
mexico,2006,4.805013527,107253666,0.09043004,82.70139313,3.566,0.5869,0.25,0.525,0.25,0.5,0.5556667,0.6785713999999999,7.0,2.0794415416798357,-4.01167031363957,1.7587219453796978,18.490707306330087,0.41613334,0.0527990854184664
mexico,2007,2.077863934,108774360,0.095631905,84.08870697,3.628,0.6184,0.25,0.4875,0.25,0.53125,0.5556667,0.6785713999999999,10.0,2.3978952727983707,-3.01167031363957,1.1242358284616667,18.504786212042156,0.41488334,0.055955820843037296
mexico,2008,0.943331863,110374288,0.10083377,86.0763092,3.874,0.6499,0.25,0.45,0.5,0.5625,0.5593332999999999,0.6785713999999999,8.0,2.1972245773362196,-2.01167031363957,0.6644039550902315,18.519387775191547,0.46436665999999993,0.05400992900989181
mexico,2009,-6.295250558,111999721,0.095631905,85.94232178,5.356,0.6354,0.25,0.45,0.5,0.5,0.5593332999999999,0.6428571,1.0,0.6931471805599453,-1.01167031363957,-1.9872235279236452,18.53400694711343,0.45186666,0.0524190354982127
mexico,2010,4.971334583,113623895,0.084090826,87.27292633,5.303,0.6208,0.25,0.45,0.5,0.5,0.5643332999999999,0.6428571,5.0,1.791759469228055,-0.01167031363956994,1.786970450662532,18.548404394243097,0.4528666599999999,0.04600889449273884
mexico,2011,3.444045058,115243504,0.095631905,88.38008881,5.175,0.6293,0.25,0.45,0.5,0.5,0.5643332999999999,0.6428571,2.0,1.0986122886681098,0.9883296863604301,1.4915650107898901,18.562557882504613,0.4528666599999999,0.052323403593212706
mexico,2012,3.55321076,116818208,0.072911414,90.69361877,4.892,0.6379,0.25,0.45,0.5,0.5,0.5633332999999999,0.6428571,16.0,2.833213344056216,1.98832968636043,1.5158326456392852,18.57612951518002,0.45266665999999994,0.03990684774874276
mexico,2013,0.852101559,118343573,0.095631905,93.26230621,4.921,0.6349,0.25,0.45,0.5,0.5,0.5636667,0.6428571,8.0,2.1972245773362196,2.98832968636043,0.6163209721934706,18.58910259587221,0.45273334,0.052336153238787306
mexico,2014,2.503763503,119784261,0.071985234,97.31968689,4.819,0.6319,0.25,0.45,0.5,0.5,0.5559999999999999,0.6428571,5.0,1.791759469228055,3.98832968636043,1.2538376773602875,18.60120286606772,0.45119999999999993,0.0395054964192
mexico,2015,2.702323426,121072306,0.095631905,100.9822693,4.311,0.6298,0.25,0.425,0.5,0.5,0.4683333,0.6428571,19.0,2.995732273553991,4.98832968636043,1.308960575543184,18.61189850359447,0.42866666000000003,0.0546376956942127
mexico,2016,1.772493238,122251351,0.044368929,102.8713684,3.853,0.6277,0.25,0.4,0.5,0.5,0.3823333,0.6785713999999999,7.0,2.0794415416798357,5.98832968636043,1.0197470012853982,18.621589745562805,0.40646666,0.026334438621592862
mexico,2017,1.871728533,123400057,0.095631905,105.1101837,3.419,0.6414,0.25,0.425,0.5,0.5,0.3803333,0.6785713999999999,23.0,3.1780538303479458,6.98832968636043,1.0549141247825649,18.63094213945166,0.41106666000000003,0.0563208172222127
mexico,2018,1.972082094,124573711,0.038940405,105.964653,3.275,0.6551,0.25,0.425,0.5,0.5625,0.373,0.6428571,27.0,3.332204510175204,7.98832968636043,1.089262748950466,18.640408162925173,0.42210000000000003,0.022503660049499996
mexico,2019,-0.392690505,125762982,0.095631905,105.5156097,3.477,0.6357,0.25,0.425,0.5,0.5625,0.3696667,0.6785713999999999,31.0,3.4657359027997265,8.98832968636043,-0.3312374913614162,18.649909606147578,0.42143334,0.055329431865287305
mexico,2020,-8.354034582,126799054,0.042560346,102.581543,4.378,0.6163,0.25,0.425,0.5,0.5625,0.369,0.6428571,13.0,2.6390573296152584,9.98832968636043,-2.23580775632487,18.65811414725824,0.4213,0.0246296722302
moldova,1996,-5.877060286,2947293,0.008351476,95.65076385,2.433,0.3662,0.375,0.5,0.0,0.3125,0.375,0.5,2.0,1.0986122886681098,-14.01167031363957,-1.9281912766217995,14.896398019214196,0.3125,0.00574163975
moldova,1998,-6.542192077,2935227,0.319057206,95.65076385,2.433,0.3576,0.375,0.5,0.0,0.1875,0.375,0.5,0.0,0.0,-12.01167031363957,-2.020512866159709,14.892295691361738,0.2875,0.227328259275
moldova,2000,2.107716082,2924668,0.409976389,95.65076385,8.539,0.3521,0.25,0.375,0.0,0.1875,0.375,0.4642857,1.0,0.6931471805599453,-10.01167031363957,1.1338880776248204,14.888691869851584,0.2375,0.31260699661249997
moldova,2002,7.799999658,2911385,0.199295496,95.65076385,6.845,0.3542,0.0,0.275,0.0,0.25,0.25,0.4642857,0.0,0.0,-8.01167031363957,2.1747516826205238,14.884139814418027,0.155,0.16840469411999998
moldova,2003,6.599999958,2903198,0.100319958,95.65076385,6.378,0.3575,0.0,0.275,0.0,0.1875,0.25,0.4642857,0.0,0.0,-7.01167031363957,2.0281482417659698,14.881323790433433,0.14250000000000002,0.08602436398499999
moldova,2004,7.399999734,2896023,0.115521862,95.65076385,6.374,0.3559,0.0,0.4,0.0,0.3125,0.25,0.4642857,0.0,0.0,-6.01167031363957,2.128231674182601,14.878849319746223,0.1925,0.093283903565
moldova,2005,7.500000149,2888985,0.165806637,95.65076385,5.633,0.3614,0.0,0.4,0.0,0.375,0.25,0.4642857,0.0,0.0,-5.01167031363957,2.1400661810256825,14.876416133469167,0.205,0.13181627641500002
moldova,2006,4.799999837,2880967,0.03403654,95.65076385,4.26,0.3629,0.0,0.4,0.0,0.5,0.6333333,0.4642857,1.0,0.6931471805599453,-4.01167031363957,1.757857889448925,14.873636906750553,0.30666666,0.0235986679602436
moldova,2007,3.000000226,2874299,0.015820829,95.65076385,2.749,0.3668,0.0,0.4,0.0,0.5,0.6333333,0.4642857,0.0,0.0,-3.01167031363957,1.386294417619889,14.871319724307074,0.30666666,0.010969108212138862
moldova,2008,7.800000145,2868833,0.016971195,95.65076385,2.097,0.3697,0.0,0.4,0.0,0.5,0.6333333,0.4642857,0.0,0.0,-2.01167031363957,2.1747517379614334,14.869416233408062,0.30666666,0.011766695313141302
moldova,2009,-6.000000264,2865213,0.014702772,95.65076385,3.024,0.3726,0.0,0.375,0.0,0.5,0.5499999999999999,0.4642857,1.0,0.6931471805599453,-1.01167031363957,-1.9459101867695983,14.868153599931352,0.285,0.01051248198
moldova,2010,7.100000107,2862354,0.008351476,87.98113499,2.972,0.3628,0.0,0.375,0.0,0.5,0.5443333,0.5,0.0,0.0,-0.01167031363956994,2.0918640748882695,14.867155270539788,0.28386666,0.0059807704018098404
moldova,2011,5.818166147,2860699,0.004649463,87.71937269,2.677,0.3604,0.0,0.4,0.0,0.5,0.6276667,0.5,0.0,0.0,0.9883296863604301,1.9195905422952986,14.866576908093112,0.30553334000000004,0.0032288970404035803
moldova,2012,-0.589733955,2860324,0.005213617,88.19586867,2.189,0.3551,0.0,0.4,0.0,0.4375,0.6273333,0.5,1.0,0.6931471805599453,1.98832968636043,-0.4635666783325637,14.86644581270355,0.29296666,0.00368620104099078
moldova,2013,9.043865607,2859558,0.00147605,88.33604943,1.894,0.3528,0.0,0.4,0.0,0.4375,0.6273333,0.5357143,0.0,0.0,2.98832968636043,2.306962060779695,14.866177975102444,0.29296666,0.001043616561507
moldova,2014,4.999625854,2857815,4.99e-05,104.382597,1.45,0.3509,0.0,0.4,0.0,0.4375,0.6273333,0.5357143,0.0,0.0,3.98832968636043,1.7916971096170682,14.86556825471363,0.29296666,3.5280963666e-05
moldova,2015,-0.338235622,2835978,0.000549451,105.0697056,1.781,0.3533,0.0,0.325,0.0,0.375,0.6283333,0.5357143,0.0,0.0,4.98832968636043,-0.29135204635170237,14.857897761811254,0.26566666,0.00040348018799634
moldova,2016,4.646014363,2803186,0.0016489,106.0471549,1.591,0.346,0.0,0.35,0.0,0.375,0.617,0.5357143,1.0,0.6931471805599453,5.98832968636043,1.7309498737529643,14.846267542156378,0.2684,0.0012063352400000001
moldova,2017,4.175612051,2755189,0.000612444,94.35363671,1.622,0.3458,0.0,0.375,0.25,0.375,0.6146667,0.5357143,0.0,0.0,6.98832968636043,1.6439576028826397,14.82899696370838,0.32293333999999996,0.00041466541351704
moldova,2018,4.075595466,2707203,0.000182387,95.91591923,1.239,0.3463,0.125,0.35,0.25,0.5,0.445,0.4642857,0.0,0.0,7.98832968636043,1.6244438512468198,14.81142692593432,0.334,0.00012146974199999999
moldova,2019,3.552314085,2664224,0.000286451,95.65076385,1.502,0.3507,0.125,0.35,0.25,0.5,0.4416667,0.4642857,0.0,0.0,8.98832968636043,1.5156356937846338,14.795423766535377,0.33333334000000003,0.00019096733142366
moldova,2020,-8.27597832,2635130,0.000160786,96.17333747,1.206,0.3505,0.125,0.35,0.25,0.4375,0.4426667,0.4642857,0.0,0.0,9.98832968636043,-2.2274280821762376,14.78444345409185,0.32103334,0.00010916833339476
montenegro,2007,7.137550165,615875,0.004039225,92.52252197,19.4,0.337,0.125,0.475,0.25,0.5625,0.6569999999999999,0.5357143,1.0,0.6931471805599453,-3.01167031363957,2.096489172185425,13.330800923551056,0.41390000000000005,0.0023673897724999994
montenegro,2008,6.898600309,616969,0.003104462,93.03117371,17.15,0.348,0.125,0.475,0.25,0.5625,0.643,0.5357143,0.0,0.0,-2.01167031363957,2.0666855676994915,13.332575679339131,0.4111000000000001,0.0018282176718
montenegro,2009,-5.994448625,618294,0.0,95.6065979,19.09,0.3487,0.125,0.475,0.25,0.5625,0.643,0.5357143,0.0,0.0,-1.01167031363957,-1.9451167808505427,13.334720968824653,0.4111000000000001,0.0
montenegro,2010,2.775597825,619428,0.0,98.99609375,19.649,0.3535,0.125,0.475,0.25,0.5625,0.6256667,0.5,0.0,0.0,-0.01167031363956994,1.3285587344011065,13.336553364927985,0.40763334,0.0
montenegro,2011,3.409788125,620345,0.003603862,93.17089081,19.759,0.3597,0.125,0.475,0.25,0.5625,0.6216667,0.5,0.0,0.0,0.9883296863604301,1.4838266440869072,13.33803266587731,0.40683334000000004,0.0021376907856409198
montenegro,2012,-2.48732883,621418,0.035517985,92.61306,19.808,0.3622,0.125,0.475,0.25,0.5625,0.6183333,0.5,0.0,0.0,1.98832968636043,-1.249136064939388,13.339760851592086,0.40616666000000007,0.0210917636626199
montenegro,2013,3.386125485,622587,0.035500725,92.44019699,19.585,0.356,0.125,0.475,0.25,0.5625,0.6146667,0.5,2.0,1.0986122886681098,2.98832968636043,1.4784462599375454,13.341640262791692,0.40543334,0.0211075474908285
montenegro,2014,2.370308925,623744,0.019303474,92.44019699,18.054,0.351,0.125,0.475,0.25,0.625,0.6146667,0.5,0.0,0.0,3.98832968636043,1.2150044093023773,13.343496909983672,0.41793334,0.01123590863757684
montenegro,2015,2.52306334,624651,0.036147055,91.86341095,17.555,0.3768,0.125,0.475,0.25,0.5625,0.617,0.5357143,1.0,0.6931471805599453,4.98832968636043,1.259330878192655,13.344949973647854,0.40590000000000004,0.021474965375499998
montenegro,2016,3.439305621,625353,0.033178472,90.55751801,17.732,0.3694,0.125,0.475,0.25,0.5625,0.6073333,0.5357143,0.0,0.0,5.98832968636043,1.4904979725470149,13.346073168374602,0.40396666000000003,0.01977547548225648
montenegro,2017,3.216685047,625982,0.046466625,90.60222626,16.082,0.35,0.125,0.475,0.25,0.5625,0.6063333,0.5714286,0.0,0.0,6.98832968636043,1.4390492854682513,13.34707849316397,0.40376665999999994,0.0277049510222775
montenegro,2018,4.732921134,626438,0.039086416,91.44426727,15.19,0.354,0.125,0.525,0.25,0.625,0.608,0.5714286,3.0,1.3862943611198906,7.98832968636043,1.7462251973341534,13.347806682257023,0.4266,0.0224121509344
montenegro,2019,4.393915658,626753,0.024932585,91.84033203,15.128,0.3509,0.125,0.525,0.25,0.625,0.605,0.5714286,0.0,0.0,8.98832968636043,1.6852715883327767,13.34830939813021,0.426,0.014311303790000002
montenegro,2020,-14.9926187,626590,0.022432581,92.35787201,17.878,0.3507,0.125,0.525,0.25,0.5625,0.609,0.5714286,0.0,0.0,9.98832968636043,-2.7721272845437808,13.348049294166945,0.4143,0.0131387626917
morocco,1996,12.37287627,26808107,0.130840754,38.16819,17.76,0.4758,0.375,0.5,0.5,0.375,0.5,0.4285714,2.0,1.0986122886681098,-14.01167031363957,2.593228496623226,17.104214937039334,0.45,0.0719624147
morocco,1998,7.238552677,27621648,0.174938313,37.51914978,19.12,0.4758,0.375,0.5,0.5,0.5625,0.5,0.4285714,0.0,0.0,-12.01167031363957,2.1088246824986703,17.134110407276946,0.4875,0.0896558854125
morocco,2000,2.582180915,28423435,0.16794082,39.69248962,13.58,0.4758,0.25,0.475,0.5,0.4375,0.375,0.4285714,0.0,0.0,-10.01167031363957,1.275971809063267,17.16272457409942,0.40750000000000003,0.09950493585
morocco,2002,3.730197375,29198142,0.130840754,43.09690857,11.59,0.4758,0.375,0.45,0.5,0.5,0.25,0.3928571,0.0,0.0,-8.01167031363957,1.5539669299630487,17.189615669325796,0.41500000000000004,0.07654184108999999
morocco,2003,6.17110215,29571415,0.130840754,44.65143967,11.92,0.4758,0.25,0.45,0.5,0.625,0.25,0.4285714,5.0,1.791759469228055,-7.01167031363957,1.9700593596741722,17.202318777053467,0.41500000000000004,0.07654184108999999
morocco,2004,4.571380165,29953018,0.130840754,47.3964386,10.83,0.4758,0.25,0.45,0.25,0.5625,0.25,0.4285714,0.0,0.0,-6.01167031363957,1.717642808703256,17.21514067878118,0.3525,0.084719388215
morocco,2005,3.19224973,30358144,0.130840754,49.15478897,11.01,0.4758,0.25,0.375,0.25,0.5625,0.125,0.3571429,0.0,0.0,-5.01167031363957,1.433237518240524,17.228575408493263,0.3125,0.089953018375
morocco,2006,7.79082001,30771178,0.093740688,52.22581863,9.67,0.4758,0.25,0.375,0.25,0.5625,0.2133333,0.4285714,0.0,0.0,-4.01167031363957,2.1737079963106734,17.242089063106253,0.33016666,0.06279063813693793
morocco,2007,3.441067767,31186468,0.130840754,55.34585953,9.56,0.4758,0.25,0.375,0.25,0.5625,0.2133333,0.4285714,6.0,1.9459101490553132,-3.01167031363957,1.4908948355945775,17.255494872813347,0.33016666,0.08764149925993837
morocco,2008,5.684539363,31606767,0.130840754,57.66656113,9.57,0.4758,0.25,0.375,0.25,0.5625,0.2126667,0.4285714,0.0,0.0,-2.01167031363957,1.8997973021214354,17.268881832839664,0.33003334,0.08765894294926165
morocco,2009,3.745769401,32030778,0.130840754,60.74182129,8.96,0.4758,0.25,0.375,0.25,0.5,0.2126667,0.4642857,0.0,0.0,-1.01167031363957,1.5572535687589655,17.2822078422387,0.31753334,0.08929445237426165
morocco,2010,3.499557094,32467016,0.130840754,63.07579832,9.09,0.4758,0.25,0.4,0.25,0.5,0.2096667,0.4285714,0.0,0.0,-0.01167031363956994,1.5039789683768026,17.29573527044085,0.32193334,0.08871875305666165
morocco,2011,5.524645233,32912588,0.130840754,66.02552848,8.91,0.4758,0.25,0.425,0.25,0.4375,0.2943333,0.4285714,1.0,0.6931471805599453,0.9883296863604301,1.8755865813091763,17.30936578692281,0.33136666000000004,0.08748449035513836
morocco,2012,3.062343685,33355241,0.130840754,68.73587263,8.99,0.4758,0.25,0.425,0.25,0.4375,0.3023333,0.4642857,0.0,0.0,1.98832968636043,1.4017600693771148,17.3227254993835,0.33296666,0.08727514514873835
morocco,2013,4.122212869,33787571,0.036758679,56.50621033,9.23,0.4758,0.25,0.4,0.25,0.4375,0.3023333,0.4642857,0.0,0.0,2.98832968636043,1.6335865466560395,17.335603600530163,0.32796665999999997,0.024703057822357863
morocco,2014,2.71924408,34204780,0.130840754,56.50621033,9.7,0.4758,0.25,0.4,0.25,0.4375,0.3,0.5,0.0,0.0,3.98832968636043,1.3135204433351886,17.347875987584015,0.3275,0.087990407065
morocco,2015,4.344582976,34607588,0.130840754,56.50621033,9.46,0.4758,0.25,0.4,0.25,0.4375,0.322,0.5,1.0,0.6931471805599453,4.98832968636043,1.676083520104842,17.359583551237606,0.3319,0.08741470774740001
morocco,2016,0.521185506,35023457,0.130840754,56.50621033,9.3,0.4758,0.25,0.425,0.25,0.4375,0.3256667,0.4642857,0.0,0.0,5.98832968636043,0.4194899690223686,17.371528623522256,0.33763334,0.08666455321886164
morocco,2017,5.057898162,35446392,0.130840754,78.21572495,9.620000000000001,0.4758,0.25,0.425,0.25,0.4375,0.329,0.4642857,0.0,0.0,6.98832968636043,1.801362901965233,17.383532056823462,0.3383,0.0865773269218
morocco,2018,3.06564133,35839760,0.130840754,78.47091959,9.620000000000001,0.4758,0.25,0.425,0.25,0.4375,0.333,0.4642857,1.0,0.6931471805599453,7.98832968636043,1.4025714993132798,17.394568477521982,0.3391,0.0864726543186
morocco,2019,2.890974761,36210898,0.130840754,79.3440513,9.620000000000001,0.4758,0.25,0.425,0.25,0.4375,0.3366667,0.4642857,0.0,0.0,8.98832968636043,1.3586597074740545,17.404870708829375,0.33983334000000004,0.08637670356006165
morocco,2020,-7.178207442,36584208,0.130840754,80.30879965,9.620000000000001,0.4758,0.25,0.425,0.25,0.4375,0.3346667,0.4642857,0.0,0.0,9.98832968636043,-2.101472987480366,17.415127257183656,0.33943334,0.08642903986166164
mozambique,1996,10.69591098,16492480,0.876932026,22.98901939,3.426,0.6159,0.25,0.4,0.25,0.5,0.625,0.4642857,0.0,0.0,-14.01167031363957,2.459239291829347,16.618415138039694,0.40499999999999997,0.52177455547
mozambique,1998,10.3692325,17340464,0.816315922,22.98901939,3.426,0.6044,0.25,0.4,0.25,0.5,0.625,0.4642857,0.0,0.0,-12.01167031363957,2.4309108032853,16.668553345566107,0.40499999999999997,0.48570797359
mozambique,2000,0.766234956,18129653,0.816315922,5.94095993,3.426,0.5929,0.25,0.4,0.25,0.5,0.625,0.4642857,3.0,1.3862943611198906,-10.01167031363957,0.5688501374997884,16.71305949815841,0.40499999999999997,0.48570797359
mozambique,2002,9.668505347,18958338,0.875660778,8.230759621,3.426,0.5814,0.25,0.4,0.25,0.5,0.625,0.4642857,0.0,0.0,-8.01167031363957,2.367295975557783,16.757754445468333,0.40499999999999997,0.5210181629099999
mozambique,2003,7.217700866,19392475,0.816315922,22.98901939,3.426,0.5765,0.25,0.4,0.25,0.4375,0.625,0.4285714,0.0,0.0,-7.01167031363957,2.1062904699447484,16.780395713754544,0.39249999999999996,0.49591192261500006
mozambique,2004,8.204704948,19840313,0.816315922,10.55980015,3.426,0.5715,0.25,0.4,0.25,0.375,0.625,0.4285714,0.0,0.0,-6.01167031363957,2.219714760722106,16.803226486308663,0.38,0.50611587164
mozambique,2005,6.31202378,20304569,0.816315922,12.95458984,3.426,0.5666,0.25,0.4,0.25,0.5,0.625,0.4285714,0.0,0.0,-5.01167031363957,1.9895200863347442,16.82635654182831,0.40499999999999997,0.48570797359
mozambique,2006,9.910677568,20787087,0.816315922,15.21630001,3.426,0.5617,0.25,0.525,0.25,0.75,0.5926667,0.4285714,0.0,0.0,-4.01167031363957,2.3897419031410947,16.84984258268378,0.47353334,0.4297631169601605
mozambique,2007,7.649353938,21287635,0.816315922,17.91374016,3.426,0.5568,0.375,0.4875,0.25,0.65625,0.5093333,0.4285714,1.0,0.6931471805599453,-3.01167031363957,2.1574846289058525,16.87363699265845,0.45561666,0.4443887881135395
mozambique,2008,6.878029426,21819036,0.811276299,20.17200089,3.426,0.5519,0.375,0.425,0.25,0.625,0.5163333,0.4285714,0.0,0.0,-2.01167031363957,2.064077799753721,16.898293403573092,0.43826666000000003,0.45572094510010863
mozambique,2009,5.928971875,22391745,0.816315922,22.98901939,3.426,0.5669,0.25,0.425,0.25,0.6875,0.5163333,0.4285714,0.0,0.0,-1.01167031363957,1.9357114436097298,16.924202966776186,0.42576666,0.46875581838523944
mozambique,2010,6.679729357,22999235,0.816315922,25.12088385,3.426,0.582,0.25,0.475,0.25,0.625,0.4966667,0.4642857,0.0,0.0,-0.01167031363956994,2.03858430656468,16.95097155595041,0.41933334,0.47400743993256056
mozambique,2011,7.134058423,23649039,0.816315922,26.01575788,3.426,0.5971,0.25,0.35,0.25,0.5625,0.33,0.4642857,0.0,0.0,0.9883296863604301,2.096059990026241,16.978833080112167,0.34850000000000003,0.531829823183
mozambique,2012,7.994503161,24337846,0.816315922,25.64461651,3.426,0.6121,0.25,0.35,0.25,0.5625,0.3293333,0.4642857,1.0,0.6931471805599453,1.98832968636043,2.1966136308575313,17.007543186393512,0.34836666000000005,0.5319386707480395
mozambique,2013,6.571413897,25051611,0.816315922,34.44390869,3.426,0.6272,0.125,0.275,0.25,0.4375,0.3256667,0.4642857,18.0,2.9444389791664403,2.98832968636043,2.0243798263628547,17.036448734722097,0.28263333999999996,0.5855978264699606
mozambique,2014,7.702568448,25788475,0.74387798,33.95458984,3.426,0.6423,0.125,0.25,0.25,0.4375,0.322,0.4642857,22.0,3.1354942159291497,3.98832968636043,2.1636182059985813,17.06543828343991,0.27690000000000003,0.537898167338
mozambique,2015,7.393093699,26547572,0.816315922,34.52856064,3.426,0.6338,0.125,0.275,0.25,0.4375,0.4033333,0.4642857,8.0,2.1972245773362196,4.98832968636043,2.1274091889845197,17.09444888904447,0.29816666,0.5729177300324396
mozambique,2016,4.696990242,27337105,0.816315922,22.98901939,3.426,0.6253,0.125,0.25,0.25,0.375,0.3006667,0.4642857,79.0,4.382026634673881,5.98832968636043,1.739938007665477,17.123755531426173,0.26013334,0.6039649347149606
mozambique,2017,2.638207373,28166393,0.816315922,37.24119186,3.426,0.6169,0.125,0.25,0.25,0.4375,0.3006667,0.4642857,15.0,2.772588722239781,6.98832968636043,1.2914910803955169,17.153640123139063,0.27263334,0.5937609856899605
mozambique,2018,3.484932024,29018644,0.816315922,22.98901939,3.426,0.6084,0.125,0.25,0.25,0.4375,0.295,0.4642857,65.0,4.189654742026425,7.98832968636043,1.500723339097128,17.183449112393617,0.27149999999999996,0.594686149177
mozambique,2019,2.317813948,29884380,0.816315922,22.98901939,3.426,0.5999,0.125,0.25,0.25,0.375,0.2883333,0.4642857,133.0,4.897839799950911,8.98832968636043,1.199306116657797,17.21284652729384,0.25766666000000005,0.6059785248734395
mozambique,2020,-1.2195225,30783688,0.816315922,22.98901939,3.426,0.5965,0.125,0.25,0.25,0.375,0.2836667,0.4642857,220.0,5.3981627015177525,9.98832968636043,-0.797292082658907,17.24249552974581,0.25673334,0.6067404088497605
myanmar,1996,6.442715347,43154860,0.142534634,48.752950670000004,1.0615,0.5036,0.0,0.05,0.0,0.0,0.0,0.0357143,13.0,2.6390573296152584,-14.01167031363957,2.0072357482557357,17.58030562268296,0.01,0.14110928766
myanmar,1998,5.866213153,44257793,0.142534634,48.752950670000004,1.0615,0.5036,0.0,0.05,0.0,0.0,0.0,0.0357143,0.0,0.0,-12.01167031363957,1.926612739266702,17.60554204950138,0.01,0.14110928766
myanmar,2000,13.74593056,45290841,0.142534634,39.31932068,1.0615,0.5036,0.0,0.09999999999999999,0.0,0.0,0.0,0.0357143,0.0,0.0,-10.01167031363957,2.690967150482724,17.62861540666009,0.019999999999999997,0.13968394132
myanmar,2002,12.02551343,46232653,0.142534634,41.84844971,1.0615,0.5036,0.0,0.05,0.0,0.0,0.0,0.0357143,4.0,1.6094379124341003,-8.01167031363957,2.5669100056725105,17.649196902925727,0.01,0.14110928766
myanmar,2003,13.84399689,46667192,0.142534634,42.17958069,1.0615,0.5036,0.0,0.05,0.0,0.0,0.0,0.0357143,9.0,2.302585092994046,-7.01167031363957,2.6975955336860684,17.658551970413296,0.01,0.14110928766
myanmar,2004,13.56466162,47068772,0.142534634,45.02827835,1.0615,0.5036,0.0,0.025,0.0,0.0,0.0,0.0357143,2.0,1.0986122886681098,-6.01167031363957,2.6785981577350677,17.667120345478605,0.005,0.14182196082999998
myanmar,2005,13.56895002,47438365,0.142534634,45.69324875,1.0615,0.5036,0.0,0.025,0.0,0.0,0.0,0.0357143,8.0,2.1972245773362196,-5.01167031363957,2.6788925530942125,17.674941868552963,0.005,0.14182196082999998
myanmar,2006,13.07610138,47785135,0.142534634,47.54376984,1.0615,0.5036,0.0,0.125,0.0,0.3125,0.059,0.1071429,2.0,1.0986122886681098,-4.01167031363957,2.6444784217636097,17.682225186759773,0.0993,0.1283809448438
myanmar,2007,11.99143524,48125043,0.142534634,47.37081146,1.0615,0.5036,0.0,0.125,0.0,0.28125,0.059,0.1071429,3.0,1.3862943611198906,-3.01167031363957,2.5642903126468957,17.689313264857518,0.09305,0.12927178630629999
myanmar,2008,10.25530539,48390793,0.142534634,49.97901154,1.0615,0.5036,0.0,0.125,0.0,0.1875,0.059,0.1071429,20.0,3.044522437723423,-2.01167031363957,2.4208396077089303,17.69482014698372,0.0743,0.1319443106938
myanmar,2009,10.5500091,48660459,0.142534634,49.9621315,1.0615,0.5036,0.0,0.125,0.0,0.1875,0.059,0.1071429,14.0,2.70805020110221,-1.01167031363957,2.44668622484628,17.70037734862474,0.0743,0.1319443106938
myanmar,2010,9.634439452,49024382,0.142534634,50.86639023,1.0615,0.5036,0.0,0.125,0.0,0.1875,0.059,0.1071429,11.0,2.4849066497880004,-0.01167031363956994,2.364097739411659,17.70782834455188,0.0743,0.1319443106938
myanmar,2011,5.591482378,49419820,0.142534634,48.752950670000004,1.0615,0.5036,0.0,0.125,0.0,0.1875,0.059,0.1071429,2.0,1.0986122886681098,0.9883296863604301,1.8857782667692433,17.7158621365028,0.0743,0.1319443106938
myanmar,2012,7.332670447,49837446,0.142534634,48.752950670000004,1.0615,0.5036,0.0,0.15,0.0,0.25,0.0783333,0.1071429,17.0,2.8903717578961645,1.98832968636043,2.1201839866761114,17.72427720721495,0.09566666,0.12889882163089755
myanmar,2013,8.426001025,50262658,0.142534634,48.752950670000004,1.0615,0.5036,0.0,0.175,0.0,0.25,0.1753333,0.1428571,18.0,2.9444389791664403,2.98832968636043,2.2434719372433114,17.732772993574855,0.12006665999999999,0.12542097656129755
myanmar,2014,8.169907456,50681634,0.142534634,57.11785126,3.868,0.5036,0.0,0.15,0.0,0.25,0.185,0.1428571,16.0,2.833213344056216,3.98832968636043,2.21592719417819,17.74107417414387,0.11699999999999999,0.125858081822
myanmar,2015,6.99284029,51089056,0.182406984,48.752950670000004,0.766,0.5036,0.0,0.175,0.0,0.3125,0.2213333,0.1785714,37.0,3.6375861597263857,4.98832968636043,2.0785461772106752,17.749080883512836,0.14176666,0.15654775511764654
myanmar,2016,5.862472915,51495696,0.142534634,67.7588501,1.0615,0.4621,0.0,0.25,0.0,0.4375,0.4733333,0.25,74.0,4.31748811353631,5.98832968636043,1.9260678600154741,17.757008808745127,0.23216666,0.10944284408989756
myanmar,2017,6.136108244,51894938,0.102662284,72.34574127,1.356,0.4211,0.125,0.25,0.0,0.375,0.3776667,0.25,116.0,4.762173934797756,6.98832968636043,1.9651675638846375,17.764731828930408,0.22553334,0.07950851619745145
myanmar,2018,6.268862215,52272247,0.142534634,77.01914978,0.767,0.4204,0.125,0.225,0.0,0.375,0.2943333,0.25,40.0,3.713572066704308,7.98832968636043,1.9835997751708319,17.77197615722557,0.20386666,0.11347657423209756
myanmar,2019,6.579110068,52640713,0.142534634,48.752950670000004,0.407,0.4204,0.125,0.225,0.0,0.375,0.285,0.25,90.0,4.51085950651685,8.98832968636043,2.0253957874846966,17.779000408719135,0.202,0.113742637932
myanmar,2020,-9.04834718,53016522,0.142534634,48.752950670000004,1.476,0.4204,0.125,0.2,0.0,0.375,0.1846667,0.3928571,65.0,4.189654742026425,9.98832968636043,-2.307408161278613,17.786114177647974,0.17693334,0.11731550514070245
namibia,1996,3.191324301,1646103,0.385901219,58.38235092,20.0885,0.7432,0.5,0.45,0.5,0.75,0.5,0.5,0.0,0.0,-14.01167031363957,1.4330167462880516,14.313921841698251,0.54,0.17751456074
namibia,1998,3.291585621,1732745,0.385901219,59.61719894,20.0885,0.7344,0.375,0.375,0.5,0.4375,0.5,0.5,0.0,0.0,-12.01167031363957,1.4566562732761925,14.36521799130837,0.4375,0.2170694356875
namibia,2000,3.492183364,1818647,0.385901219,63.71934128,20.3,0.7256,0.375,0.425,0.5,0.0625,0.5,0.5,21.0,3.091042453358316,-10.01167031363957,1.5023388561677444,14.413603925855032,0.3725,0.2421530149225
namibia,2002,4.788661219,1889970,0.385901219,66.1111908,20.0885,0.7169,0.25,0.4,0.25,0.4375,0.375,0.5,0.0,0.0,-8.01167031363957,1.7559010418781122,14.452072043002762,0.34249999999999997,0.2537300514925
namibia,2003,4.239794296,1917464,0.476091306,65.2594223,20.0885,0.7125,0.25,0.4,0.25,0.4375,0.375,0.5,0.0,0.0,-7.01167031363957,1.6562822410738451,14.466514559123455,0.34249999999999997,0.313030033695
namibia,2004,12.2695481,1942082,0.385901219,64.53314209,22.09,0.7085,0.25,0.425,0.25,0.5,0.375,0.4642857,0.0,0.0,-6.01167031363957,2.5854717935065326,14.479271666363976,0.36,0.24697678016000002
namibia,2005,2.529262658,1966582,0.385901219,63.16004944,20.0885,0.7046,0.25,0.45,0.25,0.5625,0.5,0.5,0.0,0.0,-5.01167031363957,1.2610889703734591,14.491808076930004,0.4025,0.2305759783525
namibia,2006,7.073175318,1991888,0.385901219,62.1227417,20.0885,0.7007,0.5,0.575,0.5,0.8125,0.5513333,0.5714286,0.0,0.0,-4.01167031363957,2.0885468767632283,14.504593992682537,0.58776666,0.15908134841844146
namibia,2007,5.374044152,2018600,0.385901219,62.75772095,20.0885,0.6967,0.5,0.575,0.5,0.8125,0.5513333,0.5714286,0.0,0.0,-3.01167031363957,1.8522341428616464,14.51791525517962,0.58776666,0.15908134841844146
namibia,2008,2.649812038,2047056,0.385901219,70.27697895,20.0885,0.6928,0.5,0.575,0.5,0.8125,0.5493333,0.5714286,0.0,0.0,-2.01167031363957,1.2946756698300568,14.531913709883492,0.58736666,0.15923570890604144
namibia,2009,0.295970914,2077394,0.385901219,70.27697895,20.0885,0.6889,0.5,0.575,0.5,0.6875,0.5493333,0.5714286,0.0,0.0,-1.01167031363957,0.2592601547770027,14.54662526291823,0.56236666,0.16888323938104147
namibia,2010,6.03924948,2109811,0.385901219,68.09984018,22.12,0.6807,0.5,0.575,0.5,0.6875,0.5409999999999999,0.5714286,0.0,0.0,-0.01167031363956994,1.9515015565323737,14.562109401956585,0.5607,0.1695264055067
namibia,2011,5.091338139,2146325,0.385901219,72.45411772,20.0885,0.6725,0.5,0.575,0.5,0.6875,0.5413333,0.5714286,0.0,0.0,0.9883296863604301,1.806867784843107,14.579268101166765,0.56076666,0.16950068133144147
namibia,2012,5.06168207,2194654,0.385901219,74.24655746,16.771,0.6643,0.5,0.575,0.5,0.6875,0.5413333,0.5714286,0.0,0.0,1.98832968636043,1.8019873308729206,14.601535416739429,0.56076666,0.16950068133144147
namibia,2013,5.614719623,2252508,0.385901219,76.14248,19.028,0.6561,0.5,0.575,0.5,0.75,0.5413333,0.5714286,0.0,0.0,2.98832968636043,1.8892974116346344,14.627555264017136,0.57326666,0.16467691609394144
namibia,2014,6.09251916,2312139,0.385901219,76.75956466,18.521,0.6479,0.5,0.575,0.5,0.75,0.5413333,0.5714286,0.0,0.0,3.98832968636043,1.959040589142409,14.653684060574326,0.57326666,0.16467691609394144
namibia,2015,4.264174538,2374300,0.22863062,78.26080123,20.0885,0.6397,0.5,0.6,0.5,0.75,0.5436667,0.5714286,0.0,0.0,4.98832968636043,1.6609243503882314,14.680213636342014,0.57873334,0.09631445766112921
namibia,2016,0.03379445,2439213,0.385901219,79.26060972,23.352,0.6397,0.5,0.6,0.5,0.75,0.5436667,0.5714286,0.0,0.0,5.98832968636043,0.033235965222152664,14.707186414226461,0.57873334,0.16256731761805857
namibia,2017,-1.027248089,2506853,0.385901219,79.53346064,20.0885,0.6397,0.5,0.575,0.5,0.75,0.5436667,0.5714286,0.0,0.0,6.98832968636043,-0.7066792521857775,14.734539138508017,0.5737333400000001,0.16449682371305852
namibia,2018,1.059939499,2577327,0.385901219,78.8626899,19.877,0.6397,0.5,0.575,0.5,0.75,0.5416667,0.5714286,0.0,0.0,7.98832968636043,0.7226766129527242,14.762263761317811,0.57333334,0.16465118420065855
namibia,2019,-0.839152163,2650494,0.385901219,79.01250168,20.0885,0.6397,0.5,0.575,0.5,0.6875,0.5476667,0.6071428999999999,0.0,0.0,8.98832968636043,-0.6093046844504562,14.790256972971697,0.5620333399999999,0.16901186797535858
namibia,2020,-8.101402014,2728762,0.385901219,82.88729925,20.0885,0.6397,0.5,0.575,0.5,0.625,0.5506667,0.6071428999999999,0.0,0.0,9.98832968636043,-2.2084284691281577,14.819358950921062,0.55013334,0.17360409248145853
nepal,2004,4.682603252,26016656,0.215044145,66.51268005,6.88,0.4266,0.0,0.25,0.25,0.0625,0.125,0.3214286,62.0,4.143134726391533,-6.01167031363957,1.737409446751065,17.074247544700842,0.1375,0.1854755750625
nepal,2005,3.479181048,26309458,0.215044145,45.09820175,6.88,0.4245,0.0,0.275,0.0,0.0625,0.25,0.3214286,70.0,4.2626798770413155,-5.01167031363957,1.4994402279308967,17.08543909028131,0.11750000000000001,0.18977645796249998
nepal,2009,4.533078725,27173035,0.215044145,49.26259995,6.88,0.4129,0.125,0.2,0.25,0.1875,0.3016667,0.25,39.0,3.6888794541139363,-1.01167031363957,1.710744392081515,17.11773571605067,0.21283333999999998,0.1692755813722057
nepal,2010,4.816414647,27341952,0.215044145,55.58929062,6.88,0.4148,0.125,0.2,0.25,0.1875,0.308,0.25,38.0,3.6635616461296463,-0.01167031363956994,1.760684031878354,17.12393282050544,0.2141,0.1690031935555
nepal,2011,3.421808701,27464494,0.215044145,58.9935112,6.88,0.412,0.125,0.2,0.25,0.1875,0.308,0.25,46.0,3.8501476017100584,0.9883296863604301,1.4865488207577358,17.128404637551764,0.2141,0.1690031935555
nepal,2012,4.670141924,27534915,0.215044145,63.14147949,6.88,0.4115,0.0,0.2,0.0,0.1875,0.3053333,0.25,46.0,3.8501476017100584,1.98832968636043,1.735214148114229,17.130965430011273,0.13856666,0.1852461960747943
nepal,2013,3.525153171,27589996,0.215044145,65.49353027,6.88,0.4106,0.125,0.25,0.0,0.375,0.409,0.1785714,104.0,4.653960350157523,2.98832968636043,1.5096514265237442,17.132963837458416,0.2318,0.16519691218899998
nepal,2014,6.011482843,27672370,0.215044145,67.53182983,6.88,0.4088,0.125,0.2,0.0,0.4375,0.2423333,0.1785714,7.0,2.0794415416798357,3.98832968636043,1.947549211201613,17.13594503656333,0.20096666000000002,0.1718274414267943
nepal,2015,3.976053272,27823629,0.215044145,68.61312103,3.1,0.4059,0.125,0.2,0.0,0.375,0.2423333,0.1785714,48.0,3.8918202981106265,4.98832968636043,1.604637061167353,17.141396217615444,0.18846665999999998,0.1745154932392943
nepal,2016,0.433113719,27955462,0.215044145,71.77449799,6.88,0.4055,0.125,0.225,0.0,0.375,0.3286667,0.2142857,43.0,3.784189633918261,5.98832968636043,0.359849502989805,17.146123194638047,0.21073334,0.1697271740767057
nepal,2017,8.977279356,28011258,0.215044145,74.41133118,10.66,0.4056,0.125,0.275,0.0,0.375,0.3393333,0.1785714,247.0,5.5134287461649825,6.98832968636043,2.3003104435393773,17.148117094458925,0.22286666,0.1671179746512943
nepal,2018,7.622376104,28079689,0.215044145,66.51268005,6.88,0.4056,0.125,0.375,0.0,0.4375,0.3393333,0.25,99.0,4.605170185988092,7.98832968636043,2.154360696807098,17.150557097174904,0.25536666,0.1601290399387943
nepal,2019,6.657055431,28414064,0.215044145,80.28005219,6.88,0.4056,0.125,0.35,0.0,0.5,0.3426667,0.25,200.0,5.303304908059076,8.98832968636043,2.035627501362978,17.162394827016247,0.26353334,0.15837284322070572
nepal,2020,-2.369620629,28966574,0.215044145,85.31015778,6.88,0.4056,0.125,0.35,0.0,0.5,0.3406667,0.25,37.0,3.6375861597263857,9.98832968636043,-1.2148001650304223,17.18165313700554,0.26313334,0.1584588608787057
netherlands,1996,3.420577338,15530498,0.000957287,119.13497925,6.421,0.2703,0.875,0.95,1.0,1.0,1.0,0.8928571,6.0,1.9459101490553132,-14.01167031363957,1.4862703070166419,16.55831632596733,0.9650000000000001,3.350504499999993e-05
netherlands,1998,4.647784625,15707209,0.000957287,119.13497925,4.394,0.2696,0.875,0.95,1.0,1.0,1.0,0.8928571,0.0,0.0,-12.01167031363957,1.7312633664964387,16.5696304005709,0.9650000000000001,3.350504499999993e-05
netherlands,2000,4.219753776,15925513,0.000957287,123.2952118,2.725,0.272,0.875,0.95,1.0,1.0,1.0,0.9285713999999999,1.0,0.6931471805599453,-10.01167031363957,1.6524502314333798,16.583433035196766,0.9650000000000001,3.350504499999993e-05
netherlands,2002,0.245785659,16148929,0.000957287,120.7548523,2.554,0.2817,0.875,0.95,1.0,1.0,1.0,0.9285713999999999,2.0,1.0986122886681098,-8.01167031363957,0.2197663822930825,16.597364351568086,0.9650000000000001,3.350504499999993e-05
netherlands,2003,0.097832364,16225302,0.000957287,119.9093399,3.593,0.2836,0.875,0.95,1.0,1.0,1.0,0.9285713999999999,3.0,1.3862943611198906,-7.01167031363957,0.09333765747884344,16.602082495264494,0.9650000000000001,3.350504499999993e-05
netherlands,2004,2.016309962,16281779,0.003407584,116.9095306,4.646,0.2889,0.875,0.95,1.0,0.875,1.0,0.9285713999999999,1.0,0.6931471805599453,-6.01167031363957,1.1040342174113924,16.605557249171195,0.9400000000000001,0.0002044550399999998
netherlands,2005,2.033963362,16319868,0.0014832,117.5538101,5.872,0.2924,0.875,0.95,1.0,0.9375,1.0,0.9285713999999999,0.0,0.0,-5.01167031363957,1.1098698050459126,16.607893880507234,0.9525,7.045199999999998e-05
netherlands,2006,3.537375097,16346101,0.000457929,118.4276199,5.007,0.2912,0.875,0.9249999999999999,0.75,0.875,0.9886667,0.8214286,0.0,0.0,-4.01167031363957,1.5123486723801431,16.609500017097474,0.88273334,5.369980434713998e-05
netherlands,2007,3.885306448,16381696,0.000286313,119.8423386,4.153,0.3052,0.875,0.9249999999999999,0.75,0.875,0.9886667,0.8214286,0.0,0.0,-3.01167031363957,1.5862320159734125,16.611675232976488,0.88273334,3.357496922457999e-05
netherlands,2008,2.116815936,16445593,0.001744469,121.5116272,3.658,0.2805,0.875,0.9249999999999999,0.75,0.875,0.9843333,0.8214286,1.0,0.6931471805599453,-2.01167031363957,1.136811947389353,16.615568157354307,0.88186666,0.00020607994949645996
netherlands,2009,-3.665290491,16530388,0.002281701,122.7460098,4.352,0.2819,0.875,0.9249999999999999,0.75,0.875,0.9843333,0.8214286,1.0,0.6931471805599453,-1.01167031363957,-1.5401501026714173,16.62071100249067,0.88186666,0.00026954496001133993
netherlands,2010,1.319320323,16615394,0.000474389,124.5695267,4.991,0.2872,0.875,0.9249999999999999,0.75,0.8125,0.9663333,0.8214286,1.0,0.6931471805599453,-0.01167031363956994,0.841274178531679,16.625840233186707,0.8657666599999999,6.367881992926004e-05
netherlands,2011,1.773345163,16693074,0.001394508,129.868103,4.977,0.2855,0.875,0.9249999999999999,0.75,0.8125,0.9663333,0.8214286,2.0,1.0986122886681098,0.9883296863604301,1.020054231660718,16.63050452072865,0.8657666599999999,0.00018718946649672012
netherlands,2012,-0.977876878,16754962,0.000758422,111.4482498,5.821,0.2884,0.875,0.9249999999999999,0.75,0.8125,0.9663333,0.8214286,0.0,0.0,1.98832968636043,-0.6820239855604462,16.634205070855078,0.8657666599999999,0.00010180551818948007
netherlands,2013,-0.03023256,16804432,0.000908141,119.13497925,7.241,0.2809,0.875,0.9249999999999999,0.75,0.8125,0.9613333,0.8214286,0.0,0.0,2.98832968636043,-0.029784563163396602,16.63715327861379,0.8647666599999999,0.00012281094062094008
netherlands,2014,1.612610013,16865008,0.001491275,119.13497925,7.419,0.2894,0.875,0.9249999999999999,0.75,0.8125,0.964,0.8214286,1.0,0.6931471805599453,3.98832968636043,0.9603497266435526,16.640751560127317,0.8652999999999998,0.00020087474250000023
netherlands,2015,2.120605239,16939923,0.000682569,114.1379166,6.872,0.289,0.75,0.9249999999999999,0.75,0.8125,0.964,0.8214286,3.0,1.3862943611198906,4.98832968636043,1.1380269698673475,16.64518376075545,0.8402999999999998,0.00010900626930000011
netherlands,2016,2.42428573,17030314,0.000576938,112.994278,6.007,0.2887,0.75,0.9249999999999999,0.75,0.8125,0.96,0.8928571,6.0,1.9459101490553132,5.98832968636043,1.2308929039800494,16.650505549238215,0.8394999999999999,9.259854900000005e-05
netherlands,2017,2.781546193,17131296,0.002060889,115.2252274,4.837,0.2951,0.75,0.9249999999999999,0.75,0.8125,0.963,0.8928571,1.0,0.6931471805599453,6.98832968636043,1.330132971762279,16.65641758255373,0.8401,0.00032953615110000014
netherlands,2018,2.258740374,17231624,0.001121385,114.5003204,3.832,0.2912,0.875,0.9249999999999999,0.75,0.8125,0.963,0.8571428999999999,6.0,1.9459101490553132,7.98832968636043,1.1813407323678475,16.662256916303075,0.8651,0.0001512748365
netherlands,2019,2.300091579,17344874,0.000957287,114.8041687,3.379,0.2893,0.875,0.9249999999999999,0.75,0.8125,0.967,0.8571428999999999,4.0,1.6094379124341003,8.98832968636043,1.193950219299498,16.668807631672212,0.8658999999999999,0.0001283721867000001
netherlands,2020,-3.867953338,17441500,0.000407976,136.2841644,3.82,0.2893,0.875,0.9249999999999999,0.75,0.8125,0.9653333,0.8571428999999999,37.0,3.6375861597263857,9.98832968636043,-1.5826735896233004,16.674363039255358,0.86556666,5.484557631983998e-05
new zealand,1996,3.611878862,3732000,0.057169535,116.85983279999999,6.298,0.3643,1.0,0.975,1.0,0.875,0.875,0.9285713999999999,2.0,1.0986122886681098,-14.01167031363957,1.5286353362335856,15.132455108902176,0.945,0.0031443244250000026
new zealand,1998,0.858406352,3815000,0.057169535,116.85983279999999,7.725,0.3932,1.0,0.975,1.0,0.9375,0.875,0.8571428999999999,0.0,0.0,-12.01167031363957,0.6197193204621944,15.154451484823857,0.9574999999999999,0.0024297052375000052
new zealand,2000,2.870051088,3857700,0.057169535,112.153717,6.137,0.3704,1.0,0.975,0.75,0.9375,0.875,0.7857143,0.0,0.0,-10.01167031363957,1.3532677079881492,15.165581968148423,0.9075,0.005288181987500001
new zealand,2002,4.713477671,3948500,0.057169535,115.5155563,5.285,0.3699,0.875,0.95,1.0,0.9375,0.875,0.8214286,0.0,0.0,-8.01167031363957,1.7428278874846292,15.188846571180473,0.9275,0.0041447912875000005
new zealand,2003,4.728042049,4027200,0.057169535,117.4276733,4.751,0.3719,0.875,0.95,1.0,0.9375,0.875,0.8214286,3.0,1.3862943611198906,-7.01167031363957,1.7453737705881036,15.208582151674639,0.9275,0.0041447912875000005
new zealand,2004,4.08796484,4087500,0.057169535,115.3799133,4.012,0.4095,0.875,0.95,1.0,0.9375,0.875,0.8928571,0.0,0.0,-6.01167031363957,1.6268779156365858,15.223444338835934,0.9275,0.0041447912875000005
new zealand,2005,3.352927604,4133900,0.057169535,119.5636978,3.813,0.3659,0.875,0.95,1.0,0.9375,0.875,0.8571428999999999,0.0,0.0,-5.01167031363957,1.4708486311430926,15.234732071186736,0.9275,0.0041447912875000005
new zealand,2006,2.779780591,4184600,0.057169535,117.9065475,3.851,0.3186,0.875,0.9249999999999999,1.0,0.875,0.8836666999999999,0.8214286,0.0,0.0,-4.01167031363957,1.3296659632378423,15.246921916858726,0.91173334,0.005046163908203103
new zealand,2007,3.05641639,4223800,0.057169535,119.5684433,3.606,0.3273,0.875,0.9249999999999999,1.0,0.875,0.8836666999999999,0.8214286,0.0,0.0,-3.01167031363957,1.4002999212760887,15.256245991516018,0.91173334,0.005046163908203103
new zealand,2008,-1.017038469,4259800,0.057169535,118.0542374,4.037,0.3491,0.875,0.9249999999999999,1.0,0.875,0.8896666999999999,0.8214286,4.0,1.6094379124341003,-2.01167031363957,-0.7016303311749289,15.264733003539416,0.91293334,0.004977560466203098
new zealand,2009,-0.037466112,4302600,0.057169535,125.8078613,5.866,0.3782,0.875,0.9249999999999999,1.0,0.875,0.8896666999999999,0.8214286,0.0,0.0,-1.01167031363957,-0.03678130945673447,15.274730281516302,0.91293334,0.004977560466203098
new zealand,2010,1.458636349,4350700,0.057169535,119.1289673,6.211,0.4136,0.875,0.9249999999999999,1.0,0.875,0.892,0.8571428999999999,0.0,0.0,-0.01167031363956994,0.8996068665719785,15.28584753950698,0.9134,0.004950881731000001
new zealand,2011,2.093496217,4384000,0.057169535,118.2567215,6.034,0.388,0.875,0.9249999999999999,1.0,0.875,0.892,0.8571428999999999,0.0,0.0,0.9883296863604301,1.1293019131014608,15.293472335712153,0.9134,0.004950881731000001
new zealand,2012,2.366306647,4408100,0.057169535,116.8264771,6.491,0.3458,0.875,0.9249999999999999,1.0,0.875,0.892,0.8571428999999999,0.0,0.0,1.98832968636043,1.2138161929263318,15.298954542438054,0.9134,0.004950881731000001
new zealand,2013,2.58954199,4442100,0.057169535,115.650528,5.84,0.3375,0.875,0.9249999999999999,1.0,0.875,0.892,0.8571428999999999,0.0,0.0,2.98832968636043,1.2780246149740586,15.306638020683645,0.9134,0.004950881731000001
new zealand,2014,3.826384918,4516500,0.057169535,116.0843124,5.431,0.3342,0.875,0.9249999999999999,1.0,0.9375,0.892,0.8928571,1.0,0.6931471805599453,3.98832968636043,1.5740977232431295,15.323248136982395,0.9259000000000001,0.004236262543499997
new zealand,2015,3.690369084,4609400,0.057169535,114.8899918,5.407,0.3309,0.875,0.975,1.0,0.875,0.9753333,0.8928571,0.0,0.0,4.98832968636043,1.5455112753106517,15.34360847160648,0.94006666,0.003426361178796897
new zealand,2016,3.779110684,4714100,0.057169535,113.687912,5.145,0.3275,0.875,0.975,0.75,0.9375,0.9753333,0.8928571,1.0,0.6931471805599453,5.98832968636043,1.5642544798216482,15.366068787789631,0.9025666600000001,0.0055702187412968954
new zealand,2017,3.378732195,4813600,0.057169535,112.9433136,4.737,0.3313,0.875,0.975,0.75,1.0,0.9753333,0.9285713999999999,0.0,0.0,6.98832968636043,1.4767592292923457,15.38695601063298,0.9150666600000001,0.0048555995537968915
new zealand,2018,3.470582039,4900600,0.057169535,112.4110794,4.329,0.3178,0.875,0.975,0.75,1.0,0.9753333,0.9285713999999999,0.0,0.0,7.98832968636043,1.4975186102159965,15.404868408620807,0.9150666600000001,0.0048555995537968915
new zealand,2019,2.31747144,4970300,0.057169535,120.2663193,4.106,0.3365,0.875,0.975,0.75,1.0,0.9753333,0.9285713999999999,2.0,1.0986122886681098,8.98832968636043,1.1992028782949307,15.418990959619206,0.9150666600000001,0.0048555995537968915
new zealand,2020,-0.307246896,5072400,0.057169535,116.8931885,4.596,0.3594,0.875,0.975,0.75,1.0,0.975,0.9285713999999999,12.0,2.5649493574615367,9.98832968636043,-0.26792331963310223,15.439324833488199,0.915,0.004859410474999998
nicaragua,1996,6.344268361,4729974,0.17981485149999998,68.57472229,5.28,0.5541,0.25,0.375,0.0,0.25,0.375,0.4285714,26.0,3.295836866004329,-14.01167031363957,1.993920194181065,15.369430475041886,0.25,0.134861138625
nicaragua,1998,3.711681464,4883655,0.313536498,46.72938156,5.28,0.5541,0.125,0.35,0.0,0.3125,0.25,0.4642857,0.0,0.0,-12.01167031363957,1.550044843045558,15.401404677661702,0.20750000000000002,0.24847767466499998
nicaragua,2000,4.101590251,5022633,0.17981485149999998,53.4050293,5.28,0.5541,0.0,0.275,0.0,0.5625,0.25,0.5,1.0,0.6931471805599453,-10.01167031363957,1.6295523050479912,15.429465055255593,0.21749999999999997,0.14070512129874999
nicaragua,2002,0.753938876,5149909,0.17981485149999998,60.67646027,5.28,0.5619,0.125,0.35,0.0,0.625,0.375,0.4642857,0.0,0.0,-8.01167031363957,0.5618640449961373,15.454489796759061,0.29500000000000004,0.1267694703075
nicaragua,2003,2.520732896,5210963,0.17981485149999998,68.57472229,7.6,0.562,0.125,0.375,0.0,0.625,0.5,0.4642857,0.0,0.0,-7.01167031363957,1.2586691770284104,15.466275425404621,0.325,0.12137502476249999
nicaragua,2004,5.31217057,5272912,0.17981485149999998,65.43473053,6.41,0.5588,0.125,0.375,0.0,0.625,0.5,0.4642857,0.0,0.0,-6.01167031363957,1.8424796063089999,15.4780935192299,0.325,0.12137502476249999
nicaragua,2005,4.282398338,5342105,0.220488658,68.57472229,5.37,0.5548,0.0,0.375,0.0,0.5,0.25,0.4285714,0.0,0.0,-5.01167031363957,1.6643802252684614,15.4911305152107,0.225,0.17087870995
nicaragua,2006,4.152945598,5418855,0.17981485149999998,69.09233856,5.31,0.5516,0.0,0.375,0.0,0.5,0.356,0.4285714,0.0,0.0,-4.01167031363957,1.6395685119451222,15.505395281026697,0.24619999999999997,0.1355444350607
nicaragua,2007,5.076352018,5497243,0.17981485149999998,72.17549896,4.89,0.5618,0.0,0.325,0.0,0.53125,0.356,0.3571429,0.0,0.0,-3.01167031363957,1.8044045188683469,15.519757433705603,0.24245,0.13621874075382498
nicaragua,2008,3.435716936,5576593,0.17981485149999998,70.77409363,6.2,0.553,0.0,0.325,0.0,0.5625,0.369,0.3571429,0.0,0.0,-2.01167031363957,1.4896892568119187,15.53408875372584,0.25129999999999997,0.13462737931805
nicaragua,2009,-3.292665159,5656601,0.139141045,68.57472229,8.16,0.5446,0.0,0.325,0.0,0.5625,0.369,0.3571429,0.0,0.0,-1.01167031363957,-1.456907789228687,15.548333916538239,0.25129999999999997,0.1041749003915
nicaragua,2010,4.410099117,5737450,0.17981485149999998,71.3924408,7.83,0.5455,0.0,0.325,0.0,0.375,0.3576667,0.3571429,0.0,0.0,-0.01167031363956994,1.68826741376265,15.562525593009457,0.21153334,0.14177801538060097
nicaragua,2011,6.316685535,5819051,0.17981485149999998,68.57472229,5.28,0.5384,0.0,0.325,0.0,0.375,0.352,0.3928571,0.0,0.0,0.9883296863604301,1.9901574296652353,15.57664791984222,0.2104,0.14198180674439997
nicaragua,2012,6.496136471,5901287,0.17981485149999998,68.57472229,5.208,0.5325,0.0,0.325,0.0,0.375,0.352,0.3928571,0.0,0.0,1.98832968636043,2.014387750613513,15.590681190135607,0.2104,0.14198180674439997
nicaragua,2013,4.927094134,5983845,0.17981485149999998,68.57472229,5.28,0.5398,0.0,0.35,0.0,0.5,0.3486667,0.4285714,0.0,0.0,2.98832968636043,1.7795340649134248,15.604574063011174,0.23973334,0.13670723656830097
nicaragua,2014,4.785460136,6066492,0.065703776,68.57472229,4.52,0.5319,0.0,0.35,0.0,0.5,0.344,0.4285714,2.0,1.0986122886681098,3.98832968636043,1.7553478969812453,15.618291236595546,0.23879999999999998,0.0500137142912
nicaragua,2015,4.792267683,6149417,0.17981485149999998,68.57472229,4.7,0.5282,0.0,0.325,0.0,0.5,0.2586667,0.4285714,0.0,0.0,4.98832968636043,1.7565238700030585,15.631868001158265,0.21673334,0.14084297815280097
nicaragua,2016,4.563147395,6232666,0.17981485149999998,68.57472229,3.9,0.5295,0.0,0.35,0.0,0.4375,0.2436667,0.4285714,0.0,0.0,5.98832968636043,1.7161640263380555,15.645314889046944,0.20623334,0.14273103409355098
nicaragua,2017,4.631207576,6316231,0.17981485149999998,68.57472229,3.3,0.5299,0.0,0.35,0.25,0.4375,0.2386667,0.4285714,0.0,0.0,6.98832968636043,1.728323908672437,15.658633385791992,0.25523334000000003,0.13392010637005097
nicaragua,2018,-3.36335666,6400080,0.17981485149999998,68.57472229,5.2,0.5327,0.0,0.25,0.25,0.1875,0.121,0.4285714,7.0,2.0794415416798357,7.98832968636043,-1.4732416373051078,15.67182120449981,0.1617,0.15073879001245
nicaragua,2019,-2.896869867,6483657,0.17981485149999998,68.57472229,5.28,0.5258,0.0,0.2,0.25,0.25,0.1183333,0.3928571,3.0,1.3862943611198906,8.98832968636043,-1.3601736326760943,15.684795415227626,0.16366666,0.150385155336599
nicaragua,2020,-2.236541763,6565267,0.17981485149999998,68.57472229,5.28,0.5411,0.0,0.2,0.25,0.25,0.12,0.4285714,3.0,1.3862943611198906,9.98832968636043,-1.1745054026742303,15.697303887429609,0.16399999999999998,0.150325215854
niger,2009,1.962600907,15943675,0.603037451,11.19993973,0.531,0.456,0.25,0.4,0.25,0.25,0.197,0.5357143,4.0,1.6094379124341003,-1.01167031363957,1.0860675673157711,16.584572819544356,0.2694,0.44057916170059996
niger,2010,8.578166743,16548835,0.603037451,12.80632025,0.531,0.44,0.25,0.45,0.25,0.375,0.3626667,0.5357143,3.0,1.3862943611198906,-0.01167031363956994,2.2594862107269122,16.621826324987627,0.33753333999999996,0.39949220601888363
niger,2011,2.357756936,17176283,0.688409346,13.66432138,0.316,0.4239,0.25,0.5,0.25,0.5625,0.472,0.5357143,2.0,1.0986122886681098,0.9883296863604301,1.2112731724738888,16.65904015310364,0.4069,0.4082955831126
niger,2012,10.54894458,17836769,0.603037451,14.80378672,2.177,0.4246,0.25,0.3,0.25,0.3125,0.3886667,0.3571429,1.0,0.6931471805599453,1.98832968636043,2.446594054437568,16.69677261491226,0.30023334,0.4219855029411836
niger,2013,5.315130634,18519898,0.603037451,15.95965103,0.531,0.4253,0.25,0.3,0.25,0.3125,0.386,0.3571429,4.0,1.6094379124341003,2.98832968636043,1.8429484418909503,16.73435633360372,0.29969999999999997,0.4223071269353
niger,2014,6.642136655,19215909,0.603037451,17.84595055,0.524,0.4259,0.25,0.3,0.25,0.3125,0.384,0.3214286,5.0,1.791759469228055,3.98832968636043,2.0336772309637525,16.771249139693932,0.2993,0.42254834191569995
niger,2015,4.392648832,19939498,0.603037451,19.69220125,0.531,0.4406,0.25,0.375,0.25,0.3125,0.3783333,0.3214286,41.0,3.7376696182833684,4.98832968636043,1.6850366987148637,16.80821319680619,0.31316666,0.41418622661541626
niger,2016,5.740893151,20685753,0.603037451,22.67003951,0.531,0.4553,0.25,0.375,0.25,0.3125,0.382,0.3214286,25.0,3.258096538021482,5.98832968636043,1.9081924311300438,16.844955808748235,0.3139,0.41374399513109994
niger,2017,5.005360786,21435446,0.603037451,23.76115057,7.769,0.47,0.25,0.375,0.25,0.25,0.3753333,0.3214286,13.0,2.6390573296152584,6.98832968636043,1.7926525346597162,16.880556511540654,0.30006666,0.42208601722351635
niger,2018,7.211418028,22188069,0.590125005,15.95965103,0.531,0.4846,0.375,0.35,0.25,0.25,0.292,0.2857143,19.0,2.995732273553991,7.98832968636043,2.1055256281602537,16.915065315010768,0.3034,0.41108107848299996
niger,2019,5.939852571,22947757,0.603037451,15.95965103,0.531,0.471,0.375,0.375,0.25,0.25,0.2763333,0.2857143,49.0,3.912023005428146,8.98832968636043,1.9372805309213117,16.94873079906698,0.30526666,0.4189502224783163
niger,2020,3.550641094,23717613,0.603037451,15.95965103,0.531,0.4574,0.25,0.35,0.25,0.1875,0.2763333,0.2857143,35.0,3.58351893845611,9.98832968636043,1.515268122817637,16.98172853681504,0.26276666000000004,0.44457931414581625
nigeria,1996,4.195924047,113754779,0.609079093,39.30680847,4.562,0.4626,0.0,0.09999999999999999,0.0,0.0,0.125,0.2857143,11.0,2.4849066497880004,-14.01167031363957,1.6478744811110608,18.549555636890457,0.045,0.5816705338149999
nigeria,1998,2.581254102,119846254,0.379642363,39.30680847,4.562,0.4613,0.0,0.09999999999999999,0.25,0.25,0.125,0.2857143,2.0,1.0986122886681098,-12.01167031363957,1.2757130468903788,18.601720270963884,0.145,0.32459422036499996
nigeria,2000,5.015934759,126382494,0.379642363,23.96134949,4.562,0.4599,0.0,0.125,0.25,0.125,0.125,0.25,6.0,1.9459101490553132,-10.01167031363957,1.7944117420076189,18.654823541162504,0.125,0.332187067625
nigeria,2002,15.32915574,133471989,0.379642363,28.87380981,4.562,0.4586,0.0,0.09999999999999999,0.0,0.1875,0.125,0.25,6.0,1.9459101490553132,-8.01167031363957,2.7929522057071225,18.709402201056726,0.08249999999999999,0.3483218680525
nigeria,2003,7.347194968,137202644,0.510969586,39.30680847,4.562,0.4579,0.0,0.075,0.0,0.25,0.0,0.2142857,9.0,2.302585092994046,-7.01167031363957,2.12192555044893,18.73696955149589,0.065,0.47775656291
nigeria,2004,9.250558229,141057045,0.379642363,33.94812012,4.562,0.4521,0.0,0.075,0.0,0.25,0.0,0.2142857,6.0,1.9459101490553132,-6.01167031363957,2.3273321654673045,18.764674948081673,0.065,0.354965609405
nigeria,2005,6.438516525,145017253,0.379642363,33.7729187,4.562,0.4464,0.0,0.075,0.0,0.25,0.0,0.1785714,9.0,2.302585092994046,-5.01167031363957,2.0066714371627374,18.79236328640918,0.065,0.354965609405
nigeria,2006,6.059428032,149077334,0.379642363,33.12628174,4.562,0.4406,0.0,0.075,0.0,0.25,0.1173333,0.1785714,37.0,3.6375861597263857,-4.01167031363957,1.9543640329257836,18.819975756107524,0.08846666,0.3460566711508824
nigeria,2007,6.591130361,153267261,0.379642363,30.42320061,4.562,0.4348,0.0625,0.09999999999999999,0.0,0.3125,0.2006667,0.1785714,61.0,4.127134385045092,-3.01167031363957,2.0269805079868988,18.84769376591522,0.13513334,0.3283400224823176
nigeria,2008,6.764472778,157595014,0.379642363,33.61127853,4.562,0.429,0.125,0.125,0.0,0.25,0.2843333,0.1785714,76.0,4.343805421853684,-2.01167031363957,2.0495585570643637,18.875539104177133,0.15686666,0.32008913352168245
nigeria,2009,8.036925101,162049464,0.379642363,37.13814163,4.562,0.4233,0.125,0.125,0.0,0.1875,0.2843333,0.1785714,42.0,3.7612001156935624,-1.01167031363957,2.201318972847407,18.90341218609621,0.14436666,0.3248346630591824
nigeria,2010,8.005655916,166642886,0.384850601,41.78379822,4.562,0.4175,0.125,0.125,0.0,0.0625,0.2823333,0.1785714,63.0,4.1588830833596715,-0.01167031363956994,2.1978528150646763,18.931363679538883,0.11896666,0.33906621040003737
nigeria,2011,5.307924203,171379598,0.379642363,43.02399063,3.77,0.4168,0.0,0.125,0.0,0.0625,0.2943333,0.1785714,175.0,5.170483995038151,0.9883296863604301,1.841806653017185,18.95939153137289,0.09636666,0.3430574964831824
nigeria,2012,4.230061175,176200625,0.374434125,44.45579147,4.562,0.4161,0.0,0.125,0.0,0.0625,0.2923333,0.1785714,615.0,6.423246963533519,1.98832968636043,1.6544229749491495,18.987133824240974,0.09596666000000001,0.3385009326337275
nigeria,2013,6.671335393,181049443,0.379642363,52.79673004,3.711,0.4171,0.0,0.09999999999999999,0.0,0.125,0.209,0.1785714,347.0,5.8522024797744745,2.98832968636043,2.0374907062218672,19.01428072319634,0.08679999999999999,0.34668940589159997
nigeria,2014,6.309718655,185896915,0.379642363,42.78215027,4.562,0.418,0.0,0.09999999999999999,0.0,0.125,0.2086667,0.1785714,713.0,6.570882962339584,3.98832968636043,1.9892047853329187,19.040702862989782,0.08673333999999999,0.34671471285151756
nigeria,2015,2.652693295,190671878,0.3576658,43.82469177,4.311,0.419,0.125,0.175,0.0,0.25,0.2373333,0.1428571,641.0,6.464588303689961,4.98832968636043,1.2954647845292255,19.066064597714888,0.15746666,0.301345361077772
nigeria,2016,-1.616868949,195443700,0.379642363,39.30680847,7.06,0.4197,0.125,0.2,0.0,0.25,0.2333333,0.1428571,535.0,6.284134161070802,5.98832968636043,-0.9619785454886213,19.090782921492547,0.16166666,0.3182668501792824
nigeria,2017,0.805886619,200254579,0.379642363,39.30680847,8.389,0.4204,0.0,0.3,0.0,0.25,0.2313333,0.2142857,488.0,6.192362489474872,6.98832968636043,0.5910516728468488,19.115100015061934,0.15626666,0.3203169189394824
nigeria,2018,1.922757342,204938755,0.34192905,40.48852921,4.562,0.4212,0.0,0.3,0.0,0.25,0.2313333,0.2142857,650.0,6.478509642208569,7.98832968636043,1.0725274659194275,19.138221741248135,0.15626666,0.28849693939952703
nigeria,2019,2.208429277,209485641,0.379642363,39.30680847,10.695,0.4203,0.0,0.3,0.0,0.25,0.2206667,0.2142857,507.0,6.230481447578482,8.98832968636043,1.1657814955780876,19.160165760371658,0.15413334,0.3211268175853176
nigeria,2020,-6.368898405,213996181,0.379642363,44.12208939,4.562,0.4194,0.0,0.3,0.0,0.25,0.22,0.2142857,478.0,6.171700597410915,9.98832968636043,-1.9972682248802156,19.181468731705476,0.154,0.32117743909799995
north macedonia,1996,1.185103889,2012553,0.056397274,83.8025589,38.8,0.3621,0.125,0.35,0.25,0.25,0.125,0.4642857,0.0,0.0,-14.01167031363957,0.781663373870346,14.514915120213013,0.22000000000000003,0.043989873719999996
north macedonia,1998,3.378735647,2007523,0.03295,83.8025589,34.5,0.3195,0.125,0.35,0.0,0.0625,0.125,0.4642857,5.0,1.791759469228055,-12.01167031363957,1.476760017648081,14.512412679899711,0.1325,0.028584125
north macedonia,2000,4.549135783,2026350,0.116767612,83.57688904,32.2,0.3005,0.0,0.275,0.0,0.1875,0.125,0.4285714,3.0,1.3862943611198906,-10.01167031363957,1.7136422008587642,14.521747196563977,0.11750000000000001,0.10304741759
north macedonia,2002,1.493665472,2020157,0.030208148,83.96540833,31.94,0.3025,0.0,0.225,0.25,0.25,0.125,0.4642857,8.0,2.1972245773362196,-8.01167031363957,0.9137537051417065,14.518686284140315,0.16999999999999998,0.025072762840000002
north macedonia,2003,2.222601657,2022725,0.027602361,83.65753174,36.69,0.3094,0.0,0.225,0.25,0.25,0.125,0.4642857,5.0,1.791759469228055,-7.01167031363957,1.1701890013382954,14.519956664564472,0.16999999999999998,0.02290995963
north macedonia,2004,4.67408958,2016186,0.013889293,83.24684143,37.161,0.3078,0.125,0.425,0.25,0.25,0.125,0.4642857,0.0,0.0,-6.01167031363957,1.735910124066052,14.516718661808152,0.23500000000000001,0.010625309145000001
north macedonia,2005,4.724088642,2005330,0.0314959,83.68003845,37.32,0.3108,0.125,0.45,0.25,0.25,0.25,0.4642857,0.0,0.0,-5.01167031363957,1.7446833475980568,14.511319692379196,0.265,0.0231494865
north macedonia,2006,5.137025162,1994287,0.046259259,83.8025589,36.392,0.3146,0.25,0.4,0.25,0.4375,0.5443333,0.5,3.0,1.3862943611198906,-4.01167031363957,1.8143401234474386,14.505797652374335,0.37636665999999996,0.02884881619609506
north macedonia,2007,6.473486858,1982933,0.056397274,84.0014801,35.231,0.3167,0.25,0.4,0.25,0.4375,0.5443333,0.5,1.0,0.6931471805599453,-3.01167031363957,2.0113616717622236,14.500088124043355,0.37636665999999996,0.03517122035151516
north macedonia,2008,5.47200139,1971493,0.014036607,84.03224945,33.93,0.3322,0.25,0.4,0.25,0.4375,0.5403333,0.5,9.0,2.302585092994046,-2.01167031363957,1.86748539452749,14.494302188927193,0.37556665999999994,0.00876492539127738
north macedonia,2009,-0.358614857,1958782,0.121209889,84.13559723,32.351,0.3339,0.25,0.4,0.25,0.4375,0.5403333,0.5,1.0,0.6931471805599453,-1.01167031363957,-0.30646569323713285,14.48783391998971,0.37556665999999994,0.07568749582929926
north macedonia,2010,3.358750858,1946298,0.128177794,85.42838287,33.135,0.3383,0.25,0.4,0.25,0.4375,0.5386666999999999,0.5,0.0,0.0,-0.01167031363956994,1.4721855158531305,14.481440178435127,0.37523333999999997,0.08008121224354806
north macedonia,2011,2.339886045,1937398,0.109329249,83.8025589,31.502,0.3411,0.25,0.4,0.25,0.5,0.5386666999999999,0.5,0.0,0.0,0.9883296863604301,1.2059366881430948,14.476856909818617,0.3877333399999999,0.06693865412553834
north macedonia,2012,-0.456183224,1929821,0.091100468,85.83001709,31.096,0.336,0.25,0.4,0.25,0.5,0.5386666999999999,0.5,1.0,0.6931471805599453,1.98832968636043,-0.3758187825165633,14.472938328648532,0.3877333399999999,0.05577777926679689
north macedonia,2013,2.925257665,1922716,0.073808967,83.8025589,29.017,0.3307,0.25,0.4,0.25,0.5,0.5386666999999999,0.5,0.0,0.0,2.98832968636043,1.367431996213451,14.46924984785432,0.3877333399999999,0.045190769703140225
north macedonia,2014,3.629123513,1917557,0.064440372,83.69497681,28.215,0.3252,0.25,0.4,0.25,0.5,0.5416667,0.5,3.0,1.3862943611198906,3.98832968636043,1.532367544129975,14.466563059484479,0.38833333999999997,0.03941602711039752
north macedonia,2015,3.85586514,1912430,0.07004491,84.98362732,26.395,0.3204,0.25,0.4,0.25,0.5,0.534,0.5357143,4.0,1.6094379124341003,4.98832968636043,1.5801872815428872,14.463885765600613,0.3868,0.042951538812
north macedonia,2016,2.848205194,1906313,0.056886808,83.8025589,24.312,0.3196,0.25,0.35,0.25,0.375,0.4243333,0.5357143,0.0,0.0,5.98832968636043,1.3476068562258159,14.460682092544765,0.32986666000000003,0.03812174664697872
north macedonia,2017,1.081772738,1898657,0.056397274,84.6865387,22.857,0.3212,0.25,0.375,0.25,0.5,0.4356667,0.6071428999999999,1.0,0.6931471805599453,6.98832968636043,0.7332198086152724,14.456657878788679,0.36213334,0.03597394079948484
north macedonia,2018,2.88059671,1889051,0.042799747,83.35339355,21.208,0.3075,0.25,0.375,0.25,0.5,0.4456667,0.6428571,0.0,0.0,7.98832968636043,1.3559889330476356,14.451585673897247,0.36413334,0.02721493217373502
north macedonia,2019,3.910419538,1876262,0.039403511,82.53128052,17.414,0.3039,0.25,0.4,0.25,0.5,0.449,0.6428571,0.0,0.0,8.98832968636043,1.5913593837773414,14.444792590619995,0.3698,0.0248320926322
north macedonia,2020,-4.68845001,1856124,0.056397274,82.44167328,16.575,0.3039,0.25,0.475,0.25,0.5625,0.4463333,0.6785713999999999,0.0,0.0,9.98832968636043,-1.7384378050535971,14.434001539198363,0.39676666000000005,0.03402071596191516
norway,1996,5.027913076,4381336,0.001904272,113.43094635,5.036,0.2837,0.875,1.0,1.0,1.0,1.0,0.8214286,1.0,0.6931471805599453,-14.01167031363957,1.7964008606204651,15.29286448691453,0.975,4.760680000000004e-05
norway,1998,2.66868661,4431464,0.001904272,113.43094635,3.737,0.2746,0.875,1.0,1.0,1.0,1.0,0.8214286,0.0,0.0,-12.01167031363957,1.2998337260804314,15.304240787126467,0.975,4.760680000000004e-05
norway,2000,3.318945701,4490967,0.002350818,116.4520416,3.458,0.3169,0.875,1.0,1.0,1.0,1.0,0.7857143,0.0,0.0,-10.01167031363957,1.4630113217763576,15.317578826682654,0.975,5.877045000000006e-05
norway,2002,1.377557022,4538159,0.001904272,113.255867,4.022,0.297,0.875,1.0,1.0,1.0,1.0,0.7857143,0.0,0.0,-8.01167031363957,0.8660734991666208,15.32803220152321,0.975,4.760680000000004e-05
norway,2003,0.944909363,4564855,0.002188037,113.3820038,4.221,0.3036,0.875,1.0,1.0,1.0,1.0,0.7857143,1.0,0.6931471805599453,-7.01167031363957,0.6652153759845959,15.333897527154416,0.975,5.4700925000000046e-05
norway,2004,4.014588024,4591910,0.002948629,114.0473328,4.256,0.3224,0.75,0.975,1.0,1.0,0.875,0.8928571,0.0,0.0,-6.01167031363957,1.6123512692857664,15.339806835260614,0.9199999999999999,0.0002358903200000002
norway,2005,2.685122903,4623291,0.002120723,111.5627518,4.381,0.3694,0.875,1.0,1.0,1.0,1.0,0.9285713999999999,0.0,0.0,-5.01167031363957,1.3043038773239324,15.346617563424326,0.975,5.301807500000005e-05
norway,2006,2.461473116,4660677,0.001645022,111.5276413,3.397,0.3272,0.875,0.975,1.0,1.0,0.985,0.75,1.0,0.6931471805599453,-4.01167031363957,1.241694254530599,15.354671489080898,0.967,5.428572600000005e-05
norway,2007,2.914040007,4709153,0.001543433,111.6399231,2.493,0.3285,0.875,0.975,1.0,1.0,0.985,0.8035713999999999,0.0,0.0,-3.01167031363957,1.3645700904341644,15.36501883202499,0.967,5.0933289000000046e-05
norway,2008,0.48191955,4768212,0.00240151,111.5180588,2.521,0.3336,0.875,0.975,1.0,1.0,0.9893333,0.8571428999999999,0.0,0.0,-2.01167031363957,0.3933382406500874,15.377482159548315,0.96786666,7.716853734340002e-05
norway,2009,-1.940364726,4828726,0.000869477,111.0684128,3.1,0.3013,0.875,0.975,1.0,1.0,0.9893333,0.8571428999999999,0.0,0.0,-1.01167031363957,-1.0785336301188089,15.390093429813826,0.96786666,2.793920006318001e-05
norway,2010,0.787051861,4889252,0.001509881,112.978569,3.527,0.3177,0.875,0.975,1.0,1.0,0.9933333,0.8571428999999999,1.0,0.6931471805599453,-0.01167031363956994,0.5805672570208716,15.402550089045748,0.96866666,4.730961473253998e-05
norway,2011,1.105656034,4953088,0.001285,113.1698837,3.196,0.3212,0.875,0.975,1.0,1.0,0.9933333,0.8571428999999999,3.0,1.3862943611198906,0.9883296863604301,0.7446270736868681,15.415521980316669,0.96866666,4.026334189999998e-05
norway,2012,2.717959249,5018573,0.001271743,112.1765366,3.129,0.3233,0.875,0.975,1.0,1.0,0.9976666999999999,0.8571428999999999,0.0,0.0,1.98832968636043,1.3131749287765717,15.428656387569145,0.9695333399999999,3.874576158838012e-05
norway,2013,1.01619084,5079623,0.001649021,114.5153809,3.425,0.3174,0.875,0.975,1.0,1.0,0.9976666999999999,0.8571428999999999,0.0,0.0,2.98832968636043,0.7012100084273043,15.440747801067333,0.9695333399999999,5.024016213986015e-05
norway,2014,2.048132004,5137232,0.001129212,113.4798889,3.486,0.3161,0.875,0.975,1.0,1.0,0.9976666999999999,0.8571428999999999,0.0,0.0,3.98832968636043,1.1145289452855685,15.452025165633179,0.9695333399999999,3.44033180719201e-05
norway,2015,1.857339716,5188607,0.001700492,115.2101212,4.296,0.3002,0.875,0.975,1.0,1.0,0.9976666999999999,0.8571428999999999,0.0,0.0,4.98832968636043,1.0498910227251406,15.461976011075363,0.9695333399999999,5.1808311596720156e-05
norway,2016,1.164724239,5234519,0.002806733,116.6455078,4.68,0.2994,0.875,0.975,1.0,1.0,0.9976666999999999,0.8571428999999999,0.0,0.0,5.98832968636043,0.7722929810555406,15.470785707538527,0.9695333399999999,8.551178002178025e-05
norway,2017,2.463746266,5276968,0.002916525,117.3014603,4.164,0.3025,0.875,0.975,1.0,1.0,0.9956666999999999,0.8571428999999999,1.0,0.6931471805599453,6.98832968636043,1.2423507391720954,15.478862437820617,0.96913334,9.002338555650014e-05
norway,2018,0.828931501,5311916,0.002818009,117.7147064,3.801,0.3126,0.875,0.975,1.0,1.0,0.9956666999999999,0.8571428999999999,0.0,0.0,7.98832968636043,0.6037319170944963,15.485463345016335,0.96913334,8.698252567994012e-05
norway,2019,1.12374695,5347896,0.001904272,119.4213409,3.684,0.2949,0.875,0.975,1.0,1.0,0.9956666999999999,0.8571428999999999,3.0,1.3862943611198906,8.98832968636043,0.7531819578640682,15.492213957482228,0.96913334,5.8778516371520086e-05
norway,2020,-1.278171772,5379475,0.00294958,119.9415436,4.424,0.2949,0.875,0.975,1.0,1.0,0.9936666999999999,0.8571428999999999,2.0,1.0986122886681098,9.98832968636043,-0.8233732669231967,15.49810152962498,0.96873334,9.22235150028e-05
pakistan,1996,4.846581287,138557092,0.453188829,29.72714605,4.79,0.4116,0.0,0.275,0.25,0.125,0.125,0.3214286,180.0,5.198497031265826,-14.01167031363957,1.7658570950336105,18.746793022477483,0.155,0.382944560505
pakistan,1998,2.550234298,146522356,0.502841357,29.72714605,5.7,0.4498,0.125,0.375,0.25,0.25,0.125,0.3571429,37.0,3.6375861597263857,-12.01167031363957,1.267013600746077,18.80268858228659,0.225,0.389702051675
pakistan,2000,4.260088011,154879127,0.307617727,29.72714605,7.16,0.4358,0.0,0.275,0.25,0.3125,0.125,0.3928571,49.0,3.912023005428146,-10.01167031363957,1.6601477587389155,18.858155551311402,0.1925,0.2484013145525
pakistan,2002,2.594816684,163222549,0.307617727,29.72714605,7.83,0.4337,0.125,0.325,0.25,0.125,0.25,0.3214286,46.0,3.8501476017100584,-8.01167031363957,1.2794929979396366,18.91062516496874,0.215,0.24147991569500002
pakistan,2003,5.401310873,167110248,0.307617727,19.83852005,7.49,0.4403,0.125,0.325,0.25,0.125,0.25,0.3214286,29.0,3.4011973816621555,-7.01167031363957,1.8565027932983238,18.934164326214958,0.215,0.24147991569500002
pakistan,2004,7.83125557,171286000,0.408661049,21.76342964,7.4,0.4437,0.125,0.325,0.25,0.125,0.25,0.3214286,67.0,4.219507705176107,-6.01167031363957,2.1782971981652928,18.958845237829987,0.215,0.320798923465
pakistan,2005,7.276574436,175453212,0.408080908,22.6038208,7.05,0.4595,0.125,0.325,0.25,0.125,0.25,0.3214286,77.0,4.356708826689592,-5.01167031363957,2.1134291673343797,18.98288297273548,0.215,0.32034351278
pakistan,2006,6.051637676,179682690,0.307617727,27.24632072,0.582,0.445,0.125,0.325,0.25,0.125,0.2973333,0.3214286,164.0,5.10594547390058,-4.01167031363957,1.95325988431608,19.00670302546737,0.22446665999999998,0.23856780326351817
pakistan,2007,4.44481434,184493231,0.34867948,29.06343079,0.398,0.4311,0.125,0.3125,0.25,0.09375,0.2556667,0.3214286,260.0,5.564520407322694,-3.01167031363957,1.69466365846659,19.033123337845193,0.20738333999999997,0.2763691648481368
pakistan,2008,2.120441043,189499113,0.307617727,29.17680931,0.423,0.4226,0.125,0.275,0.25,0.125,0.2266667,0.3214286,568.0,6.343880434126331,-2.01167031363957,1.137974351766914,19.059894907014083,0.20033333999999997,0.2459916403068818
pakistan,2009,3.472550596,194376534,0.307617727,29.0589695,0.535,0.4179,0.0,0.3,0.25,0.1875,0.2266667,0.3214286,667.0,6.504288173536645,-1.01167031363957,1.4979588490254019,19.0853077379727,0.19283334000000002,0.24829877325938185
pakistan,2010,1.501717522,199239047,0.266555974,29.29629007,0.653,0.4181,0.0,0.3,0.25,0.1875,0.235,0.3571429,713.0,6.570882962339584,-0.01167031363956994,0.9169775047916389,19.110015908000946,0.1945,0.21471083705699998
pakistan,2011,2.680116854,203746065,0.25933522,29.72714605,0.796,0.4213,0.0,0.275,0.25,0.1875,0.235,0.3571429,1012.0,6.920671504248683,0.9883296863604301,1.302944505481046,19.132385001923385,0.1895,0.21019119580999998
pakistan,2012,3.027583911,207667125,0.307617727,30.63002014,3.667,0.4164,0.0,0.275,0.25,0.1875,0.2356667,0.3571429,1655.0,7.412160334945205,1.98832968636043,1.393166670364682,19.15144699995918,0.18963334,0.24928314998578183
pakistan,2013,4.36686505,211073978,0.212463761,31.54481913,2.954,0.4113,0.125,0.3,0.25,0.1875,0.238,0.3214286,2215.0,7.703459047867175,2.98832968636043,1.6802439484775973,19.167719241364942,0.22010000000000002,0.16570048720390002
pakistan,2014,4.116428172,214264647,0.307617727,32.65734273,1.827,0.4214,0.125,0.3,0.25,0.25,0.238,0.3214286,2149.0,7.673223121121708,3.98832968636043,1.6324565729432494,19.18272248183325,0.2326,0.2360658436998
pakistan,2015,4.217942096,217290883,0.169114579,34.67414665,3.566,0.4299,0.125,0.3,0.25,0.25,0.23,0.3214286,1243.0,7.126087273299125,4.98832968636043,1.6521030896809448,19.19674749312717,0.231,0.130049111251
pakistan,2016,6.573838285,220138869,0.307617727,35.86432467,2.285,0.4252,0.125,0.3,0.25,0.25,0.2276667,0.2857143,864.0,6.762729506931879,5.98832968636043,2.024699977918151,19.209769132449225,0.23053334000000003,0.2367015849514818
pakistan,2017,4.432625907,223273967,0.307617727,35.32242487,3.667,0.4211,0.125,0.325,0.25,0.25,0.2253333,0.2857143,719.0,6.579251212010101,6.98832968636043,1.6924226095020554,19.223910131420755,0.23506665999999998,0.2353070553573182
pakistan,2018,6.151702611,226928892,0.165161711,37.14660633,4.083,0.4172,0.125,0.325,0.25,0.1875,0.2223333,0.2857143,480.0,6.175867270105761,7.98832968636043,1.9673504557706716,19.240147279677647,0.22196666,0.12850131764944472
pakistan,2019,2.497636929,230800899,0.307617727,38.75115528,4.83,0.4172,0.125,0.3,0.25,0.1875,0.225,0.2857143,363.0,5.8971538676367405,8.98832968636043,1.2520875773272342,19.257065992070686,0.21750000000000003,0.2407108713775
pakistan,2020,-1.274087443,235001746,0.307617727,29.72714605,6.74,0.4172,0.125,0.3,0.25,0.3125,0.227,0.2857143,294.0,5.68697535633982,9.98832968636043,-0.8215788479751356,19.275103506123354,0.24290000000000003,0.2328973811117
panama,1996,4.079702767,2780227,0.075484442,64.41950226,14.32,0.5541,0.25,0.45,0.25,0.6875,0.375,0.5,2.0,1.0986122886681098,-14.01167031363957,1.6252527494455173,14.838043496692313,0.4025,0.045101954094999994
panama,1998,8.387472033,2893914,0.197690385,69.52535248000001,14.02,0.5541,0.25,0.45,0.25,0.5625,0.375,0.5,0.0,0.0,-12.01167031363957,2.239376037911381,14.878120814629579,0.3775,0.1230622646625
panama,2000,4.209005736,3010369,0.163451011,64.24990845,13.53,0.5541,0.25,0.45,0.25,0.625,0.375,0.5,1.0,0.6931471805599453,-10.01167031363957,1.6503889999334982,14.917573552758613,0.39,0.09970511671
panama,2002,2.508844088,3129344,0.172103535,67.65699005,14.11,0.5619,0.25,0.6,0.25,0.625,0.5,0.4642857,0.0,0.0,-8.01167031363957,1.2552866635820281,14.956334275441606,0.445,0.09551746192499999
panama,2003,5.096860136,3189807,0.167966294,69.52535248000001,13.62,0.562,0.25,0.6,0.25,0.625,0.5,0.4642857,0.0,0.0,-7.01167031363957,1.8077739068560954,14.975471284861877,0.445,0.09322129316999998
panama,2004,8.17565351,3251155,0.155436704,67.36534882,12.44,0.5588,0.25,0.625,0.25,0.625,0.625,0.4642857,0.0,0.0,-6.01167031363957,2.2165536186520503,14.9945211833701,0.475,0.0816042696
panama,2005,8.276183224,3313026,0.145420241,67.52742004,10.33,0.5548,0.25,0.625,0.25,0.5,0.625,0.5,0.0,0.0,-5.01167031363957,2.2274501716777246,15.013372830962075,0.45,0.07998113255000001
panama,2006,9.857238739,3375024,0.157188898,67.34541321,9.11,0.5516,0.25,0.625,0.25,0.5,0.6616666999999999,0.5,0.0,0.0,-4.01167031363957,2.384832022415707,15.03191328966874,0.45733334000000003,0.08530117426674066
panama,2007,13.15306531,3437490,0.129721487,67.69760895,6.78,0.5618,0.25,0.625,0.25,0.5,0.6616666999999999,0.5,0.0,0.0,-3.01167031363957,2.649931230310404,15.050252402771719,0.45733334000000003,0.07039552608052341
panama,2008,10.19743255,3500648,0.090016612,68.75682831,4.868,0.553,0.25,0.575,0.25,0.5,0.6616666999999999,0.5,0.0,0.0,-2.01167031363957,2.4156845154151787,15.068458937841317,0.44733333999999997,0.04974918029855593
panama,2009,1.611864176,3564381,0.066456666,70.29387665,6.56,0.5446,0.25,0.575,0.25,0.5,0.6616666999999999,0.5,1.0,0.6931471805599453,-1.01167031363957,0.9600642100621378,15.086501244769673,0.44733333999999997,0.036728383632955566
panama,2010,6.073393409,3628535,0.076586061,71.91369758,5.832,0.5455,0.25,0.5499999999999999,0.25,0.5625,0.6549999999999999,0.5,0.0,0.0,-0.01167031363956994,1.9563403377427344,15.104339819106258,0.4534999999999999,0.04185428233650001
panama,2011,11.90887722,3693505,0.060812228,71.74122011,3.922,0.5384,0.25,0.5499999999999999,0.25,0.5625,0.6526666999999999,0.5714286,0.0,0.0,0.9883296863604301,2.5579152312856,15.12208670042504,0.45303334,0.03326226123631849
panama,2012,9.62729355,3759256,0.074382823,69.52535248000001,3.714,0.5325,0.25,0.5499999999999999,0.25,0.5625,0.6526666999999999,0.5714286,0.0,0.0,1.98832968636043,2.3634255550447127,15.139731889456385,0.45303334,0.040684924257681186
panama,2013,6.324353735,3825329,0.059178907,76.40412903,3.732,0.5398,0.25,0.5499999999999999,0.25,0.5625,0.6526666999999999,0.5714286,0.0,0.0,2.98832968636043,1.9912049237071192,15.157155296031146,0.45303334,0.03236888910424062
panama,2014,4.625813846,3892101,0.063799582,76.04062653,4.444,0.5319,0.25,0.5499999999999999,0.25,0.5625,0.6526666999999999,0.5714286,0.0,0.0,3.98832968636043,1.7273656213581352,15.174459929549963,0.45303334,0.03489624427593612
panama,2015,5.266917264,3960035,0.04784474,76.59468079,4.402,0.5282,0.25,0.5499999999999999,0.5,0.75,0.6563333,0.5714286,0.0,0.0,4.98832968636043,1.8352845693044277,15.191763674098432,0.54126666,0.0219479773816316
panama,2016,4.571966963,4029086,0.047980221,82.60144806,4.843,0.5295,0.25,0.5499999999999999,0.5,0.75,0.6543333,0.5714286,1.0,0.6931471805599453,5.98832968636043,1.717748126790147,15.209050357387854,0.54086666,0.02202931912166814
panama,2017,5.74405947,4098707,0.042765778,76.59989929,5.461,0.5299,0.25,0.5499999999999999,0.5,0.75,0.6526666999999999,0.5714286,0.0,0.0,6.98832968636043,1.9086620388694524,15.226182360061962,0.54053334,0.01964944917996148
panama,2018,3.918198085,4167860,0.037465032,69.52535248000001,5.313,0.5327,0.25,0.525,0.5,0.625,0.6516666999999999,0.5714286,0.0,0.0,7.98832968636043,1.5929422205347323,15.242913512531024,0.51033334,0.01834537708623312
panama,2019,3.103067933,4234700,0.029157352,69.52535248000001,6.409,0.5258,0.25,0.525,0.5,0.6875,0.6516666999999999,0.5714286,0.0,0.0,8.98832968636043,1.4117349702325632,15.258823281450697,0.5228333399999999,0.013912916268284323
panama,2020,-17.82122995,4293261,0.075484442,69.52535248000001,18.548,0.5411,0.25,0.5,0.5,0.625,0.6559999999999999,0.5357143,0.0,0.0,9.98832968636043,-2.934985485369299,15.27255737492751,0.5062,0.0372742174596
papua new guinea,1996,7.733695798,4813361,0.628041528,44.55011212,2.62,0.4979,0.25,0.275,0.25,0.25,0.375,0.2857143,10.0,2.3978952727983707,-14.01167031363957,2.1671886248254775,15.38690635842178,0.27999999999999997,0.45218990016
papua new guinea,1998,-3.769113218,5166390,0.5750722035,19.92778969,2.62,0.4921,0.125,0.25,0.25,0.25,0.25,0.25,0.0,0.0,-12.01167031363957,-1.5621603794410823,15.457684936959236,0.225,0.4456809577125
papua new guinea,2000,-2.494841993,5537064,0.5750722035,44.55011212,2.92,0.4869,0.125,0.25,0.25,0.3125,0.25,0.2857143,0.0,0.0,-10.01167031363957,-1.2512881652217358,15.526975134945157,0.2375,0.43849255516874996
papua new guinea,2002,-0.158900533,5924003,0.5750722035,44.55011212,2.62,0.4812,0.125,0.25,0.25,0.3125,0.25,0.2857143,1.0,0.6931471805599453,-8.01167031363957,-0.14747173927699112,15.594523129589044,0.2375,0.43849255516874996
papua new guinea,2003,2.164102502,6123997,0.5750722035,44.55011212,2.62,0.4784,0.125,0.25,0.25,0.3125,0.25,0.2857143,0.0,0.0,-7.01167031363957,1.1518694457144123,15.627725709175726,0.2375,0.43849255516874996
papua new guinea,2004,2.721175741,6328041,0.5750722035,44.55011212,2.62,0.4751,0.0,0.3,0.25,0.25,0.25,0.25,0.0,0.0,-6.01167031363957,1.3140396777574042,15.660501425575742,0.21000000000000002,0.454307040765
papua new guinea,2005,6.344795923,6535905,0.5750722035,44.55011212,2.62,0.4723,0.0,0.3,0.0,0.25,0.25,0.25,0.0,0.0,-5.01167031363957,1.9939920247606073,15.69282153353361,0.16,0.48306065093999995
papua new guinea,2006,5.409944091,6747720,0.5750722035,44.55011212,2.62,0.4695,0.125,0.425,0.25,0.25,0.468,0.5,0.0,0.0,-4.01167031363957,1.8578505487416543,15.724715376209367,0.3036,0.4004802825174
papua new guinea,2007,7.815189229,6963345,0.5750722035,44.55011212,2.62,0.4662,0.125,0.425,0.25,0.28125,0.468,0.5,1.0,0.6931471805599453,-3.01167031363957,2.176476282323908,15.756170663915162,0.30985,0.396886081245525
papua new guinea,2008,-0.296457846,7183002,0.5750722035,44.55011212,2.62,0.4619,0.125,0.425,0.25,0.3125,0.468,0.5,0.0,0.0,-2.01167031363957,-0.2596358117772948,15.787228098709642,0.3161,0.39329187997364995
papua new guinea,2009,6.800421483,7406438,0.522102879,44.55011212,2.62,0.457,0.125,0.425,0.25,0.3125,0.468,0.5,0.0,0.0,-1.01167031363957,2.05417776851769,15.817860314961417,0.3161,0.35706615894809995
papua new guinea,2010,10.12845407,7633523,0.5750722035,44.55011212,2.002,0.4585,0.125,0.425,0.25,0.3125,0.468,0.5,0.0,0.0,-0.01167031363956994,2.409505258066168,15.848060157710348,0.3161,0.39329187997364995
papua new guinea,2011,1.107543626,7859346,0.5750722035,44.55011212,2.62,0.4586,0.125,0.425,0.25,0.3125,0.4606667,0.5,0.0,0.0,0.9883296863604301,0.745523111035496,15.87721408207374,0.31463334,0.3941353153716353
papua new guinea,2012,4.657119597,8081390,0.5750722035,37.0596555,2.62,0.4587,0.125,0.425,0.25,0.3125,0.4606667,0.5,0.0,0.0,1.98832968636043,1.7329148575552547,15.905074569145917,0.31463334,0.3941353153716353
papua new guinea,2013,3.824946328,8302698,0.5750722035,44.55011212,2.62,0.4585,0.125,0.425,0.25,0.4375,0.462,0.5357143,0.0,0.0,2.98832968636043,1.57379961099851,15.932091200629925,0.3399,0.37960516153035
papua new guinea,2014,13.54377062,8523441,0.5750722035,44.55011212,2.62,0.4584,0.125,0.45,0.25,0.4375,0.5343333,0.5357143,0.0,0.0,3.98832968636043,2.6771627658586072,15.958330807833592,0.35936665999999995,0.3684104264693647
papua new guinea,2015,6.578356323,8743246,0.5750722035,44.55011212,2.62,0.4577,0.125,0.425,0.25,0.375,0.5343333,0.5,0.0,0.0,4.98832968636043,2.0252963322088373,15.983792188936338,0.34186666,0.37847419003061467
papua new guinea,2016,5.489573153,8961718,0.5750722035,44.55011212,2.62,0.4583,0.125,0.4,0.25,0.375,0.5343333,0.5,0.0,0.0,5.98832968636043,1.8701967585992854,16.008472619228314,0.33686666,0.3813495510481147
papua new guinea,2017,3.534610818,9178714,0.5750722035,44.55011212,2.62,0.4587,0.125,0.4,0.25,0.375,0.5343333,0.5,8.0,2.1972245773362196,6.98832968636043,1.5117392624645083,16.032397774585302,0.33686666,0.3813495510481147
papua new guinea,2018,-0.279252285,9394513,0.5750722035,44.55011212,2.62,0.4586,0.125,0.4,0.25,0.375,0.5343333,0.5,0.0,0.0,7.98832968636043,-0.2462757549043221,16.05563645984825,0.33686666,0.3813495510481147
papua new guinea,2019,4.480514569,9609010,0.5750722035,46.26684565,2.62,0.4584,0.125,0.4,0.25,0.375,0.5343333,0.5,0.0,0.0,8.98832968636043,1.7011989960042013,16.078211862018872,0.33686666,0.3813495510481147
papua new guinea,2020,-3.167432044,9815746,0.5750722035,44.55281992,2.62,0.4584,0.25,0.375,0.25,0.375,0.4533333,0.5357143,0.0,0.0,9.98832968636043,-1.4273000293311007,16.099498490794595,0.34066666,0.37916427667481467
paraguay,1996,1.573785132,4687543,0.079131571,46.97792053,8.15,0.5541,0.125,0.3,0.0,0.25,0.375,0.25,0.0,0.0,-14.01167031363957,0.9453776293881182,15.360419335883416,0.21000000000000002,0.06251394109
paraguay,1998,0.068037756,4900025,0.079131571,54.63405991,4.417,0.5541,0.0,0.275,0.0,0.25,0.25,0.25,0.0,0.0,-12.01167031363957,0.06582309197305884,15.404751069189226,0.155,0.066866177495
paraguay,2000,-2.314140568,5100868,0.079131571,64.40962982,7.61,0.5541,0.0,0.275,0.0,0.0625,0.25,0.25,2.0,1.0986122886681098,-10.01167031363957,-1.1981983345200287,15.444921475336322,0.11750000000000001,0.0698336114075
paraguay,2002,-0.021404395,5261328,0.195870464,69.8106308,9.393,0.5619,0.0,0.225,0.0,0.0,0.25,0.25,0.0,0.0,-8.01167031363957,-0.02117853813971309,15.475894214397284,0.095,0.17726276992
paraguay,2003,4.320745486,5326436,0.138278931,67.52102661,6.814,0.562,0.0,0.225,0.0,0.0,0.25,0.25,0.0,0.0,-7.01167031363957,1.6716134224837775,15.48819309230926,0.095,0.125142432555
paraguay,2004,4.057418364,5388175,0.10718931,68.88598633,6.513,0.5588,0.0,0.275,0.0,0.5,0.25,0.25,0.0,0.0,-6.01167031363957,1.620856148357564,15.499717481160783,0.205,0.08521550145
paraguay,2005,2.133490665,5448097,0.100523309,68.87928009,4.825,0.5548,0.125,0.3,0.25,0.5,0.375,0.2857143,0.0,0.0,-5.01167031363957,1.142147611581299,15.510777114902268,0.31,0.06936108321
paraguay,2006,4.807117193,5505148,0.140768436,68.66956329,5.277,0.5516,0.25,0.375,0.25,0.5625,0.4553333,0.3928571,0.0,0.0,-4.01167031363957,1.7590842675191465,15.521194394075993,0.37856666,0.08747819935005624
paraguay,2007,5.421622872,5559386,0.125611739,69.01116943,4.713,0.5618,0.25,0.375,0.25,0.5625,0.4553333,0.3928571,0.0,0.0,-3.01167031363957,1.8596708695580513,15.530998408350028,0.37856666,0.07805932250997827
paraguay,2008,6.49629212,5613574,0.079131571,70.53325653,4.415,0.553,0.25,0.375,0.25,0.5625,0.4633333,0.3928571,0.0,0.0,-2.01167031363957,2.014408514294202,15.540698329440156,0.38016666,0.04904838595237714
paraguay,2009,-0.261137328,5671236,0.091290169,71.52040863,5.46,0.5446,0.25,0.375,0.25,0.5625,0.4633333,0.3928571,0.0,0.0,-1.01167031363957,-0.23201395509757677,15.550917817694073,0.38016666,0.05658469036043447
paraguay,2010,11.09523127,5737971,0.093821842,73.16511006,4.569,0.5455,0.25,0.375,0.25,0.5625,0.4633333,0.3928571,2.0,1.0986122886681098,-0.01167031363956994,2.4928112650036156,15.5626163957625,0.38016666,0.05815390569181228
paraguay,2011,4.286371207,5814626,0.089433261,75.88269806,4.67,0.5384,0.25,0.375,0.25,0.5625,0.4633333,0.3928571,4.0,1.6094379124341003,0.9883296863604301,1.6651320382718984,15.57588719742356,0.38016666,0.05543371687272174
paraguay,2012,-0.708043112,5897008,0.06437838,82.80020905,4.085,0.5325,0.25,0.375,0.25,0.5625,0.4586667,0.3928571,4.0,1.6094379124341003,1.98832968636043,-0.5353483362656226,15.58995583118124,0.37923334,0.039963951928810804
paraguay,2013,8.293076489,5982445,0.04112851,69.410900115,4.385,0.5398,0.125,0.4,0.25,0.5,0.4586667,0.3928571,10.0,2.3978952727983707,2.98832968636043,2.2292696593602255,15.604340072397141,0.34673334,0.0268678843584766
paraguay,2014,5.301238645,6069811,0.042667899,69.410900115,5.034,0.5319,0.125,0.4,0.25,0.5,0.4586667,0.3928571,15.0,2.772588722239781,3.98832968636043,1.8407462243896717,15.618838190562629,0.34673334,0.027873515868947343
paraguay,2015,2.957151684,6159103,0.042111597,69.410900115,4.556,0.5282,0.125,0.4,0.25,0.5625,0.5443333,0.4285714,19.0,2.995732273553991,4.98832968636043,1.37552449474921,15.63344187038471,0.37636665999999996,0.026262195889843982
paraguay,2016,4.268025833,6249126,0.041692273,81.86510465,5.255,0.5295,0.25,0.45,0.25,0.5625,0.5423333,0.4642857,15.0,2.772588722239781,5.98832968636043,1.6616556876275534,15.647952331956425,0.41096666,0.024558138817381826
paraguay,2017,4.810078856,6338660,0.023750721,69.410900115,6.138,0.5299,0.25,0.45,0.25,0.5625,0.5436667,0.4642857,10.0,2.3978952727983707,6.98832968636043,1.7595941432329885,15.662178105369644,0.41123334,0.013983632675761859
paraguay,2018,3.204250341,6427382,0.030729101,69.410900115,6.217,0.5327,0.25,0.45,0.25,0.5625,0.5413333,0.4642857,4.0,1.6094379124341003,7.98832968636043,1.4360959995291211,15.676078014922666,0.41076666,0.018106610817427343
paraguay,2019,-0.401855101,6515058,0.024438963,69.410900115,6.595,0.5258,0.25,0.45,0.25,0.5625,0.5413333,0.4642857,0.0,0.0,8.98832968636043,-0.33779643163073597,15.689626824524636,0.41076666,0.014400251794626421
paraguay,2020,-0.819785391,6603739,0.025551215,85.66693092,7.548,0.5411,0.25,0.45,0.25,0.5,0.5393333,0.4642857,2.0,1.0986122886681098,9.98832968636043,-0.5987185771029772,15.703146713168394,0.39786666,0.015385238429008099
peru,1996,2.798973079,24811171,0.112005626,69.56759644,7.07,0.557,0.125,0.35,0.5,0.3125,0.375,0.6785713999999999,42.0,3.7612001156935624,-14.01167031363957,1.3347307878418702,17.026804593568784,0.3325,0.074763755355
peru,1998,-0.391537556,25738095,0.257141599,77.45574188,4.971,0.557,0.125,0.3,0.5,0.4375,0.375,0.6428571,5.0,1.791759469228055,-12.01167031363957,-0.3304092911991866,17.063482786922332,0.34750000000000003,0.1677848933475
peru,2000,2.694371398,26598331,0.255416148,80.84287262,4.069,0.557,0.0,0.325,0.25,0.125,0.25,0.6071428999999999,3.0,1.3862943611198906,-10.01167031363957,1.3068104176002509,17.09635906501886,0.19,0.20688707988000002
peru,2002,5.453528938,27288217,0.243925813,85.14640045,4.84,0.622,0.375,0.4,0.25,0.375,0.375,0.5714286,2.0,1.0986122886681098,-8.01167031363957,1.864627103361459,17.12196559190828,0.355,0.157332149385
peru,2003,4.165023137,27580490,0.224567286,78.48062134,4.151,0.6748,0.375,0.4,0.0,0.25,0.375,0.5714286,1.0,0.6931471805599453,-7.01167031363957,1.6419095821356249,17.132619232926583,0.27999999999999997,0.16168844592
peru,2004,4.958203206,27852190,0.235481954,81.80645752,4.707,0.6065,0.125,0.375,0.0,0.3125,0.375,0.5714286,3.0,1.3862943611198906,-6.01167031363957,1.7847689601210277,17.14242219269735,0.2375,0.179554989925
peru,2005,6.285060325,28101180,0.253752091,82.84992981,4.866,0.5872,0.125,0.3,0.0,0.3125,0.375,0.5357143,2.0,1.0986122886681098,-5.01167031363957,1.9858257203266787,17.151322161890555,0.2225,0.1972922507525
peru,2006,7.528899044,28324491,0.218472563,85.8261795,4.172,0.6003,0.25,0.275,0.0,0.4375,0.4536667,0.5357143,1.0,0.6931471805599453,-4.01167031363957,2.143460284474796,17.159237430030842,0.28323334,0.1565938492831496
peru,2007,8.518387769,28530699,0.188933119,88.90292358,4.078,0.5859,0.25,0.275,0.0,0.46875,0.4536667,0.5535713999999999,4.0,1.6094379124341003,-3.01167031363957,2.2532254824658073,17.166491258465275,0.28948334,0.13424012867526255
peru,2008,9.126568301,28719041,0.158089087,90.26528168,4.025,0.582,0.25,0.275,0.0,0.4375,0.4603333,0.5714286,1.0,0.6931471805599453,-2.01167031363957,2.3151624949237033,17.173070945041996,0.28456665999999997,0.11310220352996057
peru,2009,1.095823659,28896811,0.136733008,93.82800293,3.964,0.5655,0.25,0.325,0.25,0.4375,0.4603333,0.6071428999999999,4.0,1.6094379124341003,-1.01167031363957,0.7399466307629987,17.179241835579223,0.34456666,0.0896193721216867
peru,2010,8.332459107,29086019,0.112005626,96.13037109,3.595,0.567,0.25,0.35,0.5,0.4375,0.4633333,0.6428571,0.0,0.0,-0.01167031363956994,2.233498550012914,17.18576820433559,0.40016666,0.06718470874237084
peru,2011,6.327192402,29304086,0.10339926,97.52314758,3.477,0.5614,0.25,0.325,0.5,0.4375,0.4696667,0.6071428999999999,0.0,0.0,0.9883296863604301,1.9915924141479198,17.19323755231435,0.39643334,0.06240834600467161
peru,2012,6.139724706,29550366,0.095272386,96.43811035,3.238,0.5567,0.25,0.325,0.5,0.4375,0.4656667,0.6071428999999999,9.0,2.302585092994046,1.98832968636043,1.9656742190255359,17.201606721367007,0.39563334,0.057579453717050755
peru,2013,5.852518211,29817919,0.086165627,101.5838699,3.575,0.5626,0.25,0.35,0.5,0.5,0.468,0.6071428999999999,13.0,2.6390573296152584,2.98832968636043,1.9246162067615022,17.210620113023694,0.4136,0.0505275236728
peru,2014,2.382157372,30115826,0.079933111,99.87338257,3.208,0.5502,0.25,0.375,0.5,0.5,0.468,0.6071428999999999,12.0,2.5649493574615367,3.98832968636043,1.218513781623248,17.220561405480876,0.41859999999999997,0.0464731107354
peru,2015,3.252244772,30457600,0.079580617,100.2515717,3.272,0.5556,0.25,0.375,0.5,0.5,0.4693333,0.6071428999999999,10.0,2.3978952727983707,4.98832968636043,1.4474470251445553,17.2318461433014,0.41886666000000006,0.04624694975647078
peru,2016,3.953318715,30866494,0.074693276,102.1501236,3.741,0.5611,0.25,0.425,0.5,0.5625,0.4716667,0.6071428999999999,4.0,1.6094379124341003,5.98832968636043,1.6000577994058431,17.245181849377758,0.44183333999999996,0.041691296389378164
peru,2017,2.518835442,31324637,0.073140625,101.0445786,3.691,0.5971,0.25,0.425,0.5,0.5625,0.4663333,0.6071428999999999,8.0,2.1972245773362196,6.98832968636043,1.2581300945293572,17.259915502414668,0.44076666,0.0409026760084375
peru,2018,3.969351341,31897584,0.060752501,99.85800934,3.492,0.574,0.25,0.425,0.5,0.625,0.47,0.7142856999999999,5.0,1.791759469228055,7.98832968636043,1.603289316701392,17.278040859560125,0.454,0.033170865546
peru,2019,2.240631769,32449303,0.054192518,99.52971649,3.379,0.5641,0.25,0.425,0.5,0.625,0.47,0.75,1.0,0.6931471805599453,8.98832968636043,1.1757683012281734,17.295189552502226,0.454,0.029589114828
peru,2020,-10.9333065,32838579,0.103081566,100.1387024,7.179,0.6565,0.25,0.475,0.5,0.4375,0.4676667,0.75,2.0,1.0986122886681098,9.98832968636043,-2.4793333561326647,17.30711460166235,0.42603334000000004,0.05916538214458956
philippines,1996,5.860347872,72190242,0.231418461,73.71588898,8.564,0.5238,0.375,0.5499999999999999,0.5,0.6875,0.375,0.6428571,61.0,4.127134385045092,-14.01167031363957,1.9257581506561565,18.09481545622687,0.49749999999999994,0.11628777665250001
philippines,1998,-0.5140906,75791024,0.231418461,70.50797272,10.254,0.5271,0.375,0.5499999999999999,0.5,0.5625,0.375,0.6428571,18.0,2.9444389791664403,-12.01167031363957,-0.4148149947043515,18.143490439908398,0.4725,0.12207323817750002
philippines,2000,4.382505001,79625397,0.2732170475,78.54086304,11.189,0.5088,0.25,0.4,0.5,0.1875,0.375,0.5714286,132.0,4.890349128221754,-10.01167031363957,1.6831538793781047,18.19284367027425,0.34249999999999997,0.17964020873124997
philippines,2002,3.716255002,83068889,0.231418461,74.91383362,3.554,0.4949,0.25,0.45,0.5,0.5,0.5,0.5357143,48.0,3.8918202981106265,-8.01167031363957,1.551015052884212,18.23518082150135,0.44000000000000006,0.12959433816
philippines,2003,5.086911135,84731835,0.252934476,76.82196808,3.527,0.4861,0.25,0.425,0.5,0.25,0.375,0.5714286,107.0,4.68213122712422,-7.01167031363957,1.8061407502594984,18.255001956770283,0.36,0.16187806464
philippines,2004,6.569228512,86394504,0.231418461,78.54086304,3.554,0.4859,0.25,0.4,0.5,0.25,0.375,0.5714286,31.0,3.4657359027997265,-6.01167031363957,2.0240911483852444,18.27443463221471,0.355,0.149264907345
philippines,2005,4.942505119,88015962,0.231418461,78.30638123,3.795,0.4843,0.25,0.4,0.5,0.25,0.375,0.5714286,25.0,3.258096538021482,-5.01167031363957,1.7821307816738012,18.293028753719174,0.355,0.149264907345
philippines,2006,5.316416821,89508986,0.269878358,76.95732117,4.052,0.4821,0.25,0.4,0.5,0.25,0.466,0.5714286,58.0,4.07753744390572,-4.01167031363957,1.8431520886743753,18.309849591611815,0.3732,0.16915975479439999
philippines,2007,6.51929155,91075184,0.231418461,77.07099915,3.434,0.4806,0.25,0.4,0.5,0.25,0.466,0.5714286,65.0,4.189654742026425,-3.01167031363957,2.0174719247472273,18.327195932149728,0.3732,0.1450530913548
philippines,2008,4.344487305,92699095,0.231418461,78.0089035,3.72,0.4793,0.25,0.4,0.5,0.25,0.454,0.5714286,276.0,5.6240175061873385,-2.01167031363957,1.6760656193899086,18.344869278600722,0.37079999999999996,0.1456084956612
philippines,2009,1.448323063,94384250,0.226967338,80.17627716,3.858,0.4799,0.125,0.375,0.5,0.25,0.454,0.5714286,229.0,5.438079308923196,-1.01167031363957,0.89540332612252,18.3628847845705,0.3408,0.1496168692096
philippines,2010,7.33449996,96337125,0.231418461,78.54086304,3.605,0.4792,0.125,0.375,0.5,0.25,0.454,0.5714286,204.0,5.3230099791384085,-0.01167031363956994,2.1204035216016774,18.383364326875824,0.3408,0.1525510494912
philippines,2011,3.858232828,98248614,0.231418461,78.54086304,3.592,0.4773,0.125,0.375,0.5,0.3125,0.454,0.5714286,151.0,5.0238805208462765,0.9883296863604301,1.5806747561503467,18.403011711922172,0.3533,0.1496583187287
philippines,2012,6.896951711,100175512,0.231418461,78.54086304,3.504,0.4756,0.125,0.375,0.5,0.3125,0.46,0.6071428999999999,249.0,5.521460917862246,1.98832968636043,2.066476825643006,18.422434335511554,0.3545,0.14938061657549997
philippines,2013,6.750531301,102076336,0.231418461,78.54086304,3.497,0.4714,0.125,0.375,0.5,0.3125,0.4636667,0.6071428999999999,651.0,6.480044561926653,2.98832968636043,2.0477613959832133,18.441231493296232,0.35523334,0.14921090816131025
philippines,2014,6.347987483,103767130,0.231418461,81.56403143,3.6,0.4664,0.125,0.4,0.5,0.3125,0.5589999999999999,0.6071428999999999,597.0,6.393590753950631,3.98832968636043,1.9944264638947053,18.45765982151688,0.37929999999999997,0.1436414387427
philippines,2015,6.348309717,105312992,0.16785966,82.00852548,3.068,0.4623,0.125,0.4,0.5,0.3125,0.5613332999999999,0.6071428999999999,721.0,6.582025138892826,4.98832968636043,1.99447031630129,18.472447359805635,0.3797666599999999,0.10411215757306441
philippines,2016,7.14945675,106735719,0.231418461,82.78375743,2.695,0.4572,0.125,0.375,0.5,0.25,0.5646667,0.5714286,632.0,6.450470422144176,5.98832968636043,2.097951268589414,18.485866430633134,0.36293334,0.14742898601161025
philippines,2017,6.930988326,108119693,0.231418461,80.92276001,2.552,0.4516,0.125,0.35,0.5,0.4375,0.4736667,0.5714286,695.0,6.54534966033442,6.98832968636043,2.070777659154569,18.498749449179837,0.37723334,0.14411970201931026
philippines,2018,6.341485572,109465287,0.1084562515,79.36224698,2.338,0.446,0.125,0.35,0.5,0.4375,0.4736667,0.5714286,601.0,6.400257445308821,7.98832968636043,1.9935412161529702,18.51111805239805,0.37723334,0.067542937502775
philippines,2019,6.118525662,110804683,0.231418461,85.3821866,2.237,0.446,0.125,0.35,0.5,0.4375,0.4713333,0.5714286,467.0,6.148468295917647,8.98832968636043,1.9627006340381232,18.52327960575215,0.37676666000000003,0.14422770038668972
philippines,2020,-9.51829474,112081264,0.231418461,87.94198795,2.522,0.446,0.25,0.35,0.5,0.5,0.4686667,0.5714286,294.0,5.68697535633982,9.98832968636043,-2.353116097212257,18.534734746510345,0.41373334,0.13567292819281024
poland,1996,6.093877474,38624370,0.09014,102.4025879,12.343,0.306,0.5,0.725,0.75,0.625,0.75,0.6428571,6.0,1.9459101490553132,-14.01167031363957,1.959232084423303,17.46939400825994,0.67,0.029746199999999997
poland,1998,4.621611338,38663481,0.001838161,102.4025879,9.935,0.3164,0.5,0.725,0.5,0.625,0.75,0.6785713999999999,2.0,1.0986122886681098,-12.01167031363957,1.7266183377573434,17.470406094941623,0.62,0.0006985011800000001
poland,2000,4.65633253,38258629,0.003423098,100.596077,14.928,0.3306,0.5,0.6749999999999999,0.5,0.625,0.75,0.6428571,0.0,0.0,-10.01167031363957,1.732775719298879,17.45987971370328,0.61,0.00133500822
poland,2002,1.90119438,38230364,0.003351772,103.719223,20.211,0.3415,0.5,0.7,0.5,0.75,0.75,0.6428571,0.0,0.0,-8.01167031363957,1.0651225073757802,17.45914065310282,0.64,0.00120663792
poland,2003,3.523371172,38204570,0.002204801,106.2503586,19.899,0.3512,0.5,0.7,0.5,0.75,0.75,0.6428571,0.0,0.0,-7.01167031363957,1.5092575503610712,17.45846572610402,0.64,0.00079372836
poland,2004,5.090795464,38182222,0.0157945205,98.4879837,18.822,0.3625,0.375,0.7,0.5,0.75,0.75,0.6785713999999999,0.0,0.0,-6.01167031363957,1.8067786912544066,17.457880598768064,0.615,0.0060808903925
poland,2005,3.260822747,38165445,0.0092795505,101.0859528,17.592,0.3628,0.375,0.7,0.5,0.8125,0.75,0.7142856999999999,0.0,0.0,-5.01167031363957,1.449462274732075,17.457441109246254,0.6275000000000001,0.00345663256125
poland,2006,6.202107109,38141267,0.005778109,100.5975571,13.794,0.3706,0.375,0.7,0.5,0.8125,0.7433333,0.7142856999999999,0.0,0.0,-4.01167031363957,1.9743736372349505,17.45680740351994,0.62616666,0.0021600497863540602
poland,2007,6.760447853,38120560,0.0036264355,100.348259,9.551,0.3701,0.375,0.7,0.5,0.8125,0.7433333,0.7142856999999999,0.0,0.0,-3.01167031363957,2.0490400455452593,17.45626435332614,0.62616666,0.00135568249525957
poland,2008,4.383770693,38125759,0.002023821,99.95082092,7.069,0.3764,0.375,0.7,0.5,0.8125,0.7433333,0.7142856999999999,0.0,0.0,-2.01167031363957,1.683389000982233,17.45640072711939,0.62616666,0.00075657176399214
poland,2009,2.615128593,38151603,0.003192718,99.64875793,8.131,0.3634,0.5,0.7,0.5,0.75,0.7433333,0.7142856999999999,0.0,0.0,-1.01167031363957,1.2851274270389148,17.457078359371835,0.6386666599999999,0.0011536354586181203
poland,2010,3.168927483,38042794,0.0031255645,100.2077789,9.578,0.3651,0.5,0.7,0.5,0.8125,0.735,0.7142856999999999,1.0,0.6931471805599453,-0.01167031363956994,1.4276588044082066,17.454222268231455,0.6495,0.00109551035725
poland,2011,5.255462566,38063255,0.0031212765,100.6178513,9.576,0.369,0.5,0.7,0.5,0.8125,0.7373333,0.7142856999999999,0.0,0.0,0.9883296863604301,1.8334550925834856,17.454759965306106,0.64996666,0.0010925508383585099
poland,2012,1.511781676,38063164,0.002467582,100.5648575,10.031,0.3672,0.5,0.7,0.5,0.8125,0.7373333,0.7142856999999999,0.0,0.0,1.98832968636043,0.9209923324084668,17.454757574546136,0.64996666,0.0008637359691838799
poland,2013,0.684240607,38040196,0.0029497915,111.5169601,10.293,0.3658,0.5,0.7,0.5,0.8125,0.7373333,0.7142856999999999,0.0,0.0,2.98832968636043,0.5213147838800409,17.454153974387253,0.64996666,0.0010325253710486099
poland,2014,3.920508624,38011735,0.0029952735,110.0310211,8.971,0.3726,0.5,0.7,0.5,0.8125,0.749,0.7142856999999999,0.0,0.0,3.98832968636043,1.593411904022779,17.453405512114017,0.6523000000000001,0.0010414565959499997
poland,2015,4.431767003,37986412,0.0027119125,109.4147873,7.475,0.3779,0.5,0.7,0.5,0.8125,0.7363333,0.6785713999999999,0.0,0.0,4.98832968636043,1.6922644959270208,17.452739101121896,0.64976666,0.0009498021726627499
poland,2016,3.031177676,37970087,0.0018475275,109.1172485,6.141,0.3744,0.5,0.7,0.5,0.5625,0.7276667,0.6428571,2.0,1.0986122886681098,5.98832968636043,1.3940585605637976,17.452309249824474,0.59803334,0.00074264445843315
poland,2017,5.152457733,37974826,0.002181307,109.4592209,4.867,0.3709,0.5,0.7,0.5,0.5625,0.7223333,0.6428571,1.0,0.6931471805599453,6.98832968636043,1.8168516333691875,17.45243405080703,0.59696666,0.0008791394457753801
poland,2018,6.245858472,37974750,0.0015723635,110.5419388,3.835,0.3741,0.5,0.7,0.5,0.6875,0.7223333,0.6428571,1.0,0.6931471805599453,7.98832968636043,1.980430060402478,17.452432049479256,0.62196666,0.00059440582559909
poland,2019,4.580458173,37965475,0.000584234,109.7533035,3.267,0.3764,0.5,0.6749999999999999,0.5,0.6875,0.6373333,0.6428571,0.0,0.0,8.98832968636043,1.7192708828790206,17.452187778414693,0.59996666,0.00023371307836156
poland,2020,-2.035568824,37515748,0.001890685,112.5762634,3.155,0.3764,0.5,0.725,0.5,0.75,0.645,0.6785713999999999,2.0,1.0986122886681098,9.98832968636043,-1.110398828367066,17.440271376109855,0.624,0.00071089756
portugal,1996,3.504246531,10063945,0.006190363,109.3293266,7.298,0.3601,0.875,0.85,0.75,0.9375,0.875,0.7857143,0.0,0.0,-14.01167031363957,1.5050206253518617,16.124469892248186,0.8574999999999999,0.0008821267275000005
portugal,1998,4.80796319,10160196,0.006190363,109.3293266,4.64,0.3675,0.75,0.85,0.75,1.0,0.75,0.8214286,0.0,0.0,-12.01167031363957,1.7592299396924935,16.133988389690412,0.82,0.0011142653400000003
portugal,2000,3.816177141,10289898,0.006190363,108.3728867,3.806,0.3727,0.75,0.85,0.75,1.0,0.75,0.7857143,0.0,0.0,-10.01167031363957,1.5719804890991902,16.14667329240735,0.82,0.0011142653400000003
portugal,2002,0.770924781,10419631,0.006190363,109.7944717,4.497,0.379,0.75,0.85,0.75,1.0,0.75,0.7857143,0.0,0.0,-8.01167031363957,0.5715018852843673,16.15920227696719,0.82,0.0011142653400000003
portugal,2003,-0.930521045,10458821,0.010826147,108.3112335,6.132,0.3735,0.75,0.85,0.5,1.0,0.75,0.7857143,0.0,0.0,-7.01167031363957,-0.6577899379836364,16.16295639075613,0.77,0.0024900138099999995
portugal,2004,1.788735529,10483861,0.006648847,95.08312988,6.319,0.392,0.75,0.875,0.5,0.9375,0.75,0.7857143,0.0,0.0,-6.01167031363957,1.0255882776879417,16.165347680423885,0.7625,0.0015791011625000003
portugal,2005,0.781847569,10503330,0.007043592,96.43460083,7.582,0.3865,0.625,0.875,0.5,0.9375,0.75,0.75,0.0,0.0,-5.01167031363957,0.5776507861082186,16.167203002913624,0.7375,0.0018489428999999998
portugal,2006,1.62503533,10522288,0.001753897,95.6554184,7.649,0.393,0.375,0.7999999999999999,0.5,0.75,0.772,0.6785713999999999,0.0,0.0,-4.01167031363957,0.9650943550006339,16.169006327156865,0.6394,0.0006324552582
portugal,2007,2.506579378,10542964,0.006144971,99.30796051,7.965,0.3929,0.5,0.7999999999999999,0.5,0.75,0.772,0.7142856999999999,0.0,0.0,-3.01167031363957,1.2546410261263148,16.17096937081536,0.6644,0.0020622522676
portugal,2008,0.319247344,10558177,0.00347878,101.6095581,7.553,0.378,0.5,0.7999999999999999,0.5,0.6875,0.7683333,0.75,0.0,0.0,-2.01167031363957,0.2770613800365008,16.172411283477228,0.65116666,0.0012135144465252
portugal,2009,-3.122078275,10568247,0.00170344,105.0830994,9.432,0.3732,0.5,0.7999999999999999,0.5,0.6875,0.7683333,0.75,0.0,0.0,-1.01167031363957,-1.4163574718561385,16.173364591979354,0.65116666,0.0005942166646896
portugal,2010,1.737624536,10573100,0.00219675,107.5233307,10.771,0.3777,0.5,0.7999999999999999,0.5,0.6875,0.7673333,0.75,0.0,0.0,-0.01167031363956994,1.007090586710602,16.173823692303106,0.6509666599999999,0.0007667389896450002
portugal,2011,-1.713527459,10557560,0.006235755,108.8641815,12.715,0.3815,0.5,0.7999999999999999,0.5,0.625,0.7603333,0.75,2.0,1.0986122886681098,0.9883296863604301,-0.9982494338731067,16.172352843656565,0.63706666,0.0022631633895717
portugal,2012,-4.050902676,10514844,0.008823911,110.2533722,15.509,0.3671,0.5,0.7999999999999999,0.5,0.625,0.75,0.75,0.0,0.0,1.98832968636043,-1.61956697503657,16.16829862616388,0.635,0.003220727515
portugal,2013,-0.984106574,10457295,0.010437044,118.9329605,16.237,0.3731,0.5,0.7999999999999999,0.5,0.625,0.755,0.8214286,0.0,0.0,2.98832968636043,-0.6851687241538599,16.162810474577736,0.6359999999999999,0.0037990840160000007
portugal,2014,0.741391421,10401062,0.007766962,114.9012909,13.88,0.373,0.5,0.7999999999999999,0.5,0.75,0.7596666999999999,0.7857143,0.0,0.0,3.98832968636043,0.5546844609043202,16.15741857042682,0.6619333399999999,0.0026257509016869205
portugal,2015,1.589798037,10358076,0.007302582,116.8045883,12.405,0.3706,0.5,0.825,0.75,0.875,0.7596666999999999,0.8571428999999999,0.0,0.0,4.98832968636043,0.9515798946787267,16.153277159805885,0.74193334,0.00188455294611612
portugal,2016,2.004141297,10325452,0.004100629,115.4884186,11.058,0.3719,0.5,0.825,0.75,0.875,0.762,0.8571428999999999,0.0,0.0,5.98832968636043,1.0999917690806702,16.15012256994094,0.7424000000000001,0.0010563220303999997
portugal,2017,3.314720082,10300300,0.004408294,117.2353287,8.878,0.3748,0.5,0.825,0.75,0.875,0.7613333,0.8571428999999999,0.0,0.0,6.98832968636043,1.462032451515771,16.147683676073843,0.7422666600000001,0.0011361643363219597
portugal,2018,2.946283434,10283822,0.003823886,118.2883377,6.966,0.3655,0.5,0.825,0.5,0.875,0.7613333,0.8214286,0.0,0.0,7.98832968636043,1.3727742332013393,16.146082636017937,0.69226666,0.00117673721055924
portugal,2019,2.745684326,10286263,0.001849147,119.519371,6.422,0.356,0.5,0.825,0.5,0.875,0.7676666999999999,0.8214286,0.0,0.0,8.98832968636043,1.3206043308500839,16.146319970941356,0.69353334,0.00056670190493902
portugal,2020,-8.204631593,10297081,0.006367835,118.682869,6.85,0.356,0.5,0.85,0.5,0.875,0.8466667,0.7857143,1.0,0.6931471805599453,9.98832968636043,-2.2197067913963417,16.14737111209169,0.71433334,0.0018190781558810997
qatar,1996,4.37391057,529019,0.0,97.44147524,0.29500000000000004,0.5523,0.25,0.35,0.5,0.1875,0.25,0.3214286,1.0,0.6931471805599453,-14.01167031363957,1.6815558688192538,13.178781517309128,0.3075,0.0
qatar,1998,11.21865244,580540,0.0,97.44147524,0.29500000000000004,0.5523,0.25,0.45,0.5,0.8125,0.375,0.3214286,0.0,0.0,-12.01167031363957,2.5029636727036353,13.271715706394293,0.47750000000000004,0.0
qatar,2000,8.028125452,644989,0.0,97.44147524,0.29500000000000004,0.5523,0.5,0.6,0.5,0.8125,0.375,0.3214286,1.0,0.6931471805599453,-10.01167031363957,2.200344754738228,13.376990091781755,0.5575,0.0
qatar,2002,7.18215168,711205,0.0,87.48439026,0.29500000000000004,0.5523,0.5,0.6,0.5,0.6875,0.5,0.3571429,0.0,0.0,-8.01167031363957,2.1019551575900812,13.47471739959169,0.5575,0.0
qatar,2003,3.719958677,744682,0.0,88.70198059,0.29500000000000004,0.5523,0.5,0.625,0.5,0.75,0.5,0.3571429,0.0,0.0,-7.01167031363957,1.5518000446862585,13.520713903453752,0.575,0.0
qatar,2004,19.21891534,773332,0.0,90.05525208,1.48,0.5523,0.5,0.575,0.5,0.75,0.5,0.3571429,0.0,0.0,-6.01167031363957,3.0066185692256977,13.558465023939807,0.5650000000000001,0.0
qatar,2005,7.492758483,825408,0.0,90.05448151,0.29500000000000004,0.5523,0.5,0.625,0.5,0.75,0.5,0.3928571,1.0,0.6931471805599453,-5.01167031363957,2.139213857209965,13.623634300045389,0.575,0.0
qatar,2006,26.17024567,972831,0.0,91.35224915,0.87,0.5523,0.5,0.65,0.5,0.8125,0.426,0.3928571,0.0,0.0,-4.01167031363957,3.30212246535542,13.787966684389861,0.5777,0.0
qatar,2007,17.98565682,1208595,0.0,91.99156952,0.52,0.5523,0.5,0.6625,0.5,0.84375,0.426,0.3928571,0.0,0.0,-3.01167031363957,2.9436837898722477,14.004969913289688,0.58645,0.0
qatar,2008,17.66355636,1426938,0.0,97.62886047,0.31,0.5547,0.625,0.6749999999999999,0.5,0.875,0.4306667,0.6428571,0.0,0.0,-2.01167031363957,2.9265727646123616,14.17104214852357,0.62113334,0.0
qatar,2009,11.95656113,1608903,0.0,97.20149994,0.31,0.5571,0.75,0.75,0.5,0.875,0.514,0.6428571,0.0,0.0,-1.01167031363957,2.5616023108065327,14.291063759806711,0.6778000000000001,0.0
qatar,2010,19.59217448,1616832,0.0,98.15017872,0.45,0.5594,0.75,0.75,0.5,0.875,0.5196666999999999,0.6428571,0.0,0.0,-0.01167031363956994,3.024911124011347,14.295979855551032,0.67893334,0.0
qatar,2011,13.37523455,1624761,0.0,96.46768676,0.56,0.5616,0.5,0.725,0.5,0.875,0.5226666999999999,0.6071428999999999,0.0,0.0,0.9883296863604301,2.6655069030720404,14.300871901480974,0.6245333399999999,0.0
qatar,2012,4.730085137,1722438,0.0,98.61398083,0.48,0.5637,0.5,0.725,0.25,0.875,0.5226666999999999,0.6071428999999999,0.0,0.0,1.98832968636043,1.7457303887314506,14.359251867599912,0.57453334,0.0
qatar,2013,5.556103642,1916426,0.0,97.36637788,0.28,0.5637,0.5,0.7,0.5,0.875,0.4393333,0.5714286,0.0,0.0,2.98832968636043,1.880396469481459,14.465973072808575,0.60286666,0.0
qatar,2014,5.334341598,2151745,0.0,97.88453113,0.2,0.5637,0.5,0.7,0.5,0.875,0.4393333,0.5714286,0.0,0.0,3.98832968636043,1.8459858775116162,14.581790163557978,0.60286666,0.0
qatar,2015,4.753323729,2344557,0.0,101.9468307,0.17,0.5637,0.5,0.7,0.5,0.8125,0.4393333,0.5714286,1.0,0.6931471805599453,4.98832968636043,1.749777727634678,14.667607455956047,0.59036666,0.0
qatar,2016,3.064105032,2477113,0.0,97.44147524,0.15,0.5637,0.5,0.7,0.5,0.8125,0.4393333,0.5714286,0.0,0.0,5.98832968636043,1.402193554430407,14.722604730827873,0.59036666,0.0
qatar,2017,-1.497562091,2545820,0.0,101.9896941,0.14,0.5637,0.5,0.6749999999999999,0.5,0.6875,0.3563333,0.5714286,0.0,0.0,6.98832968636043,-0.9153150924927967,14.749963749264959,0.54376666,0.0
qatar,2018,1.23483197,2580734,0.0,102.1549014,0.11,0.5637,0.5,0.65,0.5,0.6875,0.273,0.5357143,0.0,0.0,7.98832968636043,0.8041660440312297,14.763584800047068,0.5221,0.0
qatar,2019,0.688255894,2638657,0.0,105.1625675,0.1,0.5637,0.625,0.65,0.5,0.6875,0.273,0.5714286,0.0,0.0,8.98832968636043,0.5236959806558211,14.785781012543975,0.5471,0.0
qatar,2020,-3.557502843,2794148,0.0,105.8693284,0.14,0.5637,0.625,0.7,0.5,0.6875,0.2746667,0.6071428999999999,0.0,0.0,9.98832968636043,-1.5167748513773982,14.84303814593833,0.55743334,0.0
romania,1996,3.907702088,22619004,0.0463733345,87.471019745,6.74,0.3622,0.25,0.5,0.0,0.5625,0.375,0.5,0.0,0.0,-14.01167031363957,1.5908058257398865,16.93430104006319,0.3375,0.03072233410625
romania,1998,-2.029812906,22507344,0.035570662,87.471019745,5.63,0.3835,0.125,0.425,0.0,0.4375,0.25,0.5,0.0,0.0,-12.01167031363957,-1.1085008704201218,16.9293522583477,0.2475,0.026766923155
romania,2000,2.461263459,22442971,0.118997743,82.38330078,6.969,0.3594,0.125,0.4,0.0,0.25,0.25,0.5,0.0,0.0,-10.01167031363957,1.24163368397507,16.92648807191683,0.205,0.09460320568500001
romania,2002,5.70299165,21730496,0.090992076,84.9503479,8.112,0.379,0.25,0.45,0.25,0.625,0.375,0.4285714,0.0,0.0,-8.01167031363957,1.902553941664169,16.894227223577136,0.39,0.055505166360000004
romania,2003,2.341147329,21574326,0.070085744,84.22077179,6.95,0.4109,0.25,0.475,0.0,0.625,0.375,0.3928571,0.0,0.0,-7.01167031363957,1.2063142596786278,16.88701460093623,0.34500000000000003,0.045906162320000006
romania,2004,10.42811302,21451748,0.052516174,82.5846405,7.719,0.4057,0.25,0.5,0.0,0.6875,0.5,0.3928571,0.0,0.0,-6.01167031363957,2.4360763740641107,16.88131673847576,0.3875,0.032166156575
romania,2005,4.668148051,21319685,0.041573018,81.05947876,7.174,0.4156,0.25,0.525,0.0,0.75,0.5,0.4642857,0.0,0.0,-5.01167031363957,1.7348624419883583,16.87514142919849,0.40499999999999997,0.024735945710000002
romania,2006,8.028811076,21193760,0.0758844595,85.68206024,7.27,0.4139,0.25,0.525,0.0,0.75,0.5686667,0.5714286,0.0,0.0,-4.01167031363957,2.200420694973081,16.86921740387689,0.41873334,0.04410910631947027
romania,2007,7.233807744,20882982,0.0544928155,84.26036072,6.413,0.453,0.25,0.525,0.0,0.8125,0.5686667,0.6071428999999999,0.0,0.0,-3.01167031363957,2.1082485740345565,16.8544451747593,0.43123334,0.030993696665931228
romania,2008,9.307467171,20537875,0.036238236,94.53840637,5.787,0.4509,0.25,0.525,0.0,0.8125,0.5686667,0.6071428999999999,1.0,0.6931471805599453,-2.01167031363957,2.33286860063144,16.83778134913329,0.43123334,0.02061110045401176
romania,2009,-5.516706158,20367487,0.030946702,103.3932419,6.859,0.4519,0.25,0.525,0.0,0.625,0.5686667,0.6071428999999999,0.0,0.0,-1.01167031363957,-1.874369057796054,16.82945046199283,0.39373334,0.018761953659555318
romania,2010,-3.905811573,20246871,0.0376772015,102.4679031,6.959,0.4023,0.25,0.525,0.25,0.625,0.5533333,0.6071428999999999,0.0,0.0,-0.01167031363956994,-1.5904205376384593,16.823510870449436,0.44066665999999993,0.021074114956848012
romania,2011,4.495589099,20147528,0.040298834,100.7359009,7.177,0.4031,0.25,0.525,0.25,0.625,0.5513333,0.6071428999999999,0.0,0.0,0.9883296863604301,1.7039457884788194,16.818592208564308,0.44026666,0.022556600952925557
romania,2012,1.903616968,20058035,0.0463733345,97.45037079,6.794,0.422,0.25,0.525,0.25,0.625,0.5513333,0.6071428999999999,0.0,0.0,1.98832968636043,1.0659571901916085,16.814140429423773,0.44026666,0.02595670140662223
romania,2013,0.278771877,19983693,0.0485649895,95.69889832,7.096,0.4098,0.25,0.575,0.25,0.6875,0.5513333,0.6785713999999999,0.0,0.0,2.98832968636043,0.24590014625074905,16.810427198980463,0.46276665999999994,0.02609073151614993
romania,2014,4.116001093,19908979,0.088859229,93.53399658,6.802,0.4275,0.25,0.575,0.25,0.6875,0.5559999999999999,0.6785713999999999,0.0,0.0,3.98832968636043,1.632373097360045,16.80668144419063,0.46369999999999995,0.0476552045127
romania,2015,3.157036054,19815616,0.075997445,91.33770752,6.812,0.4249,0.25,0.575,0.25,0.75,0.5559999999999999,0.6785713999999999,0.0,0.0,4.98832968636043,1.4248023333144388,16.80198092214864,0.47619999999999996,0.039807461691
romania,2016,2.859932523,19702267,0.0261118155,88.7795105,5.901,0.3872,0.25,0.575,0.25,0.75,0.5539999999999999,0.6785713999999999,0.0,0.0,5.98832968636043,1.3506497022358606,16.796244313985177,0.4758,0.0136878136851
romania,2017,8.195478266,19588715,0.048952637,88.38432312,4.927,0.3941,0.25,0.625,0.25,0.6875,0.5479999999999999,0.6785713999999999,0.0,0.0,6.98832968636043,2.218711870406718,16.79046424412793,0.4721,0.0258420970723
romania,2018,5.394522282,19473970,0.01869127,86.55771637,4.187,0.4097,0.25,0.6,0.25,0.6875,0.5459999999999999,0.6785713999999999,0.0,0.0,7.98832968636043,1.8554417304422077,16.78458931135469,0.4667,0.009968054290999999
romania,2019,3.960289585,19371648,0.0154622815,86.40740967,3.912,0.4112,0.25,0.6,0.25,0.8125,0.5496667,0.6785713999999999,0.0,0.0,8.98832968636043,1.6014641231051332,16.77932116340656,0.49243334,0.00784813857693479
romania,2020,-3.59802546,19265250,0.0121462725,86.41687775,5.035,0.4112,0.25,0.6,0.25,0.8125,0.5466667,0.6428571,0.0,0.0,9.98832968636043,-1.5256269635157425,16.77381356476624,0.49183334,0.006172330727774849
rwanda,2006,9.227075768,9299246,0.652409959,18.19928932,11.236,0.6163,0.375,0.425,0.25,0.4375,0.294,0.4642857,0.0,0.0,-4.01167031363957,2.325038690420662,16.045443987103486,0.3563,0.4199562906083
rwanda,2007,7.633298191,9549933,0.652409959,20.38500023,11.236,0.6082,0.375,0.425,0.25,0.5625,0.294,0.4642857,0.0,0.0,-3.01167031363957,2.155626609488557,16.072044801438267,0.38130000000000003,0.40364604163330003
rwanda,2008,11.16124732,9804269,0.652409959,22.10143089,11.236,0.6002,0.375,0.45,0.25,0.5625,0.2903333,0.4642857,1.0,0.6931471805599453,-2.01167031363957,2.4982544469353924,16.09832856303061,0.38556666,0.400862430157633
rwanda,2009,6.248257506,10060432,0.652409959,26.55381966,11.236,0.5921,0.375,0.35,0.25,0.5625,0.207,0.3928571,1.0,0.6931471805599453,-1.01167031363957,1.9807610959793356,16.1241207634591,0.34890000000000004,0.4247841243049
rwanda,2010,7.33465645,10317553,0.701623254,32.40290833,11.236,0.584,0.375,0.325,0.25,0.5625,0.1916667,0.3928571,8.0,2.1972245773362196,-0.01167031363956994,2.1204222975968334,16.149357274421202,0.34083334,0.4624866569175117
rwanda,2011,7.958388698,10573733,0.652409959,36.62100983,11.236,0.5772,0.375,0.325,0.25,0.5625,0.1916667,0.4285714,2.0,1.0986122886681098,0.9883296863604301,2.19259037800248,16.17388355941799,0.34083334,0.43004689362476695
rwanda,2012,8.641508158,10829901,0.652409959,39.66276932,11.236,0.5705,0.375,0.325,0.25,0.5625,0.1953333,0.4285714,6.0,1.9459101490553132,1.98832968636043,2.2660775443110652,16.197821569998098,0.34156665999999997,0.42956846835363305
rwanda,2013,4.71984857,11093340,0.652409959,30.20928649,11.236,0.5637,0.375,0.35,0.25,0.5625,0.196,0.4285714,4.0,1.6094379124341003,2.98832968636043,1.7439423312650462,16.221855576354702,0.3467,0.4262194262147
rwanda,2014,6.167166152,11364757,0.652409959,41.82186549,1.169,0.5537,0.375,0.375,0.25,0.5625,0.1916667,0.4642857,2.0,1.0986122886681098,3.98832968636043,1.969510339664787,16.246027721597287,0.35083334,0.42352279403476695
rwanda,2015,8.856855597,11640022,0.652409959,39.40990429,11.236,0.5436,0.375,0.4,0.25,0.5625,0.1856667,0.4642857,0.0,0.0,4.98832968636043,2.2881672127839665,16.269959976210632,0.35463334,0.4210436361905669
rwanda,2016,5.970745254,11919183,0.638438187,38.50623858,11.236,0.5336,0.375,0.4,0.25,0.5625,0.1856667,0.4642857,1.0,0.6931471805599453,5.98832968636043,1.941722142155561,16.293659760882395,0.35463334,0.4120267203606454
rwanda,2017,3.918170936,12202060,0.652409959,39.6912129,11.875,0.5309,0.375,0.4,0.5,0.5625,0.1896667,0.4642857,2.0,1.0986122886681098,6.98832968636043,1.592936700408364,16.3171154298619,0.40543334,0.38790121027336694
rwanda,2018,8.516467226,12487996,0.652409959,41.17969406,10.759,0.5282,0.375,0.425,0.5,0.5625,0.195,0.4642857,5.0,1.791759469228055,7.98832968636043,2.253023690226568,16.340278500946756,0.41150000000000003,0.3839432608715
rwanda,2019,9.447385186,12776103,0.652409959,44.07790325,11.236,0.5255,0.375,0.425,0.5,0.5625,0.1886667,0.4642857,3.0,1.3862943611198906,8.98832968636043,2.3463517256648068,16.363087109106846,0.41023334,0.38476964247016693
rwanda,2020,-3.373687464,13065837,0.652409959,37.563624204999996,11.829,0.5227,0.375,0.425,0.5,0.5625,0.1866667,0.4642857,1.0,0.6931471805599453,9.98832968636043,-1.4756064665695348,16.385511595714206,0.40983334000000005,0.3850306064537669
saudi arabia,1996,3.304682542,13831009,0.057169535,102.9792006,5.622,0.5146,0.0,0.4,0.25,0.4375,0.0,0.5357143,1.0,0.6931471805599453,-14.01167031363957,1.459703393464939,16.442423730620103,0.21749999999999997,0.0447351611375
saudi arabia,1998,2.80381184,14922185,0.057169535,102.9792006,5.622,0.5146,0.0,0.4,0.25,0.5,0.0,0.5357143,0.0,0.0,-12.01167031363957,1.336003679737376,16.51835965675296,0.22999999999999998,0.04402054195
saudi arabia,2000,4.718134221,16177722,0.057169535,102.9792006,4.57,0.5146,0.0,0.35,0.25,0.4375,0.0,0.5714286,5.0,1.791759469228055,-10.01167031363957,1.7436425670419025,16.599145730395897,0.20750000000000002,0.0453068564875
saudi arabia,2002,-0.68839013,17910910,0.057169535,102.9792006,5.265,0.5146,0.125,0.5,0.25,0.5625,0.125,0.3928571,2.0,1.0986122886681098,-8.01167031363957,-0.5237754891379758,16.700920638181593,0.3125,0.0393040553125
saudi arabia,2003,8.768733817,18786767,0.057169535,102.9792006,5.563,0.5146,0.125,0.5,0.25,0.5625,0.125,0.4642857,8.0,2.1972245773362196,-7.01167031363957,2.279186858577192,16.748663350208478,0.3125,0.0393040553125
saudi arabia,2004,8.631005459,19669480,0.057169535,102.9792006,5.822,0.5146,0.125,0.475,0.25,0.3125,0.125,0.4642857,17.0,2.8903717578961645,-6.01167031363957,2.2649876293940583,16.794578804658727,0.2575,0.0424483797375
saudi arabia,2005,5.944896239,20559890,0.057169535,87.14816284,6.051,0.5146,0.125,0.475,0.25,0.375,0.125,0.4642857,1.0,0.6931471805599453,-5.01167031363957,1.9380070357059296,16.838852696980766,0.27,0.04173376055
saudi arabia,2006,3.313484736,21459144,0.057169535,102.9792006,6.254,0.5146,0.125,0.45,0.25,0.4375,0.1473333,0.4285714,3.0,1.3862943611198906,-4.01167031363957,1.4617461008705326,16.88166145280743,0.28196666,0.04104963216229691
saudi arabia,2007,2.213653964,22368313,0.057169535,91.67581177,5.734,0.5146,0.125,0.45,0.25,0.4375,0.1473333,0.4285714,1.0,0.6931471805599453,-3.01167031363957,1.16740859630432,16.923155961828446,0.28196666,0.04104963216229691
saudi arabia,2008,6.237987537,23287877,0.057169535,102.9792006,5.085,0.5146,0.125,0.45,0.25,0.4375,0.1466667,0.4285714,0.0,0.0,-2.01167031363957,1.9793432032555698,16.963443525644305,0.28183334,0.04105725400470311
saudi arabia,2009,-1.066717112,24217654,0.057169535,99.75537872,5.377,0.5146,0.125,0.45,0.25,0.4375,0.1466667,0.4285714,3.0,1.3862943611198906,-1.01167031363957,-0.7259614121172987,17.002592470592536,0.28183334,0.04105725400470311
saudi arabia,2010,5.039515082,23978487,0.057169535,102.9792006,5.55,0.5146,0.125,0.475,0.25,0.5,0.1446667,0.4285714,0.0,0.0,-0.01167031363956994,1.7983237242866696,16.992667653031962,0.29893334,0.040079654956203095
saudi arabia,2011,11.75882069,25091867,0.057169535,102.9792006,5.622,0.5146,0.125,0.475,0.25,0.5625,0.059,0.4642857,2.0,1.0986122886681098,0.9883296863604301,2.5462228512316365,17.038054367544092,0.2943,0.0403445408495
saudi arabia,2012,5.761573823,26168861,0.057169535,102.9792006,5.622,0.5146,0.125,0.525,0.25,0.5625,0.057,0.4642857,6.0,1.9459101490553132,1.98832968636043,1.911255677011141,17.080080788654453,0.30389999999999995,0.0397957133135
saudi arabia,2013,2.945637892,27624004,0.057169535,93.01689052,5.6,0.5146,0.125,0.525,0.25,0.5625,0.0606667,0.5,6.0,1.9459101490553132,2.98832968636043,1.3726106375508573,17.134195699053976,0.30463334,0.0397537886067031
saudi arabia,2014,4.024671584,28309273,0.057169535,98.84960915,5.877,0.5146,0.25,0.5499999999999999,0.25,0.5625,0.0606667,0.5,14.0,2.70805020110221,3.98832968636043,1.6143600953914052,17.158700012110717,0.33463334,0.0380387025567031
saudi arabia,2015,4.655123167,29816382,0.057169535,102.9792006,5.6,0.5146,0.25,0.5499999999999999,0.25,0.5625,0.0643333,0.5,104.0,4.653960350157523,4.98832968636043,1.732561889525417,17.210568565510837,0.3353666599999999,0.037996778993296905
saudi arabia,2016,1.704047392,30954198,0.057169535,105.4915502,5.6,0.5146,0.375,0.5499999999999999,0.25,0.5625,0.0643333,0.5357143,134.0,4.90527477843843,5.98832968636043,0.9947496846543471,17.248019218328665,0.36036665999999995,0.0365675406182969
saudi arabia,2017,1.182107059,30977355,0.057169535,106.244904,5.89,0.5146,0.375,0.5,0.25,0.625,0.1476667,0.5714286,57.0,4.060443010546419,6.98832968636043,0.7802909508268651,17.248767043926755,0.37953334,0.0354717904352031
saudi arabia,2018,3.22695089,30196281,0.057169535,106.3762116,6.029,0.5146,0.375,0.525,0.25,0.6875,0.231,0.5714286,94.0,4.553876891600541,7.98832968636043,1.4414809033482472,17.22322936218334,0.41369999999999996,0.0335184983705
saudi arabia,2019,1.651589256,30063799,0.057169535,104.0482578,5.636,0.5146,0.375,0.525,0.25,0.6875,0.231,0.5714286,43.0,3.784189633918261,8.98832968636043,0.9751591794836939,17.218832348138534,0.41369999999999996,0.0335184983705
saudi arabia,2020,-3.80478902,31552510,0.057169535,104.4110274,7.66,0.5146,0.375,0.525,0.25,0.625,0.236,0.5357143,60.0,4.110873864173311,9.98832968636043,-1.5696131330295324,17.26716373174017,0.4022,0.034175948023
senegal,1996,2.019977209,9067014,0.532875211,14.06694031,4.455,0.4945,0.25,0.375,0.25,0.1875,0.375,0.4642857,0.0,0.0,-14.01167031363957,1.10524928466956,16.02015366097777,0.2875,0.37967358783750005
senegal,1998,5.898479318,9502952,0.532875211,13.80543995,4.455,0.5014,0.375,0.5,0.25,0.125,0.375,0.4642857,1.0,0.6931471805599453,-12.01167031363957,1.9313009986184042,16.067113150374635,0.325,0.35969076742500006
senegal,2000,3.887210958,9968260,0.532875211,15.20925045,4.455,0.5083,0.375,0.5,0.25,0.1875,0.375,0.4642857,4.0,1.6094379124341003,-10.01167031363957,1.5866217845345698,16.114916703454703,0.3375,0.3530298272875
senegal,2002,0.068696575,10466214,0.532875211,16.92816925,5.65,0.4994,0.625,0.6,0.25,0.4375,0.5,0.5,3.0,1.3862943611198906,-8.01167031363957,0.06643975171528244,16.163663008413018,0.48250000000000004,0.2757629216925
senegal,2003,5.593950945,10721176,0.532875211,33.914381025,4.455,0.4871,0.25,0.475,0.25,0.4375,0.375,0.4285714,0.0,0.0,-7.01167031363957,1.8861527052830744,16.187731502356044,0.35750000000000004,0.3423723230675
senegal,2004,4.643293937,10975704,0.532875211,19.96574974,4.455,0.4747,0.25,0.475,0.25,0.4375,0.375,0.4285714,0.0,0.0,-6.01167031363957,1.730467926412992,16.21119475176446,0.35750000000000004,0.3423723230675
senegal,2005,4.310238526,11235472,0.535722246,22.24824905,4.455,0.4623,0.25,0.5,0.25,0.5,0.5,0.4285714,1.0,0.6931471805599453,-5.01167031363957,1.6696367543956268,16.234586563293913,0.4,0.3214333476
senegal,2006,2.330770983,11500094,0.532875211,24.22088051,10.03,0.4639,0.25,0.375,0.25,0.5625,0.429,0.3214286,0.0,0.0,-4.01167031363957,1.203203803620672,16.257865854168923,0.3733,0.33395289473370005
senegal,2007,2.827119201,11770344,0.532875211,33.914381025,4.455,0.4655,0.25,0.375,0.25,0.5625,0.429,0.3214286,1.0,0.6931471805599453,-3.01167031363957,1.342112353332418,16.281093790616563,0.3733,0.33395289473370005
senegal,2008,3.703169064,12048959,0.532875211,30.7020607,4.455,0.4671,0.375,0.325,0.5,0.5,0.429,0.3928571,2.0,1.0986122886681098,-2.01167031363957,1.5482365504350153,16.304488907122327,0.4258,0.3059769461562
senegal,2009,2.752104485,12337389,0.532875211,33.914381025,4.455,0.4687,0.375,0.35,0.5,0.5,0.429,0.3571429,3.0,1.3862943611198906,-1.01167031363957,1.322316878570734,16.32814504677734,0.43079999999999996,0.30331257010120005
senegal,2010,3.390889253,12635413,0.532875211,37.12670135,4.455,0.4702,0.25,0.325,0.5,0.3125,0.4256667,0.3214286,1.0,0.6931471805599453,-0.01167031363956994,1.47953176989964,16.352014064393476,0.36263334,0.33963689343186526
senegal,2011,1.33409108,12958897,0.532875211,42.63689832,2.853,0.4718,0.25,0.325,0.5,0.375,0.4336667,0.3214286,4.0,1.6094379124341003,0.9883296863604301,0.8476225562392283,16.377293214408876,0.37673334,0.33212335295676526
senegal,2012,4.002995551,13310495,0.532875211,46.41586771,4.455,0.4723,0.25,0.35,0.5,0.75,0.453,0.3214286,12.0,2.5649493574615367,1.98832968636043,1.6100368432392325,16.404063454891087,0.4606,0.2874328888134
senegal,2013,2.412385276,13710849,0.532875211,49.07765949,4.455,0.4728,0.25,0.35,0.5,0.75,0.455,0.3214286,3.0,1.3862943611198906,2.98832968636043,1.2274115411913764,16.43369804815788,0.461,0.287219738729
senegal,2014,6.224074438,14152102,0.532875211,50.54693138,4.455,0.4733,0.375,0.375,0.5,0.75,0.455,0.3214286,2.0,1.0986122886681098,3.98832968636043,1.9774191203251616,16.465373792918506,0.491,0.271233482399
senegal,2015,6.367043651,14593331,0.532875211,50.53805161,6.757,0.4738,0.375,0.375,0.5,0.625,0.4526667,0.3571429,2.0,1.0986122886681098,4.98832968636043,1.9970164928901268,16.496075270024956,0.46553334,0.28480403421996525
senegal,2016,6.356068572,15034521,0.532875211,33.914381025,4.455,0.4743,0.375,0.375,0.5,0.625,0.457,0.3571429,0.0,0.0,5.98832968636043,1.9955256286127097,16.525859581415173,0.4664,0.2843422125896001
senegal,2017,7.407486186,15475002,0.532875211,33.914381025,4.078,0.4748,0.375,0.375,0.5,0.625,0.455,0.3571429,0.0,0.0,6.98832968636043,2.129122521574143,16.55473657039598,0.466,0.284555362674
senegal,2018,6.209241034,15914498,0.191496989,33.914381025,4.455,0.4753,0.375,0.375,0.5,0.625,0.455,0.3571429,3.0,1.3862943611198906,7.98832968636043,1.9753636800140055,16.582741138466734,0.466,0.102259392126
senegal,2019,4.613628097,16352922,0.532875211,44.46245526,2.863,0.4671,0.375,0.375,0.5,0.625,0.4436667,0.3571429,1.0,0.6931471805599453,8.98832968636043,1.7251972301094416,16.609917216087286,0.46373334,0.28576320959976526
senegal,2020,1.342073773,16789219,0.532875211,44.78662978,4.455,0.4589,0.375,0.375,0.5,0.625,0.439,0.2857143,0.0,0.0,9.98832968636043,0.851036764679411,16.63624757175066,0.4628,0.2862605633492
serbia,1996,6.164962538,7622185,0.01561236025,91.862815855,13.2,0.324,0.0,0.15,0.25,0.0625,0.125,0.2857143,0.0,0.0,-14.01167031363957,1.969202832794729,15.846573763162013,0.11750000000000001,0.013777907920624999
serbia,1998,5.342639703,7567745,0.01561236025,91.862815855,13.7,0.3321,0.0,0.15,0.0,0.0,0.125,0.2857143,0.0,0.0,-12.01167031363957,1.8472950387366982,15.839405826782757,0.05500000000000001,0.01475368043625
serbia,2000,6.055089729,7516346,0.01561236025,91.18826294,12.6,0.3828,0.125,0.175,0.0,0.125,0.125,0.25,0.0,0.0,-10.01167031363957,1.9537493037214173,15.832590806624337,0.11000000000000001,0.0138950006225
serbia,2002,6.541046003,7500031,0.004229091,88.70987701,13.8,0.3588,0.0,0.09999999999999999,0.0,0.4375,0.125,0.25,0.0,0.0,-8.01167031363957,2.0203608995864673,15.830417845164103,0.1325,0.0036687364425
serbia,2003,4.559689979,7480591,0.008549827,88.29438019,15.2,0.3665,0.0,0.09999999999999999,0.0,0.4375,0.125,0.25,0.0,0.0,-7.01167031363957,1.7155423475352287,15.827822491203936,0.1325,0.007416974922499999
serbia,2004,6.686868369,7463157,0.012327886,88.1681366,18.5,0.3788,0.0,0.125,0.25,0.375,0.125,0.2857143,0.0,0.0,-6.01167031363957,2.039513466374927,15.825489207000233,0.175,0.010170505949999999
serbia,2005,5.903496229,7440769,0.016416659,88.59040833,20.85,0.3846,0.0,0.125,0.25,0.3125,0.125,0.2857143,0.0,0.0,-5.01167031363957,1.9320279831292624,15.822484896077732,0.1625,0.0137489519125
serbia,2006,3.900666446,7411569,0.009439949,88.95658112,20.85,0.387,0.25,0.375,0.25,0.3125,0.4706667,0.4285714,0.0,0.0,-4.01167031363957,1.5893712052558977,15.818552850673209,0.33163334,0.0063093471837003395
serbia,2007,7.83207023,7381579,0.006294723,89.4373703,18.06,0.396,0.25,0.375,0.25,0.375,0.4706667,0.4285714,0.0,0.0,-3.01167031363957,2.1783894412694287,15.814498265803124,0.34413334,0.004128498949635181
serbia,2008,5.160893272,7350222,0.002885629,90.46381378,13.67,0.3941,0.25,0.375,0.25,0.375,0.4663333,0.4285714,4.0,1.6094379124341003,-2.01167031363957,1.8182217787205617,15.810241210864822,0.34326666,0.0018950887711708597
serbia,2009,-3.142610754,7320807,0.006014689,91.48445892,16.116,0.3806,0.25,0.4,0.25,0.375,0.5496667,0.4285714,3.0,1.3862943611198906,-1.01167031363957,-1.4213262059901477,15.806231262359454,0.36493334,0.00381972845416874
serbia,2010,1.610972814,7291436,0.003454119,91.42762756,19.204,0.384,0.25,0.4,0.25,0.375,0.5443333,0.4285714,1.0,0.6931471805599453,-0.01167031363956994,0.9597228775601427,15.80221120390094,0.36386665999999995,0.00219728025622746
serbia,2011,0.054272484,7236519,0.01561236025,93.63105011,22.959,0.3864,0.25,0.4,0.25,0.375,0.5443333,0.4285714,0.0,0.0,0.9883296863604301,0.05285094042683731,15.794650985822992,0.36386665999999995,0.009931542871115735
serbia,2012,-0.443956071,7201497,0.071459499,94.1696167,24.0,0.4022,0.25,0.4,0.25,0.375,0.5443333,0.4285714,3.0,1.3862943611198906,1.98832968636043,-0.3673866182627315,15.789799617901284,0.36386665999999995,0.045457769773596654
serbia,2013,0.451578805,7166553,0.042499931,94.40921021,22.154,0.4036,0.25,0.475,0.25,0.5,0.639,0.3928571,0.0,0.0,2.98832968636043,0.37265179512039287,15.784935483375973,0.42279999999999995,0.0245309601732
serbia,2014,-1.804270417,7131787,0.088788545,94.34441376,19.223,0.4211,0.25,0.5,0.25,0.5,0.6403333,0.5357143,0.0,0.0,3.98832968636043,-1.0311434042512906,15.780072532341089,0.42806666,0.050781129095590294
serbia,2015,1.295738635,7095383,0.04316440749999999,96.66960907,17.66,0.4066,0.25,0.575,0.25,0.6875,0.6403333,0.5714286,0.0,0.0,4.98832968636043,0.831054637047319,15.774954989733269,0.48056666000000003,0.022421032356846043
serbia,2016,2.975198072,7058322,0.080929607,96.23473358,15.257,0.4178,0.25,0.5499999999999999,0.25,0.625,0.6356666999999999,0.5714286,0.0,0.0,5.98832968636043,1.3800745762988125,15.769718045842655,0.46213333999999995,0.04352933741220263
serbia,2017,2.363403125,7020858,0.066460147,95.49508667,13.477,0.3736,0.25,0.525,0.25,0.625,0.6303333,0.5714286,1.0,0.6931471805599453,6.98832968636043,1.2129532962254244,15.764396133188413,0.45606665999999996,0.03614988973460098
serbia,2018,4.649350355,6982604,0.021422292,95.08724213,12.733,0.3536,0.25,0.525,0.25,0.625,0.6303333,0.5714286,2.0,1.0986122886681098,7.98832968636043,1.7315405571315505,15.75893261428239,0.45606665999999996,0.01165229883801528
serbia,2019,4.750207939,6945235,0.0148080615,94.47219086,10.395,0.3789,0.25,0.525,0.25,0.625,0.6303333,0.5714286,0.0,0.0,8.98832968636043,1.7492360174597303,15.753566514874729,0.45606665999999996,0.00805459835062041
serbia,2020,-0.950023992,6899126,0.020365922,92.24117279,9.011,0.3789,0.25,0.525,0.25,0.5625,0.624,0.5714286,0.0,0.0,9.98832968636043,-0.6678416760897105,15.746905439823808,0.4423,0.0113580746994
seychelles,2004,-2.850453977,82475,0.006736329,73.78370667,3.965,0.5172,0.375,0.625,0.5,0.8125,0.75,0.2857143,0.0,0.0,-6.01167031363957,-1.3481910574520317,11.320262620909606,0.6125,0.0026103274874999995
seychelles,2005,9.005761737,82858,0.006736329,78.74212646,5.5,0.5164,0.375,0.625,0.5,0.8125,0.75,0.2857143,0.0,0.0,-5.01167031363957,2.3031611007697106,11.324895647009207,0.6125,0.0026103274874999995
seychelles,2006,9.406128557,84600,0.006121244,72.13995361,3.965,0.5156,0.375,0.575,0.5,0.8125,0.75,0.2857143,0.0,0.0,-4.01167031363957,2.342394916914422,11.345701365855424,0.6025,0.00243319449
seychelles,2007,8.876066456,85033,0.006736329,75.90184021,3.965,0.5272,0.375,0.5625,0.5,0.8125,0.6875,0.3214286,0.0,0.0,-3.01167031363957,2.2901143005003903,11.35080645549378,0.5875,0.0027787357125
seychelles,2008,-2.725946262,86956,0.006736329,72.87213898,3.965,0.5389,0.375,0.5499999999999999,0.5,0.8125,0.625,0.3214286,0.0,0.0,-2.01167031363957,-1.3153208496384627,11.373169022579944,0.5725,0.0028797806475
seychelles,2009,-2.479375947,87298,0.006736329,72.26634979,3.965,0.5505,0.375,0.5,0.5,0.8125,0.625,0.4285714,0.0,0.0,-1.01167031363957,-1.2468529521309168,11.377094287008365,0.5625,0.0029471439375
seychelles,2010,4.505132043,89770,0.006736329,70.69724274,3.965,0.5621,0.375,0.5,0.5,0.875,0.625,0.5,0.0,0.0,-0.01167031363956994,1.7056807558996991,11.405017262267613,0.575,0.0028629398250000003
seychelles,2011,9.509783352,87441,0.006736329,74.4660804,4.11,0.5738,0.375,0.5,0.5,0.875,0.625,0.4642857,0.0,0.0,0.9883296863604301,2.3523065711654563,11.378730995415923,0.575,0.0028629398250000003
seychelles,2012,3.110678494,88303,0.006736329,72.67632294,3.965,0.5854,0.375,0.5,0.5,0.875,0.625,0.4642857,0.0,0.0,1.98832968636043,1.4135880985816258,11.388540685679283,0.575,0.0028629398250000003
seychelles,2013,1.253734962,89949,0.015764602,84.69742639,3.965,0.5971,0.375,0.5,0.5,0.875,0.625,0.4642857,0.0,0.0,2.98832968636043,0.8125888230782984,11.407009239378679,0.575,0.006699955850000001
seychelles,2014,4.063691812,91359,0.006736329,89.3980344,3.841,0.554,0.375,0.525,0.5,0.875,0.625,0.4642857,0.0,0.0,3.98832968636043,1.62209582438012,11.422563024889838,0.58,0.0028292581800000004
seychelles,2015,8.914008875,93419,0.006736329,92.09116951,4.151,0.5108,0.5,0.5499999999999999,0.5,0.8125,0.625,0.5714286,0.0,0.0,4.98832968636043,2.2939487947966906,11.4448607340561,0.5974999999999999,0.002711372422500001
seychelles,2016,12.11752725,94677,0.006736329,101.712798,3.965,0.4677,0.5,0.5499999999999999,0.5,0.8125,0.625,0.5714286,0.0,0.0,5.98832968636043,2.5739492939541213,11.458236939619427,0.5974999999999999,0.002711372422500001
seychelles,2017,6.954162188,95843,0.006736329,112.3112128,3.715,0.4246,0.5,0.5499999999999999,0.5,0.8125,0.625,0.6071428999999999,0.0,0.0,6.98832968636043,2.0736953373244043,11.47047714870539,0.5974999999999999,0.002711372422500001
seychelles,2018,4.939472723,96762,0.006736329,108.2740601,3.528,0.3814,0.5,0.5499999999999999,0.5,0.75,0.625,0.6071428999999999,0.0,0.0,7.98832968636043,1.7816203622627977,11.480019968790666,0.585,0.002795576535
seychelles,2019,5.514292074,97625,0.006736329,100.8258775,2.966,0.3814,0.625,0.5499999999999999,0.5,0.75,0.625,0.6071428999999999,0.0,0.0,8.98832968636043,1.8739985437364803,11.488899130367374,0.61,0.00262716831
seychelles,2020,-11.73986083,98462,0.006736329,102.1881838,4.311,0.3814,0.625,0.5499999999999999,0.5,0.75,0.625,0.6071428999999999,0.0,0.0,9.98832968636043,-2.544735726222499,11.497436122074095,0.61,0.00262716831
sierra leone,2009,1.53080324,6055646,0.475913889,42.1386795,3.935,0.4377,0.125,0.3,0.0,0.4375,0.3036667,0.3571429,0.0,0.0,-1.01167031363957,0.9285367385173687,15.616501783100667,0.23323334,0.3649149031161407
sierra leone,2010,6.355665958,6222714,0.475913889,42.1386795,3.935,0.43,0.125,0.325,0.0,0.5,0.4003333,0.3571429,0.0,0.0,-0.01167031363956994,1.9954708948898738,15.643716864655904,0.27006666,0.34738541455015925
sierra leone,2011,8.100655187,6387251,0.536975781,40.42356873,3.935,0.4224,0.125,0.325,0.0,0.5,0.4003333,0.3928571,0.0,0.0,0.9883296863604301,2.20834640950246,15.669814686908651,0.27006666,0.39195652532443853
sierra leone,2012,10.57833166,6551080,0.475913889,44.55229187,3.935,0.4281,0.125,0.3,0.0,0.375,0.3236667,0.3928571,0.0,0.0,1.98832968636043,2.4491353909539084,15.695140632162074,0.22473334,0.36896017117264074
sierra leone,2013,14.66332381,6714051,0.475913889,39.22378922,3.935,0.4338,0.125,0.3,0.0,0.5625,0.3213333,0.3571429,0.0,0.0,2.98832968636043,2.751321916444727,15.71971320150255,0.26176666000000004,0.3513354998288592
sierra leone,2014,-7.815015125,6876385,0.475913889,42.1386795,4.678,0.4395,0.125,0.3,0.0,0.5,0.3186667,0.3571429,0.0,0.0,3.98832968636043,-2.1764565316736593,15.74360378119836,0.24873334000000002,0.35753823783664074
sierra leone,2015,-4.363332621,7037655,0.475913889,39.8463707,3.935,0.4453,0.25,0.3,0.0,0.5625,0.3183333,0.3571429,0.0,0.0,4.98832968636043,-1.67958553952076,15.7667857181471,0.28616666,0.3397232009372592
sierra leone,2016,6.437436528,7205328,0.475913889,42.1386795,3.935,0.451,0.25,0.3,0.0,0.5625,0.3183333,0.3571429,1.0,0.6931471805599453,5.98832968636043,2.0065262367849126,15.79033144910746,0.28616666,0.3397232009372592
sierra leone,2017,3.207860877,7379299,0.475913889,41.53121948,3.935,0.4567,0.25,0.3,0.0,0.5625,0.322,0.3571429,3.0,1.3862943611198906,6.98832968636043,1.436954413339434,15.81418934112951,0.28690000000000004,0.3393741942459
sierra leone,2018,2.893856412,7554563,0.414851997,43.11927032,3.192,0.4624,0.25,0.3,0.0,0.5625,0.322,0.3571429,0.0,0.0,7.98832968636043,1.3594000321047566,15.837662441897939,0.28690000000000004,0.29583095906069995
sierra leone,2019,5.502709374,7731991,0.475913889,61.19807816,3.935,0.4624,0.25,0.3,0.0,0.5625,0.3286667,0.3571429,0.0,0.0,8.98832968636043,1.8722189168226773,15.860877084648674,0.28823334,0.3387396392211407
sierra leone,2020,-1.253349032,7912558,0.475913889,62.56068039,3.935,0.4624,0.25,0.3,0.25,0.5,0.3286667,0.3571429,0.0,0.0,9.98832968636043,-0.8124175682263999,15.883961801962851,0.32573334000000004,0.32089286838364073
singapore,1996,7.47139086,3670704,0.057169535,105.7452509,3.57,0.3422,0.75,0.7999999999999999,1.0,0.9375,0.875,0.8928571,0.0,0.0,-14.01167031363957,2.1366947053364345,15.11589429967492,0.8724999999999999,0.007289115712500003
singapore,1998,-2.191015006,3927213,0.057169535,105.7452509,3.41,0.3621,0.75,0.7999999999999999,1.0,0.6875,0.875,0.8571428999999999,0.0,0.0,-12.01167031363957,-1.1603390498861148,15.183440826600457,0.8225,0.010147592462499999
singapore,2000,9.038316326,4027887,0.057169535,105.7452509,3.7,0.411,0.75,0.825,1.0,0.6875,0.875,0.8928571,0.0,0.0,-10.01167031363957,2.306409403587388,15.20875272707155,0.8275,0.0098617447875
singapore,2002,3.923360767,4175950,0.057169535,105.7452509,5.65,0.4515,0.875,0.9249999999999999,1.0,1.0,0.875,0.8928571,0.0,0.0,-8.01167031363957,1.5939913800329786,15.244852674759295,0.9349999999999999,0.0037160197750000035
singapore,2003,4.548255426,4114826,0.057169535,105.7452509,5.93,0.4373,0.875,0.9249999999999999,1.0,0.9375,0.75,0.9285713999999999,0.0,0.0,-7.01167031363957,1.7134835406862485,15.230107349897274,0.8975,0.005859877337500002
singapore,2004,9.939982684,4166664,0.057169535,105.7452509,5.84,0.4146,0.875,0.9249999999999999,1.0,0.9375,0.75,0.9285713999999999,0.0,0.0,-6.01167031363957,2.392424214177226,15.242626513604339,0.8975,0.005859877337500002
singapore,2005,7.366322393,4265762,0.057169535,105.7452509,5.59,0.4062,0.875,0.95,1.0,0.9375,0.875,0.9285713999999999,0.0,0.0,-5.01167031363957,2.1242144083760044,15.26613162091461,0.9275,0.0041447912875000005
singapore,2006,9.006766079,4401365,0.057169535,105.7452509,4.48,0.4192,0.875,0.95,1.0,0.9375,0.7796666999999999,0.9285713999999999,0.0,0.0,-4.01167031363957,2.303261472098118,15.297425505252903,0.90843334,0.005234823373703101
singapore,2007,9.021519513,4588599,0.057169535,105.7452509,3.9,0.4088,0.875,0.95,1.0,1.0,0.7796666999999999,0.9464286,0.0,0.0,-3.01167031363957,2.3047347321633147,15.339085524618199,0.92093334,0.004520204186203097
singapore,2008,1.863483455,4839396,0.057169535,105.7452509,3.96,0.4571,0.875,0.95,1.0,1.0,0.7796666999999999,0.9642856999999999,0.0,0.0,-2.01167031363957,1.0520388749408973,15.392300684154378,0.92093334,0.004520204186203097
singapore,2009,0.127953383,4987573,0.057169535,105.7452509,5.86,0.4382,0.875,0.95,1.0,1.0,0.7796666999999999,0.9642856999999999,0.0,0.0,-1.01167031363957,0.1204048250942183,15.42246017716292,0.92093334,0.004520204186203097
singapore,2010,14.51974971,5076732,0.057169535,105.7452509,4.12,0.4231,0.875,0.95,1.0,0.9375,0.7796666999999999,0.9642856999999999,0.0,0.0,-0.01167031363956994,2.7421133876920427,15.440178502434351,0.90843334,0.005234823373703101
singapore,2011,6.214934169,5183688,0.057169535,105.7452509,3.89,0.441,0.875,0.95,1.0,0.9375,0.7796666999999999,0.9642856999999999,0.0,0.0,0.9883296863604301,1.9761530679984844,15.461027522930689,0.90843334,0.005234823373703101
singapore,2012,4.435497594,5312437,0.057169535,105.7452509,3.72,0.4395,0.875,0.95,1.0,0.9375,0.7793333,0.9642856999999999,0.0,0.0,1.98832968636043,1.6929510700162493,15.485561421558472,0.9083666600000001,0.005238635438296894
singapore,2013,4.817630991,5399162,0.057169535,105.7452509,3.86,0.4424,0.875,0.95,1.0,0.9375,0.7806666999999999,0.9642856999999999,0.0,0.0,2.98832968636043,1.760893132657615,15.50175449952076,0.9086333400000001,0.0052233894667030965
singapore,2014,3.935540277,5469724,0.057169535,105.7452509,3.74,0.4517,0.875,0.95,1.0,0.875,0.7843333,0.9642856999999999,0.0,0.0,3.98832968636043,1.5964621455151848,15.514738898911338,0.89686666,0.0058960850907968975
singapore,2015,2.976799316,5535002,0.057169535,105.7452509,3.79,0.4522,0.875,0.95,1.0,0.875,0.7879999999999999,0.9642856999999999,0.0,0.0,4.98832968636043,1.380477303800725,15.526602666130147,0.8976000000000001,0.0058541603839999965
singapore,2016,3.747578488,5607283,0.057169535,107.7458686,4.08,0.4527,0.875,0.95,1.0,0.8125,0.7959999999999999,0.9642856999999999,0.0,0.0,5.98832968636043,1.5576346960584284,15.539577024795092,0.8867,0.006477308315499998
singapore,2017,4.476899158,5612253,0.057169535,107.4728739,4.2,0.4527,0.875,0.9249999999999999,1.0,0.9375,0.7106667,0.9642856999999999,0.0,0.0,6.98832968636043,1.700539093727756,15.540462979337086,0.8896333399999999,0.006309610631703103
singapore,2018,3.451975966,5638676,0.057169535,105.7452509,3.96,0.4527,0.875,0.9249999999999999,1.0,0.9375,0.7126667,0.9642856999999999,0.0,0.0,7.98832968636043,1.49334803492613,15.545160021489263,0.8900333399999999,0.006286742817703106
singapore,2019,1.308041182,5703569,0.057169535,104.6219879,3.1,0.4527,0.875,0.9249999999999999,1.0,0.9375,0.7006667,0.9642856999999999,0.0,0.0,8.98832968636043,0.836399191640912,15.556602852540376,0.88763334,0.0064239497017030975
singapore,2020,-3.814708855,5685807,0.057169535,103.1158392,4.1,0.4527,0.875,0.9249999999999999,1.0,0.9375,0.701,0.9642856999999999,0.0,0.0,9.98832968636043,-1.5716755771706334,15.55348380347558,0.8876999999999999,0.006420138780500004
south africa,1996,4.299999997,45123018,0.312106044,86.276372665,26.54,0.4828,0.5,0.525,0.5,0.5,0.5,0.4642857,47.0,3.871201010907891,-14.01167031363957,1.6677068199920384,17.624903073376665,0.505,0.15449249178000002
south africa,1998,0.5,46223880,0.312106044,82.7563324,25.0,0.5048,0.625,0.6,0.5,0.5,0.5,0.4642857,6.0,1.9459101490553132,-12.01167031363957,0.4054651081081644,17.649007127264625,0.545,0.14200825002
south africa,2000,4.200000001,47159719,0.4791,74.31938171,29.88,0.5269,0.5,0.575,0.5,0.625,0.5,0.5357143,21.0,3.091042453358316,-10.01167031363957,1.6486586257796894,17.669050696380875,0.54,0.220386
south africa,2002,3.700374404,48019415,0.312106044,74.44502258,33.291,0.5489,0.5,0.5,0.5,0.625,0.5,0.5714286,8.0,2.1972245773362196,-8.01167031363957,1.5476421659688215,17.687115987084095,0.525,0.1482503709
south africa,2003,2.949075468,48500348,0.312106044,75.53578186,32.31,0.5606,0.5,0.5,0.5,0.625,0.5,0.5714286,0.0,0.0,-7.01167031363957,1.373481492782833,17.69708155175811,0.525,0.1482503709
south africa,2004,4.554559907,48991421,0.312106044,78.29666138,29.453,0.562,0.5,0.5,0.5,0.625,0.5,0.5714286,0.0,0.0,-6.01167031363957,1.7146191952906877,17.707155779525404,0.525,0.1482503709
south africa,2005,5.277051973,49490033,0.421128432,80.42034149,29.122,0.5787,0.5,0.5,0.5,0.625,0.5,0.5714286,0.0,0.0,-5.01167031363957,1.8369004392119017,17.71728187393531,0.525,0.20003600519999998
south africa,2006,5.603806459,49998277,0.312106044,83.78334808,28.342,0.5902,0.5,0.5,0.5,0.6875,0.597,0.5714286,0.0,0.0,-4.01167031363957,1.8876462189960899,17.72749912279935,0.5569,0.13829418809640004
south africa,2007,5.360474054,50528584,0.312106044,85.53662872,26.54,0.6115,0.5,0.5,0.5,0.6875,0.597,0.5714286,2.0,1.0986122886681098,-3.01167031363957,1.8501029113667549,17.73804977370956,0.5569,0.13829418809640004
south africa,2008,3.191043886,51114599,0.302781101,84.04734802,22.407,0.5917,0.5,0.5,0.5,0.6875,0.597,0.5714286,1.0,0.6931471805599453,-2.01167031363957,1.4329498403746275,17.749580728651093,0.5569,0.13416230585310002
south africa,2009,-1.538089135,51728516,0.312106044,85.96054077,23.523,0.5836,0.5,0.5,0.5,0.6875,0.597,0.5714286,0.0,0.0,-1.01167031363957,-0.9314114888488619,17.761519773484476,0.5569,0.13829418809640004
south africa,2010,3.039732881,52344051,0.295396167,86.59220456,24.683,0.6067,0.5,0.5,0.5,0.6875,0.593,0.5714286,0.0,0.0,-0.01167031363956994,1.3961785712227737,17.77334886895931,0.5561,0.13112635853129997
south africa,2011,3.168556279,52995205,0.312106044,88.94422913,24.639,0.6178,0.5,0.5,0.5,0.6875,0.593,0.5714286,0.0,0.0,0.9883296863604301,1.4275697597969446,17.785712014595102,0.5561,0.1385438729316
south africa,2012,2.396232385,53782567,0.312106044,92.16251373,24.727,0.6508,0.5,0.5,0.5,0.625,0.593,0.5714286,4.0,1.6094379124341003,1.98832968636043,1.222666695142099,17.800459957757965,0.5436,0.14244519848160003
south africa,2013,2.485468008,54678791,0.312106044,86.276372665,24.561,0.6508,0.5,0.525,0.5,0.5625,0.5966667,0.6071428999999999,13.0,2.6390573296152584,2.98832968636043,1.2486023273051479,17.816986477403347,0.53683334,0.14455711396529303
south africa,2014,1.413826452,55594838,0.312106044,101.1632004,24.89,0.6508,0.5,0.525,0.5,0.5625,0.594,0.6071428999999999,20.0,3.044522437723423,3.98832968636043,0.8812132277960186,17.833600931171414,0.5363,0.1447235726028
south africa,2015,1.321862237,56723537,0.312106044,104.622813,25.149,0.6508,0.5,0.475,0.5,0.5625,0.5853333,0.6071428999999999,5.0,1.791759469228055,4.98832968636043,0.8423695520582735,17.85369981482955,0.52456666,0.14838561893310698
south africa,2016,0.664552308,57259551,0.312106044,103.8559875,26.536,0.6508,0.5,0.45,0.5,0.5625,0.5803332999999999,0.6071428999999999,27.0,3.332204510175204,5.98832968636043,0.5095562031925164,17.863105033642757,0.5185666600000001,0.15025825519710695
south africa,2017,1.157946952,57635162,0.312106044,105.6231689,27.035,0.6508,0.5,0.45,0.5,0.5625,0.5746667,0.6071428999999999,29.0,3.4011973816621555,6.98832968636043,0.7691572845134109,17.869643408155873,0.51743334,0.15061197121889305
south africa,2018,1.556783847,58613001,0.312106044,101.3996129,26.906,0.6508,0.5,0.45,0.5,0.5625,0.5746667,0.6071428999999999,41.0,3.7376696182833684,7.98832968636043,0.9387501589071585,17.886467107069254,0.51743334,0.15061197121889305
south africa,2019,0.259935577,59587885,0.312106044,103.7891203,28.468,0.6508,0.5,0.45,0.5,0.5625,0.5746667,0.6071428999999999,23.0,3.1780538303479458,8.98832968636043,0.2310605902911567,17.902962856342917,0.51743334,0.15061197121889305
south africa,2020,-6.168917715,60562381,0.312106044,103.5011781,29.217,0.6508,0.5,0.45,0.5,0.5625,0.5683332999999999,0.6428571,17.0,2.8903717578961645,9.98832968636043,-1.9697546969139446,17.91918449921295,0.51616666,0.15100730970270698
spain,1996,2.607411171,39889852,0.014911164,118.04782485000001,22.142,0.3496,0.875,0.875,1.0,0.8125,0.75,0.75,63.0,4.1588830833596715,-14.01167031363957,1.2829903879393039,17.50163253874068,0.8625,0.002050285049999999
spain,1998,4.301977453,40223509,0.009527045,118.04782485000001,18.673,0.3399,0.875,0.85,1.0,0.8125,0.75,0.7857143,17.0,2.8903717578961645,-12.01167031363957,1.6680798553115828,17.50996220851589,0.8574999999999999,0.0013576039125000007
spain,2000,5.200641256,40567864,0.009126914,113.4145737,13.785,0.3393,0.875,0.875,1.0,0.8125,0.75,0.7857143,112.0,4.727387818712341,-10.01167031363957,1.8246527150897958,17.518486808705447,0.8625,0.0012549506749999996
spain,2002,2.755456116,41431558,0.00947536,115.2862701,11.146,0.3357,0.875,0.875,1.0,0.8125,0.75,0.7857143,41.0,3.7376696182833684,-8.01167031363957,1.3232097468140398,17.53955344308251,0.8625,0.0013028619999999997
spain,2003,2.939289595,42187645,0.009082441,114.4527893,11.283,0.3377,0.875,0.875,1.0,0.875,0.75,0.7857143,21.0,3.091042453358316,-7.01167031363957,1.3710004012152273,17.557637987331773,0.875,0.001135305125
spain,2004,3.11453148,42921895,0.010159495,115.0845032,11.09,0.3367,0.625,0.7749999999999999,0.75,0.8125,0.75,0.7857143,31.0,3.4657359027997265,-6.01167031363957,1.4145249710247618,17.57489264996077,0.7424999999999999,0.0026160699625000007
spain,2005,3.551225585,43653155,0.008567684,117.5709305,9.146,0.3345,0.625,0.7749999999999999,1.0,0.875,0.75,0.8214286,24.0,3.2188758248682006,-5.01167031363957,1.5153965560328042,17.59178614004169,0.805,0.0016706983799999998
spain,2006,4.043435156,44397319,0.008842268,117.2736664,8.452,0.3439,0.625,0.7999999999999999,0.75,0.6875,0.7779999999999999,0.7142856999999999,23.0,3.1780538303479458,-4.01167031363957,1.6180874284855198,17.608689665220332,0.7281,0.0024042126692000003
spain,2007,3.533500132,45226803,0.005590894,117.4886932,8.232,0.3418,0.625,0.7999999999999999,0.75,0.6875,0.7779999999999999,0.7321428999999999,11.0,2.4849066497880004,-3.01167031363957,1.51149429722055,17.62720047789175,0.7281,0.0015201640786
spain,2008,0.767165748,45954106,0.005587316,117.2105865,11.254,0.3443,0.625,0.7999999999999999,0.75,0.6875,0.7816666999999999,0.75,37.0,3.6375861597263857,-2.01167031363957,0.5693769908625992,17.643153782532448,0.7288333399999999,0.0015150938180845607
spain,2009,-3.768133069,46362946,0.008649965,117.3571167,17.857,0.3545,0.625,0.7749999999999999,0.75,0.6875,0.7816666999999999,0.75,21.0,3.091042453358316,-1.01167031363957,-1.5619548381403847,17.652011142146286,0.72383334,0.0023888319431669
spain,2010,0.094122312,46576897,0.007495137,122.6225128,19.86,0.3395,0.625,0.7749999999999999,0.75,0.6875,0.772,0.75,3.0,1.3862943611198906,-0.01167031363956994,0.08995250030976411,17.65661522509772,0.7219,0.0020843975997
spain,2011,-0.639920637,46742697,0.012902319,126.1527863,21.39,0.3372,0.625,0.7749999999999999,0.75,0.625,0.7673333,0.75,0.0,0.0,0.9883296863604301,-0.49464784859200217,17.66016860898628,0.70846666,0.0037614561518154598
spain,2012,-2.865113686,46773055,0.010190789,127.7867126,24.789,0.3428,0.625,0.7749999999999999,0.75,0.5625,0.7673333,0.75,1.0,0.6931471805599453,1.98832968636043,-1.351991095837067,17.660817868598013,0.6959666600000001,0.0030983396169052594
spain,2013,-1.427322248,46604197,0.01309105,126.7162704,26.094,0.345,0.625,0.7749999999999999,0.75,0.5625,0.7673333,0.75,5.0,1.791759469228055,2.98832968636043,-0.8867886941974723,17.657201180875298,0.6959666600000001,0.0039801156556069995
spain,2014,1.520485936,46460733,0.00947536,125.3358002,24.441,0.3468,0.5,0.7749999999999999,0.75,0.8125,0.7683333,0.7857143,4.0,1.6094379124341003,3.98832968636043,0.9244517146797123,17.654118083718117,0.72116666,0.0026420462765024003
spain,2015,4.060866725,46422303,0.01054392,124.85466,22.057,0.3493,0.5,0.7749999999999999,0.75,0.8125,0.7766666999999999,0.7857143,1.0,0.6931471805599453,4.98832968636043,1.62153775815669,17.653290591357393,0.72283334,0.0029224230897072
spain,2016,2.915155986,46458139,0.01299179,123.2698898,19.635,0.3479,0.5,0.7749999999999999,0.75,0.8125,0.7766666999999999,0.7857143,3.0,1.3862943611198906,5.98832968636043,1.3648551718163537,17.65406225006691,0.72283334,0.0036008910417214
spain,2017,2.896042079,46571232,0.008333411,120.5559235,17.224,0.3456,0.5,0.7749999999999999,0.75,0.8125,0.7693333,0.7857143,4.0,1.6094379124341003,6.98832968636043,1.3599611862866448,17.65649359088035,0.7213666599999999,0.0023219661405227405
spain,2018,2.395411245,46782011,0.009773518,119.4301987,15.255,0.341,0.5,0.75,0.75,0.75,0.7693333,0.75,2.0,1.0986122886681098,7.98832968636043,1.2224248862225693,17.661009328028673,0.70386666,0.00289426452889012
spain,2019,1.961178508,47118501,0.008941992,118.5247192,14.104,0.3359,0.5,0.75,0.75,0.75,0.7763333,0.75,4.0,1.6094379124341003,8.98832968636043,1.0855873336920359,17.668176305630777,0.70526666,0.0026355031684132794
spain,2020,-10.94007064,47359424,0.01096845,117.3677673,15.532,0.3359,0.5,0.725,0.75,0.75,0.7706666999999999,0.75,0.0,0.0,9.98832968636043,-2.4799000241948614,17.673276407419024,0.69913334,0.0033000409168769994
sri lanka,1996,3.799967206,17905018,0.07084108,94.10864258,11.35,0.4535,0.25,0.475,0.25,0.125,0.375,0.4285714,176.0,5.176149732573829,-14.01167031363957,1.568609085807173,16.700591622570208,0.29500000000000004,0.0499429614
sri lanka,1998,4.698423048,18596003,0.07084108,94.10864258,9.17,0.4697,0.25,0.425,0.0,0.25,0.375,0.3928571,35.0,3.58351893845611,-12.01167031363957,1.7401894783179381,16.73845727689261,0.26,0.0524223992
sri lanka,2000,6.000033158,19293054,0.07084108,94.10864258,7.74,0.4849,0.25,0.45,0.0,0.125,0.375,0.5,67.0,4.219507705176107,-10.01167031363957,1.9459148859012372,16.77525574455594,0.24,0.053839220800000004
sri lanka,2002,3.964675685,19805752,0.207079868,94.10864258,8.76,0.4986,0.25,0.575,0.25,0.4375,0.375,0.5,3.0,1.3862943611198906,-8.01167031363957,1.602347975121984,16.80148300901723,0.3775,0.12890721783
sri lanka,2003,5.940269078,19951521,0.07084108,94.10864258,8.22,0.4964,0.25,0.575,0.25,0.4375,0.375,0.5,9.0,2.302585092994046,-7.01167031363957,1.9373405458132062,16.808815989116972,0.3775,0.04409857230000001
sri lanka,2004,5.445061279,20087605,0.07084108,94.10864258,8.38,0.4932,0.25,0.575,0.25,0.4375,0.375,0.5357143,33.0,3.5263605246161616,-6.01167031363957,1.8633141443366406,16.815613565927485,0.3775,0.04409857230000001
sri lanka,2005,6.241748044,20216524,0.07084108,94.10864258,7.67,0.4907,0.25,0.575,0.25,0.4375,0.375,0.5714286,133.0,4.897839799950911,-5.01167031363957,1.979862619796502,16.822010897242052,0.3775,0.04409857230000001
sri lanka,2006,7.668291901,20352411,0.121606779,94.10864258,6.5,0.4889,0.25,0.575,0.25,0.4375,0.4693333,0.5714286,216.0,5.37989735354046,-4.01167031363957,2.1596717588108367,16.828709988627775,0.39636666,0.07340590617441187
sri lanka,2007,6.796826119,20492545,0.07084108,94.10864258,5.97,0.4791,0.25,0.575,0.25,0.46875,0.4693333,0.5714286,132.0,4.890349128221754,-3.01167031363957,2.0537167430655816,16.835571768230484,0.40261665999999996,0.0423192809796072
sri lanka,2008,5.950088145,20629378,0.07084108,94.10864258,5.22,0.4659,0.25,0.5499999999999999,0.25,0.5,0.387,0.5714286,100.0,4.61512051684126,-2.01167031363957,1.9387543422300886,16.84222678280086,0.38739999999999997,0.043397245608000005
sri lanka,2009,3.538912053,20756435,0.078060978,94.10864258,5.85,0.4556,0.25,0.5,0.25,0.625,0.3036667,0.5714286,37.0,3.6375861597263857,-1.01167031363957,1.512687347432902,16.84836692522332,0.38573334,0.047950256232393476
sri lanka,2010,8.015967371,20879089,0.07084108,92.34970856,4.784,0.4671,0.25,0.5,0.25,0.5625,0.3046667,0.5714286,3.0,1.3862943611198906,-0.01167031363956994,2.198997157720279,16.854258737653495,0.37343334,0.044386658886392795
sri lanka,2011,8.669483012,21009048,0.07084108,94.10864258,4.118,0.4725,0.25,0.5,0.25,0.5625,0.3026667,0.5714286,0.0,0.0,0.9883296863604301,2.2689748449543057,16.860463807636805,0.37303334,0.044414995318392804
sri lanka,2012,8.632181377,21169458,0.063621182,94.67446899,3.88,0.4781,0.25,0.5,0.25,0.5625,0.275,0.5714286,4.0,1.6094379124341003,1.98832968636043,2.265109719057775,16.868070087753807,0.3675,0.040240397615
sri lanka,2013,4.05174633,20585000,0.07084108,95.14426362,4.186,0.4792,0.25,0.5,0.25,0.4375,0.273,0.5714286,14.0,2.70805020110221,2.98832968636043,1.6197339914302822,16.840073261765202,0.3421,0.04660634653199999
sri lanka,2014,6.377978897,20778000,0.07084108,93.4926278,4.157,0.4799,0.25,0.5,0.25,0.4375,0.273,0.5714286,16.0,2.833213344056216,3.98832968636043,1.9984997389101602,16.84940534074044,0.3421,0.04660634653199999
sri lanka,2015,4.205955474,20970000,0.07084108,94.4516929,4.519,0.4799,0.375,0.5499999999999999,0.25,0.6875,0.464,0.5714286,11.0,2.4849066497880004,4.98832968636043,1.649803253712133,16.858603450565273,0.46529999999999994,0.037878725476000005
sri lanka,2016,5.05362489,21209000,0.038126644,93.90372213,4.242,0.481,0.375,0.5499999999999999,0.25,0.6875,0.5493333,0.5714286,1.0,0.6931471805599453,5.98832968636043,1.8006572479927352,16.869936225007276,0.48236665999999995,0.019735622076710962
sri lanka,2017,6.460681271,21453000,0.07084108,94.04186609,4.046,0.4811,0.375,0.5499999999999999,0.25,0.6875,0.5493333,0.5357143,41.0,3.7376696182833684,6.98832968636043,2.0096467332363095,16.88137510031217,0.48236665999999995,0.0366697048496072
sri lanka,2018,2.310084255,21670000,0.07084108,95.91073317,4.318,0.4811,0.5,0.5499999999999999,0.25,0.375,0.5396666999999999,0.5357143,7.0,2.0794415416798357,7.98832968636043,1.196973643747786,16.89143941965929,0.4429333399999999,0.039463203826392804
sri lanka,2019,-0.220483887,21803000,0.027054541,94.10864258,4.67,0.4811,0.5,0.525,0.25,0.4375,0.459,0.5357143,15.0,2.772588722239781,8.98832968636043,-0.19924740879732375,16.897558178835432,0.4343,0.0153047538437
sri lanka,2020,-4.624515037,21919000,0.07084108,94.10864258,5.364,0.4811,0.375,0.525,0.25,0.5625,0.4546667,0.5357143,1.0,0.6931471805599453,9.98832968636043,-1.727134728729257,16.90286444418801,0.43343334,0.0401361940863928
sudan,1996,5.919123763,25231528,0.11594627299999999,39.109704969999996,15.566,0.4196,0.0,0.05,0.0,0.0,0.0,0.2142857,10.0,2.3978952727983707,-14.01167031363957,1.934289137768172,17.043604921238376,0.01,0.11478681026999998
sudan,1998,4.308504255,26458999,0.11594627299999999,39.109704969999996,15.566,0.4196,0.0,0.05,0.0,0.0,0.0,0.2142857,0.0,0.0,-12.01167031363957,1.669310111015862,17.091106923041977,0.01,0.11478681026999998
sudan,2000,6.34586744,27816745,0.11594627299999999,39.109704969999996,15.566,0.4196,0.0,0.05,0.0,0.0,0.0,0.2142857,7.0,2.0794415416798357,-10.01167031363957,1.9941379020399954,17.14114877140713,0.01,0.11478681026999998
sudan,2002,6.006471536,29228727,0.11594627299999999,32.1063385,15.566,0.4196,0.0,0.15,0.0,0.125,0.0,0.2142857,13.0,2.6390573296152584,-8.01167031363957,1.946834227106503,17.190662619205884,0.05500000000000001,0.10956922798499999
sudan,2003,6.288808161,29896035,0.11594627299999999,33.35290909,15.566,0.4196,0.0,0.09999999999999999,0.0,0.0,0.0,0.2142857,0.0,0.0,-7.01167031363957,1.9863400430799296,17.213236454321205,0.019999999999999997,0.11362734753999999
sudan,2004,5.140888518,30556637,0.11594627299999999,36.59130096,15.566,0.4196,0.0,0.09999999999999999,0.0,0.125,0.0,0.2142857,5.0,1.791759469228055,-6.01167031363957,1.814969441461589,17.235092503121706,0.045,0.11072869071499998
sudan,2005,5.643515513,31262444,0.11594627299999999,36.36865997,15.566,0.4196,0.0,0.09999999999999999,0.0,0.1875,0.0,0.25,6.0,1.9459101490553132,-5.01167031363957,1.8936412681108479,17.25792809487018,0.057499999999999996,0.10927936230249999
sudan,2006,6.531411747,31992435,0.11594627299999999,34.65692902,15.566,0.4196,0.125,0.3,0.25,0.1875,0.18,0.3214286,24.0,3.2188758248682006,-4.01167031363957,2.019082507240389,17.28101005782303,0.2085,0.0917714750795
sudan,2007,5.735274237,32764135,0.11594627299999999,33.96913147,15.566,0.4196,0.0,0.3,0.25,0.21875,0.18,0.25,23.0,3.1780538303479458,-3.01167031363957,1.9073585272219316,17.30484506050634,0.18975,0.09394546769824999
sudan,2008,3.846744731,33623980,0.11594627299999999,35.89350128,15.566,0.4196,0.0,0.3,0.25,0.1875,0.177,0.25,32.0,3.4965075614664802,-2.01167031363957,1.5783072901163535,17.330750090594364,0.1829,0.09473969966829998
sudan,2009,-2.767704366,34569113,0.130892984,39.49214935,13.0,0.4196,0.0,0.3,0.25,0.125,0.177,0.25,26.0,3.295836866004329,-1.01167031363957,-1.3264658945065264,17.358471182411144,0.17040000000000002,0.1085888195264
sudan,2010,3.858241952,35414399,0.11594627299999999,39.66677856,15.566,0.4243,0.0,0.3,0.25,0.125,0.164,0.25,28.0,3.367295829986474,-0.01167031363956994,1.5806766341977263,17.382629075052602,0.1678,0.0964904883906
sudan,2011,-3.213532093,36140806,0.11594627299999999,35.21297836,17.44,0.4291,0.0,0.275,0.25,0.125,0.1626667,0.25,38.0,3.6635616461296463,0.9883296863604301,-1.4383012729094637,17.402933172707495,0.16253334000000003,0.09710113798875818
sudan,2012,-17.0046884,36923178,0.11594627299999999,38.72726059,15.566,0.4338,0.0,0.25,0.25,0.125,0.0793333,0.2142857,40.0,3.713572066704308,1.98832968636043,-2.890632190647278,17.424350068984186,0.14086666,0.09961330878304181
sudan,2013,1.955144633,37785849,0.11594627299999999,40.94340897,15.566,0.4386,0.0,0.225,0.25,0.1875,0.0846667,0.1428571,46.0,3.8501476017100584,2.98832968636043,1.0835475948379503,17.447445251883284,0.14943334,0.09862003416505817
sudan,2014,4.661379542,38823318,0.100999562,42.04698944,15.566,0.4433,0.0,0.225,0.25,0.1875,0.0846667,0.1428571,157.0,5.062595033026967,3.98832968636043,1.7336675978521492,17.474531629216873,0.14943334,0.08590686011180293
sudan,2015,1.910176891,40024431,0.11594627299999999,42.52307129,15.566,0.4433,0.0,0.225,0.25,0.3125,0.079,0.1428571,158.0,5.0689042022202315,4.98832968636043,1.0682138666211523,17.505000625615814,0.17329999999999998,0.09585278388909999
sudan,2016,3.467642184,41259892,0.11594627299999999,40.95560074,15.566,0.4433,0.0,0.225,0.25,0.375,0.079,0.1428571,173.0,5.159055299214529,5.98832968636043,1.4968607938460632,17.535401472293305,0.1858,0.09440345547659999
sudan,2017,0.709256285,42714306,0.11594627299999999,43.09032822,15.566,0.4433,0.0,0.25,0.25,0.375,0.0716667,0.1428571,106.0,4.672828834461906,6.98832968636043,0.5360583548563443,17.57004448062728,0.18933334,0.09399377787235817
sudan,2018,-2.68093055,44230596,0.11594627299999999,42.13669968,15.566,0.4433,0.0,0.25,0.25,0.375,0.0716667,0.1428571,42.0,3.7612001156935624,7.98832968636043,-1.3031655870632328,17.604927347379462,0.18933334,0.09399377787235817
sudan,2019,-2.178251045,45548175,0.11594627299999999,43.53786087,15.566,0.4433,0.0,0.25,0.25,0.1875,0.09,0.1428571,26.0,3.295836866004329,8.98832968636043,-1.156331059645335,17.63428113696067,0.1555,0.09791662754849999
sudan,2020,-3.629800824,46789231,0.11594627299999999,39.109704969999996,15.566,0.4433,0.0,0.25,0.25,0.1875,0.0846667,0.1428571,33.0,3.5263605246161616,9.98832968636043,-1.5325138485983032,17.66116364894407,0.15443334,0.09804030280005817
suriname,2009,3.013698983,543568,0.057169535,68.56044006,8.72,0.5446,0.25,0.525,0.25,0.625,0.5526667,0.4642857,0.0,0.0,-1.01167031363957,1.389713255783348,13.20591193240711,0.44053334,0.031984448800203104
suriname,2010,5.168825152,549923,0.057169535,71.49025726,7.15,0.5455,0.25,0.525,0.25,0.625,0.5549999999999999,0.4642857,0.0,0.0,-0.01167031363956994,1.8195084068204816,13.217535365842485,0.441,0.031957770064999995
suriname,2011,5.849367672,556269,0.057169535,69.04078674,7.54,0.5384,0.25,0.525,0.25,0.625,0.5549999999999999,0.4642857,0.0,0.0,0.9883296863604301,1.9241563373563086,13.229009066872399,0.441,0.031957770064999995
suriname,2012,2.690349747,562633,0.057169535,69.12728119,8.1,0.5325,0.25,0.525,0.25,0.625,0.5549999999999999,0.4642857,0.0,0.0,1.98832968636043,1.3057212359456933,13.240384606912526,0.441,0.031957770064999995
suriname,2013,2.933441652,569020,0.057169535,69.1293335,6.6,0.5398,0.25,0.525,0.25,0.625,0.5589999999999999,0.4642857,0.0,0.0,2.98832968636043,1.3695147810683956,13.251672619281557,0.4417999999999999,0.031912034437000004
suriname,2014,0.255503032,575373,0.057169535,67.30438995,6.94,0.5319,0.25,0.525,0.25,0.625,0.5589999999999999,0.4642857,0.0,0.0,3.98832968636043,0.2275363145867005,13.262775543121073,0.4417999999999999,0.031912034437000004
suriname,2015,-3.413042681,581627,0.057169535,70.15602875,7.22,0.5282,0.25,0.525,0.25,0.625,0.5589999999999999,0.4642857,0.0,0.0,4.98832968636043,-1.4845644018925777,13.273586347096252,0.4417999999999999,0.031912034437000004
suriname,2016,-4.911660509,587757,0.057169535,69.1293335,7.917,0.5295,0.25,0.525,0.25,0.625,0.5589999999999999,0.4642857,0.0,0.0,5.98832968636043,-1.7769267579443027,13.284070577538948,0.4417999999999999,0.031912034437000004
suriname,2017,1.566037825,593713,0.057169535,69.1293335,7.38,0.5299,0.25,0.525,0.25,0.625,0.5586667,0.4285714,0.0,0.0,6.98832968636043,0.9423630069265766,13.294153000913871,0.44173334,0.031915845358203104
suriname,2018,4.948271085,599513,0.057169535,74.74597931,7.38,0.5327,0.25,0.525,0.25,0.625,0.566,0.3928571,0.0,0.0,7.98832968636043,1.7831006033831687,13.303874605971028,0.4431999999999999,0.031831997088000004
suriname,2019,1.167589772,605768,0.057169535,69.1293335,7.38,0.5258,0.25,0.525,0.25,0.6875,0.566,0.3928571,0.0,0.0,8.98832968636043,0.7736158461159252,13.314254004261981,0.45569999999999994,0.0311173779005
suriname,2020,-15.97519171,612317,0.057169535,73.11669922,7.38,0.5411,0.25,0.5,0.25,0.5,0.5606667,0.3928571,0.0,0.0,9.98832968636043,-2.8317529670481445,13.32500703438819,0.41213334,0.0336080635942031
sweden,1996,1.704719854,8840998,0.004660702,133.18687440000002,9.547,0.2999,1.0,1.0,1.0,1.0,1.0,0.8214286,1.0,0.6931471805599453,-14.01167031363957,0.9949983409462081,15.994910437278559,1.0,0.0
sweden,1998,4.245831794,8850974,0.004660702,133.18687440000002,8.941,0.311,1.0,1.0,1.0,1.0,1.0,0.8214286,0.0,0.0,-12.01167031363957,1.6574338172630754,15.996038180407425,1.0,0.0
sweden,2000,4.631121366,8872109,0.002495684,151.7563782,5.466,0.3028,1.0,1.0,1.0,1.0,1.0,0.8214286,1.0,0.6931471805599453,-10.01167031363957,1.728308599227926,15.998423206492737,1.0,0.0
sweden,2002,2.277728679,8924958,0.0,144.2185059,4.965,0.2934,1.0,1.0,1.0,1.0,1.0,0.8214286,0.0,0.0,-8.01167031363957,1.1871507066092286,16.00436229178189,1.0,0.0
sweden,2003,1.881027697,8958229,0.003536416,136.4743042,5.555,0.3054,0.875,1.0,1.0,1.0,1.0,0.8214286,0.0,0.0,-7.01167031363957,1.0581470697319872,16.008083220793743,0.975,8.841040000000008e-05
sweden,2004,4.179584193,8993531,0.004543751,101.4254913,6.693,0.3108,0.875,1.0,1.0,1.0,1.0,0.8571428999999999,0.0,0.0,-6.01167031363957,1.644724781427831,16.012016210269145,0.975,0.00011359377500000011
sweden,2005,2.793137828,9029572,0.011382971,101.4821625,7.81,0.3206,0.875,1.0,1.0,1.0,1.0,0.8571428999999999,3.0,1.3862943611198906,-5.01167031363957,1.3331935995103212,16.016015637453407,0.975,0.00028457427500000026
sweden,2006,4.676074889,9080505,0.004128702,101.2040863,7.066,0.3306,0.875,0.975,1.0,0.9375,0.996,0.8571428999999999,1.0,0.6931471805599453,-4.01167031363957,1.7362599531853864,16.021640475897037,0.9567,0.0001787727966
sweden,2007,3.224868141,9148092,0.004573916,100.9987106,6.161,0.3245,0.875,0.975,1.0,0.96875,0.996,0.8571428999999999,0.0,0.0,-3.01167031363957,1.4409880510913498,16.02905600022967,0.96295,0.00016946358780000012
sweden,2008,-0.92311325,9219637,0.006590728,101.5210876,6.235,0.3145,0.875,0.975,1.0,1.0,0.996,0.8571428999999999,1.0,0.6931471805599453,-2.01167031363957,-0.6539453572282502,16.0368463322891,0.9692000000000001,0.0002029944223999996
sweden,2009,-4.255613842,9298515,0.005270563,101.4343109,8.351,0.3013,0.875,0.95,1.0,0.9375,0.9126666999999999,0.8214286,1.0,0.6931471805599453,-1.01167031363957,-1.659296808544144,16.04536537549838,0.93503334,0.00034241087442957977
sweden,2010,5.750764776,9378126,0.006387346,102.2510605,8.61,0.3133,0.875,0.95,1.0,0.9375,0.8999999999999999,0.8214286,3.0,1.3862943611198906,-0.01167031363956994,1.9096557986146094,16.05389062087309,0.9324999999999999,0.0004311458550000008
sweden,2011,3.163885674,9449213,0.006580607,102.1403732,7.804,0.3077,0.875,0.95,1.0,0.9375,0.8999999999999999,0.8214286,1.0,0.6931471805599453,0.9883296863604301,1.426448694564085,16.061442121407552,0.9324999999999999,0.00044419097250000074
sweden,2012,-0.414397702,9519374,0.004747488,103.1068726,7.976,0.2953,0.875,0.95,1.0,0.9375,0.9076666999999999,0.8214286,2.0,1.0986122886681098,1.98832968636043,-0.34670378818272746,16.068839753351906,0.93403334,0.0003131759267500798
sweden,2013,1.137666718,9600379,0.006508714,132.713501,8.052,0.2967,0.875,0.95,1.0,0.9375,0.9076666999999999,0.8214286,0.0,0.0,2.98832968636043,0.7597149155123379,16.077313238987998,0.93403334,0.0004293581234752397
sweden,2014,2.295772388,9696110,0.005263104,133.6602478,7.954,0.2986,0.875,0.95,1.0,0.9375,0.9076666999999999,0.7857143,5.0,1.791759469228055,3.98832968636043,1.1926405526238433,16.087235435245507,0.93403334,0.0003471893921126398
sweden,2015,4.388246736,9799186,0.006491912,137.4629669,7.432,0.3062,0.875,0.975,1.0,0.9375,0.8983333,0.8571428999999999,35.0,3.58351893845611,4.98832968636043,1.6842200511150638,16.097809981015825,0.9371666600000002,0.000407908513946079
sweden,2016,2.131179147,9923085,0.004226093,137.5611572,6.99,0.2885,0.875,0.975,1.0,0.9375,0.8963333,0.8214286,16.0,2.833213344056216,5.98832968636043,1.1414096578904367,16.110374519592675,0.93676666,0.00026722997554062014
sweden,2017,1.88282185,10057698,0.002654956,142.6415863,6.718,0.2983,0.875,0.975,1.0,0.9375,0.8963333,0.8214286,18.0,2.9444389791664403,6.98832968636043,1.058769623476084,16.123848968839518,0.93676666,0.00016788173543304008
sweden,2018,1.770255355,10175214,0.008583864,140.8217468,6.365,0.2924,0.875,0.95,1.0,0.9375,0.8963333,0.8214286,6.0,1.9459101490553132,7.98832968636043,1.0189395018709637,16.135465419290824,0.9317666600000001,0.0005857057108257593
sweden,2019,2.608230129,10278887,0.00360093,136.6410065,6.833,0.3009,0.875,0.95,1.0,0.9375,0.8963333,0.8214286,2.0,1.0986122886681098,8.98832968636043,1.283217383148591,16.14560264093414,0.9317666600000001,0.0002457034810061997
sweden,2020,-1.93379704,10353442,0.004512476,136.4261322,8.291,0.3009,0.875,0.95,1.0,0.9375,0.892,0.8214286,3.0,1.3862943611198906,9.98832968636043,-1.076297502140619,16.15282967936241,0.9309000000000001,0.0003118120915999997
switzerland,1996,0.471280025,7071850,0.000401207,96.6068573,3.684,0.3085,0.875,1.0,1.0,1.0,1.0,0.9285713999999999,4.0,1.6094379124341003,-14.01167031363957,0.38613278720059535,15.771632814073136,0.975,1.003017500000001e-05
switzerland,1998,3.029969306,7110001,0.000401207,96.6068573,3.568,0.3188,0.875,1.0,1.0,1.0,1.0,0.9285713999999999,1.0,0.6931471805599453,-12.01167031363957,1.3937587595524157,15.777013083073337,0.975,1.003017500000001e-05
switzerland,2000,3.958719908,7184250,0.002408946,94.5499115,2.658,0.3185,0.875,1.0,1.0,1.0,1.0,0.9642856999999999,4.0,1.6094379124341003,-10.01167031363957,1.6011476243631548,15.787401827106612,0.975,6.022365000000005e-05
switzerland,2002,-0.073217257,7284753,0.0,93.58862305,2.924,0.299,0.875,1.0,1.0,1.0,1.0,0.9642856999999999,0.0,0.0,-8.01167031363957,-0.07066091938787064,15.801294229024817,0.975,0.0
switzerland,2003,-0.032398426,7339001,0.000401207,93.35119629,4.117,0.3182,0.875,1.0,1.0,1.0,1.0,0.8571428999999999,1.0,0.6931471805599453,-7.01167031363957,-0.03188466425829243,15.808713424043855,0.975,1.003017500000001e-05
switzerland,2004,2.701709129,7389625,0.002388521,93.22286987,4.316,0.3249,0.875,1.0,1.0,1.0,1.0,0.9285713999999999,0.0,0.0,-6.01167031363957,1.3087946397516146,15.81558768271272,0.975,5.9713025000000045e-05
switzerland,2005,2.749699106,7437115,0.000401207,93.80995941,4.437,0.3371,0.875,1.0,1.0,1.0,1.0,0.8571428999999999,0.0,0.0,-5.01167031363957,1.3216755983630468,15.821993697251035,0.975,1.003017500000001e-05
switzerland,2006,4.073628418,7483934,0.000760773,94.16947937,3.995,0.3435,1.0,0.9249999999999999,0.75,1.0,0.9673333,0.8571428999999999,0.0,0.0,-4.01167031363957,1.624056225937316,15.828269281143317,0.92846666,5.442063367182e-05
switzerland,2007,3.916375772,7551117,0.000708955,95.07161713,3.641,0.3298,1.0,0.9249999999999999,0.75,1.0,0.9673333,0.8571428999999999,2.0,1.0986122886681098,-3.01167031363957,1.5925716273504513,15.837206189732724,0.92846666,5.07139190597e-05
switzerland,2008,2.807983592,7647675,0.000783518,95.51357269,3.35,0.3052,1.0,0.9249999999999999,0.75,1.0,0.9716667,0.8571428999999999,0.0,0.0,-2.01167031363957,1.3370998080963064,15.849912368799258,0.92933334,5.536860010987999e-05
switzerland,2009,-2.297374526,7743831,0.000380577,95.84783173,4.109,0.312,1.0,0.9249999999999999,0.75,1.0,0.9716667,0.8571428999999999,0.0,0.0,-1.01167031363957,-1.1931265536344178,15.862407213488352,0.92933334,2.6894105462819996e-05
switzerland,2010,3.243397157,7824909,0.000712504,96.6068573,4.808,0.3331,1.0,0.9249999999999999,0.75,1.0,0.9696667,0.8571428999999999,0.0,0.0,-0.01167031363956994,1.4453641647150361,15.872822792726904,0.92893334,5.063527951663996e-05
switzerland,2011,1.813108305,7912398,0.000105144,97.19515991,4.409,0.3336,1.0,0.9249999999999999,0.75,1.0,0.9696667,0.8571428999999999,3.0,1.3862943611198906,0.9883296863604301,1.0342900303662679,15.883941580740146,0.92893334,7.472232899039995e-06
switzerland,2012,1.179253853,7996861,8.97e-05,98.3727417,4.491,0.3239,1.0,0.95,0.75,1.0,0.9696667,0.8571428999999999,0.0,0.0,1.98832968636043,0.7789825489474486,15.894559772693956,0.9339333400000001,5.926179401999995e-06
switzerland,2013,1.792144007,8089346,0.000421837,101.2213821,4.747,0.325,1.0,0.95,0.75,1.0,0.9696667,0.8571428999999999,2.0,1.0986122886681098,2.98832968636043,1.0268097620083996,15.9060585688424,0.9339333400000001,2.7869361654419977e-05
switzerland,2014,2.349881415,8188649,0.000327681,96.6068573,4.826,0.3232,1.0,0.95,0.75,1.0,0.9696667,0.9285713999999999,0.0,0.0,3.98832968636043,1.2089249467029703,15.918259607077609,0.9339333400000001,2.1648789215459983e-05
switzerland,2015,1.644627508,8282396,0.000305426,103.9133911,4.801,0.3217,1.0,0.95,0.75,0.9375,0.9696667,0.9285713999999999,0.0,0.0,4.98832968636043,0.9725302266595061,15.929642977220123,0.9214333400000001,2.399630069715997e-05
switzerland,2016,2.06868969,8373338,0.00044919,104.0951309,4.918,0.3204,1.0,0.95,0.75,0.9375,0.9696667,0.9285713999999999,2.0,1.0986122886681098,5.98832968636043,1.121250659414415,15.940563287647526,0.9214333400000001,3.5291358005399954e-05
switzerland,2017,1.362799655,8451840,0.000218259,103.9000626,4.797,0.3167,1.0,0.95,0.75,0.9375,0.9676667,0.9285713999999999,0.0,0.0,6.98832968636043,0.8598472104377278,15.949894845425659,0.9210333399999999,1.7235184244940017e-05
switzerland,2018,2.860445794,8514329,0.000352594,104.1880264,4.713,0.3075,1.0,0.95,0.75,0.9375,0.9676667,0.8571428999999999,1.0,0.6931471805599453,7.98832968636043,1.3507826674817802,15.95726118430902,0.9210333399999999,2.784317051604003e-05
switzerland,2019,1.14198219,8575280,0.000173868,104.0711136,4.394,0.3035,1.0,0.95,0.75,0.9375,0.9676667,0.8571428999999999,1.0,0.6931471805599453,8.98832968636043,0.761731657331793,15.964394320158664,0.9210333399999999,1.3729775240880014e-05
switzerland,2020,-2.14173712,8638167,0.000705267,104.2116165,4.817,0.3035,1.0,0.95,0.75,0.9375,0.961,0.8571428999999999,2.0,1.0986122886681098,9.98832968636043,-1.144775869878709,15.971701081260171,0.9197000000000001,5.6632940099999945e-05
tajikistan,2006,7.000003211,7057566,0.157076847,80.7600174,2.2,0.4129,0.0,0.125,0.0,0.3125,0.165,0.1428571,0.0,0.0,-4.01167031363957,2.0794419430547553,15.769610932511407,0.12050000000000001,0.1381490869365
tajikistan,2007,7.800000119,7194477,0.241907747,81.42456055,2.874,0.4079,0.0,0.125,0.0,0.3125,0.165,0.1428571,1.0,0.6931471805599453,-3.01167031363957,2.174751735006888,15.78882434528949,0.12050000000000001,0.2127578634865
tajikistan,2008,7.899998272,7338403,0.157076847,82.29414368,2.537,0.4034,0.0,0.125,0.0,0.3125,0.165,0.1428571,0.0,0.0,-2.01167031363957,2.186051082580772,15.808631938255381,0.12050000000000001,0.1381490869365
tajikistan,2009,3.900001148,7490230,0.157076847,83.13363647,11.5,0.3994,0.0,0.125,0.0,0.1875,0.165,0.1428571,1.0,0.6931471805599453,-1.01167031363957,1.5892354394022676,15.82911019613932,0.0955,0.14207600811149998
tajikistan,2010,6.499999086,7652141,0.157076847,83.91149902,2.537,0.4008,0.0,0.09999999999999999,0.0,0.3125,0.0836667,0.1428571,1.0,0.6931471805599453,-0.01167031363956994,2.0149028986755906,15.850496166610034,0.09923333999999999,0.14148958683552101
tajikistan,2011,7.4000006,7824785,0.157076847,85.02062988,2.537,0.3996,0.0,0.09999999999999999,0.0,0.3125,0.0836667,0.1428571,0.0,0.0,0.9883296863604301,2.1282317772778367,15.872806945773709,0.09923333999999999,0.14148958683552101
tajikistan,2012,7.499999463,8014084,0.157076847,86.34693146,2.537,0.4033,0.0,0.09999999999999999,0.0,0.3125,0.0836667,0.1428571,5.0,1.791759469228055,1.98832968636043,2.1400661003197983,15.89671117656071,0.09923333999999999,0.14148958683552101
tajikistan,2013,7.399999747,8216724,0.157076847,86.98735046,2.537,0.4047,0.0,0.09999999999999999,0.0,0.3125,0.0836667,0.1428571,0.0,0.0,2.98832968636043,2.1282316757302198,15.921682269151143,0.09923333999999999,0.14148958683552101
tajikistan,2014,6.70000069,8425552,0.157076847,83.91149902,2.537,0.402,0.0,0.125,0.0,0.3125,0.079,0.1428571,1.0,0.6931471805599453,3.98832968636043,2.041220418470024,15.946779670030818,0.10329999999999999,0.1408508087049
tajikistan,2015,6.019303318,8643840,0.133302542,83.91149902,2.537,0.3995,0.0,0.125,0.0,0.3125,0.065,0.1428571,3.0,1.3862943611198906,4.98832968636043,1.9486639706627196,15.972357602177821,0.10049999999999999,0.11990563652899999
tajikistan,2016,6.9,8865631,0.157076847,83.91149902,0.081,0.4112,0.0,0.125,0.0,0.3125,0.063,0.1428571,2.0,1.0986122886681098,5.98832968636043,2.066862759472976,15.997692786545485,0.1001,0.1413534546153
tajikistan,2017,7.100000419,9085946,0.157076847,83.91149902,2.537,0.4145,0.0,0.15,0.0,0.3125,0.0643333,0.25,2.0,1.0986122886681098,6.98832968636043,2.091864113406787,16.02223949213457,0.10536666000000001,0.14052618426827895
tajikistan,2018,7.59999889,9307333,0.157076847,83.91149902,2.537,0.4151,0.0,0.15,0.0,0.3125,0.0643333,0.25,3.0,1.3862943611198906,7.98832968636043,2.151762074189686,16.046313249490726,0.10536666000000001,0.14052618426827895
tajikistan,2019,7.400000163,9529966,0.157076847,83.91149902,2.537,0.4151,0.0,0.15,0.0,0.3125,0.0643333,0.25,2.0,1.0986122886681098,8.98832968636043,2.1282317252540297,16.069951812875175,0.10536666000000001,0.14052618426827895
tajikistan,2020,4.400001116,9749310,0.157076847,90.90120728,2.537,0.4151,0.0,0.15,0.0,0.375,0.0646667,0.25,0.0,0.0,9.98832968636043,1.686399160236874,16.092707173810357,0.11793334,0.138552249796621
tanzania,1996,4.544366804,30945762,0.5670381499999999,5.04445982,2.3125,0.4384,0.125,0.325,0.0,0.375,0.0,0.3571429,0.0,0.0,-14.01167031363957,1.7127824220366334,17.24774664950052,0.16499999999999998,0.4734768552499999
tanzania,1998,3.708511599,32420458,0.5670381499999999,29.112235185,2.3125,0.4435,0.125,0.325,0.25,0.4375,0.0,0.3571429,1.0,0.6931471805599453,-12.01167031363957,1.5493718493821707,17.294300232098788,0.22749999999999998,0.43803697087499993
tanzania,2000,4.520784636,34260139,0.86937364,29.112235185,2.3125,0.4485,0.125,0.325,0.25,0.25,0.0,0.3214286,2.0,1.0986122886681098,-10.01167031363957,1.7085199943903726,17.34949313725003,0.19,0.7041926484
tanzania,2002,7.093194984,36121304,0.5670381499999999,29.112235185,3.6,0.4602,0.125,0.325,0.25,0.4375,0.0,0.3214286,2.0,1.0986122886681098,-8.01167031363957,2.0910235831431425,17.40239341542851,0.22749999999999998,0.43803697087499993
tanzania,2003,6.672789831,37089555,0.5670381499999999,29.112235185,2.3125,0.466,0.125,0.325,0.25,0.4375,0.0,0.3214286,0.0,0.0,-7.01167031363957,2.0376802820996867,17.428845978512484,0.22749999999999998,0.43803697087499993
tanzania,2004,7.503814659,38109668,0.5670381499999999,29.112235185,2.3125,0.4718,0.125,0.275,0.25,0.4375,0.125,0.3214286,1.0,0.6931471805599453,-6.01167031363957,2.140514846234879,17.45597858742791,0.2425,0.42953139862499995
tanzania,2005,7.47631926,39182076,0.5670381499999999,29.112235185,2.3125,0.4776,0.0,0.275,0.25,0.4375,0.125,0.3214286,0.0,0.0,-5.01167031363957,2.1372763060487463,17.483729980816282,0.21749999999999997,0.4437073523749999
tanzania,2006,6.532221388,40294902,0.5670381499999999,29.112235185,3.299,0.4834,0.25,0.325,0.25,0.5625,0.506,0.3214286,0.0,0.0,-4.01167031363957,2.01919000335285,17.511735542491294,0.3787,0.3523008025949999
tanzania,2007,6.768535203,41435512,0.61875178,29.112235185,2.3125,0.4892,0.25,0.325,0.25,0.53125,0.506,0.3214286,0.0,0.0,-3.01167031363957,2.05008162704509,17.539648873026096,0.37245,0.388297679539
tanzania,2008,5.686416859,42570728,0.5670381499999999,29.112235185,0.343,0.4872,0.25,0.325,0.25,0.5,0.5093333,0.3214286,1.0,0.6931471805599453,-2.01167031363957,1.9000781340950306,17.56667746239344,0.36686666,0.35901075781692093
tanzania,2009,5.269105249,43633982,0.5670381499999999,29.112235185,2.5,0.4851,0.25,0.325,0.25,0.5,0.5093333,0.3214286,0.0,0.0,-1.01167031363957,1.8356336409529428,17.591346831329595,0.36686666,0.35901075781692093
tanzania,2010,6.336523427,44758488,0.5670381499999999,31.89204979,1.314,0.483,0.25,0.325,0.25,0.5,0.5213333,0.3571429,1.0,0.6931471805599453,-0.01167031363956994,1.9928650828723085,17.616791683018707,0.36926665999999997,0.35764986625692097
tanzania,2011,7.672155435,46029367,0.51532452,29.112235185,3.47,0.481,0.25,0.325,0.25,0.5,0.5213333,0.3571429,0.0,0.0,0.9883296863604301,2.160117368314337,17.644790185523192,0.36926665999999997,0.3250323556834968
tanzania,2012,4.50015356,47374260,0.5670381499999999,29.112235185,1.437,0.4853,0.25,0.325,0.25,0.5,0.5293333,0.3571429,0.0,0.0,1.98832968636043,1.7047760118486692,17.673589622300607,0.37086666,0.3567426052169209
tanzania,2013,6.781585601,48824128,0.5670381499999999,32.38574462,2.93,0.4896,0.25,0.35,0.25,0.5,0.5256666999999999,0.3571429,7.0,2.0794415416798357,2.98832968636043,2.0517601221807165,17.703735195346187,0.37513334,0.35432323488307893
tanzania,2014,6.732461868,50351512,0.5670381499999999,29.63108063,2.125,0.494,0.25,0.35,0.25,0.5,0.5256666999999999,0.3571429,11.0,2.4849066497880004,3.98832968636043,2.0454272941714593,17.734539226329797,0.37513334,0.35432323488307893
tanzania,2015,6.160628774,52020962,0.5670381499999999,26.09066963,2.3125,0.4983,0.25,0.35,0.25,0.5,0.5193333,0.3571429,14.0,2.70805020110221,4.98832968636043,1.96859779471458,17.76715732992416,0.37386666,0.35504149076692093
tanzania,2016,6.867116196,53824013,0.5670381499999999,25.64299926,2.3125,0.5026,0.25,0.35,0.25,0.5,0.5253333,0.3571429,3.0,1.3862943611198906,5.98832968636043,2.062691565290146,17.801230282421738,0.37506666,0.35436104498692095
tanzania,2017,6.727269968,55652890,0.5670381499999999,26.3711632,2.3125,0.5069,0.25,0.35,0.25,0.5,0.5156666999999999,0.3214286,6.0,1.9459101490553132,6.98832968636043,2.044755626609529,17.834644584022023,0.37313334,0.35545731118307894
tanzania,2018,5.502675994,57437145,0.513468689,28.59338974,2.3125,0.5069,0.25,0.35,0.25,0.5,0.5136667,0.3214286,3.0,1.3862943611198906,7.98832968636043,1.8722137835645607,17.866201794840293,0.37273334,0.3220817895636087
tanzania,2019,5.8,59174891,0.5670381499999999,30.18242633,2.3125,0.5069,0.25,0.325,0.25,0.5,0.422,0.2857143,1.0,0.6931471805599453,8.98832968636043,1.916922612182061,17.8960078882676,0.3494,0.36891502038999996
tanzania,2020,1.991964606,60972798,0.5670381499999999,30.92059386,1.792,0.5069,0.25,0.325,0.25,0.5,0.42,0.2857143,8.0,2.1972245773362196,9.98832968636043,1.0959302304968066,17.925938404653788,0.349,0.36914183564999997
thailand,1996,5.651944465,59920064,0.064248151,80.055383845,1.071,0.5522,0.375,0.625,0.5,0.6875,0.625,0.5714286,19.0,2.995732273553991,-14.01167031363957,1.894909212678874,17.908521981952354,0.5625,0.0281085660625
thailand,1998,-7.634035286,61522630,0.057169535,80.055383845,3.404,0.5286,0.375,0.6749999999999999,0.5,0.5625,0.625,0.5357143,4.0,1.6094379124341003,-12.01167031363957,-2.1557119839908134,17.93491564882717,0.5475,0.0258692145875
thailand,2000,4.455247043,63007815,0.084323625,80.055383845,2.389,0.5471,0.375,0.6749999999999999,0.5,0.6875,0.625,0.5357143,4.0,1.6094379124341003,-10.01167031363957,1.696577905702302,17.95876934015263,0.5725,0.0360483496875
thailand,2002,6.149036052,64266437,0.046585167,65.54582214,1.071,0.5486,0.125,0.5499999999999999,0.25,0.6875,0.625,0.5,12.0,2.5649493574615367,-8.01167031363957,1.966977529715068,17.978548093374993,0.44749999999999995,0.025738304767499998
thailand,2003,7.189243303,64868166,0.005482246,80.055383845,1.54,0.5657,0.0,0.425,0.25,0.5625,0.375,0.4642857,6.0,1.9459101490553132,-7.01167031363957,2.102821500800408,17.98786756827699,0.3225,0.0037142216649999997
thailand,2004,6.289342143,65452047,0.030930887,67.4442215,1.51,0.5519,0.0,0.4,0.25,0.5,0.375,0.4642857,44.0,3.8066624897703196,-6.01167031363957,1.9864133009335123,17.996828340892506,0.305,0.021496966465000003
thailand,2005,4.187638429,66017420,0.005482246,71.82627869,1.35,0.5487,0.0,0.375,0.25,0.4375,0.375,0.4285714,155.0,5.049856007249537,-5.01167031363957,1.646278570309209,18.005429219706283,0.2875,0.003906100275
thailand,2006,4.967810892,66567687,0.022190078,71.62985992,1.22,0.5452,0.0,0.325,0.25,0.1875,0.2723333,0.4285714,202.0,5.313205979041787,-4.01167031363957,1.7863801754020971,18.013729852614752,0.20696665999999997,0.01759747167120052
thailand,2007,5.435151691,67102394,0.012836678,75.7808075,1.18,0.5417,0.25,0.325,0.25,0.1875,0.2723333,0.4285714,293.0,5.683579767338681,-3.01167031363957,1.8617754135752285,18.02173029430046,0.25696665999999996,0.00953807972884452
thailand,2008,1.725698849,67619830,0.009915566,75.2078476,1.18,0.5534,0.25,0.325,0.25,0.25,0.3103333,0.4285714,200.0,5.303304908059076,-2.01167031363957,1.0027248535840103,18.029411855980317,0.27706665999999996,0.007168293246370441
thailand,2009,-0.690618232,68121080,0.007856127,76.60070801,1.49,0.5309,0.375,0.325,0.25,0.3125,0.3103333,0.4285714,298.0,5.700443573390687,-1.01167031363957,-0.5250942797914615,18.03679728268746,0.31456666,0.00538485136907418
thailand,2010,7.513390533,68579447,0.007086167,78.39437866,0.622,0.5531,0.375,0.325,0.25,0.3125,0.3016667,0.4285714,253.0,5.537334267018537,-0.01167031363956994,2.141640280746915,18.04350345597278,0.31283333999999996,0.00486937770959222
thailand,2011,0.840132083,69007208,0.003031061,86.98947906,0.66,0.5377,0.375,0.325,0.25,0.3125,0.3016667,0.4285714,182.0,5.209486152841421,0.9883296863604301,0.6098373532836595,18.04972153536493,0.31283333999999996,0.00208284406362626
thailand,2012,7.242796202,69436098,0.003878325,85.53652954,0.58,0.5458,0.375,0.325,0.25,0.3125,0.3016667,0.4285714,280.0,5.638354669333745,1.98832968636043,2.109339631259834,18.055917448742935,0.31283333999999996,0.0026650556366445
thailand,2013,2.687495563,69845114,0.00212615,83.85485077,0.249,0.5177,0.375,0.375,0.25,0.3125,0.2916667,0.5,472.0,6.159095388491933,2.98832968636043,1.3049475184109771,18.061790705645404,0.32083333999999997,0.001444010194159
thailand,2014,0.984468864,70216367,0.002288203,123.5254593,0.576,0.5292,0.375,0.4,0.25,0.25,0.263,0.5,423.0,6.049733455231958,3.98832968636043,0.6853513035235437,18.067092004211077,0.3076,0.0015843517572
thailand,2015,3.134047249,70540795,0.001318818,124.3305969,0.597,0.5028,0.25,0.4,0.25,0.3125,0.253,0.5,278.0,5.631211781821365,4.98832968636043,1.419256890560493,18.07170176708617,0.2931,0.0009322724442
thailand,2016,3.435157717,70859841,0.001378377,122.5632172,0.688,0.5072,0.25,0.45,0.25,0.3125,0.2473333,0.5357143,329.0,5.799092654460526,5.98832968636043,1.4895631770232585,18.076214427650314,0.30196666,0.0009621531010891801
thailand,2017,4.177681032,71160187,0.001001059,79.50623718,0.83,0.5291,0.25,0.45,0.25,0.375,0.2376667,0.5357143,179.0,5.19295685089021,6.98832968636043,1.6443572788139507,18.080444062692088,0.31253334,0.0006881946871929401
thailand,2018,4.222870287,71376079,0.00106436,80.60453051,0.765,0.5047,0.25,0.45,0.25,0.375,0.2376667,0.5357143,182.0,5.209486152841421,7.98832968636043,1.6530471141850185,18.083473357174483,0.31253334,0.0007317120142376001
thailand,2019,2.114557796,71522271,0.001346336,81.72064259,0.716,0.4806,0.25,0.525,0.25,0.5625,0.4606667,0.5357143,130.0,4.875197323201151,8.98832968636043,1.136087182611644,18.08551945566277,0.40963333999999996,0.0007948318875577601
thailand,2020,-6.050038469,71641484,0.000630434,82.3668561,1.099,0.4983,0.25,0.525,0.25,0.375,0.368,0.5357143,39.0,3.6888794541139363,9.98832968636043,-1.953033073405035,18.087184863585165,0.35359999999999997,0.00040751253760000006
timor-leste,2009,10.14695141,1058782,0.439356075,67.09385681,3.864,0.3999,0.0,0.2,0.0,0.4375,0.4073333,0.3571429,0.0,0.0,-1.01167031363957,2.4111660443776217,13.872630693293832,0.20896666000000003,0.3475453034565405
timor-leste,2010,9.331498063,1084679,0.439356075,68.30263096,3.301,0.4016,0.0,0.2,0.0,0.375,0.4073333,0.3571429,0.0,0.0,-0.01167031363956994,2.3351972932366283,13.896795570580457,0.19646666,0.3530372543940405
timor-leste,2011,5.958555016,1110207,0.439356075,70.16406026,3.864,0.4019,0.0,0.225,0.0,0.375,0.4906667,0.3571429,0.0,0.0,0.9883296863604301,1.9399718401481618,13.920057943121082,0.21813333999999998,0.34351786691095954
timor-leste,2012,4.860621341,1134885,0.439356075,70.0278422,3.864,0.4008,0.0,0.225,0.0,0.5,0.4886667,0.3571429,0.0,0.0,1.98832968636043,1.768255628855416,13.942042763324517,0.24273334000000002,0.3327097074659595
timor-leste,2013,3.10436981,1158695,0.439356075,67.8276666,4.05,0.4015,0.125,0.225,0.0,0.5,0.4913333,0.3571429,0.0,0.0,2.98832968636043,1.4120522134579605,13.96280579283455,0.26826666,0.3214914882090405
timor-leste,2014,4.472499229,1181903,0.439356075,69.37394642,3.864,0.4036,0.125,0.225,0.0,0.5,0.4913333,0.3214286,0.0,0.0,3.98832968636043,1.6997354095286217,13.982637255375685,0.26826666,0.3214914882090405
timor-leste,2015,2.480037854,1205131,0.439356075,72.98403256,3.678,0.4032,0.125,0.225,0.0,0.5,0.4913333,0.3214286,0.0,0.0,4.98832968636043,1.2470431713134293,14.0020996624759,0.26826666,0.3214914882090405
timor-leste,2016,3.009933581,1228312,0.439356075,77.38569437,4.657,0.4036,0.125,0.225,0.0,0.5,0.4913333,0.3214286,0.0,0.0,5.98832968636043,1.3887746778396584,14.021152241204794,0.26826666,0.3214914882090405
timor-leste,2017,-3.182415154,1251703,0.439356075,81.16657009,3.864,0.4032,0.125,0.225,0.0,0.5625,0.4896667,0.3214286,0.0,0.0,6.98832968636043,-1.430888867719702,14.04001638096492,0.28043334,0.3161459834384595
timor-leste,2018,-0.466502372,1275959,0.439356075,83.0952419,3.864,0.4024,0.125,0.225,0.0,0.5625,0.4896667,0.3214286,0.0,0.0,7.98832968636043,-0.3828802268905897,14.059209394433132,0.28043334,0.3161459834384595
timor-leste,2019,24.21287892,1300945,0.439356075,85.12482426,3.864,0.4024,0.125,0.225,0.0,0.5625,0.4896667,0.3214286,0.0,0.0,8.98832968636043,3.227354932220444,14.078602250099786,0.28043334,0.3161459834384595
timor-leste,2020,31.72574298,1326053,0.439356075,84.74104044,3.864,0.4024,0.125,0.225,0.0,0.5625,0.4853333,0.3214286,0.0,0.0,9.98832968636043,3.488162015281553,14.097718172880647,0.27956666,0.3165267645615405
togo,2006,2.650132099,6010668,0.672224386,46.02996826,4.229,0.4903,0.0,0.325,0.0,0.3125,0.3083333,0.4285714,0.0,0.0,-4.01167031363957,1.2947633584463527,15.609046614792268,0.18916666,0.5450619441298293
togo,2007,-1.1751369,6188344,0.6333918055000001,42.75978851,2.974,0.4943,0.0,0.3,0.0,0.375,0.225,0.3214286,0.0,0.0,-3.01167031363957,-0.7770916050885852,15.638178242191408,0.18,0.5193812805100001
togo,2008,4.035613154,6368812,0.6333918055000001,49.40029907,2.974,0.4982,0.0,0.35,0.0,0.5,0.331,0.3214286,0.0,0.0,-2.01167031363957,1.6165352971076834,15.666923667955276,0.23620000000000002,0.48378466104090007
togo,2009,5.453810969,6551865,0.6333918055000001,49.40029907,2.974,0.5022,0.0,0.325,0.0,0.5,0.2476667,0.3214286,0.0,0.0,-1.01167031363957,1.864670804232758,15.69526045253545,0.21453333999999996,0.4975081459374547
togo,2010,5.854333991,6732590,0.6333918055000001,49.40029907,10.624,0.5062,0.125,0.35,0.0,0.5,0.365,0.3571429,0.0,0.0,-0.01167031363956994,1.9248811516203017,15.722470620100866,0.26799999999999996,0.463642801626
togo,2011,5.823256221,6916474,0.652127711,52.77062988,1.982,0.5102,0.125,0.375,0.0,0.5,0.4483333,0.3571429,0.0,0.0,0.9883296863604301,1.9203368096710773,15.749416804745545,0.28966666,0.46322805506118475
togo,2012,6.302714269,7100736,0.6333918055000001,49.40029907,2.974,0.5016,0.125,0.325,0.0,0.3125,0.2816667,0.3571429,0.0,0.0,1.98832968636043,1.9882460967185176,15.775709139441306,0.20883333999999998,0.5011184792288047
togo,2013,5.824250693,7285442,0.6333918055000001,49.40029907,2.974,0.493,0.125,0.325,0.0,0.3125,0.2816667,0.2857143,0.0,0.0,2.98832968636043,1.9204825464723885,15.801388805645917,0.20883333999999998,0.5011184792288047
togo,2014,5.633237391,7472450,0.6333918055000001,49.40029907,2.974,0.4845,0.125,0.325,0.0,0.3125,0.2816667,0.2857143,0.0,0.0,3.98832968636043,1.8920929792893955,15.82673361574168,0.20883333999999998,0.5011184792288047
togo,2015,5.468041381,7663195,0.6146559,49.40029907,2.204,0.4759,0.25,0.35,0.0,0.375,0.2803333,0.2857143,0.0,0.0,4.98832968636043,1.866873339498971,15.851939687075529,0.25106666,0.46033629613770605
togo,2016,4.214903874,7858289,0.6333918055000001,49.40029907,2.974,0.4832,0.25,0.35,0.0,0.375,0.2773333,0.2857143,0.0,0.0,5.98832968636043,1.6515206556845792,15.87707958348447,0.25046666,0.4747482755050454
togo,2017,4.007912596,8057140,0.6333918055000001,60.76947222,3.744,0.4904,0.25,0.35,0.0,0.25,0.2683333,0.2857143,0.0,0.0,6.98832968636043,1.6110191807700949,15.902069336916494,0.22366666,0.4917231758924454
togo,2018,4.795183331,8258778,0.351255963,49.40029907,2.974,0.4977,0.25,0.35,0.0,0.25,0.27,0.2857143,0.0,0.0,7.98832968636043,1.757027112356879,15.926787313747342,0.22400000000000003,0.272574627288
togo,2019,4.922833214,8463068,0.6333918055000001,49.40029907,2.036,0.4849,0.25,0.35,0.0,0.3125,0.2766667,0.2857143,0.0,0.0,8.98832968636043,1.7788149178573283,15.951222431756191,0.23783333999999998,0.4827501168693047
togo,2020,2.162286574,8669720,0.6333918055000001,49.40029907,2.974,0.4721,0.25,0.325,0.0,0.3125,0.26,0.3571429,0.0,0.0,9.98832968636043,1.15129536529411,15.975347168308144,0.22949999999999998,0.48802838613775
trinidad and tobago,1996,7.134477465,1300928,0.057169535,84.27310944,16.25,0.5541,0.625,0.625,0.5,0.6875,0.75,0.5714286,3.0,1.3862943611198906,-14.01167031363957,2.0961115056639086,14.078589182600387,0.6375,0.020723956437500003
trinidad and tobago,1998,8.124563997,1310225,0.057169535,84.27310944,14.21,0.5541,0.5,0.6,0.5,0.75,0.625,0.5714286,0.0,0.0,-12.01167031363957,2.2109701171763145,14.085710199381598,0.595,0.023153661675000003
trinidad and tobago,2000,6.901359591,1319774,0.057169535,84.27310944,12.1,0.5541,0.375,0.575,0.5,0.625,0.5,0.5714286,0.0,0.0,-10.01167031363957,2.06703484479203,14.092971825488071,0.515,0.027727224475
trinidad and tobago,2002,7.936709687,1332011,0.057169535,84.27310944,10.39,0.5619,0.375,0.575,0.5,0.5625,0.5,0.5357143,0.0,0.0,-8.01167031363957,2.1901674774808906,14.1022011390509,0.5025000000000001,0.028441843662499997
trinidad and tobago,2003,14.44098954,1338709,0.057169535,84.27310944,10.48,0.562,0.375,0.525,0.5,0.5625,0.5,0.5714286,0.0,0.0,-7.01167031363957,2.737025631921232,14.107217021679606,0.4925,0.029013539012500002
trinidad and tobago,2004,7.950051511,1345380,0.057169535,84.27310944,8.33,0.5588,0.375,0.525,0.5,0.5625,0.5,0.5714286,0.0,0.0,-6.01167031363957,2.191659287689196,14.11218780227978,0.4925,0.029013539012500002
trinidad and tobago,2005,6.20893788,1294494,0.057169535,84.27310944,7.95,0.5548,0.375,0.5499999999999999,0.25,0.5625,0.625,0.5714286,2.0,1.0986122886681098,-5.01167031363957,1.9753216283787953,14.073631215671098,0.4725,0.030156929712500006
trinidad and tobago,2006,13.20805861,1297944,0.057169535,84.27310944,6.27,0.5516,0.25,0.475,0.25,0.5625,0.5726667,0.4642857,0.0,0.0,-4.01167031363957,2.6538093113820715,14.07629280246706,0.42203334000000003,0.033042085197703096
trinidad and tobago,2007,4.754209701,1303188,0.057169535,84.27310944,5.54,0.5618,0.25,0.475,0.25,0.625,0.5726667,0.4642857,0.0,0.0,-3.01167031363957,1.7499317088517894,14.080324895473145,0.43453334000000005,0.0323274660102031
trinidad and tobago,2008,3.391737078,1308587,0.057169535,84.27310944,4.63,0.553,0.25,0.475,0.25,0.75,0.5736667,0.4642857,0.0,0.0,-2.01167031363957,1.4797248385719666,14.084459251270273,0.45973334,0.0308867937282031
trinidad and tobago,2009,-4.391729247,1310106,0.057169535,84.27310944,5.28,0.5446,0.25,0.475,0.25,0.75,0.5736667,0.4642857,0.0,0.0,-1.01167031363957,-1.6848661585139375,14.085619371231068,0.45973334,0.0308867937282031
trinidad and tobago,2010,3.32322471,1317714,0.057169535,84.27310944,4.033,0.5455,0.25,0.475,0.25,0.6875,0.572,0.4642857,1.0,0.6931471805599453,-0.01167031363956994,1.4640015844409833,14.091409733939752,0.4469,0.031620469808499994
trinidad and tobago,2011,-0.294354409,1328019,0.057169535,84.27310944,3.425,0.5384,0.25,0.475,0.25,0.6875,0.572,0.4642857,0.0,0.0,0.9883296863604301,-0.2580120449774397,14.099199669146076,0.4469,0.031620469808499994
trinidad and tobago,2012,6.710746254,1335194,0.057169535,84.27310944,3.718,0.5325,0.25,0.475,0.25,0.6875,0.5663332999999999,0.4642857,0.0,0.0,1.98832968636043,2.0426149732934245,14.104587906565412,0.44576666,0.0316852623292969
trinidad and tobago,2013,3.368192917,1340557,0.057169535,84.27310944,2.683,0.5398,0.25,0.475,0.25,0.6875,0.5663332999999999,0.4642857,3.0,1.3862943611198906,2.98832968636043,1.4743494034471691,14.108596503159665,0.44576666,0.0316852623292969
trinidad and tobago,2014,3.67086851,1345343,0.057169535,84.27310944,2.477,0.5319,0.25,0.475,0.25,0.6875,0.5663332999999999,0.4642857,0.0,0.0,3.98832968636043,1.5413450308347267,14.112160300398315,0.44576666,0.0316852623292969
trinidad and tobago,2015,-0.406283289,1349667,0.057169535,84.27310944,2.428,0.5282,0.25,0.475,0.25,0.6875,0.57,0.4642857,1.0,0.6931471805599453,4.98832968636043,-0.3409502588681894,14.115369194243947,0.4465,0.0316433376225
trinidad and tobago,2016,-7.536363054,1353895,0.057169535,84.27310944,3.207,0.5295,0.25,0.475,0.25,0.6875,0.57,0.4642857,0.0,0.0,5.98832968636043,-2.144335045194332,14.11849692005089,0.4465,0.0316433376225
trinidad and tobago,2017,-4.872749469,1356633,0.057169535,84.27310944,4.955,0.5299,0.25,0.5,0.25,0.75,0.568,0.4642857,0.0,0.0,6.98832968636043,-1.7703229175341268,14.120517189836695,0.4636,0.030665738573999998
trinidad and tobago,2018,-0.945449701,1359193,0.057169535,84.27310944,4.955,0.5327,0.25,0.5,0.25,0.75,0.572,0.4642857,1.0,0.6931471805599453,7.98832968636043,-0.6654931590861479,14.122402434968727,0.46440000000000003,0.030620002945999997
trinidad and tobago,2019,0.467734529,1363985,0.057169535,84.27310944,3.523,0.5258,0.375,0.5,0.25,0.75,0.572,0.4642857,1.0,0.6931471805599453,8.98832968636043,0.3837200752832023,14.125921853403252,0.4894,0.029190764571
trinidad and tobago,2020,-8.788798178,1366725,0.057169535,84.27310944,4.206,0.5411,0.375,0.5,0.25,0.75,0.572,0.4642857,1.0,0.6931471805599453,9.98832968636043,-2.2812386888433416,14.127928656698185,0.4894,0.029190764571
tunisia,1996,7.146080968,9294432,0.045145203,58.36199188,14.55,0.5681,0.25,0.4,0.75,0.5,0.25,0.3928571,0.0,0.0,-14.01167031363957,2.0975369487790823,16.04492617673915,0.43,0.025732765710000004
tunisia,1998,4.783762478,9541667,0.045145203,66.0825882,14.55,0.5681,0.25,0.4,0.75,0.625,0.25,0.3928571,0.0,0.0,-12.01167031363957,1.7550544186605617,16.07117887090855,0.45499999999999996,0.024604135635000003
tunisia,2000,4.709972914,9764935,0.10512,72.48271179,14.94,0.5681,0.25,0.4,0.75,0.6875,0.25,0.3928571,1.0,0.6931471805599453,-10.01167031363957,1.7422142800489622,16.094308568251982,0.46749999999999997,0.0559764
tunisia,2002,1.322557148,9971515,0.045145203,76.49107361,14.55,0.5681,0.375,0.425,0.75,0.375,0.375,0.4285714,1.0,0.6931471805599453,-8.01167031363957,0.8426687976464002,16.115243186547158,0.45999999999999996,0.024378409620000003
tunisia,2003,4.702399533,10071632,0.045145203,76.05935669,14.51,0.5681,0.25,0.35,0.5,0.625,0.375,0.4285714,0.0,0.0,-7.01167031363957,1.7408870569589527,16.125233416393524,0.42000000000000004,0.026184217739999998
tunisia,2004,6.235790722,10166163,0.045145203,80.00332642,14.23,0.5681,0.375,0.45,0.5,0.4375,0.375,0.3928571,0.0,0.0,-6.01167031363957,1.979039645334817,16.134575509064252,0.42750000000000005,0.025845628717500003
tunisia,2005,3.486545543,10255472,0.059001073,83.43923187,12.872,0.5681,0.25,0.425,0.5,0.4375,0.25,0.3928571,0.0,0.0,-5.01167031363957,1.5010830388244798,16.143322072266976,0.3725,0.0370231733075
tunisia,2006,5.244099832,10346410,0.045145203,85.95426941,12.51,0.5604,0.375,0.525,0.5,0.625,0.2686667,0.4642857,0.0,0.0,-4.01167031363957,1.8316369909943016,16.152150254254337,0.45873333999999993,0.024435593242831982
tunisia,2007,6.709520975,10441702,0.045145203,89.60930634,12.365,0.5532,0.3125,0.5,0.5,0.59375,0.2686667,0.4285714,1.0,0.6931471805599453,-3.01167031363957,2.0424560552948736,16.161318249721084,0.43498333999999994,0.025507791814081984
tunisia,2008,4.237781475,10542635,0.045145203,91.054039,12.444,0.5464,0.25,0.525,0.5,0.5,0.3486667,0.4285714,1.0,0.6931471805599453,-2.01167031363957,1.6558980260476304,16.17093816468564,0.42473333999999996,0.025970530144831982
tunisia,2009,3.043450124,10650681,0.045145203,88.83683777,13.29,0.5399,0.25,0.5,0.5,0.5,0.2653333,0.4285714,0.0,0.0,-1.01167031363957,1.39709831861925,16.18113448562808,0.40306666,0.02694867681176802
tunisia,2010,2.971132751,10765980,0.031289333,88.11122894,13.049,0.5338,0.25,0.45,0.5,0.5625,0.1763333,0.4285714,0.0,0.0,-0.01167031363956994,1.3790513817086985,16.191901813286325,0.38776666,0.01915637284896222
tunisia,2011,-2.046633895,10886035,0.045145203,89.34146881,18.334,0.5366,0.375,0.425,0.5,0.3125,0.351,0.3214286,3.0,1.3862943611198906,0.9883296863604301,-1.1140373401755452,16.20299142497063,0.3927,0.027416681781899998
tunisia,2012,4.216677115,11009647,0.045145203,85.78160095,17.63,0.53,0.375,0.425,0.5,0.375,0.3556667,0.3571429,3.0,1.3862943611198906,1.98832968636043,1.6518606311914463,16.214282537252267,0.40613334000000006,0.02681023092063198
tunisia,2013,2.429930964,11141361,0.045145203,87.23570251,15.934,0.5238,0.375,0.475,0.25,0.375,0.5253333,0.3571429,29.0,3.4011973816621555,2.98832968636043,1.232540133861593,16.2261750471085,0.4000666600000001,0.02708411242076802
tunisia,2014,3.090328031,11274288,0.045145203,84.96634674,14.259,0.5238,0.5,0.475,0.25,0.4375,0.5436667,0.3928571,23.0,3.1780538303479458,3.98832968636043,1.4086251700170915,16.238035381497696,0.44123334,0.025225634295331985
tunisia,2015,0.967834206,11402264,0.006576977,85.78160095,15.159,0.5238,0.5,0.5,0.25,0.4375,0.5573332999999999,0.3928571,19.0,2.995732273553991,4.98832968636043,0.6769335501625601,16.249322577840157,0.44896665999999996,0.0036241336034131804
tunisia,2016,1.117231964,11528674,0.045145203,90.32642365,15.557,0.5238,0.5,0.525,0.25,0.375,0.5466667,0.3928571,12.0,2.5649493574615367,5.98832968636043,0.7501095581860509,16.260347968035465,0.43933333999999996,0.025311410181031984
tunisia,2017,2.252614376,11650498,0.045145203,85.78160095,15.33,0.5238,0.5,0.525,0.5,0.4375,0.4606667,0.5,4.0,1.6094379124341003,6.98832968636043,1.1794590963511793,16.27085956967672,0.48463333999999997,0.02326633248513198
tunisia,2018,2.606969654,11765514,0.045145203,85.78160095,15.459,0.5238,0.5,0.5,0.5,0.375,0.4636667,0.4642857,19.0,2.995732273553991,7.98832968636043,1.282867988800345,16.280683353091202,0.46773334,0.02402928641583198
tunisia,2019,1.55009305,11875081,0.045145203,85.78160095,17.153,0.5238,0.375,0.5,0.5,0.375,0.474,0.4642857,16.0,2.833213344056216,8.98832968636043,0.9361298487006622,16.289952813124295,0.44480000000000003,0.025064616705599996
tunisia,2020,-8.975126229,11974057,0.045145203,85.78160095,14.55,0.5238,0.375,0.5,0.5,0.4375,0.4696667,0.4642857,5.0,1.791759469228055,9.98832968636043,-2.3000946172322,16.298253034284,0.45643333999999997,0.02453942720973198
uganda,1996,9.072114579,21231550,0.785472057,21.606829645,2.563,0.4824,0.25,0.225,0.25,0.0625,0.125,0.5,29.0,3.4011973816621555,-14.01167031363957,2.3097706726701914,16.870998888005726,0.1825,0.6421234065975
uganda,1998,4.905265485,22515806,0.635498754,21.606829645,2.563,0.5118,0.0,0.125,0.25,0.0625,0.0,0.5,18.0,2.9444389791664403,-12.01167031363957,1.7758444079951616,16.92972815384696,0.0875,0.579892613025
uganda,2000,3.141907338,24000150,0.635498754,21.606829645,2.563,0.537,0.0,0.125,0.25,0.0625,0.0,0.5,20.0,3.044522437723423,-10.01167031363957,1.421156391404947,16.993570679959095,0.0875,0.579892613025
uganda,2002,8.732685764,25532870,0.785756108,21.606829645,3.5,0.5581,0.0,0.125,0.25,0.0625,0.0,0.5,24.0,3.2188758248682006,-8.01167031363957,2.2754898872969442,17.055477238829166,0.0875,0.71700244855
uganda,2003,6.473258672,26352124,0.635498754,21.606829645,3.6,0.5452,0.0,0.125,0.25,0.0625,0.0,0.5,30.0,3.4339872044851463,-7.01167031363957,2.0113311385602555,17.087059474861288,0.0875,0.579892613025
uganda,2004,6.807233344,27154515,0.635498754,19.12254906,2.563,0.5324,0.0,0.125,0.25,0.1875,0.0,0.5,10.0,2.3978952727983707,-6.01167031363957,2.0550506557653923,17.11705392568701,0.1125,0.5640051441749999
uganda,2005,6.332565116,27963289,0.724035954,21.606829645,1.9,0.5196,0.0,0.15,0.25,0.125,0.125,0.5,11.0,2.4849066497880004,-5.01167031363957,1.992325402293727,17.14640313650482,0.13,0.62991127998
uganda,2006,10.78474439,28794003,0.635498754,21.606829645,2.563,0.5252,0.25,0.45,0.25,0.4375,0.4213333,0.3214286,0.0,0.0,-4.01167031363957,2.466805846717152,17.17567772898626,0.36176665999999996,0.40559649233125833
uganda,2007,8.412425966,29653430,0.635498754,24.09111023,2.563,0.5308,0.25,0.45,0.25,0.4375,0.4213333,0.3214286,1.0,0.6931471805599453,-3.01167031363957,2.242030727597071,17.205088393408122,0.36176665999999996,0.40559649233125833
uganda,2008,8.708751902,30539553,0.635498754,21.606829645,2.563,0.5364,0.25,0.45,0.25,0.4375,0.4176667,0.3214286,7.0,2.0794415416798357,-2.01167031363957,2.273027736657456,17.234533253849825,0.36103334,0.40606251627754164
uganda,2009,6.801517349,31451151,0.635498754,21.606829645,3.6,0.542,0.25,0.45,0.25,0.5,0.4176667,0.3214286,2.0,1.0986122886681098,-1.01167031363957,2.054318246699742,17.263946170010623,0.37353334,0.3981187818525416
uganda,2010,5.637611637,32390802,0.635498754,21.606829645,1.401,0.5275,0.25,0.45,0.25,0.5,0.4183333,0.3214286,6.0,1.9459101490553132,-0.01167031363956994,1.8927522055603272,17.29338508244255,0.37366666,0.39803405715865836
uganda,2011,9.391655493,33354543,0.635498754,21.606829645,0.881,0.513,0.25,0.45,0.25,0.4375,0.421,0.3214286,0.0,0.0,0.9883296863604301,2.341003127644806,17.322704572918525,0.3617,0.4056388546782
uganda,2012,3.837455606,34337438,0.561621117,21.606829645,3.551,0.4985,0.25,0.45,0.25,0.4375,0.422,0.3214286,4.0,1.6094379124341003,1.98832968636043,1.5763888812595273,17.351746832900652,0.3619,0.3583704347577
uganda,2013,3.586905826,35337042,0.635498754,21.606829645,1.91,0.5026,0.25,0.45,0.25,0.4375,0.424,0.3214286,0.0,0.0,2.98832968636043,1.5232056847742375,17.380442348463145,0.36229999999999996,0.40525755542580005
uganda,2014,5.106307325,36395539,0.635498754,21.606829645,1.566,0.5066,0.25,0.45,0.25,0.4375,0.424,0.3214286,6.0,1.9459101490553132,3.98832968636043,1.8093222246871006,17.409956797627338,0.36229999999999996,0.40525755542580005
uganda,2015,5.18785986,37531446,0.635498754,21.606829645,2.563,0.5107,0.25,0.475,0.25,0.375,0.424,0.3571429,10.0,2.3978952727983707,4.98832968636043,1.8225892853955477,17.440689726189955,0.3548,0.4100237960808
uganda,2016,4.781000293,38799152,0.601053166,21.606829645,2.563,0.5148,0.25,0.45,0.25,0.375,0.342,0.3571429,15.0,2.772588722239781,5.98832968636043,1.7545767287836105,17.47390897445832,0.33340000000000003,0.4006620404556
uganda,2017,3.131405517,40177388,0.635498754,21.606829645,3.428,0.5181,0.25,0.45,0.25,0.375,0.3363333,0.3571429,13.0,2.6390573296152584,6.98832968636043,1.4186176679638027,17.508814932661206,0.33226666,0.4243437055742584
uganda,2018,6.303923783,41565831,0.635498754,21.606829645,2.563,0.5215,0.25,0.45,0.25,0.375,0.34,0.3571429,10.0,2.3978952727983707,7.98832968636043,1.9884117082710815,17.542789041588083,0.333,0.42387766891800005
uganda,2019,6.438745033,42999637,0.597843749,21.606829645,2.563,0.5248,0.125,0.45,0.25,0.375,0.334,0.3571429,4.0,1.6094379124341003,8.98832968636043,2.0067021562569907,17.57670225501775,0.3068,0.4144252868068001
uganda,2020,2.951306422,44457152,0.635498754,21.606829645,2.563,0.5248,0.25,0.45,0.25,0.3125,0.3313333,0.3571429,5.0,1.791759469228055,9.98832968636043,1.3740462639775326,17.61003642936227,0.31876666,0.4329229387532584
ukraine,1996,-10.0,51226109,0.152387766,97.53465270999999,7.65,0.369,0.125,0.2,0.0,0.3125,0.125,0.4642857,3.0,1.3862943611198906,-14.01167031363957,-2.3978952727983707,17.751759920961348,0.1525,0.12914863168500001
ukraine,1998,-1.900000002,50379731,0.0024258459999999997,97.53465270999999,11.32,0.3129,0.0,0.15,0.0,0.1875,0.125,0.3928571,0.0,0.0,-12.01167031363957,-1.0647107376820835,17.735099509303332,0.0925,0.0022014552449999996
ukraine,2000,5.9,49556660,0.0024258459999999997,97.83258057,11.707,0.3121,0.0,0.125,0.0,0.3125,0.125,0.3928571,1.0,0.6931471805599453,-10.01167031363957,1.9315214116032138,17.718627239574204,0.1125,0.0021529383249999996
ukraine,2002,5.339647207,48677281,0.062564627,100.0385284,10.136,0.3308,0.0,0.225,0.0,0.4375,0.125,0.3928571,3.0,1.3862943611198906,-8.01167031363957,1.8468231213172654,17.700722990506748,0.1575,0.0527106982475
ukraine,2003,9.516609864,48315136,0.032376096,101.2501221,9.057,0.3417,0.0,0.225,0.0,0.4375,0.125,0.3928571,1.0,0.6931471805599453,-7.01167031363957,2.3529558991000883,17.69325546496984,0.1575,0.02727686088
ukraine,2004,11.79535253,47979507,0.027920779,98.83901978,8.59,0.3489,0.0,0.225,0.0,0.4375,0.125,0.3928571,0.0,0.0,-6.01167031363957,2.549082021401014,17.686284561050634,0.1575,0.0235232563075
ukraine,2005,3.071230392,47585556,0.011141379,95.11811066,7.18,0.3338,0.0,0.225,0.0,0.4375,0.125,0.3928571,0.0,0.0,-5.01167031363957,1.403945261385471,17.678039848789414,0.1575,0.0093866118075
ukraine,2006,7.571420763,47278694,0.006670842,97.16278839,6.81,0.3489,0.0,0.275,0.0,0.5,0.4813333,0.3928571,0.0,0.0,-4.01167031363957,2.148433502183039,17.671570329158346,0.25126666000000003,0.00499468181127228
ukraine,2007,8.215844452,47062798,0.004617694,97.69142914,6.351,0.3294,0.0,0.3,0.0,0.5625,0.4813333,0.3928571,1.0,0.6931471805599453,-3.01167031363957,2.2209242257729054,17.666993416757858,0.26876666,0.00337661180671796
ukraine,2008,2.243491596,46819175,0.001272872,97.74034882,6.363,0.3228,0.0,0.3,0.0,0.625,0.4813333,0.3928571,1.0,0.6931471805599453,-2.01167031363957,1.176650402639406,17.66180342055564,0.28126666,0.00091485554395248
ukraine,2009,-15.13646791,46623731,0.003170227,97.37787628,8.84,0.304,0.0,0.325,0.0,0.5,0.5646667,0.3928571,2.0,1.0986122886681098,-1.01167031363957,-2.78108179812439,17.657620239847986,0.27793334,0.00228911522133182
ukraine,2010,4.092004367,46456003,0.001337387,98.14168177,8.1,0.2916,0.0,0.325,0.0,0.5625,0.5433333,0.3928571,4.0,1.6094379124341003,-0.01167031363956994,1.627671538314588,17.654016272137,0.28616666,0.0009546714290825799
ukraine,2011,5.44528081,46307853,0.000709468,96.11718264,7.851,0.2891,0.0,0.325,0.0,0.5625,0.6053333,0.3928571,3.0,1.3862943611198906,0.9883296863604301,1.8633482056514614,17.650822137499816,0.29856666,0.00049764450886312
ukraine,2012,0.152314967,46210056,0.001367843,99.47754931,7.529,0.2724,0.0,0.325,0.0,0.5,0.5303333,0.3928571,8.0,2.1972245773362196,1.98832968636043,0.14177293375847666,17.64870801634493,0.27106665999999996,0.00099706636658562
ukraine,2013,0.045439094,46126770,0.00052962,99.43038011,7.17,0.2744,0.0,0.3,0.0,0.5,0.528,0.3571429,5.0,1.791759469228055,2.98832968636043,0.044436982809439786,17.646904055251827,0.2656,0.00038895292799999995
ukraine,2014,-10.07889498,45972380,0.00026386,98.29632493,9.27,0.2894,0.0,0.275,0.0,0.0625,0.514,0.3928571,896.0,6.799055862058796,3.98832968636043,-2.4050419452987346,17.6435513610898,0.1703,0.000218924642
ukraine,2015,-9.772987213,45784896,0.002730814,90.50289611,9.14,0.3088,0.0,0.275,0.25,0.1875,0.5233333,0.3928571,638.0,6.459904454377535,4.98832968636043,-2.3770418169624974,17.63946483487636,0.24716665999999998,0.0020558478245387597
ukraine,2016,2.440981945,45616832,0.00249074,88.54575087,9.35,0.3218,0.0,0.325,0.25,0.1875,0.5233333,0.3928571,62.0,4.143134726391533,5.98832968636043,1.2357568797803629,17.6357873511043,0.25716666,0.0018502047132716
ukraine,2017,2.359972281,45436041,0.000833042,86.78870227,9.5,0.3184,0.0,0.35,0.25,0.125,0.523,0.4642857,62.0,4.143134726391533,6.98832968636043,1.211932724238703,17.631816224710168,0.2496,0.0006251147168
ukraine,2018,3.48836234,45208907,0.002360952,85.83318768,8.799,0.3163,0.0,0.35,0.25,0.125,0.523,0.4642857,36.0,3.6109179126442243,7.98832968636043,1.5014879002555943,17.626804705030835,0.2496,0.0017716583807999998
ukraine,2019,3.199503864,44957458,0.001800775,84.45682836,8.194,0.3188,0.0,0.35,0.25,0.125,0.53,0.4642857,31.0,3.4657359027997265,8.98832968636043,1.4349663906926584,17.621227245048654,0.251,0.001348780475
ukraine,2020,-3.75281794,44680014,0.000337678,84.42833386,9.475,0.3188,0.0,0.375,0.25,0.25,0.527,0.4642857,38.0,3.6635616461296463,9.98832968636043,-1.5587376926693386,17.615036867885898,0.28040000000000004,0.0002429930888
united arab emirates,1996,5.798404069,2597564,0.0,101.7473443,2.331,0.5505,0.25,0.525,0.5,0.75,0.375,0.7142856999999999,0.0,0.0,-14.01167031363957,1.916687888901413,14.77008502570402,0.48,0.0
united arab emirates,1998,0.291994342,3040421,0.0,101.7473443,2.331,0.5505,0.25,0.525,0.5,0.75,0.375,0.7142856999999999,0.0,0.0,-12.01167031363957,0.25618702609385524,14.927506879537859,0.48,0.0
united arab emirates,2000,10.85270422,3493575,0.0,101.7473443,2.25,0.5527,0.25,0.525,0.5,0.75,0.375,0.7142856999999999,0.0,0.0,-10.01167031363957,2.4725560457659275,15.06643641142529,0.48,0.0
united arab emirates,2002,2.433456811,3956826,0.0,101.7473443,2.331,0.5551,0.5,0.5,0.5,0.8125,0.375,0.7142856999999999,0.0,0.0,-8.01167031363957,1.23356757028971,15.190952999421924,0.5375,0.0
united arab emirates,2003,8.800540814,4192457,0.0,101.7473443,2.331,0.5565,0.5,0.5,0.5,0.8125,0.375,0.7142856999999999,0.0,0.0,-7.01167031363957,2.2824375692559253,15.248797754740234,0.5375,0.0
united arab emirates,2004,9.566436638,4428967,0.0,101.7473443,2.331,0.5579,0.5,0.5,0.5,0.8125,0.375,0.7142856999999999,0.0,0.0,-6.01167031363957,2.3576826227037233,15.303677157771986,0.5375,0.0
united arab emirates,2005,4.855141196,4664790,0.0,101.7473443,3.12,0.5594,0.5,0.5,0.5,0.8125,0.375,0.7142856999999999,0.0,0.0,-5.01167031363957,1.7673201122157822,15.355553589545057,0.5375,0.0
united arab emirates,2006,9.837319769,5009100,0.0,101.7473443,2.331,0.561,0.5,0.5,0.5,0.8125,0.3306667,0.7142856999999999,0.0,0.0,-4.01167031363957,2.3829957116569562,15.426767015841799,0.5286333400000001,0.0
united arab emirates,2007,3.184390173,5624635,0.0,101.7473443,2.331,0.5627,0.5,0.4875,0.5,0.71875,0.3306667,0.7142856999999999,0.0,0.0,-3.01167031363957,1.4313609759998627,15.542666792849792,0.50738334,0.0
united arab emirates,2008,3.191836273,6302664,0.0,101.7473443,2.331,0.5646,0.5,0.575,0.5,0.6875,0.3366667,0.6785713999999999,0.0,0.0,-2.01167031363957,1.433138889242637,15.656483117788786,0.51983334,0.0
united arab emirates,2009,-5.242921904,6707058,0.0,101.7473443,2.331,0.5666,0.375,0.525,0.5,0.8125,0.2533333,0.6428571,0.0,0.0,-1.01167031363957,-1.8314483266308692,15.718671111822667,0.49316666,0.0
united arab emirates,2010,1.602850047,6869838,0.0,101.7473443,2.331,0.5479,0.375,0.525,0.5,0.8125,0.2506667,0.6428571,2.0,1.0986122886681098,-0.01167031363956994,0.9566070165927609,15.742651228698305,0.49263334,0.0
united arab emirates,2011,6.736467869,7104538,0.0,101.7473443,2.331,0.5293,0.375,0.525,0.5,0.8125,0.2526667,0.6071428999999999,0.0,0.0,0.9883296863604301,2.0459452357689276,15.776244433523699,0.49303334000000004,0.0
united arab emirates,2012,4.683265702,7391448,0.0,101.7473443,2.331,0.5108,0.375,0.525,0.5,0.8125,0.2526667,0.6071428999999999,0.0,0.0,1.98832968636043,1.7375260150492622,15.81583434948212,0.49303334000000004,0.0
united arab emirates,2013,4.918478067,7693031,0.0,101.7473443,2.331,0.4923,0.375,0.525,0.5,0.8125,0.2506667,0.6071428999999999,1.0,0.6931471805599453,2.98832968636043,1.7780793325673168,15.855825542058055,0.49263334,0.0
united arab emirates,2014,4.63288145,8059440,0.0,101.7473443,2.331,0.4959,0.375,0.525,0.5,0.8125,0.2546667,0.6071428999999999,2.0,1.0986122886681098,3.98832968636043,1.7286211140671133,15.902354757238943,0.49343334,0.0
united arab emirates,2015,7.087673486,8505237,0.0,101.7473443,2.331,0.4936,0.375,0.5499999999999999,0.5,0.8125,0.2583333,0.6785713999999999,0.0,0.0,4.98832968636043,2.090341110725231,15.956192766959662,0.49916665999999993,0.0
united arab emirates,2016,5.657933292,8935095,0.0,101.7473443,1.64,0.4913,0.5,0.6,0.5,0.875,0.2583333,0.7142856999999999,0.0,0.0,5.98832968636043,1.8958091198776479,16.005497450782077,0.54666666,0.0
united arab emirates,2017,-1.061376615,9223225,0.0,101.7473443,2.462,0.489,0.5,0.6,0.5,0.9375,0.2563333,0.7142856999999999,0.0,0.0,6.98832968636043,-0.7233740193241337,16.037235425875135,0.5587666600000001,0.0
united arab emirates,2018,1.537166832,9346701,0.0,102.1844482,2.236,0.4866,0.5,0.6,0.5,0.9375,0.2586667,0.7142856999999999,0.0,0.0,7.98832968636043,0.9310480380136136,16.050534111769245,0.55923334,0.0
united arab emirates,2019,1.271342408,9445785,0.0,101.7473443,2.331,0.4866,0.5,0.625,0.5,0.9375,0.2586667,0.75,0.0,0.0,8.98832968636043,0.8203710258664703,16.061079274089465,0.56423334,0.0
united arab emirates,2020,-8.693426179,9401038,0.0,99.16354008,4.294,0.4866,0.5,0.625,0.5,0.9375,0.25,0.7142856999999999,0.0,0.0,9.98832968636043,-2.2714479422525753,16.056330773046923,0.5625,0.0
united kingdom,1996,2.614916069,58166950,0.002463672,103.4611893,8.189,0.351,0.875,0.8999999999999999,1.0,0.9375,0.875,0.8928571,36.0,3.6109179126442243,-14.01167031363957,1.2850686379138134,17.878827899178848,0.9175000000000001,0.00020325293999999978
united kingdom,1998,3.246314829,58487141,0.002455574,103.4611893,6.198,0.3599,0.875,0.8999999999999999,1.0,0.9375,0.875,0.8928571,63.0,4.1588830833596715,-12.01167031363957,1.446051507729659,17.884317493171856,0.9175000000000001,0.00020258485499999977
united kingdom,2000,4.524380748,58892514,0.002488854,101.2043762,5.558,0.3536,0.875,0.8999999999999999,1.0,0.9375,0.875,0.8928571,61.0,4.127134385045092,-10.01167031363957,1.7091711593122263,17.891224560750228,0.9175000000000001,0.00020533045499999977
united kingdom,2002,1.709027363,59370479,0.002494058,102.6145172,5.037,0.3603,0.875,0.8999999999999999,1.0,0.9375,0.875,0.8928571,21.0,3.091042453358316,-8.01167031363957,0.9965896638271393,17.899307691105534,0.9175000000000001,0.00020575978499999976
united kingdom,2003,3.218516127,59647577,0.002498727,102.1570511,4.807,0.3723,0.875,0.8999999999999999,1.0,0.9375,0.875,0.8928571,23.0,3.1780538303479458,-7.01167031363957,1.4394834375390768,17.903964102163318,0.9175000000000001,0.00020614497749999976
united kingdom,2004,2.326018533,59987905,0.002497664,104.9429321,4.594,0.3662,0.875,0.8999999999999999,1.0,0.875,0.875,0.9285713999999999,5.0,1.791759469228055,-6.01167031363957,1.2017759529139609,17.909653533202416,0.905,0.00023727807999999995
united kingdom,2005,2.790654717,60401206,0.002466498,105.70504,4.884,0.3781,0.875,0.875,1.0,0.9375,0.75,0.8928571,29.0,3.4011973816621555,-5.01167031363957,1.3325387527238353,17.916519646149087,0.8875,0.0002774810250000001
united kingdom,2006,2.189821324,60846820,0.002301396,98.46826172,5.472,0.3821,0.75,0.9249999999999999,1.0,0.9375,0.7693333,0.9642856999999999,6.0,1.9459101490553132,-4.01167031363957,1.1599649039427962,17.923870132812052,0.8763666600000001,0.0002845292741426398
united kingdom,2007,2.930911336,61322463,0.002437754,97.77851105,5.399,0.3815,0.75,0.9249999999999999,1.0,0.9375,0.7693333,0.9642856999999999,24.0,3.2188758248682006,-3.01167031363957,1.3688712911103091,17.931656793808987,0.8763666600000001,0.0003013876691183598
united kingdom,2008,-0.049411673,61806995,0.002468745,98.81590271,5.748,0.3664,0.75,0.9249999999999999,1.0,0.875,0.7716666999999999,0.9285713999999999,39.0,3.6888794541139363,-2.01167031363957,-0.04822969570775104,17.939527119904337,0.86433334,0.00033492638854170015
united kingdom,2009,-4.587408192,62276270,0.002489277,100.6347427,7.683,0.3831,0.625,0.9249999999999999,0.75,0.75,0.7716666999999999,0.8571428999999999,23.0,3.1780538303479458,-1.01167031363957,-1.7205155288427287,17.947091028378356,0.76433334,0.00058663959640482
united kingdom,2010,2.260544609,62766365,0.002463516,103.4611893,7.973,0.3445,0.625,0.9249999999999999,0.75,0.75,0.772,0.8571428999999999,57.0,4.060443010546419,-0.01167031363956994,1.1818942394014467,17.95492991471944,0.7644,0.0005804043696
united kingdom,2011,0.851437739,63258810,0.002473062,94.16454315,8.195,0.3542,0.625,0.875,0.75,0.6875,0.75,0.8571428999999999,47.0,3.871201010907891,0.9883296863604301,0.6159624934769264,17.96274498021778,0.7375,0.0006491787749999999
united kingdom,2012,1.528260347,63711000,0.004941608,92.51107788,8.279,0.364,0.625,0.875,0.75,0.6875,0.7736666999999999,0.8571428999999999,54.0,4.007333185232471,1.98832968636043,0.9275314563459065,17.96986780578842,0.74223334,0.0012737817891892802
united kingdom,2013,1.718469613,64139000,0.002444582,125.997467,7.752,0.3852,0.625,0.875,0.75,0.6875,0.7769999999999999,0.8571428999999999,136.0,4.919980925828125,2.98832968636043,1.0000690796859306,17.976563176803964,0.7429,0.0006285020321999999
united kingdom,2014,3.160173515,64620000,0.002463005,128.713028,6.398,0.3653,0.625,0.875,0.75,0.75,0.7769999999999999,0.8571428999999999,104.0,4.653960350157523,3.98832968636043,1.4255567837398586,17.98403453383571,0.7554000000000001,0.0006024510229999997
united kingdom,2015,2.1404056,65088000,0.002492474,125.9768829,5.552,0.3536,0.75,0.875,0.75,0.75,0.7769999999999999,0.9285713999999999,114.0,4.74493212836325,4.98832968636043,1.144351963552703,17.991250773754185,0.7804,0.0005473472904000001
united kingdom,2016,2.206520206,65607000,0.002491729,103.4611893,4.909,0.3533,0.75,0.875,0.75,0.75,0.7786666999999999,0.8571428999999999,104.0,4.653960350157523,5.98832968636043,1.1651863011618517,17.999192970780847,0.78073334,0.0005463530954551399
united kingdom,2017,3.023222198,65966000,0.002492966,125.5118408,4.501,0.356,0.875,0.875,0.75,0.8125,0.7843333,0.8571428999999999,123.0,4.820281565605037,6.98832968636043,1.3920831233589053,18.00465003089874,0.81936666,0.00045031277508644
united kingdom,2018,1.551330951,66289000,0.004984822,119.9941406,4.145,0.3566,0.875,0.8999999999999999,0.75,0.8125,0.7843333,0.8928571,101.0,4.624972813284271,7.98832968636043,0.9366151645748395,18.00953454395769,0.8243666599999999,0.0008755009371654804
united kingdom,2019,1.256298998,66631000,0.004980385,117.085289,3.657,0.3533,0.875,0.8999999999999999,0.75,0.75,0.7839999999999999,0.8928571,85.0,4.454347296253507,8.98832968636043,0.8137258594283497,18.014680507688666,0.8118000000000001,0.0009373084569999997
united kingdom,2020,-10.04789664,66744000,0.004993337,114.5668335,4.518,0.3533,0.875,0.875,0.75,0.75,0.7846666999999999,0.8928571,90.0,4.51085950651685,9.98832968636043,-2.4022400605237633,18.01637497854667,0.8069333399999999,0.0009640468968444202
united states,1996,3.772772691,269394000,0.007485454,98.76992798,5.451,0.408,0.75,0.875,1.0,0.9375,0.875,0.8571428999999999,35.0,3.58351893845611,-14.01167031363957,1.5629274129634525,19.411685553689633,0.8875,0.0008421135750000003
united states,1998,4.483133354,275854000,0.007488341,98.76992798,4.511,0.4192,0.75,0.875,1.0,0.9375,0.875,0.8571428999999999,31.0,3.4657359027997265,-12.01167031363957,1.7016767174830734,19.43538230183709,0.8875,0.0008424383625000003
united states,2000,4.077585757,282162411,0.007495954,98.76992798,3.992,0.4273,0.75,0.875,1.0,0.9375,0.875,0.8928571,42.0,3.7612001156935624,-10.01167031363957,1.6248359039408038,19.4579933921969,0.8875,0.0008432948250000004
united states,2002,1.700447326,287625193,0.009995092,98.76992798,5.783,0.4149,0.875,0.8999999999999999,1.0,0.75,1.0,0.7857143,33.0,3.5263605246161616,-8.01167031363957,0.9934174355837777,19.477168780808928,0.905,0.0009495337399999998
united states,2003,2.795605963,290107933,0.009974197,98.76992798,5.989,0.4164,0.75,0.875,0.75,0.75,0.875,0.7857143,35.0,3.58351893845611,-7.01167031363957,1.3338440721458455,19.485763597907585,0.8,0.0019948393999999997
united states,2004,3.847771696,292805298,0.00999882,98.76992798,5.529,0.4242,0.75,0.875,0.75,0.75,0.875,0.7857143,9.0,2.302585092994046,-6.01167031363957,1.5785191552488902,19.495018437565264,0.8,0.001999764
united states,2005,3.483549936,295516599,0.009997318,95.0524826,5.084,0.4359,0.625,0.875,0.75,0.75,0.875,0.7857143,21.0,3.091042453358316,-5.01167031363957,1.5004151290751633,19.504235569205544,0.775,0.00224939655
united states,2006,2.784539637,298379912,0.009986555,98.76992798,4.623,0.4429,0.625,0.8999999999999999,0.75,0.9375,0.7739999999999999,0.75,6.0,1.9459101490553132,-4.01167031363957,1.3309242512226094,19.513878108344432,0.7973,0.0020242746985
united states,2007,2.003858298,301231207,0.009996451,98.76992798,4.622,0.4404,0.625,0.8999999999999999,0.75,0.9375,0.7739999999999999,0.75,11.0,2.4849066497880004,-3.01167031363957,1.0998975616841036,19.523388660740434,0.7973,0.0020262806176999998
united states,2008,0.11358725,304093966,0.009997492,98.76992798,5.784,0.4356,0.625,0.8999999999999999,0.75,0.9375,0.7739999999999999,0.75,18.0,2.9444389791664403,-2.01167031363957,0.10758656117902551,19.532847313582007,0.7973,0.0020264916284
united states,2009,-2.57650023,306771529,0.00999386,98.76992798,9.254,0.4245,0.625,0.8999999999999999,0.75,0.9375,0.7739999999999999,0.75,12.0,2.5649493574615367,-1.01167031363957,-1.274384732874981,19.541613826541333,0.7973,0.002025755422
united states,2010,2.695192577,309378227,0.012480615,98.76992798,9.633,0.4381,0.625,0.8999999999999999,0.75,0.9375,0.7726666999999999,0.75,19.0,2.995732273553991,-0.01167031363956994,1.307032671309985,19.55007512517219,0.7970333399999999,0.0025331487412959012
united states,2011,1.564406858,311839461,0.009989762,98.76992798,8.949,0.4426,0.625,0.8999999999999999,0.75,0.9375,0.7703333,0.75,9.0,2.302585092994046,0.9883296863604301,0.9417272074371693,19.55799906847832,0.79656666,0.00203225064946508
united states,2012,2.289113387,314339099,0.009984797,98.76992798,8.069,0.4559,0.625,0.8999999999999999,0.75,0.9375,0.7703333,0.75,20.0,3.044522437723423,1.98832968636043,1.1906180412250282,19.565982897466537,0.79656666,0.00203124060293198
united states,2013,2.117830098,316726282,0.009954639,96.18649292,7.375,0.449,0.625,0.8999999999999999,0.75,0.9375,0.7703333,0.75,20.0,3.044522437723423,2.98832968636043,1.1371372784517466,19.573548498276928,0.79656666,0.00202510546026426
united states,2014,2.523819814,319257560,0.012489468,96.92453766,6.168,0.4558,0.625,0.8999999999999999,0.75,0.9375,0.7703333,0.75,29.0,3.4011973816621555,3.98832968636043,1.2595455756656722,19.581508736229985,0.79656666,0.00254077419006312
united states,2015,2.945550455,321815121,0.012491881,97.65254974,5.28,0.455,0.625,0.8999999999999999,0.75,0.9375,0.7683333,0.75,41.0,3.7376696182833684,4.98832968636043,1.3725884768835006,19.589487783338917,0.79616666,0.0025462618271125397
united states,2016,1.819451478,324353340,0.012479338,98.76992798,4.869,0.4536,0.625,0.8999999999999999,0.75,0.875,0.766,0.75,68.0,4.23410650459726,5.98832968636043,1.0365423546827188,19.59734403817149,0.7832,0.0027055204783999996
united states,2017,2.457622299,326608609,0.012499229,98.95233917,4.355,0.4546,0.625,0.8999999999999999,0.75,0.8125,0.766,0.75,66.0,4.204692619390966,6.98832968636043,1.2405811560208588,19.604273100676117,0.7706999999999999,0.002866073209700001
united states,2018,2.966505069,328529577,0.009997919,99.27558136,3.896,0.4581,0.625,0.85,0.75,0.8125,0.7653333,0.7142856999999999,76.0,4.343805421853684,7.98832968636043,1.3778853717119592,19.61013743140944,0.7605666600000001,0.0023938351392194593
united states,2019,2.583825334,330226227,0.009991705,100.0634308,3.669,0.4567,0.625,0.85,0.75,0.8125,0.7653333,0.7142856999999999,72.0,4.290459441148391,8.98832968636043,1.276430758992063,19.61528851694395,0.7605666600000001,0.0023923473004446995
united states,2020,-2.16302914,331577720,0.004996183,100.509819,8.055,0.4461,0.625,0.85,0.75,0.6875,0.764,0.7142856999999999,103.0,4.6443908991413725,9.98832968636043,-1.1515301570537586,19.61937279259919,0.7353,0.0013224896401000004
uruguay,1996,5.577957764,3206324,0.002694947,105.2914696,11.93,0.4842,0.5,0.6,0.5,0.6875,0.625,0.5714286,1.0,0.6931471805599453,-14.01167031363957,1.883724326949657,14.980635979440498,0.5825,0.0011251403725
uruguay,1998,4.518890097,3239280,0.002694947,105.2914696,9.362,0.4842,0.5,0.6,0.5,0.875,0.625,0.6071428999999999,0.0,0.0,-12.01167031363957,1.7081767706877873,14.990861949561804,0.62,0.00102407986
uruguay,2000,-1.929930635,3266206,0.002694947,96.85112762,12.627,0.4842,0.5,0.6,0.5,0.8125,0.625,0.6071428999999999,0.0,0.0,-10.01167031363957,-1.0749787486873075,14.999139930785793,0.6075,0.0010577666975
uruguay,2002,-7.732007215,3278867,0.002694947,105.9184189,16.648,0.4965,0.5,0.6,0.5,0.6875,0.625,0.5,0.0,0.0,-8.01167031363957,-2.1669952649585427,15.00300879884082,0.5825,0.0011251403725
uruguay,2003,0.805283916,3281186,0.002694947,109.8031921,16.661,0.5128,0.5,0.6,0.5,0.6875,0.625,0.5,0.0,0.0,-7.01167031363957,0.5907178735982368,15.003715805137748,0.5825,0.0011251403725
uruguay,2004,5.004160356,3283148,0.002694947,108.2588577,12.98,0.5022,0.5,0.575,0.5,0.6875,0.625,0.5,0.0,0.0,-6.01167031363957,1.792452621609095,15.004313580772154,0.5775,0.0011386151075
uruguay,2005,7.46013213,3285771,0.002694947,102.7509537,12.009,0.489,0.5,0.5499999999999999,0.5,0.6875,0.625,0.5,1.0,0.6931471805599453,-5.01167031363957,2.135364791699479,15.005112189901235,0.5725,0.0011520898425
uruguay,2006,4.098577354,3289506,0.010247957,102.3182831,10.844,0.4931,0.5,0.625,0.5,0.8125,0.7653333,0.5357143,0.0,0.0,-4.01167031363957,1.6289615506203587,15.006248263488901,0.64056666,0.0036834574126863805
uruguay,2007,6.541510845,3295153,0.007409602,92.91506195,9.403,0.4972,0.5625,0.65,0.5,0.8125,0.7653333,0.5357143,0.0,0.0,-3.01167031363957,2.020422539267966,15.007963462307615,0.65806666,0.00253358995993068
uruguay,2008,7.176144665,3302177,0.004102528,88.04734039,8.025,0.4968,0.625,0.65,0.5,0.8125,0.7693333,0.5357143,0.0,0.0,-2.01167031363957,2.1012207271648924,15.010092808732493,0.67136666,0.00134822747908352
uruguay,2009,4.243494195,3310091,0.004380738,89.2928772,7.74,0.4807,0.625,0.65,0.5,0.8125,0.7693333,0.5357143,0.0,0.0,-1.01167031363957,1.6569881072067476,15.012486541528917,0.67136666,0.00143965656060492
uruguay,2010,7.803409651,3318580,0.002916023,98.66429901,7.158,0.4685,0.625,0.65,0.5,0.6875,0.77,0.5357143,0.0,0.0,-0.01167031363956994,2.1751391067816956,15.015047839888583,0.6465,0.0010308141305
uruguay,2011,5.162133025,3326825,0.002455418,101.5601807,6.307,0.4499,0.625,0.65,0.5,0.6875,0.7723333,0.5357143,0.0,0.0,0.9883296863604301,1.8184229878999145,15.017529254264153,0.64696666,0.0008668444176361199
uruguay,2012,3.538178721,3335401,0.002694947,102.9772263,6.451,0.4293,0.625,0.65,0.5,0.75,0.7723333,0.5357143,0.0,0.0,1.98832968636043,1.5125257687906135,15.020103769797666,0.65946666,0.0009177193030329801
uruguay,2013,4.637538629,3345337,0.003063146,104.6645203,6.444,0.4389,0.625,0.625,0.5,0.75,0.7723333,0.5714286,0.0,0.0,2.98832968636043,1.729447556956097,15.023078292777447,0.65446666,0.0010584190682876402
uruguay,2014,3.23879123,3356334,0.002115371,106.469368,6.547,0.4332,0.625,0.625,0.5,0.75,0.7723333,0.5714286,0.0,0.0,3.98832968636043,1.4442781413346164,15.026360162803162,0.65446666,0.00073093120696914
uruguay,2015,0.370741258,3368017,0.002163831,108.0432968,7.488,0.443,0.625,0.625,0.5,0.75,0.7723333,0.5357143,0.0,0.0,4.98832968636043,0.31535165775113533,15.029834998748125,0.65446666,0.0007476757526255401
uruguay,2016,1.68979823,3379283,0.001253963,112.0325775,7.841,0.446,0.75,0.7,0.5,0.8125,0.8556667,0.5714286,1.0,0.6931471805599453,5.98832968636043,0.9894661833656052,15.033174410699615,0.72363334,0.00034655356607358
uruguay,2017,1.740376434,3388438,0.001175442,116.472847,7.89,0.4551,0.75,0.7,0.5,0.8125,0.854,0.5714286,0.0,0.0,6.98832968636043,1.008095295635102,15.035879901330455,0.7233,0.00032524480139999994
uruguay,2018,0.164777609,3394534,0.000902214,117.7690582,8.336,0.4607,0.75,0.7,0.5,0.8125,0.8626667,0.5357143,0.0,0.0,7.98832968636043,0.152530175232937,15.03767734346756,0.7250333400000001,0.00024807877018523996
uruguay,2019,0.928351141,3397206,0.001317269,119.8485332,8.836,0.452,0.75,0.7,0.5,0.8125,0.8626667,0.5357143,0.0,0.0,8.98832968636043,0.6566653066799205,15.038464181406297,0.7250333400000001,0.0003622050572515399
uruguay,2020,-7.357327065,3398968,0.002766145,116.9918289,10.413,0.4504,0.75,0.7,0.5,0.6875,0.8703333,0.5357143,0.0,0.0,9.98832968636043,-2.123138646905389,15.038982708307154,0.70156666,0.0008255098912742999
uzbekistan,1996,1.700000003,23351981,0.932181709,91.74183719,4.975,0.4194,0.0,0.175,0.0,0.125,0.0,0.0357143,0.0,0.0,-14.01167031363957,0.9932517741213945,16.96619242070387,0.06,0.87625080646
uzbekistan,1998,4.300000001,24134929,0.797930157,91.74183719,4.975,0.4806,0.0,0.175,0.0,0.0,0.0,0.0357143,0.0,0.0,-12.01167031363957,1.6677068207467554,16.99917072672034,0.034999999999999996,0.770002601505
uzbekistan,2000,3.835,24787054,0.937522293,85.34689331,0.4,0.4485,0.0,0.175,0.0,0.0,0.0,0.0357143,0.0,0.0,-10.01167031363957,1.5758811289052577,17.025832099051964,0.034999999999999996,0.9047090127449999
uzbekistan,2002,3.973488192,25399980,0.931025232,91.74183719,0.4,0.4406,0.0,0.175,0.0,0.125,0.0,0.0357143,0.0,0.0,-8.01167031363957,1.6041214434243423,17.05025898395699,0.06,0.8751637180799999
uzbekistan,2003,4.232627382,25711259,0.933338186,95.44661713,0.3,0.4482,0.0,0.175,0.0,0.0,0.0,0.0357143,0.0,0.0,-7.01167031363957,1.654913519427747,17.06243958620924,0.034999999999999996,0.9006713494899999
uzbekistan,2004,7.449000606,26029350,0.932181709,96.29509735,0.4,0.4482,0.0,0.175,0.0,0.0625,0.0,0.0357143,5.0,1.791759469228055,-6.01167031363957,2.1340481628951697,17.07473534389004,0.0475,0.8879030778225
uzbekistan,2005,6.950007196,26356975,0.932181709,87.86533356,0.3,0.4482,0.0,0.175,0.0,0.0625,0.0,0.0714286,2.0,1.0986122886681098,-5.01167031363957,2.0731728338230635,17.087243541746197,0.0475,0.8879030778225
uzbekistan,2006,7.451418476,26699043,0.932181709,88.727211,0.2,0.4482,0.125,0.15,0.0,0.125,0.0616667,0.0714286,0.0,0.0,-4.01167031363957,2.1343342942632457,17.10013831748601,0.09233334000000001,0.8461102583211219
uzbekistan,2007,9.473005305,27076008,0.932181709,89.76821899,4.99,0.4482,0.125,0.15,0.0,0.15625,0.0616667,0.0714286,0.0,0.0,-3.01167031363957,2.3488010233315086,17.114158617008275,0.09858334,0.8402841226398718
uzbekistan,2008,9.029161018,27494774,0.932181709,88.23036957,4.89,0.4482,0.125,0.15,0.0,0.1875,0.058,0.0714286,0.0,0.0,-2.01167031363957,2.3054969512169916,17.129506544584512,0.10410000000000001,0.8351415930931
uzbekistan,2009,8.050933327,27939328,0.932181709,89.04360199,5.04,0.4482,0.0,0.15,0.0,0.125,0.058,0.0714286,2.0,1.0986122886681098,-1.01167031363957,2.202867882449545,17.145545895756676,0.0666,0.8700984071805999
uzbekistan,2010,7.597167961,28385506,0.932181709,89.98355865,5.36,0.4482,0.0,0.125,0.0,0.3125,0.058,0.0714286,0.0,0.0,-0.01167031363956994,2.1514328421655864,17.16138925597404,0.0991,0.8398025016381
uzbekistan,2011,7.525139894,28823196,0.932181709,89.78317261,4.96,0.4482,0.0,0.09999999999999999,0.0,0.3125,0.058,0.0714286,0.0,0.0,0.9883296863604301,2.1430194328883125,17.176691072293167,0.09409999999999999,0.8444634101831
uzbekistan,2012,7.102444887,29261903,0.932181709,92.0473723,4.87,0.4482,0.0,0.09999999999999999,0.0,0.3125,0.0573333,0.0714286,0.0,0.0,1.98832968636043,2.092165854035733,17.19179702320951,0.09396666,0.844587707292178
uzbekistan,2013,7.29655037,29724065,0.932181709,92.06266764,4.86,0.4482,0.0,0.09999999999999999,0.0,0.3125,0.0573333,0.0714286,0.0,0.0,2.98832968636043,2.1158398103371336,17.20746757868497,0.09396666,0.844587707292178
uzbekistan,2014,6.873838441,30222994,0.932181709,91.74183719,5.09,0.4482,0.0,0.125,0.0,0.3125,0.0816667,0.0714286,0.0,0.0,3.98832968636043,2.063545674277012,17.22411361645009,0.10383334,0.835390168667622
uzbekistan,2015,7.218773508,30749346,0.932181709,92.24281249,5.15,0.4482,0.0,0.125,0.0,0.375,0.065,0.0714286,1.0,0.6931471805599453,4.98832968636043,2.106420989662921,17.24137931621896,0.11299999999999999,0.826845175883
uzbekistan,2016,5.9321508,31284568,0.932181709,92.81486579,5.16,0.4453,0.0,0.125,0.0,0.5625,0.065,0.0714286,0.0,0.0,5.98832968636043,1.9361701258002375,17.258635530749462,0.1505,0.7918883617955
uzbekistan,2017,4.395274633,31819178,0.932181709,93.87757366,5.83,0.4488,0.0,0.15,0.0,0.5,0.1483333,0.0714286,0.0,0.0,6.98832968636043,1.6855235025117898,17.275579779158274,0.15966666000000002,0.783343369010878
uzbekistan,2018,5.559195729,32373490,0.932181709,94.94650965,9.35,0.4488,0.0,0.175,0.0,0.5,0.2336667,0.0714286,0.0,0.0,7.98832968636043,1.8808679931531376,17.292850466859083,0.18173334000000002,0.7627732135365218
uzbekistan,2019,6.779923997,32964701,0.932181709,96.20747375,8.98,0.4488,0.0,0.175,0.0,0.5,0.2336667,0.0714286,0.0,0.0,8.98832968636043,2.0515465691194468,17.310947910597882,0.18173334000000002,0.7627732135365218
uzbekistan,2020,1.563342773,33586372,0.932181709,90.06429702,5.293,0.4488,0.0,0.15,0.0,0.4375,0.154,0.0714286,0.0,0.0,9.98832968636043,0.9413121774174347,17.32963097719332,0.14830000000000002,0.7939391615553
zambia,1996,6.218546489,9004053,0.56060181,85.67661285,15.3,0.546,0.0,0.25,0.0,0.375,0.125,0.3571429,4.0,1.6094379124341003,-14.01167031363957,1.9766536153246652,16.013185478325294,0.15,0.47651153849999994
zambia,1998,-0.385746146,9482408,0.56623684,85.67661285,12.0,0.5562,0.0,0.25,0.0,0.25,0.125,0.3214286,0.0,0.0,-12.01167031363957,-0.3262387281484757,16.06494895587378,0.125,0.49545723499999994
zambia,2000,3.897322943,10017631,0.679815678,85.67661285,12.93,0.5352,0.0,0.25,0.0,0.375,0.125,0.3214286,8.0,2.1972245773362196,-10.01167031363957,1.588688717656241,16.119857298345977,0.15,0.5778433263
zambia,2002,4.50601428,10647949,0.679815678,85.67661285,9.908999999999999,0.5143,0.0,0.25,0.0,0.375,0.125,0.2857143,1.0,0.6931471805599453,-8.01167031363957,1.7058410002513784,16.180877943328554,0.15,0.5778433263
zambia,2003,6.944973982,10983595,0.679815678,85.67661285,9.908999999999999,0.558,0.0,0.25,0.0,0.375,0.125,0.2857143,0.0,0.0,-7.01167031363957,2.0725395252193146,16.211913444981484,0.15,0.5778433263
zambia,2004,7.032395115,11338198,0.689310164,85.67661285,9.908999999999999,0.6016,0.0,0.25,0.0,0.375,0.125,0.2857143,0.0,0.0,-6.01167031363957,2.0834827543440384,16.24368802530876,0.15,0.5859136394
zambia,2005,7.235599007,11718819,0.679815678,85.67661285,15.9,0.6029,0.0,0.275,0.0,0.375,0.25,0.2857143,0.0,0.0,-5.01167031363957,2.108466100146352,16.27670665445045,0.18,0.55744885596
zambia,2006,7.903694445,12129553,0.719630278,85.67661285,9.908999999999999,0.6042,0.25,0.4,0.0,0.625,0.5083333,0.3571429,0.0,0.0,-4.01167031363957,2.1864662967851345,16.31115551190131,0.35666665999999997,0.46296215031086857
zambia,2007,8.352436244,12565085,0.679815678,85.67661285,9.908999999999999,0.5986,0.25,0.4,0.0,0.625,0.5083333,0.3571429,0.0,0.0,-3.01167031363957,2.2356368702161262,16.346432573345478,0.35666665999999997,0.43734809071210456
zambia,2008,7.773895815,13021324,0.679815678,85.67661285,7.93,0.5929,0.25,0.4,0.0,0.5,0.5083333,0.3571429,0.0,0.0,-2.01167031363957,2.171780928385854,16.382098956079894,0.33166665999999995,0.4543434826621045
zambia,2009,9.220348406,13490389,0.679815678,85.67661285,9.908999999999999,0.5872,0.25,0.4,0.0,0.625,0.5083333,0.3571429,0.0,0.0,-1.01167031363957,2.3243806748011404,16.417488138069974,0.35666665999999997,0.43734809071210456
zambia,2010,10.29822332,13965594,0.713671926,85.67661285,13.19,0.5816,0.25,0.4,0.0,0.625,0.5226666999999999,0.3571429,0.0,0.0,-0.01167031363956994,2.424645485038043,16.45210736297007,0.3595333399999999,0.4570830747809872
zambia,2011,5.569252193,14437796,0.679815678,85.67661285,9.908999999999999,0.5864,0.25,0.4,0.25,0.625,0.5396666999999999,0.3571429,0.0,0.0,0.9883296863604301,1.8824000045571778,16.48536011746327,0.41293334000000004,0.39909711949909543
zambia,2012,7.597381049,14913629,0.679815678,85.67661285,7.85,0.5912,0.25,0.4,0.25,0.625,0.5419999999999999,0.3571429,0.0,0.0,1.98832968636043,2.151457627694987,16.517786117873747,0.41339999999999993,0.3987798767148
zambia,2013,5.05753695,15398997,0.679815678,85.67661285,9.908999999999999,0.596,0.25,0.45,0.25,0.625,0.5419999999999999,0.2857143,0.0,0.0,2.98832968636043,1.801303273566126,16.549813000331977,0.4234,0.39198171993479997
zambia,2014,4.693283164,15895315,0.679815678,85.67661285,9.908999999999999,0.6008,0.25,0.425,0.25,0.625,0.463,0.2857143,0.0,0.0,3.98832968636043,1.7392870877096949,16.58153503259498,0.40259999999999996,0.4061218860372
zambia,2015,2.920375112,16399089,0.678928365,85.67661285,11.888,0.6057,0.25,0.425,0.25,0.625,0.4593333,0.3571429,0.0,0.0,4.98832968636043,1.366187341060934,16.612736403450043,0.40186666000000004,0.40608969057818906
zambia,2016,3.755100317,16914423,0.679815678,85.67661285,9.908999999999999,0.599,0.25,0.425,0.25,0.625,0.4496667,0.3571429,0.0,0.0,5.98832968636043,1.559217792935695,16.64367730700112,0.39993334,0.40793472331309544
zambia,2017,3.525862771,17441320,0.679815678,85.67661285,4.529,0.5923,0.25,0.425,0.25,0.5,0.4393333,0.3571429,2.0,1.0986122886681098,6.98832968636043,1.5098082266014374,16.674352718989415,0.37286666,0.4263350767285045
zambia,2018,4.034493897,17973569,0.679815678,85.67661285,5.032,0.5857,0.25,0.425,0.25,0.5,0.437,0.3571429,0.0,0.0,7.98832968636043,1.6163130041372231,16.704412903469308,0.3724,0.4266523195127999
zambia,2019,1.441306026,18513839,0.679815678,85.67661285,5.538,0.579,0.25,0.4,0.25,0.5,0.4196667,0.3571429,0.0,0.0,8.98832968636043,0.8925331526637929,16.734029118463276,0.36393334,0.43240808772109546
zambia,2020,-2.785055065,19059395,0.679815678,85.67661285,6.032,0.5723,0.25,0.35,0.25,0.5,0.412,0.3214286,0.0,0.0,9.98832968636043,-1.3310604350002324,16.763070766286322,0.3524,0.44024863307279993
zimbabwe,1996,10.36073846,11158360,0.446568731,40.53300858,5.071,0.5082,0.125,0.075,0.25,0.3125,0.125,0.1071429,0.0,0.0,-14.01167031363957,2.430163416461944,16.227699640332613,0.1775,0.3673027812475
zimbabwe,1998,2.885295164,11594297,0.446568731,40.99541855,5.071,0.5082,0.0,0.05,0.25,0.0,0.0,0.0714286,0.0,0.0,-12.01167031363957,1.3571989562232099,16.266023983501302,0.06,0.41977460714
zimbabwe,2000,-3.059117806,11892055,0.446568731,40.01792908,5.071,0.5082,0.0,0.05,0.25,0.0,0.0,0.0714286,1.0,0.6931471805599453,-10.01167031363957,-1.4009656608403693,16.291381172137136,0.06,0.41977460714
zimbabwe,2002,-8.894012858,12087653,0.446568731,41.45782852,5.071,0.5082,0.0,0.05,0.25,0.0,0.0,0.0714286,8.0,2.1972245773362196,-8.01167031363957,-2.2919298123801726,16.307695159096863,0.06,0.41977460714
zimbabwe,2003,-16.99507334,12232323,0.446568731,39.10110092,5.071,0.5082,0.0,0.05,0.25,0.0,0.0,0.0714286,1.0,0.6931471805599453,-7.01167031363957,-2.890098017099238,16.319592514140826,0.06,0.41977460714
zimbabwe,2004,-5.807539642,12365896,0.446568731,40.99541855,4.39,0.5082,0.0,0.05,0.25,0.0,0.0,0.0714286,0.0,0.0,-6.01167031363957,-1.918030768831966,16.330452999775975,0.06,0.41977460714
zimbabwe,2005,-5.711125412,12483432,0.446568731,40.99541855,5.071,0.5082,0.0,0.05,0.25,0.0,0.0,0.0714286,0.0,0.0,-5.01167031363957,-1.9037666585294317,16.33991296320616,0.06,0.41977460714
zimbabwe,2006,-3.461402903,12636445,0.446568731,40.99541855,5.071,0.5082,0.125,0.09999999999999999,0.25,0.375,0.0873333,0.0714286,1.0,0.6931471805599453,-4.01167031363957,-1.4954632688129403,16.352095736260964,0.18746665999999998,0.36285198253899154
zimbabwe,2007,-3.653250915,12804058,0.446568731,40.99541855,5.071,0.5082,0.125,0.09999999999999999,0.25,0.375,0.0873333,0.0714286,1.0,0.6931471805599453,-3.01167031363957,-1.5375660968330453,16.365272787996293,0.18746665999999998,0.36285198253899154
zimbabwe,2008,-17.6689988,12959149,0.446568731,40.99541855,5.071,0.5082,0.125,0.075,0.0,0.3125,0.0843333,0.0714286,5.0,1.791759469228055,-2.01167031363957,-2.926864329977509,16.377312660317767,0.11936665999999999,0.39326331312009155
zimbabwe,2009,13.27205462,13142790,0.446568731,40.99541855,5.071,0.5082,0.125,0.075,0.0,0.3125,0.0843333,0.0714286,0.0,0.0,-1.01167031363957,2.6583034029043215,16.391383953336643,0.11936665999999999,0.39326331312009155
zimbabwe,2010,19.6754077,13356548,0.446568731,40.99541855,5.071,0.5082,0.125,0.075,0.0,0.3125,0.088,0.0714286,1.0,0.6931471805599453,-0.01167031363956994,3.0289449601832854,16.407517384322183,0.12009999999999998,0.3929358264069
zimbabwe,2011,14.19391568,13595424,0.35717,40.99541855,5.368,0.5082,0.125,0.075,0.0,0.3125,0.08933329999999999,0.0714286,1.0,0.6931471805599453,0.9883296863604301,2.7208950635065947,16.425243897053274,0.12036665999999999,0.3141786400478
zimbabwe,2012,16.66542904,13817887,0.446568731,75.86481098,5.071,0.5101,0.125,0.075,0.0,0.25,0.089,0.0714286,0.0,0.0,1.98832968636043,2.8716095680904696,16.44147454262822,0.1078,0.3984286217982
zimbabwe,2013,1.98948554,14013808,0.446568731,52.41585159,5.071,0.512,0.0,0.09999999999999999,0.0,0.25,0.1723333,0.0714286,3.0,1.3862943611198906,2.98832968636043,1.0951013123978717,16.455553758591822,0.10446666,0.39991718721199154
zimbabwe,2014,2.376985617,14207359,0.446568731,40.99541855,4.774,0.514,0.0,0.125,0.0,0.375,0.176,0.0714286,1.0,0.6931471805599453,3.98832968636043,1.2169834822886454,16.469270698154485,0.1352,0.3861926385688
zimbabwe,2015,1.779853564,14399013,0.446568731,40.99541855,5.071,0.5159,0.0,0.125,0.0,0.375,0.185,0.1071429,0.0,0.0,4.98832968636043,1.0223982514950347,16.482670289979676,0.137,0.385388814853
zimbabwe,2016,0.755794059,14600294,0.446568731,40.99541855,5.071,0.5178,0.0,0.125,0.0,0.3125,0.185,0.1071429,0.0,0.0,5.98832968636043,0.5629212098614629,16.49655229195389,0.12450000000000001,0.3909709239905
zimbabwe,2017,4.734411178,14812482,0.446568731,40.99541855,5.071,0.5198,0.0,0.09999999999999999,0.0,0.3125,0.1886667,0.1071429,3.0,1.3862943611198906,6.98832968636043,1.7464850736450241,16.51098082917964,0.12023334,0.3928762809323085
zimbabwe,2018,5.009921543,15034452,0.446568731,40.99541855,5.071,0.5523,0.0,0.15,0.0,0.1875,0.1886667,0.1071429,2.0,1.0986122886681098,7.98832968636043,1.7934116940525888,16.525854991967076,0.10523334,0.3995748118973085
zimbabwe,2019,-6.33244976,15271368,0.492198937,40.99541855,7.373,0.5848,0.0,0.125,0.0,0.125,0.1053333,0.1071429,2.0,1.0986122886681098,8.98832968636043,-1.9923096701583043,16.541490326090443,0.07106666,0.45722000249185957
zimbabwe,2020,-7.816950602,15526888,0.446568731,40.99541855,5.071,0.5848,0.0,0.125,0.0,0.125,0.1053333,0.1071429,1.0,0.6931471805599453,9.98832968636043,-2.1766760735032817,16.558083853100246,0.07106666,0.4148325828273915
