log_gdp,log_population,poverty_headcount,secondary_enrollment,unemployment_rate,inequality_measure,governance_avg,stress_x_weak,political_stability,log_attacks,attacks,country,year,ols_pred_log,ols_residual
0.881334000105508,16.975088717719444,0.057169535,19.21438026,9.5495,0.4095,0.1025,0.0513096576625,0.1875,4.48863636973214,88.0,afghanistan,2004,2.7628665616345067,1.725769808097633
2.5038686321745725,17.010280885855995,0.057169535,20.27350998,9.5495,0.4095,0.0775,0.0527388960375,0.0625,5.049856007249537,155.0,afghanistan,2005,3.2661877728363624,1.7836682344131747
1.8496199994802824,17.05120790437846,0.057169535,29.52388954,9.5495,0.4095,0.0379,0.0550028096235,0.0625,5.648974238161206,283.0,afghanistan,2006,3.100296716535857,2.548677521625349
3.108638029706924,17.12846314774784,0.057169535,44.29994965,9.5495,0.3982,0.06013334,0.053731739914203,0.125,6.222576268071369,503.0,afghanistan,2009,2.8185607117132454,3.4040155563581234
2.731925664958126,17.157810013712236,0.057169535,50.44062042,9.5495,0.3948,0.05653334,0.0539375502402031,0.125,6.297109319933935,542.0,afghanistan,2010,2.787343361003993,3.5097659589299424
0.3551220827736804,17.194725043270065,0.057169535,52.44742966,9.5495,0.3846,0.05653334,0.0539375502402031,0.125,6.045005314036012,421.0,afghanistan,2011,2.8123310308274263,3.2326742832085857
2.6212051440988264,17.235203667549897,0.057169535,54.37285995,1.692,0.378,0.05653334,0.0539375502402031,0.125,7.293017679772782,1469.0,afghanistan,2012,2.749108169070465,4.543909510702317
1.887182469789091,17.269385933208728,0.057169535,54.88336945,9.5495,0.3826,0.05653334,0.0539375502402031,0.125,7.275172319452771,1443.0,afghanistan,2013,2.822724709447809,4.452447610004962
1.314944256934525,17.305711120545837,0.057169535,54.29365158,7.915,0.3861,0.05846666,0.0538270232347969,0.125,7.509335266016592,1824.0,afghanistan,2014,2.849888227406293,4.659447038610299
0.8966244769668384,17.33691071202379,0.057169535,53.15010834,9.5495,0.3885,0.05846666,0.0538270232347969,0.125,7.564757012905729,1928.0,afghanistan,2015,2.8888599418764582,4.67589707102927
1.1818235720225818,17.362267910467104,0.057169535,53.43503952,9.5495,0.3937,0.057,0.053910871505,0.125,7.388327859577107,1616.0,afghanistan,2016,2.89589839125472,4.492429468322387
1.2939057900822584,17.390351282749602,0.057169535,55.53643036,11.184,0.3994,0.057,0.053910871505,0.125,7.255591274253665,1415.0,afghanistan,2017,2.9109746374118353,4.344616636841829
0.7835490291910094,17.419459377931894,0.057169535,57.35784912,9.5495,0.3994,0.0598,0.053750796807,0.125,7.48324441607385,1777.0,afghanistan,2018,2.920623485222233,4.562620930851617
1.5916004498003546,17.449303268493857,0.057169535,53.15010834,9.5495,0.3994,0.059,0.0537965324349999,0.125,7.499423290592229,1806.0,afghanistan,2019,2.950930303161316,4.548492987430913
-1.2092888506793205,17.480839359703,0.057169535,53.15010834,11.71,0.3994,0.059,0.0537965324349999,0.125,7.865187954187467,2604.0,afghanistan,2020,3.0078674152578317,4.857320538929636
1.9486180849993076,14.911635756385875,0.017945902,84.32576752,13.8,0.3291,0.39856666,0.0107932637791726,0.5625,0.0,0.0,albania,2006,0.56176618447754,-0.56176618447754
2.014915368732692,14.904078571366576,0.017945902,86.21885681,15.966,0.3211,0.38606666,0.0110175875541726,0.5,0.0,0.0,albania,2007,0.8080320607741976,-0.8080320607741976
2.067756323037508,14.896405144368725,0.008273079,87.83383942,13.06,0.3306,0.38606666,0.0050791190225538,0.5,0.0,0.0,albania,2008,0.7960962948846932,-0.7960962948846932
1.3058301023561774,14.889666206198394,0.017945902,89.3157196,13.674,0.3279,0.37356666,0.0112419113291726,0.4375,0.6931471805599453,1.0,albania,2009,1.0315558572460835,-0.33840867668613817
1.379560345193614,14.88470158826458,0.017945902,93.68182373,14.086,0.3272,0.3732333399999999,0.0112478930572273,0.4375,0.0,0.0,albania,2010,1.0035578191218,-1.0035578191218
1.2422845003136584,14.882011415871675,0.017945902,95.47052765,13.481,0.3312,0.3104,0.0123754940192,0.25,0.0,0.0,albania,2011,1.661669525274672,-1.661669525274672
0.6851804704297033,14.86658005417129,0.017945902,97.60861206,13.376,0.3301,0.32196666,0.0121679198723726,0.3125,0.0,0.0,albania,2012,1.3883914110024593,-1.3883914110024593
0.9959253506291962,14.851148612470835,0.017945902,102.9032095,15.866,0.3463,0.36863334,0.0113304442064273,0.4375,0.6931471805599453,1.0,albania,2013,0.9404909236065635,-0.24734374304661821
1.1756433748818886,14.835717242617529,0.036761395,103.3213775,18.055,0.3556,0.39363334,0.0222908843030907,0.5625,1.0986122886681098,2.0,albania,2014,0.4116166056696181,0.6869956829984917
1.1717710717939465,14.820286047536092,0.011148642,102.4407293,17.193,0.3524,0.39523334,0.0067423269858757,0.5625,1.6094379124341005,4.0,albania,2015,0.446266830578371,1.1631710818557295
1.591057118709332,14.80485470614354,0.0574550355,99.17075505,15.418,0.3579,0.42023334,0.0333105140320164,0.5625,1.0986122886681098,2.0,albania,2016,0.46259097258095316,0.6360213160871566
1.4546947748383927,14.7894231962491,0.051563215,97.57436975,13.616,0.3543,0.4332,0.029226030262,0.625,0.6931471805599453,1.0,albania,2017,0.20939529617914143,0.48375188438080385
1.5414629400691584,14.773992202961924,0.038002488,98.82238786,12.304,0.3503,0.4332,0.0215398101984,0.625,0.0,0.0,albania,2018,0.20316109746692357,-0.20316109746692357
1.1192570129350756,14.758560838015676,0.002723695,99.01515357,11.466,0.3451,0.4201,0.0015794707304999,0.5625,0.6931471805599453,1.0,albania,2019,0.49428188315381183,0.19886529740613346
-1.4618090718705974,14.743129285137378,0.003409224,95.92944745,11.639,0.345,0.40136666,0.0020408751499281,0.5625,0.6931471805599453,1.0,albania,2020,0.46265220517632866,0.23049497538361663
1.6292402401223922,17.183945221991646,0.0,58.93128967,11.33,0.4562,0.235,0.0,0.0,4.867534450455582,129.0,algeria,1996,4.123422349906373,0.7441121005492093
1.8082893631463035,17.218510780198983,0.0,79.93050002999999,11.33,0.4562,0.13,0.0,0.0,5.0238805208462765,151.0,algeria,1998,3.6484570890672297,1.3754234317790468
1.568615918330512,17.24639275334567,0.0,64.59542084,29.77,0.4562,0.13,0.0,0.25,4.934473933130692,138.0,algeria,2000,2.681343374829411,2.2531305583012813
1.8562979903656265,17.273429613664987,0.0,72.58306885,25.9,0.4562,0.2875,0.0,0.1875,4.890349128221754,132.0,algeria,2002,3.4727180773166175,1.4176310509051362
2.014903020675598,17.286725765667956,0.0,75.43586731,23.72,0.4562,0.24,0.0,0.375,4.330733340286331,75.0,algeria,2003,2.3899673621350956,1.9407659781512354
1.7047480922384253,17.30069016948995,0.0,79.62985992,17.65,0.4562,0.2425,0.0,0.4375,4.219507705176107,67.0,algeria,2004,2.049937861470863,2.169569843705244
1.8562979903656265,17.315323257500037,0.0,81.85636902,15.27,0.4562,0.2875,0.0,0.4375,4.653960350157523,104.0,algeria,2005,2.1866647791633707,2.4672955709941524
1.3609765528791904,17.330735993413512,0.0,83.48119354,12.27,0.4562,0.28363334,0.0,0.4375,5.030437921392435,152.0,algeria,2006,2.1580030350626305,2.872434886329805
1.4109869739541645,17.347426709700578,0.0,73.51782227,13.79,0.4491,0.29613334,0.0,0.5,4.8283137373023015,124.0,algeria,2007,1.977192416588784,2.8511213207135175
1.2527629682096535,17.365615239790287,0.0,80.23114014,11.33,0.4422,0.30463334,0.0,0.5625,4.68213122712422,107.0,algeria,2008,1.6627930997571376,3.0193381273670825
0.7884573603642702,17.384774091463974,0.0,96.39295959,10.16,0.4354,0.24963334,0.0,0.3125,4.691347882229144,108.0,algeria,2009,2.5670456611805355,2.124302221048609
1.7578579177247875,17.404244679238634,0.0,100.7397766,9.96,0.4286,0.22543334,0.0,0.1875,4.61512051684126,100.0,algeria,2010,3.047101333521141,1.5680191833201187
1.3862943608698906,17.423813622438452,0.0,103.1842728,9.96,0.422,0.25043334,0.0,0.3125,2.772588722239781,15.0,algeria,2011,2.5367226354130348,0.23586608682674637
1.2237754316221157,17.443741700918686,0.0,79.93050002999999,10.97,0.4544,0.26553334,0.0,0.375,3.737669618283368,41.0,algeria,2012,2.465644681224886,1.272024937058482
1.280933845739842,17.463937011971144,0.0,79.93050002999999,9.82,0.4873,0.2705333399999999,0.0,0.375,3.1354942159291497,22.0,algeria,2013,2.504819944181828,0.6306742717473215
1.6292405395342016,17.484315663869246,0.0,79.93050002999999,10.207,0.4873,0.2705333399999999,0.0,0.375,2.6390573296152584,13.0,algeria,2014,2.5149181167302332,0.12413921288502516
1.4350845255274176,17.504878142922962,0.0,79.93050002999999,11.206,0.4873,0.27133334,0.0,0.375,2.772588722239781,15.0,algeria,2015,2.5368528263791417,0.23573589586063948
1.589235205116581,17.5254350535327,0.0,79.93050002999999,10.202,0.4873,0.31873334,0.0,0.375,2.302585092994046,9.0,algeria,2016,2.7067565006062297,-0.40417140761218384
0.9162907314741552,17.54575505911875,0.0,79.93050002999999,12.0,0.4873,0.31873334,0.0,0.375,2.70805020110221,14.0,algeria,2017,2.7352321008195135,-0.027181899717303448
0.8754687377705666,17.565133120992417,0.0,79.93050002999999,11.33,0.4873,0.30166666,0.0,0.375,2.079441541679836,7.0,algeria,2018,2.6819932870735554,-0.6025517453937193
0.641853885646079,17.583537249707327,0.0,79.93050002999999,11.33,0.4873,0.25506666,0.0,0.25,0.0,0.0,algeria,2019,3.124724464160062,-3.124724464160062
-1.7917594690613885,17.600656370961218,0.0,79.93050002999999,11.33,0.4873,0.25346666,0.0,0.25,1.6094379124341005,4.0,algeria,2020,3.1514063002380968,-1.5419683878039963
2.6772039606543045,16.46670634607242,0.269546383,23.56552029,13.005,0.5783,0.04,0.2587645276799999,0.0,1.6094379124341005,4.0,angola,1996,2.877931623279811,-1.2684937108457106
1.7389117130800735,16.534129446552562,0.269546383,11.89748001,13.005,0.5783,0.04,0.2587645276799999,0.0,3.044522437723423,20.0,angola,1998,2.9916531224701624,0.05286931525326066
1.3998580159492036,16.60020508338647,0.269546383,13.36907005,13.005,0.5783,0.04,0.2587645276799999,0.0,3.1354942159291497,22.0,angola,2000,3.021911984075068,0.11358223185408178
2.685510667572699,16.667816935053647,0.269546383,16.14959908,13.005,0.5559,0.0525,0.2553951978925,0.0625,1.9459101490553128,6.0,angola,2002,2.765474524647715,-0.819564375592402
1.5012539481494664,16.702750360850082,0.269546383,23.56552029,13.005,0.5447,0.0775,0.2486565383175,0.1875,0.0,0.0,angola,2003,2.241915013729608,-2.241915013729608
2.519297077249994,16.738694934122538,0.269546383,23.56552029,23.643,0.5334,0.1675,0.2243973638475,0.4375,0.0,0.0,angola,2004,1.4479746499824517,-1.4479746499824517
2.7183158307583377,16.775157621533175,0.269546383,23.56552029,13.005,0.5222,0.185,0.2196803021449999,0.375,0.0,0.0,angola,2005,1.7540541034738455,-1.7540541034738455
2.5527068676796447,16.812006539818828,0.269546383,23.56552029,13.005,0.511,0.13606666,0.2328701069501092,0.375,0.0,0.0,angola,2006,1.5924174510385227,-1.5924174510385227
2.639249379029732,16.849432340085887,0.269546383,23.56552029,13.005,0.4998,0.1714833399999999,0.2233236689582408,0.46875,0.0,0.0,angola,2007,1.2878626986371222,-1.2878626986371222
2.466966351530086,16.887215235966003,0.220795824,22.79902077,13.005,0.4885,0.23566666,0.1687616096159721,0.625,0.0,0.0,angola,2008,0.8748995216897886,-0.8748995216897886
1.0971409060487574,16.92523085298683,0.269546383,24.33201981,3.782,0.4974,0.2565,0.2004077357605,0.5625,0.6931471805599453,1.0,angola,2009,1.1420514680906861,-0.44890428753074085
1.8395436876036315,16.9637418337911,0.269546383,28.21080388,9.43,0.5062,0.2638,0.1984400471645999,0.625,1.0986122886681098,2.0,angola,2010,0.902191013704416,0.19642127496369377
1.5247227194496078,17.002621292125475,0.269546383,29.68695178,16.77,0.5151,0.2512999999999999,0.2018093769521,0.5625,0.0,0.0,angola,2011,1.2198557823144294,-1.2198557823144294
2.2516204644846844,17.041457126105513,0.269546383,23.56552029,13.005,0.524,0.2515,0.2017554676754999,0.5625,0.0,0.0,angola,2012,1.2522263499760253,-1.2522263499760253
1.7720772551719102,17.079956931502593,0.269546383,23.56552029,13.005,0.5328,0.2515,0.2017554676754999,0.5625,0.0,0.0,angola,2013,1.2824706592898143,-1.2824706592898143
1.73266805239985,17.117284210768364,0.269546383,23.56552029,9.579,0.5417,0.2515,0.2017554676754999,0.5625,0.0,0.0,angola,2014,1.2867635203246874,-1.2867635203246874
0.5671176986760492,17.15333492568806,0.269546383,23.56552029,13.005,0.5505,0.239,0.205124797463,0.5,0.0,0.0,angola,2015,1.595338260462779,-1.595338260462779
-0.9934481844610322,17.189099338838567,0.269546383,54.41679873,13.005,0.5594,0.23933334,0.2050349468716908,0.5,1.0986122886681098,2.0,angola,2016,1.4546813470981972,-0.3560690584300874
-0.1392367836338776,17.22450545979518,0.269546383,23.56552029,13.005,0.5682,0.2532999999999999,0.2012702841861,0.5625,1.9459101490553128,6.0,angola,2017,1.4048971452547458,0.5410130038005669
-0.4665045314119777,17.259037788762317,0.392947051,23.56552029,13.005,0.5771,0.2908,0.2786780485692,0.625,0.0,0.0,angola,2018,1.0759892892738243,-1.0759892892738243
-0.1862141757128835,17.292916629916387,0.269546383,23.56552029,16.431,0.5771,0.29146666,0.1909825990319092,0.625,0.6931471805599453,1.0,angola,2019,1.3092650457164452,-0.6161178651564999
-1.6178915289174336,17.325596215414812,0.269546383,23.56552029,13.005,0.5771,0.29106666,0.1910904175851092,0.625,0.6931471805599453,1.0,angola,2020,1.3178252265757433,-0.624678046015798
1.875899896997928,17.385431742354726,0.057169535,78.49260712,17.11,0.5057,0.5,0.0285847675,0.5,2.995732273553991,19.0,argentina,1996,2.6469355551400255,0.3487967184139653
1.579015580970494,17.409333477603187,0.057169535,80.65203094,12.65,0.5057,0.45,0.03144324425,0.5,0.0,0.0,argentina,1998,2.445695695432745,-2.445695695432745
-0.5816562114576528,17.43219518945553,0.057169535,96.21411896,15.0,0.5057,0.4525,0.0313003204125,0.5625,0.0,0.0,argentina,2000,2.1135018846119364,-2.1135018846119364
-2.476074833022994,17.45386878798872,0.057169535,96.99656677,19.59,0.5324,0.3875,0.0350163401875,0.3125,0.0,0.0,argentina,2002,3.1406819612476298,-3.1406819612476298
2.2861549337213707,17.4642001874881,0.057169535,96.04644775,15.36,0.5025,0.425,0.032872482625,0.5,0.6931471805599453,1.0,argentina,2003,2.3049800406489718,-1.6118328600890264
2.3055380587957157,17.47434095243014,0.057169535,95.45755768,13.522,0.495,0.4725,0.0301569297125,0.5625,0.0,0.0,argentina,2004,2.168893469960722,-2.168893469960722
2.287639960783086,17.484615529385966,0.057169535,93.63767242,11.506,0.4674,0.485,0.029442310525,0.625,1.3862943611198906,3.0,argentina,2005,1.9044439311337684,-0.5181495700138778
2.202449956786007,17.49489800517857,0.057169535,92.40757751,10.078,0.4455,0.4750333399999999,0.0300120998427031,0.5625,0.0,0.0,argentina,2006,2.158855789636189,-2.158855789636189
2.3033498879638024,17.504809024280334,0.057169535,92.18740845,8.47,0.4742,0.48378334,0.0295118664114531,0.59375,0.0,0.0,argentina,2007,2.0529727295336135,-2.0529727295336135
1.62081951615118,17.51493791187624,0.057169535,93.18321991,7.837,0.414,0.4925333399999999,0.0290116329802031,0.625,0.0,0.0,argentina,2008,1.9038977163365343,-1.9038977163365343
-1.9342026076058096,17.525535658688707,0.057169535,96.4056778,8.645,0.4171,0.4625333399999999,0.0307267190302031,0.5,0.6931471805599453,1.0,argentina,2009,2.419371966833107,-1.7262247862731614
2.4092306170747904,17.536099291647133,0.057169535,99.07099915,7.714,0.4258,0.4639333399999999,0.0306466816812031,0.5,1.791759469228055,5.0,argentina,2010,2.3723341404102456,-0.5805746711821906
1.9464745173409967,17.546746692365602,0.057169535,100.8845596,7.18,0.4003,0.45143334,0.0313613008687031,0.4375,0.6931471805599453,1.0,argentina,2011,2.6072416400872367,-1.9140944595272913
-0.7062709134167239,17.557023305765547,0.057169535,102.7099915,7.217,0.3881,0.4214333399999999,0.0330763869187031,0.4375,1.0986122886681098,2.0,argentina,2012,2.5146224381364677,-1.416010149468358
1.2253400249485622,17.566952895428013,0.057169535,104.540863,7.1,0.3985,0.4214333399999999,0.0330763869187031,0.4375,1.0986122886681098,2.0,argentina,2013,2.4960273867356313,-1.3974150980675215
-1.2563608657223424,17.57727033097395,0.057169535,106.0389023,7.268,0.416,0.4214333399999999,0.0330763869187031,0.4375,0.6931471805599453,1.0,argentina,2014,2.5271372591074766,-1.8339900785475312
1.3167191311665882,17.58774291960538,0.057169535,107.5048676,9.5315,0.4165,0.44013334,0.0320073166142031,0.5,0.6931471805599453,1.0,argentina,2015,2.2830607808511463,-1.5899136002912009
-1.125036034177987,17.59743203063941,0.057169535,109.5983276,9.5315,0.4172,0.5147333399999999,0.0277424693032031,0.5,1.0986122886681098,2.0,argentina,2016,2.56316379723953,-1.46455150857142
1.339858455233388,17.60624452638968,0.057169535,110.3778,8.347,0.4179,0.53973334,0.0263132309282031,0.625,1.3862943611198906,3.0,argentina,2017,2.0271516808983456,-0.6408573197784551
-1.285754557966708,17.614474221009356,0.057169535,109.6712418,9.22,0.4176,0.52763334,0.0270049823017031,0.5625,1.791759469228055,5.0,argentina,2018,2.32021742872496,-0.528457959496905
-1.098899248491201,17.621583229381496,0.057169535,110.4601517,9.843,0.437,0.50013334,0.0285771445142031,0.5,0.6931471805599453,1.0,argentina,2019,2.5322912762888325,-1.8391440957288872
-2.3888072665945894,17.626429885641404,0.057169535,112.3767319,11.461,0.4511,0.49966666,0.0286038243927969,0.5,1.791759469228055,5.0,argentina,2020,2.5521274279449075,-0.7603679587168526
1.5822054094111149,16.71829210601117,0.0058409735,148.8163452,8.506,0.3095,0.8550000000000001,0.0008469411574999,1.0,1.791759469228055,5.0,australia,1996,0.6615634075443995,1.1301960616836555
1.7363901131870412,16.739079851256285,0.0058409735,148.8163452,7.676,0.3108,0.8550000000000001,0.0008469411574999,1.0,1.9459101490553128,6.0,australia,1998,0.6669153972834536,1.2789947517718592
1.5925068856956248,16.76146433661087,0.0058409735,148.8163452,6.283,0.319,0.8425,0.0009199533262499,0.9375,0.6931471805599453,1.0,australia,2000,0.9295163040213776,-0.23636912346143235
1.5993482541913222,16.785679403628286,0.0058409735,148.8163452,6.368,0.3264,0.8425,0.0009199533262499,0.9375,0.0,0.0,australia,2002,0.9471837711748767,-0.9471837711748767
1.4088579039708702,16.797181330373597,0.009973307,148.8163452,5.929,0.3262,0.8425,0.0015707958525,0.9375,0.0,0.0,australia,2003,0.9467343838666027,-0.9467343838666027
1.652294598764333,16.80787331105489,0.007125372,148.8163452,5.395,0.3331,0.8,0.0014250743999999,1.0,0.0,0.0,australia,2004,0.5081242745567827,-0.5081242745567827
1.4244282370044543,16.820046217753134,0.0058409735,148.8163452,5.032,0.337,0.8300000000000001,0.0009929654949999,1.0,0.0,0.0,australia,2005,0.6239915437979855,-0.6239915437979855
1.3273206407841314,16.833540725398702,0.0058409735,148.8163452,4.782,0.3383,0.81976666,0.0010527381627564,0.9375,1.0986122886681098,2.0,australia,2006,0.8925369280490989,0.20607536061901088
1.566420008460165,16.851790692467347,0.0058409735,148.8163452,4.377,0.3416,0.84476666,0.0009067138252564,0.9375,0.0,0.0,australia,2007,0.9873216007410839,-0.9873216007410839
1.5312568952056704,16.87182980556721,0.006694529,148.8163452,4.234,0.3431,0.86976666,0.0008718508713968,0.9375,0.6931471805599453,1.0,australia,2008,1.0851321316119693,-0.391984951052024
1.0834473003010654,16.892438136235018,0.0058409735,148.8163452,5.561,0.3514,0.85726666,0.0008337016565064,0.875,0.6931471805599453,1.0,australia,2009,1.3676992981998322,-0.6745521176398869
1.1662858756596275,16.907995198143787,0.003491684,148.8163452,5.211,0.3488,0.85813334,0.0004953535468554,0.875,0.6931471805599453,1.0,australia,2010,1.3779323994401103,-0.684785218880165
1.2222256852087732,16.921890470673638,0.0058409735,148.8163452,5.081,0.3516,0.85813334,0.0008286394015935,0.875,0.0,0.0,australia,2011,1.3824734780742733,-1.3824734780742733
1.5998867208762448,16.93934866990568,0.0058409735,148.8163452,5.224,0.3509,0.85813334,0.0008286394015935,0.875,0.0,0.0,australia,2012,1.3888156867472288,-1.3888156867472288
1.2959464311137374,16.956560183554945,0.0058409735,148.8163452,5.662,0.3483,0.8375333399999999,0.0009489634556935,0.875,0.6931471805599453,1.0,australia,2013,1.3298507586440833,-0.636703578084138
1.2812642858606218,16.971475847806104,0.004984838,148.8163452,6.077,0.3487,0.91173334,0.000439995000901,0.875,2.19722457733622,8.0,australia,2014,1.6027501484893,0.5944744288469199
1.1519469699069662,16.98586801372342,0.0058409735,159.1107635,6.054,0.3449,0.91173334,0.0005155632219935,0.875,2.5649493574615367,12.0,australia,2015,1.5479653540721119,1.0169840033894249
1.323258884511413,17.001487418053717,0.004987418,155.5943909,5.714,0.3374,0.91173334,0.0004402227288838,0.875,2.302585092994046,9.0,australia,2016,1.5702474070279715,0.7323376859660744
1.1918932297473754,17.017955695352033,0.0058409735,153.5761261,5.604,0.3436,0.91226666,0.0005124481140064,0.875,1.6094379124341005,4.0,australia,2017,1.595733371550638,0.013704540883462402
1.3543315482715264,17.03291566185238,0.00497094,136.105545,5.345,0.3376,0.91226666,0.0004361171691396,0.875,1.3862943611198906,3.0,australia,2018,1.7009386175994583,-0.31464425647956773
1.161279383529379,17.047690568370708,0.0058409735,144.0565643,5.143,0.3293,0.91226666,0.0005124481140064,0.875,1.0986122886681098,2.0,australia,2019,1.6570684573345547,-0.5584561686664449
-0.1253383370183944,17.060024850399984,0.009892079,137.4907379,6.394,0.3406,0.9114,0.0008764381994,0.875,1.791759469228055,5.0,australia,2020,1.720010374341069,0.07174909488698589
1.168065939180099,15.88981618337608,0.0,100.2459793,5.282,0.3081,0.935,0.0,1.0,1.6094379124341005,4.0,austria,1996,0.7711855178971014,0.8382523945369991
1.5024939281958083,15.892046632860392,0.002394451,100.2459793,5.483,0.3164,0.935,0.000155639315,1.0,0.6931471805599453,1.0,austria,1998,0.7719173769541132,-0.07877019639416794
1.4325868682630527,15.89639693037332,0.00244632,98.61234283,4.687,0.3164,0.935,0.0001590108,1.0,0.0,0.0,austria,2000,0.7795135964381357,-0.7795135964381357
0.9100186135995598,15.905144727873571,0.003814212,98.95127106,4.852,0.3154,0.935,0.00024792378,1.0,0.0,0.0,austria,2002,0.7858455559369857,-0.7858455559369857
0.7615368911819487,15.910016066220562,0.003732266,99.39745331,4.779,0.3158,0.935,0.00024259729,1.0,0.0,0.0,austria,2003,0.7871463906949578,-0.7871463906949578
1.2712356757052812,15.916220196732349,0.000816529,99.2856369,5.969,0.3198,0.9225,6.32809975e-05,0.9375,0.0,0.0,austria,2004,1.053014069715581,-1.053014069715581
1.2000747597120542,15.923032868384515,0.001536901,100.1994324,5.682,0.3149,0.8925000000000001,0.0001652168574999,0.9375,0.0,0.0,austria,2005,0.9411512285225732,-0.9411512285225732
1.451458315149155,15.927980845535616,0.001453272,100.4166794,5.32,0.3221,0.90626666,0.0001362200384884,1.0,0.6931471805599453,1.0,austria,2006,0.6932930741846257,-0.00014589362468042655
1.563441027694758,15.931222310497084,0.003814212,100.1025696,4.909,0.3207,0.89376666,0.000405196480228,0.9375,0.6931471805599453,1.0,austria,2007,0.9425400607167511,-0.24939288015680583
0.8974363482208337,15.934352724496929,0.005091001,100.1261292,4.198,0.3198,0.89243334,0.0005476219736266,0.9375,2.079441541679836,7.0,austria,2008,0.9390973784959502,1.140344163183886
-1.523065907584353,15.93697225608161,0.006884822,100.5940933,5.371,0.3082,0.8749333399999999,0.0008610616922345,0.875,1.3862943611198906,3.0,austria,2009,1.1946875061688562,0.19160685495103436
1.032822293207564,15.939376198788835,0.005196234,100.2639694,4.883,0.3203,0.8999333399999999,0.0005199697809584,0.875,0.0,0.0,austria,2010,1.2675769143056943,-1.2675769143056943
1.3679949439470416,15.942747006804789,0.004768217,99.67295837,4.637,0.3171,0.8332666599999999,0.0007950207462547,0.875,0.6931471805599453,1.0,austria,2011,1.0326849792622352,-0.33953779870228995
0.4875035085998514,15.947306380985893,0.006715152,100.1087265,4.909,0.3131,0.8641333400000001,0.0009123652736323,1.0,0.0,0.0,austria,2012,0.5519606556937213,-0.5519606556937213
-0.2237245209186823,15.953200252835725,0.003379979,101.1732101,5.367,0.3096,0.8632,0.0004623811272,1.0,0.6931471805599453,1.0,austria,2013,0.5577616509071284,0.13538552965281692
0.5629239385376643,15.961015668242924,0.002242602,101.3048096,5.674,0.3054,0.8636000000000001,0.0003058909127999,1.0,0.0,0.0,austria,2014,0.5562589021388844,-0.5562589021388844
0.8344398281991215,15.972225591962284,0.006846073,101.4115829,5.802,0.3072,0.8636000000000001,0.0009338043571999,1.0,0.0,0.0,austria,2015,0.5546682862059915,-0.5546682862059915
1.1369414650975274,15.98303955370508,0.006640635,100.2279892,6.064,0.3209,0.8627333400000001,0.000911537786729,1.0,1.3862943611198906,3.0,austria,2016,0.571085333222239,0.8152090278976516
1.1854777972416817,15.98998576394882,0.003497298,100.3378983,5.561,0.3099,0.8628,0.0004798292855999,1.0,0.6931471805599453,1.0,austria,2017,0.5689737903746732,0.12417339018527207
1.2482445302824554,15.994856482644211,0.005683584,100.6925964,4.933,0.3113,0.8369333400000001,0.0009268030597094,0.875,0.6931471805599453,1.0,austria,2018,1.0662037023198503,-0.373056521759905
1.0134088022771692,15.999303218532384,0.006466445,101.5436325,4.56,0.3076,0.8369333400000001,0.0010544615882236,0.875,0.0,0.0,austria,2019,1.0603950591837883,-1.0603950591837883
-1.9903719241474505,16.003454985381463,0.007386065,101.6905594,5.201,0.3076,0.83606666,0.0012108223049071,0.875,1.6094379124341005,4.0,austria,2020,1.08990022227498,0.5195376901591204
0.8329088642394185,15.864879544203989,0.0014461595,84.80985864,0.9,0.4267,0.1149999999999999,0.0012798511575,0.25,1.0986122886681098,2.0,azerbaijan,1996,1.5736356275262233,-0.47502333885811354
2.397895237525643,15.884017660965643,0.0014461595,84.80985864,1.13,0.4276,0.09,0.001316005145,0.125,0.0,0.0,azerbaijan,1998,2.077497667332474,-2.077497667332474
2.4932053815283126,15.901008845471845,0.0014461595,84.80985864,11.78,0.4274,0.1149999999999999,0.0012798511575,0.25,0.6931471805599453,1.0,azerbaijan,2000,1.6451406310732188,-0.9519934505132736
2.345540771414972,15.916218238817484,0.002424022,84.80985864,10.04,0.3665,0.11,0.00215737958,0.125,0.6931471805599453,1.0,azerbaijan,2002,2.1850617999316366,-1.4919146193716912
2.416654521740017,15.92379474745002,0.002487477,84.80985864,9.17,0.3613,0.11,0.00221385453,0.125,0.0,0.0,azerbaijan,2003,2.180086838725088,-2.180086838725088
2.327648543839801,15.932549019196312,0.000468297,84.80985864,7.99,0.3688,0.11,0.00041678433,0.125,0.0,0.0,azerbaijan,2004,2.185853965642746,-2.185853965642746
3.3659686776402973,15.942771673895882,0.0,84.80985864,7.26,0.3772,0.11,0.0,0.125,0.0,0.0,azerbaijan,2005,2.1824758166571057,-2.1824758166571057
3.568580401502265,15.953757538338117,0.0014461595,84.80985864,6.62,0.4169,0.1387333399999999,0.0012455289623922,0.25,0.0,0.0,azerbaijan,2006,1.7090034307978375,-1.7090034307978375
3.275755683048457,15.965096091670851,0.0014461595,84.80985864,6.33,0.426,0.16373334,0.0012093749748922,0.375,0.6931471805599453,1.0,azerbaijan,2007,1.2147552098190326,-0.5216080292590873
2.4502666755454694,15.98609462957528,0.0014461595,84.80985864,5.86,0.3743,0.1629333399999999,0.0012105319024922,0.375,1.0986122886681098,2.0,azerbaijan,2008,1.199329546014579,-0.10071725734646919
2.3388690560959007,16.006856109869055,0.0014461595,84.80985864,5.74,0.3712,0.15043334,0.0012286088962422,0.3125,1.0986122886681098,2.0,azerbaijan,2009,1.4623367106252145,-0.36372442195710475
1.7559306284197849,16.018753985625754,0.0014461595,83.08531815,5.63,0.3651,0.16266666,0.0012109175643077,0.375,0.0,0.0,azerbaijan,2010,1.2261588290147853,-1.2261588290147853
-0.9450715037615722,16.031783992744764,0.0014461595,82.91762054,5.42,0.3704,0.15016666,0.0012289945580577,0.3125,0.0,0.0,azerbaijan,2011,1.514644103265144,-1.514644103265144
1.1640687998863246,16.045071629579173,0.0014461595,82.76227492,5.19,0.3765,0.15016666,0.0012289945580577,0.3125,0.0,0.0,azerbaijan,2012,1.504728081237086,-1.504728081237086
1.923287008290913,16.05800609846676,0.0014461595,83.13765536,4.97,0.372,0.17206666,0.0011973236650077,0.375,0.0,0.0,azerbaijan,2013,1.2782473604695714,-1.2782473604695714
1.3343653947357,16.070488187123043,0.0014461595,83.43866002,4.91,0.372,0.17553334,0.0011923102927922,0.375,1.3862943611198906,3.0,azerbaijan,2014,1.3006078367195417,0.08568652440034885
0.7176185062291476,16.082400284461865,0.0014461595,84.80985864,4.96,0.3666,0.17473334,0.0011934672203922,0.375,0.0,0.0,azerbaijan,2015,1.2993260431418965,-1.2993260431418965
-1.402068892155642,16.093578855411227,0.0014461595,86.58569358,5.0,0.3586,0.24933334,0.0010855837216922,0.375,1.0986122886681098,2.0,azerbaijan,2016,1.5728636279017079,-0.4742513392335981
0.142900197245865,16.103391472455574,0.0014461595,89.26251647,5.0,0.3675,0.24933334,0.0010855837216922,0.375,1.0986122886681098,2.0,azerbaijan,2017,1.5527943461294038,-0.45418205746129403
0.9164513877683058,16.11205464074393,0.0014461595,108.4887811,4.9,0.3675,0.24933334,0.0010855837216922,0.375,0.6931471805599453,1.0,azerbaijan,2018,1.436771211569448,-0.7436240310095027
1.2469773474492745,16.12052110715989,0.0014461595,107.8639605,5.0,0.3675,0.25,0.0010846196249999,0.375,0.0,0.0,azerbaijan,2019,1.444835847995563,-1.444835847995563
-1.6484587311867502,16.127364759733396,0.0014461595,91.3655135,7.24,0.3675,0.2370333399999999,0.0011033714835422,0.3125,0.0,0.0,azerbaijan,2020,1.8381598040877207,-1.8381598040877207
1.6312006404183714,13.260023983082386,0.057169535,89.68965912,3.85,0.5614,0.3075,0.0395899029875,0.1875,2.833213344056216,16.0,bahrain,1996,1.110535209054012,1.7226781350022042
1.7561329121373883,13.312724199203725,0.057169535,89.32608795,3.85,0.5675,0.3525,0.0370172739124999,0.3125,0.0,0.0,bahrain,1998,0.7081161024492366,-0.7081161024492366
1.8405606496860136,13.365439743618376,0.057169535,91.4384079,3.85,0.5738,0.39,0.03487341635,0.5,0.0,0.0,bahrain,2000,-0.03194758378431506,0.03194758378431506
1.4698426105036515,13.473800226446144,0.057169535,85.68901825,3.85,0.5803,0.475,0.030014005875,0.5,0.0,0.0,bahrain,2002,0.3677931015165051,-0.3677931015165051
1.9873867349067649,13.547000848874603,0.057169535,81.4129715,3.85,0.5837,0.45,0.03144324425,0.375,0.6931471805599453,1.0,bahrain,2003,0.9352925126149719,-0.24214533205502664
2.0770589253775684,13.621612653067324,0.057169535,80.49240112,3.85,0.5871,0.4674999999999999,0.0304427773874999,0.3125,0.0,0.0,bahrain,2004,1.3409919487821307,-1.3409919487821307
2.0501411184730536,13.697653394560495,0.057169535,81.27992249,3.85,0.5906,0.4375,0.0321578634375,0.3125,0.0,0.0,bahrain,2005,1.273625348316974,-1.273625348316974
2.010493247770718,13.77513117381093,0.057169535,83.5526886,3.85,0.5684,0.46103334,0.0308124733327031,0.4375,0.6931471805599453,1.0,bahrain,2006,0.7790230843083666,-0.08587590374842136
2.2293648657089875,13.85405411882476,0.057169535,90.81767469,5.6,0.544,0.46103334,0.0308124733327031,0.4375,0.0,0.0,bahrain,2007,0.7741646702369062,-0.7741646702369062
1.9803130871586672,13.913994786052667,0.057169535,89.02088928,3.7,0.5171,0.45503334,0.031155490542703,0.4375,0.6931471805599453,1.0,bahrain,2008,0.7714442983916475,-0.07829711783170223
1.2640944390538067,13.9796817217709,0.057169535,90.12888336,4.0,0.4873,0.45503334,0.031155490542703,0.4375,0.0,0.0,bahrain,2009,0.7924176117197833,-0.7924176117197833
1.674157474995184,14.021340286337807,0.057169535,90.19694148,1.13,0.5028,0.45576666,0.0311135669792969,0.4375,1.0986122886681098,2.0,bahrain,2010,0.8041088373132274,0.29450345135488243
1.0743735263387928,13.9936743164151,0.057169535,93.29389909,4.0,0.5176,0.37863334,0.0355232430167031,0.3125,0.6931471805599453,1.0,bahrain,2011,1.1243928184892322,-0.43124563792928694
1.5692467584754233,14.005275179632806,0.057169535,98.47329148,1.2,0.5317,0.37603334,0.0356718838077031,0.3125,3.295836866004329,26.0,bahrain,2012,1.0769481013570306,2.2188887646472986
1.8393778755700445,14.041204454381962,0.057169535,107.6104726,3.85,0.5452,0.3782999999999999,0.0355422999095,0.3125,3.970291913552122,52.0,bahrain,2013,1.0721517387509236,2.898140174801198
1.669376544095435,14.089014848972042,0.057169535,104.2038469,3.85,0.5582,0.3999666599999999,0.0343036270322969,0.3125,3.7612001156935615,42.0,bahrain,2014,1.2033793841456937,2.557820731547868
1.2550096009257412,14.13055703643913,0.057169535,100.3039148,3.85,0.5706,0.3869333399999999,0.0350487358762031,0.25,2.9444389791664403,18.0,bahrain,2015,1.510597506543994,1.4338414726224462
1.571734648364378,14.168788639091533,0.057169535,100.5836493,3.85,0.5706,0.3652666599999999,0.0362874098967969,0.25,1.3862943611198906,3.0,bahrain,2016,1.4500326287246756,-0.06373826760478507
1.7840356070213843,14.221720055612453,0.057169535,100.9234129,3.85,0.5706,0.36473334,0.0363178995532031,0.25,3.091042453358316,21.0,bahrain,2017,1.4727234044004218,1.6183190489578942
1.1159899683500605,14.22303487777331,0.057169535,100.7018874,3.85,0.5706,0.36473334,0.0363178995532031,0.25,0.6931471805599453,1.0,bahrain,2018,1.4810621038673288,-0.7879149233073836
1.1160846684045886,14.210087942670793,0.057169535,102.1282819,3.85,0.5706,0.36366666,0.0363788811527969,0.25,0.0,0.0,bahrain,2019,1.4619361681907692,-1.4619361681907692
-1.9331668617449935,14.202271834878657,0.057169535,90.81767469,3.85,0.5706,0.3632666599999999,0.0364017489667969,0.25,0.0,0.0,bahrain,2020,1.551524794342227,-1.551524794342227
1.7089065641598982,18.64272112700016,0.287174579,49.572925565,2.51,0.4382,0.2674999999999999,0.2103553791175,0.3125,5.087596335232384,161.0,bangladesh,1996,3.0750177024885383,2.0125786327438453
1.8208370671980656,18.68013564956749,0.287174579,41.92987823,4.25,0.4361,0.2674999999999999,0.2103553791175,0.3125,1.0986122886681098,2.0,bangladesh,1998,3.1485778324757066,-2.0499655438075965
1.8394847362783024,18.717404107968648,0.413734879,46.72100067,3.27,0.4355,0.2799999999999999,0.29788911288,0.375,3.1780538303479458,23.0,bangladesh,2000,2.6826498105564145,0.49540401979153126
1.5754930370613405,18.74950710378248,0.287174579,49.61994934,4.25,0.4396,0.19,0.23261140899,0.25,1.791759469228055,5.0,bangladesh,2002,3.1617324391791666,-1.3699729699511116
1.747383841637668,18.764060156729165,0.287174579,49.52590179,4.32,0.4433,0.2024999999999999,0.2290217267525,0.3125,1.6094379124341005,4.0,bangladesh,2003,2.9191464038748465,-1.309708491440746
1.8309053254129568,18.777675635702337,0.287174579,46.30842972,4.25,0.4443,0.2,0.2297396632,0.375,2.4849066497880004,11.0,bangladesh,2004,2.638523826821089,-0.15361717703308875
2.019684230851404,18.79028228724006,0.323163258,45.16950989,4.25,0.4459,0.1875,0.262570147125,0.3125,3.1780538303479458,23.0,bangladesh,2005,2.8449894625228005,0.33306436782514526
2.0375649529893285,18.801893964669876,0.287174579,45.70079041,3.591,0.4423,0.2299,0.2211531432878999,0.3125,3.1780538303479458,23.0,bangladesh,2006,3.05339492124942,0.12465890909852595
2.086739763998137,18.812650389915355,0.287174579,46.46588135,4.25,0.4397,0.26365,0.21146100124665,0.46875,2.302585092994046,9.0,bangladesh,2007,2.436264435140168,-0.13367934214612198
1.9478781765039777,18.82263479550892,0.287174579,44.5729599,4.25,0.4313,0.24346666,0.2172571434139638,0.375,2.995732273553991,19.0,bangladesh,2008,2.8219909153727567,0.17374135818123415
1.7992521288495154,18.83195372036144,0.287174579,48.12557983,5.0,0.4265,0.23096666,0.2208468256514638,0.3125,3.332204510175204,27.0,bangladesh,2009,3.0614239455812955,0.2707805645939083
1.882785969740837,18.8407190256461,0.2511859,49.50311068,3.379,0.4267,0.2458,0.18944440578,0.375,3.1354942159291497,22.0,bangladesh,2010,2.861146240077664,0.2743479758514855
2.0101422560653703,18.849804284542497,0.287174579,49.75154965,2.504,0.4232,0.22073334,0.2237855750142361,0.25,2.6390573296152584,13.0,bangladesh,2011,3.302310575074583,-0.6632532454593245
2.017760105717936,18.85938784360757,0.287174579,51.6718483,4.25,0.4219,0.22073334,0.2237855750142361,0.25,2.9444389791664403,18.0,bangladesh,2012,3.30623169577915,-0.36179271661270995
1.947851928010289,18.868771927048552,0.287174579,55.62143322,4.426,0.4204,0.23073334,0.2209138292242361,0.25,4.934473933130692,138.0,bangladesh,2013,3.325257599138964,1.6092163339917285
1.9545950910985064,18.87788360432871,0.287174579,49.572925565,4.25,0.4181,0.2427,0.2174773086766999,0.3125,4.875197323201151,130.0,bangladesh,2014,3.109414669175484,1.7657826540256671
2.0218971548619,18.88682179805005,0.287174579,59.42174149,4.25,0.4148,0.2423666599999999,0.2175730354508638,0.3125,6.152732694704104,469.0,bangladesh,2015,3.052795196893654,3.0999374978104504
2.093526655716225,18.895746122154705,0.195111669,64.16645461,4.35,0.4138,0.2423666599999999,0.1478231054574444,0.3125,4.499809670330265,89.0,bangladesh,2016,3.1756079323177264,1.3242017380125386
2.0268645286780123,18.90425529525891,0.287174579,62.34086392,4.372,0.4139,0.24786666,0.2159935752663638,0.375,3.737669618283368,41.0,bangladesh,2017,2.7680836422940747,0.9695859759892933
2.118591654985237,18.912464847186925,0.287174579,65.27148888,4.25,0.4139,0.2538,0.2142896708497999,0.375,3.5263605246161616,33.0,bangladesh,2018,2.7751884526239206,0.751172071992241
2.1840172039082715,18.920928959653363,0.287174579,65.11854135,4.25,0.4139,0.26836666,0.2101064963968638,0.4375,3.49650756146648,32.0,bangladesh,2019,2.53565269956621,0.9608548619002697
1.4924585027588415,18.929292067965157,0.287174579,66.43295485,4.25,0.4139,0.2691,0.2098958997911,0.4375,3.4339872044851463,30.0,bangladesh,2020,2.541667503878318,0.8923197006068282
-1.794634562683021,12.521335837742718,0.016773976,110.2822418,10.02,0.5366,0.75,0.004193494,1.0,0.0,0.0,barbados,2009,-1.5946786942939102,1.5946786942939102
-1.1686701924512128,12.525413255982215,0.016773976,107.6825409,10.69,0.5355,0.725,0.0046128434,0.875,0.0,0.0,barbados,2010,-1.073343634424009,1.073343634424009
-0.2702715256683795,12.528663262470143,0.016773976,107.3000717,9.803,0.5303,0.75,0.004193494,0.875,0.0,0.0,barbados,2011,-0.9982874455687891,0.9982874455687891
-1.4847605128743346,12.53155254431174,0.016773976,108.19116975,9.803,0.5252,0.75,0.004193494,0.875,0.0,0.0,barbados,2012,-0.993293641638141,0.993293641638141
-1.0192713966920917,12.534174231517603,0.016773976,108.19116975,11.55,0.52,0.75,0.004193494,0.875,0.0,0.0,barbados,2013,-0.9883794588731278,0.9883794588731278
0.5611092133631823,12.536631001005954,0.016773976,108.1863098,12.17,0.515,0.75,0.004193494,0.875,0.0,0.0,barbados,2014,-1.0009527609905826,1.0009527609905826
-0.7749484287865815,12.538934802218684,0.016773976,108.1960297,9.803,0.5099,0.7325,0.0044870385799999,0.8125,0.0,0.0,barbados,2015,-0.7690538434806828,0.7690538434806828
0.9148922444463056,12.541111712797486,0.016773976,108.3107376,8.247,0.5049,0.7325,0.0044870385799999,0.8125,0.0,0.0,barbados,2016,-0.7969841381112628,0.7969841381112628
0.5355494918679037,12.543158979269434,0.016773976,109.8042374,8.62,0.4999,0.7224999999999999,0.00465477834,0.8125,0.0,0.0,barbados,2017,-0.8367117577791043,0.8367117577791043
-0.822430138791145,12.545084511703395,0.016773976,108.2167511,8.321,0.495,0.7,0.0050321928,0.75,0.0,0.0,barbados,2018,-0.6001244946287607,0.6001244946287607
0.2051523861214181,12.5468498880161,0.016773976,106.0863266,8.41,0.4901,0.7125,0.0048225180999999,0.8125,0.0,0.0,barbados,2019,-0.8517416073643609,0.8517416073643609
-2.7320734469524144,12.548594403982408,0.016773976,104.3189926,9.803,0.4857,0.7125,0.0048225180999999,0.8125,0.0,0.0,barbados,2020,-0.8064405157063714,0.8064405157063714
2.3978947937073465,16.0777865457212,0.010611135,103.5103512,1.2,0.3282,0.24476666,0.0080138829272409,0.5625,0.6931471805599453,1.0,belarus,2006,0.4666000820449564,0.2265470985149889
2.261763785765221,16.073198070843794,0.010624937,103.5103512,1.0,0.3511,0.25101666,0.0079579008015495,0.59375,0.0,0.0,belarus,2007,0.3503524703622045,-0.3503524703622045
2.415913732765333,16.06974392066271,0.005179286,115.7135925,0.8,0.3437,0.25726666,0.0038468283895952,0.625,0.6931471805599453,1.0,belarus,2008,0.15213680564830745,0.5410103749116378
0.1823175834527275,16.067284766508173,0.005401619,113.7015381,6.1,0.3397,0.24976666,0.0040524746637774,0.5625,0.0,0.0,belarus,2009,0.4847563940452675,-0.4847563940452675
2.1690556517961905,16.065099539178743,0.001721331,111.0289985,1.1,0.334,0.22476666,0.0013344331803755,0.4375,1.0986122886681098,2.0,belarus,2010,0.958569187318005,0.14004310135010478
1.8794611894870383,16.06275671028449,0.000546813,108.9898674,0.6,0.3546,0.22356666,0.0004245638439454,0.4375,0.6931471805599453,1.0,belarus,2011,0.9780747870578492,-0.28492760649790394
0.99615589788041,16.061190534447658,0.00081205,107.6577864,0.5,0.3395,0.24776666,0.000610851083747,0.4375,1.3862943611198906,3.0,belarus,2012,1.0689397349715795,0.3173546261483111
0.6925066254483173,16.060806734485627,0.000224735,104.5231241,0.5,0.3168,0.24776666,0.0001690531596649,0.4375,0.0,0.0,belarus,2013,1.0782516268619091,-1.0782516268619091
0.974983965808256,16.06136825010128,0.0,103.5103512,0.5,0.3273,0.2521,0.0,0.4375,0.0,0.0,belarus,2014,1.1032568841469677,-1.1032568841469677
-1.5747575543950434,16.062696782328022,0.0,102.895731,1.0,0.3097,0.25163334,0.0,0.4375,0.0,0.0,belarus,2015,1.1233660181168128,-1.1233660181168128
-1.260290691388869,16.06357399311405,0.0,102.9690059,5.844,0.3139,0.2761,0.0,0.5625,0.0,0.0,belarus,2016,0.6444379618940957,-0.6444379618940957
1.2619162335440026,16.062476170000544,0.000275216,102.4808505,5.648,0.3178,0.27336666,0.0001999811213014,0.5625,0.0,0.0,belarus,2017,0.6137402392382261,-0.6137402392382261
1.4229149620534345,16.060337928156862,0.000220122,101.596011,4.763,0.3171,0.27336666,0.0001599479840674,0.5625,0.0,0.0,belarus,2018,0.6104681996416738,-0.6104681996416738
0.8946402349740825,16.058320062361155,0.0,100.4387442,4.165,0.3155,0.28153334,0.0,0.625,0.0,0.0,belarus,2019,0.34848219381970846,-0.34848219381970846
-0.5144647455228234,16.054085310308874,0.0,100.5757104,4.049,0.3155,0.12726666,0.0,0.125,1.0986122886681098,2.0,belarus,2020,2.1932073028628314,-1.0945950141947216
0.8421842986730952,16.13363803984149,0.001421017,159.11426545,9.483,0.3246,0.8949999999999999,0.000149206785,1.0,0.0,0.0,belgium,1996,0.45350266286128127,-0.45350266286128127
1.0858081325432491,16.138193234750556,0.001421017,159.11426545,9.322,0.3239,0.8949999999999999,0.000149206785,1.0,1.3862943611198906,3.0,belgium,1998,0.4522665819012699,0.9340277792186207
1.5511104852819195,16.142910304881834,0.00305506,146.9197845,6.586,0.3244,0.8949999999999999,0.0003207813,1.0,0.0,0.0,belgium,2000,0.5030689012542453,-0.5030689012542453
0.99580196406269,16.150832504636536,0.001421017,157.6487732,6.91,0.3142,0.8949999999999999,0.000149206785,1.0,1.3862943611198906,3.0,belgium,2002,0.44819411389610453,0.938100247223786
0.7119469433909121,16.155018919312916,0.00393274,158.8792267,7.68,0.314,0.8949999999999999,0.0004129377,1.0,2.19722457733622,8.0,belgium,2003,0.44720620301704916,1.7500183743191708
1.519777222348034,16.159346801378007,0.00052022,151.638092,7.363,0.3196,0.86,7.28308e-05,0.875,0.0,0.0,belgium,2004,0.9614211153392891,-0.9614211153392891
1.200488118554778,16.16484735793252,0.002526065,157.343399,8.44,0.3166,0.8724999999999999,0.0003220732875,0.9375,0.0,0.0,belgium,2005,0.6830155315978492,-0.6830155315978492
1.2676067870231815,16.171442939454966,0.001921149,158.6851044,8.246,0.3204,0.8059999999999998,0.000372702906,0.875,0.0,0.0,belgium,2006,0.7433260668036069,-0.7433260668036069
1.5426407625138192,16.17878624706899,0.001704831,159.4398956,7.459,0.329,0.79975,0.00034139240775,0.84375,0.6931471805599453,1.0,belgium,2007,0.8670944807522001,-0.1739473001922548
0.3694268829568365,16.186686014783263,0.001184167,160.468811,6.976,0.3129,0.79356666,0.0002444515489277,0.8125,0.0,0.0,belgium,2008,0.9920242744658985,-0.9920242744658985
-1.0669293275476317,16.194732009761214,0.001180588,159.6615448,7.908,0.3065,0.85356666,0.0001728774440039,0.8125,0.6931471805599453,1.0,belgium,2009,1.227671329573189,-0.5345241490132436
1.3111158361674184,16.20386840283515,0.001421017,160.6604767,8.293,0.311,0.8403333400000002,0.0002268890381932,0.75,0.0,0.0,belgium,2010,1.4594224185200517,-1.4594224185200517
1.0753965514934924,16.216878430665854,0.001840943,159.3493042,7.14,0.3096,0.8403333400000002,0.0002939372200603,0.75,0.0,0.0,belgium,2011,1.4678789677067228,-1.4678789677067228
0.195405267211441,16.223080065899136,0.001720728,160.1105347,7.542,0.312,0.8403333400000002,0.0002747428925284,0.75,0.6931471805599453,1.0,belgium,2012,1.4790930927409514,-0.7859459121810061
0.2665819337366097,16.227793466915436,0.001445081,161.8458862,8.425,0.3148,0.8403333400000002,0.0002307312566994,0.75,0.0,0.0,belgium,2013,1.478191162183806,-1.478191162183806
1.0172360520455035,16.232232759403264,0.00076496,162.4219818,8.523,0.3164,0.73953334,0.0001992465762335,0.75,1.0986122886681098,2.0,belgium,2014,1.1184653513285043,-0.01985306266039455
0.9059026973907276,16.23802722130459,0.001371884,164.0798187,8.482,0.3174,0.73953334,0.0003573300433874,0.75,0.0,0.0,belgium,2015,1.1123796766929575,-1.1123796766929575
0.7854996862096348,16.24309022088116,0.000598162,160.68927,7.83,0.3203,0.73846666,0.000156439305721,0.75,1.9459101490553128,6.0,belgium,2016,1.1310605897375303,0.8148495593177825
0.9060252682358664,16.246942500725574,0.001749619,158.6702881,7.09,0.3173,0.73853334,0.0004574670362025,0.75,1.3862943611198906,3.0,belgium,2017,1.1362025346363596,0.250091826483531
1.0570846542703634,16.251494347279078,0.000897512,156.5097656,5.941,0.324,0.73853334,0.0002346694649499,0.75,1.3862943611198906,3.0,belgium,2018,1.1477244816468894,0.23856987947300112
1.2363112480346357,16.256898960078367,0.001068481,156.635376,5.364,0.3252,0.7376,0.0002803694144,0.75,0.6931471805599453,1.0,belgium,2019,1.1417883406054599,-0.4486411600455146
-1.7566475142753104,16.261208927855034,0.000858029,151.7275085,5.545,0.3252,0.73673334,0.0002258904290131,0.75,1.3862943611198906,3.0,belgium,2020,1.199626958589033,0.18666740253085767
1.7068285814282236,12.570295531946122,0.010364783,76.09268188,9.39,0.5516,0.395,0.006270693715,0.5,0.0,0.0,belize,2006,-0.2587001080420317,0.2587001080420317
1.4677354866281858,12.5984558913214,0.010364783,75.48921967,8.51,0.5618,0.395,0.006270693715,0.5,0.0,0.0,belize,2007,-0.23744242468762544,0.23744242468762544
-0.9660243609358236,12.625973061434594,0.010364783,75.40952301,8.18,0.553,0.4225,0.0059856621825,0.5625,0.0,0.0,belize,2008,-0.4064451115511054,0.4064451115511054
-0.3692917619984703,12.6527276804632,0.010364783,75.11128998,8.2965,0.5446,0.4725,0.0054674230325,0.5625,0.0,0.0,belize,2009,-0.22406698238148204,0.22406698238148204
0.8826971294668853,12.676844729438978,0.010364783,75.62230373,8.2965,0.5455,0.4725,0.0054674230325,0.5625,0.0,0.0,belize,2010,-0.22540212839511042,0.22540212839511042
-0.1222805714515305,12.698629405183658,0.010364783,76.1272789,8.2965,0.5384,0.4725,0.0054674230325,0.5625,0.0,0.0,belize,2011,-0.21104338859419935,0.21104338859419935
1.598153121621172,12.720138015645992,0.010364783,78.80953972,8.2965,0.5325,0.4674999999999999,0.0055192469475,0.5625,0.0,0.0,belize,2012,-0.25233595099458106,0.25233595099458106
1.6226434573441757,12.74147770475054,0.010364783,80.66943037,8.349,0.5398,0.4674999999999999,0.0055192469475,0.5625,0.6931471805599453,1.0,belize,2013,-0.2475525339001754,0.9406997144601207
1.5876545017691708,12.762609412427334,0.010364783,80.35830337,8.244,0.5319,0.4625,0.0055710708625,0.5625,0.0,0.0,belize,2014,-0.2566279952767918,0.2566279952767918
1.324488176814595,12.783623772244711,0.010364783,81.29361995,7.578,0.5282,0.4625,0.0055710708625,0.5625,0.0,0.0,belize,2015,-0.25446111317844333,0.25446111317844333
-0.0185680380534323,12.806846828539696,0.010364783,87.73137263,7.0,0.5295,0.4625,0.0055710708625,0.5625,0.0,0.0,belize,2016,-0.26980260474654205,0.26980260474654205
-1.0414199769595172,12.829877786508224,0.010364783,86.3238932,6.596,0.5299,0.4625,0.0055710708625,0.5625,0.0,0.0,belize,2017,-0.24169892034651386,0.24169892034651386
0.5999724452202413,12.84852372177013,0.010364783,86.28335614,9.346,0.5327,0.4625,0.0055710708625,0.5625,0.0,0.0,belize,2018,-0.22836212799744104,0.22836212799744104
1.6594819758574688,12.863152136928242,0.010364783,87.45265967,9.053,0.5258,0.4625,0.0055710708625,0.5625,0.0,0.0,belize,2019,-0.2430257516181027,0.2430257516181027
-2.6757266940038065,12.87598446369473,0.010364783,86.18865962,8.2965,0.5411,0.4625,0.0055710708625,0.5625,0.0,0.0,belize,2020,-0.18374846275645385,0.18374846275645385
1.5981218927082648,15.978056615196332,0.658208951,52.31655884,1.706,0.4936,0.44273334,0.3667979037058737,0.75,0.0,0.0,benin,2006,-0.3602959857626573,0.3602959857626573
1.94395814828368,16.00760756731954,0.658208951,52.31655884,1.706,0.4975,0.44273334,0.3667979037058737,0.75,0.6931471805599453,1.0,benin,2007,-0.3454396633604009,1.038586843920346
1.774372027302259,16.03780350384402,0.658208951,52.31655884,1.706,0.5015,0.38623334,0.4039867094373737,0.6875,0.0,0.0,benin,2008,-0.24066400989795866,0.24066400989795866
1.1997515490510915,16.067793864863926,0.658208951,52.31655884,1.706,0.5054,0.3629,0.4193449226821,0.6875,0.0,0.0,benin,2009,-0.30460453212548244,0.30460453212548244
1.1359288586806984,16.097636278051944,0.658208951,52.31655884,1.04,0.5093,0.34613334,0.4303808883724737,0.625,0.0,0.0,benin,2010,-0.0557649231120354,0.0557649231120354
1.37719128329399,16.127414495337156,0.68410868,45.7294693,2.647,0.5133,0.3454,0.447817541928,0.625,0.0,0.0,benin,2011,-0.034109711401600684,0.034109711401600684
1.759791102228936,16.157091146444312,0.658208951,52.31655884,1.706,0.5217,0.345,0.431126862905,0.625,0.0,0.0,benin,2012,-0.02279133635939945,0.02279133635939945
2.103088940053358,16.18657965966323,0.658208951,52.03784943,2.198,0.5302,0.34413334,0.4316973062744736,0.625,0.0,0.0,benin,2013,-0.0039562549292839755,0.0039562549292839755
1.995744543065037,16.216129844538738,0.658208951,52.59526825,1.706,0.5387,0.34266666,0.4326626881787263,0.625,0.0,0.0,benin,2014,0.005931675575946871,-0.005931675575946871
1.0217856201035829,16.245669004666507,0.658208951,55.13330841,1.706,0.5472,0.37313334,0.4126092466954736,0.625,0.0,0.0,benin,2015,0.1355538770639939,-0.1355538770639939
1.4677990978156432,16.27491502379742,0.658208951,55.29459,1.706,0.5201,0.3728,0.4128286540672,0.625,0.0,0.0,benin,2016,0.1297885683588178,-0.1297885683588178
1.897854008224824,16.30372680831075,0.658208951,52.31655884,1.706,0.493,0.3724,0.4130919376475999,0.625,0.0,0.0,benin,2017,0.1420998084579903,-0.1420998084579903
2.040863592769352,16.33186322484685,0.37176537,52.31655884,1.706,0.4659,0.37326666,0.2329977520364358,0.625,0.0,0.0,benin,2018,0.5855207252929142,-0.5855207252929142
2.062509834416133,16.359217106951007,0.658208951,52.31655884,1.214,0.454,0.35143334,0.4268923809321736,0.5625,0.6931471805599453,1.0,benin,2019,0.36395127897681345,0.32919590158313183
1.578729684255591,16.385843092401814,0.658208951,43.98587036,1.706,0.442,0.37303334,0.4126750675905736,0.5625,0.6931471805599453,1.0,benin,2020,0.5093480378759645,0.1837991426839808
2.839358170001141,13.427849021547884,0.120296588,50.22494125,3.7,0.4445,0.5299,0.0565514260187999,0.875,0.0,0.0,bhutan,2007,-1.2210593180406561,1.2210593180406561
2.159579520122661,13.450211389219234,0.036468899,58.55374146,3.96,0.4476,0.51226666,0.0177870979153926,0.875,0.0,0.0,bhutan,2009,-1.185993427625054,1.185993427625054
2.559695104170688,13.46116575428176,0.036468899,62.93544006,3.32,0.4538,0.5162,0.0176436533362,0.875,0.0,0.0,bhutan,2010,-1.196196774848065,1.196196774848065
2.250160473004211,13.472143808717853,0.036468899,66.98612213,3.23,0.4545,0.51546666,0.0176703974385926,0.875,0.6931471805599453,1.0,bhutan,2011,-1.2138437174591903,1.9069908980191355
1.818858959710536,13.483221559389266,0.036468899,72.13021851,2.05,0.4566,0.516,0.0176509471159999,0.875,0.0,0.0,bhutan,2012,-1.2381936268237237,1.2381936268237237
1.0066214053987947,13.494304793473349,0.036468899,76.68079376,2.87,0.4476,0.5388,0.0168194562188,0.875,0.0,0.0,bhutan,2013,-1.170757728369092,1.170757728369092
1.9287764166799743,13.505091958538625,0.036468899,84.14041901,2.63,0.4384,0.56413334,0.0158955772010073,0.875,0.6931471805599453,1.0,bhutan,2014,-1.1347145772265959,1.827861757786541
2.036116585200638,13.515241602006997,0.036468899,85.23130798,2.45,0.4284,0.58953334,0.0149692671664073,0.875,0.0,0.0,bhutan,2015,-1.0537861906248398,1.0537861906248398
2.248756312450076,13.52498043366036,0.036468899,85.67661285,3.23,0.4208,0.58953334,0.0149692671664073,0.875,0.0,0.0,bhutan,2016,-1.0525698862018629,1.0525698862018629
1.1271496072368803,13.533593171071674,0.026142048,86.56004333,3.23,0.4141,0.65053334,0.0091357742001196,0.875,0.0,0.0,bhutan,2017,-0.8162954349871117,0.8162954349871117
1.5044932785076994,13.540757872916837,0.036468899,87.57228707,3.35,0.4141,0.647,0.0128735213469999,0.875,0.0,0.0,bhutan,2018,-0.8484877027992412,0.8484877027992412
1.9103049566627128,13.547402328469596,0.036468899,90.61855755,2.72,0.4141,0.6595000000000001,0.0124176601094999,0.9375,0.0,0.0,bhutan,2019,-1.123559100943828,1.123559100943828
-2.417555057450958,13.554154884697637,0.036468899,89.77114289,5.03,0.4141,0.64973334,0.0127738394466073,0.875,0.0,0.0,bhutan,2020,-0.7969530127776732,0.7969530127776732
1.679214307925934,15.897665539933016,0.075246162,87.218201795,5.23,0.5541,0.3475,0.049098120705,0.4375,0.6931471805599453,1.0,bolivia,1996,1.4780112115503163,-0.784864030990371
1.7966399992092528,15.93337862732327,0.075246162,87.218201795,3.655,0.5541,0.44,0.04213785072,0.625,0.0,0.0,bolivia,1998,0.922568589074839,-0.922568589074839
1.2549921417557055,15.96800818840528,0.282539865,72.75763702,4.47,0.5541,0.415,0.165285821025,0.5,0.0,0.0,bolivia,2000,1.2257763699264743,-1.2257763699264743
1.248630366188208,16.001601833902388,0.238880453,80.63069916,5.48,0.5619,0.3225,0.1618415069075,0.3125,0.0,0.0,bolivia,2002,1.8331521147562584,-1.8331521147562584
1.311392953471768,16.018352771239886,0.075246162,83.46972656,3.655,0.562,0.31,0.05191985178,0.25,0.6931471805599453,1.0,bolivia,2003,2.321905661773995,-1.6287584812140494
1.643509930119626,16.035180020391003,0.132452656,86.3809967,4.17,0.5588,0.2674999999999999,0.09702157052,0.3125,0.0,0.0,bolivia,2004,1.774119067997619,-1.774119067997619
1.6903601950758278,16.0520365075939,0.186803087,87.42555237,5.45,0.5548,0.2625,0.1377672766625,0.3125,0.6931471805599453,1.0,bolivia,2005,1.6784905172210967,-0.9853433366611514
1.7573420645230753,16.069082912020964,0.159090098,86.59062958,5.08,0.5516,0.31236666,0.1093956554486673,0.3125,0.0,0.0,bolivia,2006,1.9098898138884808,-1.9098898138884808
1.7163863351199924,16.086188075507305,0.120687993,86.04959869,5.18,0.5618,0.31236666,0.0829890877244866,0.3125,1.3862943611198906,3.0,bolivia,2007,1.989067879604598,-0.6027735184847074
1.966902247221877,16.10306921746769,0.105672092,85.36837769,2.603,0.553,0.3135,0.072543891158,0.3125,0.0,0.0,bolivia,2008,2.0064545368442435,-2.0064545368442435
1.4717836493616028,16.119721927852904,0.100365788,83.75238037,2.973,0.5446,0.321,0.068148370052,0.375,1.3862943611198906,3.0,bolivia,2009,1.765013007271064,-0.37871864615117334
1.634466583867446,16.136165994403104,0.075246162,87.76018764,3.655,0.5455,0.31446666,0.051583752758041,0.375,0.0,0.0,bolivia,2010,1.7696472964169665,-1.7696472964169665
1.825209145751314,16.15239369068889,0.069346738,85.30040795,2.255,0.5384,0.31393334,0.047576484921555,0.375,0.0,0.0,bolivia,2011,1.785734293039847,-1.785734293039847
1.8119338543745056,16.168390206772496,0.078767117,87.01085122,2.066,0.5325,0.28893334,0.0560086708030192,0.25,0.6931471805599453,1.0,bolivia,2012,2.2709730849179905,-1.5778259043580452
2.0536122475241783,16.184127650052286,0.067578285,88.76505571,2.437,0.5398,0.3136,0.046385734824,0.375,0.0,0.0,bolivia,2013,1.7838799656241098,-1.7838799656241098
1.8657174727322792,16.199573236394517,0.055981645,89.45648198,2.021,0.5319,0.3186,0.0381458929029999,0.375,0.0,0.0,bolivia,2014,1.8187600469841558,-1.8187600469841558
1.7676694849374357,16.214741846986296,0.06209847,90.6139032,3.111,0.5282,0.31833334,0.0423304566360102,0.375,0.0,0.0,bolivia,2015,1.8152755316160063,-1.8152755316160063
1.6608761604753624,16.229638904043668,0.071725207,90.61528528,3.498,0.5295,0.31753334,0.0489500624590986,0.375,0.0,0.0,bolivia,2016,1.8095761079065715,-1.8095761079065715
1.6477363415680415,16.24425135997914,0.064122793,89.40002128,3.655,0.5299,0.3166,0.0438215167362,0.375,0.0,0.0,bolivia,2017,1.8344882717413509,-1.8344882717413509
1.3527593064139205,16.258585067790193,0.046958622,88.72189996,3.519,0.5327,0.3179999999999999,0.032025780204,0.375,1.0986122886681098,2.0,bolivia,2018,1.8814830806524527,-0.782870791984343
0.9189755353616856,16.27265084895707,0.031385939,88.82350466,3.682,0.5258,0.31226666,0.0215851566575062,0.375,0.6931471805599453,1.0,bolivia,2019,1.8938687367376348,-1.2007215561776894
-2.6188159196537577,16.28499049217369,0.04246919,88.86723698,7.903,0.5411,0.2888666599999999,0.0302012569317946,0.25,2.302585092994046,9.0,bolivia,2020,2.4628136735768527,-0.16022858058280676
4.010950275122972,15.170119960673638,0.002351145,85.60005188,27.312,0.3109,0.375,0.0014694656249999,0.5,3.5263605246161616,33.0,bosnia and herzegovina,1996,0.9860010706730934,2.540359453943068
2.8688288388370053,15.223898302945834,0.002351145,85.60005188,27.312,0.3207,0.375,0.0014694656249999,0.5,2.302585092994046,9.0,bosnia and herzegovina,1998,1.031330963511049,1.2712541294829969
1.8585323594902483,15.240970823043142,0.002351145,85.60005188,27.312,0.3207,0.375,0.0014694656249999,0.5,1.9459101490553128,6.0,bosnia and herzegovina,2000,1.0501214326446,0.8957887164107128
1.7963231476216477,15.247734567304686,0.002351145,85.60005188,27.312,0.3317,0.375,0.0014694656249999,0.5,1.3862943611198906,3.0,bosnia and herzegovina,2002,1.0605044950443228,0.3257898660755678
1.582505575131835,15.24546863209506,0.002351145,85.60005188,27.312,0.3388,0.375,0.0014694656249999,0.5,0.6931471805599453,1.0,bosnia and herzegovina,2003,1.0652710939950611,-0.37212391343511586
1.991329734302356,15.236444964672744,0.003954833,85.60005188,27.312,0.3415,0.375,0.0024717706249999,0.5,0.0,0.0,bosnia and herzegovina,2004,1.0555623579477937,-1.0555623579477937
1.5886601837010017,15.225642043897976,0.002351145,85.60005188,27.312,0.3402,0.375,0.0014694656249999,0.5,0.6931471805599453,1.0,bosnia and herzegovina,2005,1.0552893869236986,-0.36214220636375327
1.8584835683740657,15.21749936444285,0.002351145,85.60005188,31.11,0.338,0.3843666599999999,0.0014474432491743,0.5625,0.6931471805599453,1.0,bosnia and herzegovina,2006,0.80639550990728,-0.11324832934733475
1.9255787007979732,15.20515554944756,0.001721799,80.98944855,28.984,0.337,0.35853334,0.0011044766537213,0.5,1.0986122886681098,2.0,bosnia and herzegovina,2007,1.019760661491681,0.0788516271764288
1.8628153471198472,15.188604424666972,0.002351145,85.2279129,23.405,0.3439,0.34466666,0.0015407837056742,0.5,1.6094379124341005,4.0,bosnia and herzegovina,2008,0.9061971970255357,0.7032407154085648
-1.387407625960568,15.171292875152089,0.002351145,87.00093079,24.068,0.3421,0.31966666,0.0015995623306743,0.375,0.6931471805599453,1.0,bosnia and herzegovina,2009,1.4267682639033512,-0.7336210833434059
0.6236187564045467,15.15352628656011,0.002351145,85.51837158,27.312,0.3433,0.29546666,0.0016564600396742,0.375,0.6931471805599453,1.0,bosnia and herzegovina,2010,1.3425463126791923,-0.649399132119247
0.6726953146539821,15.135077069782364,0.002351145,87.72799683,27.582,0.3463,0.26076666,0.0017380447711742,0.3125,0.6931471805599453,1.0,bosnia and herzegovina,2011,1.4977279843916136,-0.8045808038316683
-0.599845471577075,15.11573328221862,0.002351145,90.78530884,28.01,0.3447,0.2599,0.0017400824144999,0.3125,0.0,0.0,bosnia and herzegovina,2012,1.4801221076325874,-1.4801221076325874
1.2089181753955758,15.099456529084296,0.002351145,92.29839325,27.49,0.3443,0.2593,0.0017414931014999,0.3125,0.6931471805599453,1.0,bosnia and herzegovina,2013,1.439772899088522,-0.7466257185285766
0.7672559792133257,15.086626924859026,0.002351145,90.2868576,27.517,0.3442,0.2577,0.0017452549334999,0.3125,1.3862943611198906,3.0,bosnia and herzegovina,2014,1.443317416007617,-0.05702305488772641
1.6647080193998396,15.073557257222427,0.002351145,85.71617889,27.695,0.3453,0.25803334,0.0017444712028256,0.3125,1.9459101490553128,6.0,bosnia and herzegovina,2015,1.4574490542524612,0.4884610948028516
1.445095726991379,15.060530483467558,0.002351145,83.16995239,25.408,0.3448,0.2583,0.0017438442465,0.3125,0.0,0.0,bosnia and herzegovina,2016,1.453931678910975,-1.453931678910975
1.4455295364554184,15.047686780394104,0.002351145,83.66808319,20.527,0.3472,0.2583,0.0017438442465,0.3125,0.0,0.0,bosnia and herzegovina,2017,1.4152023436876424,-1.4152023436876424
1.5746402337703342,15.035455427046395,0.002351145,85.64099121,18.4,0.3454,0.25903334,0.0017421200578257,0.3125,1.0986122886681098,2.0,bosnia and herzegovina,2018,1.3842117870726622,-0.28559949840455245
1.357342373136828,15.023136880058765,0.002351145,85.54013062,15.692,0.3422,0.25823334,0.0017440009738256,0.3125,0.0,0.0,bosnia and herzegovina,2019,1.3588536194185707,-1.3588536194185707
-1.390060598685074,15.00923603733866,0.002351145,85.55911255,15.868,0.3421,0.2581,0.0017443144755,0.3125,0.0,0.0,bosnia and herzegovina,2020,1.3778330569211157,-1.3778330569211157
1.9212953926269292,14.244636852616852,0.213652593,77.80651093,21.593,0.681,0.595,0.086529300165,0.75,0.0,0.0,botswana,1996,-0.0005134414216045879,0.0005134414216045879
0.3671840396438394,14.289817415029844,0.213652593,74.40514374,20.86,0.6762,0.595,0.086529300165,0.75,0.0,0.0,botswana,1998,0.05133679453977624,-0.05133679453977624
1.0945024662389549,14.332745398748768,0.213652593,76.19682312,15.88,0.6714,0.5700000000000001,0.0918706149899999,0.625,0.0,0.0,botswana,2000,0.528040623278774,-0.528040623278774
1.9557941235343856,14.372129860919422,0.348094008,75.87957001,20.052,0.6665,0.595,0.14097807324,0.75,0.0,0.0,botswana,2002,-0.13426596971594384,0.13426596971594384
1.7273800021073895,14.389726105982914,0.213652593,76.56487274,23.8,0.6632,0.73,0.05768620011,0.875,0.0,0.0,botswana,2003,-0.018536550907914506,0.018536550907914506
1.3099050171537887,14.40725991656998,0.213652593,78.39881897,20.052,0.6599,0.65,0.07477840755,0.75,0.0,0.0,botswana,2004,0.2659054144298467,-0.2659054144298467
1.714994626383783,14.425209823039111,0.213652593,79.56362152,20.052,0.6566,0.6875,0.0667664353125,0.8125,0.0,0.0,botswana,2005,0.10069621533209472,-0.10069621533209472
2.2368587833015297,14.44386158420207,0.213652593,81.69483948,17.782,0.6533,0.64983334,0.0748140148911493,0.9375,0.0,0.0,botswana,2006,-0.6521519869539254,0.6521519869539254
1.9158272738415152,14.463242921456144,0.213652593,82.48670959,20.052,0.65,0.64983334,0.0748140148911493,0.9375,0.0,0.0,botswana,2007,-0.6310826845806137,0.6310826845806137
1.4474066188461363,14.483325058634472,0.213652593,77.80651093,20.052,0.6466,0.6489666599999999,0.0749991833204506,0.9375,0.0,0.0,botswana,2008,-0.5933666536451601,0.5933666536451601
-2.717619906391344,14.503983832824328,0.210708839,77.80651093,16.169,0.6433,0.6489666599999999,0.0739658275216922,0.9375,0.0,0.0,botswana,2009,-0.5643940005316253,0.5643940005316253
2.408720407217928,14.525078182091557,0.213652593,77.80651093,17.86,0.6366,0.6375333400000001,0.0774419417850493,0.875,0.0,0.0,botswana,2010,-0.34303542352017957,0.34303542352017957
2.059036074649792,14.544765920466252,0.213652593,77.80651093,20.01,0.6298,0.6375333400000001,0.0774419417850493,0.875,0.0,0.0,botswana,2011,-0.31958213978053895,0.31958213978053895
-0.157736043864043,14.561543314558246,0.213652593,77.80651093,20.052,0.623,0.639,0.077128586073,0.875,0.0,0.0,botswana,2012,-0.28778690766310544,0.28778690766310544
2.493445660940445,14.57663549495618,0.213652593,77.80651093,20.052,0.6162,0.63986666,0.0769434219167506,0.875,0.0,0.0,botswana,2013,-0.305440517083855,0.305440517083855
1.901681199861034,14.591179678053388,0.213652593,77.80651093,20.052,0.6095,0.6391333400000001,0.0771000976362493,0.875,0.0,0.0,botswana,2014,-0.29835632914301,0.29835632914301
-1.7666681439706844,14.605454993901557,0.213652593,77.80651093,20.052,0.6027,0.6391333400000001,0.0771000976362493,0.875,0.0,0.0,botswana,2015,-0.259688126665637,0.259688126665637
2.10467361349201,14.619652004765468,0.213652593,77.80651093,20.052,0.6027,0.6391333400000001,0.0771000976362493,0.875,0.0,0.0,botswana,2016,-0.2887031267929421,0.2887031267929421
1.632055899158609,14.63385676318741,0.213652593,77.80651093,20.052,0.6027,0.63873334,0.0771855586734493,0.875,0.0,0.0,botswana,2017,-0.27799267571569874,0.27799267571569874
1.6464817139876131,14.648046567823087,0.213652593,77.80651093,20.052,0.6027,0.63873334,0.0771855586734493,0.875,0.0,0.0,botswana,2018,-0.2704677935436781,0.2704677935436781
1.3942063275527916,14.662272846386983,0.213652593,77.80651093,20.094,0.6027,0.63873334,0.0771855586734493,0.875,0.0,0.0,botswana,2019,-0.26013631516356317,0.26013631516356317
-2.2750990324584697,14.67666694383748,0.213652593,77.80651093,21.017,0.6027,0.6374666600000001,0.0774561881399506,0.875,0.0,0.0,botswana,2020,-0.2164367989555791,0.2164367989555791
1.1659169963191145,18.91661128470367,0.206502716,103.0159607,8.035,0.5861,0.4025,0.1233853728099999,0.5625,2.9444389791664403,18.0,brazil,1996,2.4551371449918786,0.48930183417456163
0.2912491294328007,18.946353536988816,0.191343457,103.0159607,10.15,0.5861,0.39,0.11671950877,0.5,1.0986122886681098,2.0,brazil,1998,2.7680871536164613,-1.6694748649483515
1.6841648754305996,18.974670926371484,0.0778152155,103.0159607,9.882,0.5861,0.4525,0.04260383048625,0.8125,1.0986122886681098,2.0,brazil,2000,1.6784944534903619,-0.5798821648222521
1.399571295508666,19.000118682802903,0.161935211,103.0159607,10.641,0.5934,0.41,0.09554177449,0.75,0.6931471805599453,1.0,brazil,2002,1.7218359153367189,-1.0286887347767735
0.7611931367307303,19.01192082228545,0.171287049,103.0159607,11.168,0.5898,0.4049999999999999,0.1019157941549999,0.75,0.6931471805599453,1.0,brazil,2003,1.7033409709315817,-1.0101937903716363
1.911017658828172,19.02321996392645,0.15330197,103.0159607,10.072,0.5818,0.4049999999999999,0.09121467215,0.75,0.0,0.0,brazil,2004,1.7147995914174088,-1.7147995914174088
1.435592030296392,19.03417902511945,0.136648474,103.0159607,10.551,0.6049,0.4049999999999999,0.0813058420299999,0.75,0.0,0.0,brazil,2005,1.7665494448013825,-1.7665494448013825
1.6018066097732675,19.04476240931544,0.113691751,103.0159607,9.692,0.6039,0.4291999999999999,0.0648952514708,0.75,1.3862943611198906,3.0,brazil,2006,1.885953993783018,-0.4996596326631275
1.9558421780436908,19.05488609132504,0.107904789,103.0159607,9.28,0.5878,0.4317,0.0613222915887,0.75,0.0,0.0,brazil,2007,1.8942053809583408,-1.8942053809583408
1.8073367522513808,19.064465937633432,0.091210861,103.0159607,8.268,0.5844,0.4391999999999999,0.0511510508488,0.75,0.0,0.0,brazil,2008,1.9445826754134268,-1.9445826754134268
-0.1185045557425963,19.073422259981363,0.084444935,103.0159607,9.419,0.5798,0.4391999999999999,0.047356719548,0.75,0.0,0.0,brazil,2009,1.9824797618023184,-1.9824797618023184
2.1433813466695333,19.081831092189223,0.0778152155,103.0159607,9.882,0.5875,0.4641333399999999,0.0416985796271652,0.75,0.0,0.0,brazil,2010,2.071110215317648,-2.071110215317648
1.6043093998661089,19.08996923098976,0.071185496,103.0159607,7.578,0.5952,0.4641333399999999,0.0381459339819633,0.75,0.0,0.0,brazil,2011,2.0806411149514243,-2.0806411149514243
1.0719862697934242,19.098085215782188,0.063941837,94.32097626,7.251,0.5856,0.4641333399999999,0.0342642986274544,0.75,0.6931471805599453,1.0,brazil,2012,2.144589728368974,-1.4514425478090285
1.3874993023865023,19.106190332216418,0.053788607,103.9176865,7.071,0.5759,0.45496666,0.0293165841271573,0.5625,1.3862943611198906,3.0,brazil,2013,2.9574586903596787,-1.571164329239788
0.408098796903141,19.1142534739533,0.047357453,102.6355286,6.755,0.5792,0.4567,0.0257293042149,0.5625,1.3862943611198906,3.0,brazil,2014,2.994329657224526,-1.6080352961046354
-1.5141956767815192,19.122170691649817,0.053538469,100.920517,8.538,0.5913,0.4413999999999999,0.0299065887834,0.5,1.791759469228055,5.0,brazil,2015,3.2784140873043457,-1.4866546180762907
-1.4529985603266484,19.129790418317143,0.064787099,102.5695038,11.58,0.5835,0.47516666,0.0340024295570806,0.5625,1.3862943611198906,3.0,brazil,2016,3.0920014076241564,-1.7057070465042659
0.8428030828494821,19.13707288488161,0.069389639,103.0159607,12.792,0.5785,0.4699,0.0367834476339,0.5625,1.0986122886681098,2.0,brazil,2017,3.0507206291331843,-1.9521083404650745
1.0237690373911392,19.1439072805626,0.068849212,105.0070724,12.329,0.5742,0.4489666599999999,0.037938211244728,0.5625,2.5649493574615367,12.0,brazil,2018,2.962499084803211,-0.39754972734167415
0.7978575052394211,19.15042722399188,0.070203095,103.9532776,11.936,0.5645,0.44823334,0.0387357272498126,0.5625,1.3862943611198906,3.0,brazil,2019,2.961848884361354,-1.5755545232414636
-1.4531954320500842,19.156220731061115,0.027703788,104.1259995,13.697,0.5908,0.4611333399999999,0.014928647708908,0.625,1.9459101490553128,6.0,brazil,2020,2.823487719458752,-0.8775775704034394
1.825418774908989,15.939307085793128,0.024469985,94.786136625,12.5,0.3825,0.2075,0.0193924631124999,0.1875,2.5649493574615367,12.0,bulgaria,1996,2.1781566228761813,0.38679273458535546
1.566346878506532,15.926546086772785,0.024469985,94.786136625,12.2,0.3552,0.4349999999999999,0.013825541525,0.75,1.0986122886681098,2.0,bulgaria,1998,0.2836299127923313,0.8149823758757785
1.7204828158238574,15.916000641642595,0.024469985,79.8759079,16.218,0.3445,0.4974999999999999,0.0122961674625,0.8125,1.0986122886681098,2.0,bulgaria,2000,0.3057767180892196,0.7928355705788902
1.927445155673573,15.87438733699655,0.024469985,83.981987,18.11,0.3703,0.52,0.0117455928,0.75,0.6931471805599453,1.0,bulgaria,2002,0.6597396421274269,0.033407538432518424
1.8305239324818448,15.866466201634925,0.022282076,88.11878204,13.733,0.3588,0.515,0.01080680686,0.75,0.0,0.0,bulgaria,2003,0.5842575952048796,-0.5842575952048796
2.016292159774767,15.85891823309662,0.024469985,90.53427124,12.037,0.3531,0.515,0.0118679427249999,0.75,0.0,0.0,bulgaria,2004,0.5473224090426663,-0.5473224090426663
2.0864604433323546,15.851388459621122,0.024469985,91.36676788,10.083,0.3578,0.515,0.0118679427249999,0.75,0.0,0.0,bulgaria,2005,0.5282404016938325,-0.5282404016938325
2.054455657577078,15.843793401461244,0.080208278,92.41201019,8.951,0.3567,0.53316666,0.0374438983143885,0.8125,0.0,0.0,bulgaria,2006,0.19500732114460462,-0.19500732114460462
2.035279068238139,15.83644057959224,0.0179107265,93.15415955,6.878,0.3412,0.53316666,0.0083613242738215,0.8125,0.0,0.0,bulgaria,2007,0.2576286006735726,-0.2576286006735726
1.9642492992684304,15.829421353080326,0.019363105,92.38407135,5.609,0.331,0.52763334,0.0091464852360793,0.8125,1.0986122886681098,2.0,bulgaria,2008,0.22385359531524363,0.8747586933528662
-1.4695185019714931,15.822978540317528,0.017649868,92.52137756,6.817,0.3504,0.49013334,0.0089990792466008,0.75,0.0,0.0,bulgaria,2009,0.4381195798474661,-0.4381195798474661
0.9381930352676662,15.816395786738337,0.026657894,94.18192291,10.279,0.35,0.48893334,0.013623960849214,0.75,0.0,0.0,bulgaria,2010,0.4055060274132699,-0.4055060274132699
1.1282277488514882,15.80998349840301,0.034488253,96.43612671,11.26,0.3528,0.4885333399999999,0.0176395915711449,0.75,1.0986122886681098,2.0,bulgaria,2011,0.3815226745073683,0.7170896141607415
0.5589386513015782,15.80419129322989,0.030123001,95.39035034,12.27,0.3729,0.4881333399999999,0.0154189599110466,0.75,1.0986122886681098,2.0,bulgaria,2012,0.4125236485375259,0.6860886401305839
-0.4335674385589352,15.784021376925304,0.032666991,100.7858124,12.941,0.3579,0.4763666599999999,0.0171055256050799,0.6875,1.3862943611198906,3.0,bulgaria,2013,0.6270155591356609,0.7592788019842297
0.6675468152241891,15.771876285037104,0.027208172,104.9421997,11.424,0.3763,0.4756999999999999,0.0142652445796,0.6875,0.6931471805599453,1.0,bulgaria,2014,0.592386283394074,0.10076089716587133
1.4810483335422917,15.75916473565728,0.045807728,103.8893433,9.143,0.3878,0.4909333399999999,0.0233191870951484,0.75,1.0986122886681098,2.0,bulgaria,2015,0.30498955980201936,0.7936227288660904
1.392929403462305,15.746182333366534,0.030671726,103.0039215,7.575,0.4148,0.4900666599999999,0.0156405356827448,0.75,0.6931471805599453,1.0,bulgaria,2016,0.32897777548048,0.36416940507946527
1.320669052576097,15.732943187124386,0.020031644,103.4610214,6.164,0.438,0.4901999999999999,0.0102121321112,0.75,0.0,0.0,bulgaria,2017,0.3404517151461284,-0.3404517151461284
1.20301798883467,15.719228577864842,0.014946728,104.0439224,5.211,0.4357,0.47603334,0.0078315871480884,0.8125,0.6931471805599453,1.0,bulgaria,2018,-0.01578853025920024,0.7089357108191455
1.5672227925485092,15.7051113947757,0.016310848,102.6569366,4.148,0.4134,0.46353334,0.0087502261483276,0.75,0.0,0.0,bulgaria,2019,0.21333824043407068,-0.21333824043407068
-1.419059916954892,15.695082014163797,0.007054354,101.3549423,5.037,0.4134,0.4488999999999999,0.0038876544894,0.6875,0.6931471805599453,1.0,bulgaria,2020,0.508995812753322,0.18415136780662333
1.9814378823140355,16.480911262347526,0.587374624,14.15445995,2.353,0.501,0.42896666,0.3354104933739641,0.6875,0.0,0.0,burkina faso,2006,0.49254370509560497,-0.49254370509560497
1.6314692343443928,16.511239023988956,0.587374624,15.27937031,3.3,0.4986,0.4368833399999999,0.3307604364356358,0.65625,0.0,0.0,burkina faso,2007,0.6882833572365927,-0.6882833572365927
1.9169213976225,16.540620674315917,0.587374624,17.99473953,3.3,0.4962,0.419,0.3412646565439999,0.5,0.0,0.0,burkina faso,2008,1.3602112005581855,-1.3602112005581855
1.3767365451201874,16.5698122750222,0.671733665,19.43535042,3.3,0.4937,0.44566666,0.3723643661098911,0.5,0.0,0.0,burkina faso,2009,1.3431217582183315,-1.3431217582183315
2.245621180155198,16.599070067936722,0.587374624,21.17802019,3.3,0.4879,0.4580999999999999,0.3182983087456,0.5625,0.0,0.0,burkina faso,2010,1.2142344720577374,-1.2142344720577374
2.0311126140807114,16.62863577397285,0.587374624,23.17643719,3.3,0.482,0.36643334,0.3721409786964358,0.3125,0.0,0.0,burkina faso,2011,2.063416726689744,-2.063416726689744
2.008572676795707,16.65880747967442,0.587374624,25.2399681,3.3,0.4761,0.3034666599999999,0.4091260086859641,0.375,0.0,0.0,burkina faso,2012,1.5322719922696781,-1.5322719922696781
1.915831553223056,16.688815841880388,0.587374624,27.60088807,3.3,0.4702,0.30766666,0.4066590352651641,0.375,0.6931471805599453,1.0,burkina faso,2013,1.5478969952958992,-0.8547498147359539
1.6727592459117335,16.718549634425617,0.587374624,29.56687444,6.481,0.4643,0.3072666599999999,0.4068939851147641,0.375,0.0,0.0,burkina faso,2014,1.569624654249823,-1.569624654249823
1.593558254198708,16.74816926347939,0.587374624,32.89313436,3.3,0.4801,0.3188333399999999,0.4001000107988358,0.3125,1.9459101490553128,6.0,burkina faso,2015,1.8963116977140138,0.04959845134129903
1.939888729210494,16.77742008708204,0.587374624,34.93362808,3.3,0.4959,0.34383334,0.3854156451988358,0.3125,2.3978952727983707,10.0,burkina faso,2016,1.9990332895408562,0.39886198325751443
1.9745655490384395,16.805949245180287,0.587374624,37.16275108,3.3,0.5118,0.35666666,0.3778776786891641,0.375,3.49650756146648,32.0,burkina faso,2017,1.7607104088613281,1.7357971526051517
2.0287492598059718,16.83292061138116,0.476810634,39.62784675,4.695,0.5276,0.34416666,0.3127083106437376,0.3125,4.290459441148391,72.0,burkina faso,2018,2.1998190576165353,2.0906403835318557
1.9299556895433811,16.85821959055728,0.587374624,40.07704603,1.56,0.5079,0.30526666,0.4080687343627641,0.25,5.087596335232384,161.0,burkina faso,2019,2.161631327921702,2.9259650073106815
1.1021967315369283,16.88257188533831,0.587374624,39.25400848,3.3,0.4883,0.26903334,0.4293512670740358,0.1875,4.709530201312334,110.0,burkina faso,2020,2.3490987080743118,2.360431493238022
1.8584530329985245,15.878002767826038,0.815030704,14.33810997,3.185,0.4425,0.2683999999999999,0.5962764630464,0.5,1.791759469228055,5.0,burundi,2006,0.07150250785964851,1.7202569613684064
1.4916659472914384,15.914984479956807,0.758243573,15.33611965,1.603,0.4475,0.25923334,0.5616815590376762,0.5625,1.3862943611198906,3.0,burundi,2007,-0.16008508811035482,1.5463794492302454
1.7764329336299771,15.956239795695874,0.758243573,37.2382883,1.634,0.4525,0.24673334,0.5711596037001762,0.5,2.079441541679836,7.0,burundi,2008,-0.016329291377400024,2.0957708330572364
1.565919751312688,16.00690115065752,0.758243573,20.89340019,1.603,0.4575,0.21423334,0.5958025198226762,0.4375,0.0,0.0,burundi,2009,0.2851392282205848,-0.2851392282205848
1.8072615179976328,16.05371125127676,0.758243573,23.76470947,1.603,0.4625,0.1984,0.6078080481168,0.375,3.4011973816621555,29.0,burundi,2010,0.5310578426571987,2.8701395390049567
1.6143116044794603,16.089488233007184,0.758243573,26.79438019,1.603,0.4676,0.1984,0.6078080481168,0.375,2.19722457733622,8.0,burundi,2011,0.5372832306281109,1.6599413467081092
1.690654918349489,16.125173444181293,0.758243573,29.57328987,1.603,0.4726,0.15816666,0.6383147195921238,0.3125,1.6094379124341005,4.0,burundi,2012,0.6866110299010997,0.9228268825330008
1.7789992108085475,16.16109211161257,0.758243573,34.21245073,1.603,0.4776,0.2069,0.6013629777463,0.3125,1.0986122886681098,2.0,burundi,2013,0.8658784175889205,0.2327338710791893
1.6572577070901424,16.195036877083318,0.758243573,40.26412587,1.572,0.4757,0.2063666599999999,0.6017673793735238,0.3125,1.791759469228055,5.0,burundi,2014,0.8465910740011362,0.9451683952269188
-0.3396995909632199,16.217722047935712,0.758243573,43.93519298,1.603,0.4738,0.17076666,0.6287608505723239,0.1875,4.634728988229636,102.0,burundi,2015,1.3143769573424569,3.320352030887179
1.435126121090872,16.234940646792882,0.758243573,47.47153428,1.603,0.4719,0.14766666,0.6462762771086238,0.125,4.430816798843313,83.0,burundi,2016,1.49443179180738,2.936385007035933
1.5752309835838316,16.258445507434633,0.758243573,48.22434873,1.603,0.4701,0.1597,0.6371520743919,0.1875,3.091042453358316,21.0,burundi,2017,1.2489622546434898,1.8420801987148263
1.8472327643025583,16.288635323128048,0.758243573,46.33039417,1.603,0.4682,0.1672,0.6314652475944,0.25,2.3978952727983707,10.0,burundi,2018,1.004097606316782,1.3937976664815888
1.6973282740701816,16.321472073546268,0.758243573,41.83524175,1.603,0.4663,0.166,0.632375139882,0.25,1.9459101490553128,6.0,burundi,2019,1.0439901329600572,0.9019200160952556
0.2673087962514819,16.3505586014569,0.74199178,44.91517174,1.03,0.4644,0.17843334,0.6095957084420548,0.3125,2.079441541679836,7.0,burundi,2020,0.8269241327990644,1.2525174088807718
1.9311598400122,16.195174370355275,0.057169535,40.440050125,0.963,0.5556,0.0925,0.0518813530125,0.1875,3.5263605246161616,33.0,cambodia,1996,2.2004302101696585,1.325930314446503
1.7372385337117022,16.305253328181145,0.057169535,16.92086983,0.716,0.5556,0.0925,0.0518813530125,0.1875,2.079441541679836,7.0,cambodia,1998,2.398102578625328,-0.31866103694549164
2.397311495433518,16.338221613928983,0.057169535,18.12844086,2.764,0.5556,0.0925,0.0518813530125,0.1875,1.6094379124341005,4.0,cambodia,2000,2.4152427373577847,-0.8058048249236842
1.9830783183072016,16.369262223864713,0.057169535,23.89594078,0.716,0.5556,0.0925,0.0518813530125,0.1875,1.3862943611198906,3.0,cambodia,2002,2.389428571313061,-1.0031342101931704
2.4233575500964664,16.384372941849932,0.057169535,27.83922005,0.909,0.5556,0.0925,0.0518813530125,0.1875,0.6931471805599453,1.0,cambodia,2003,2.37148491510888,-1.6783377345489345
2.3473380529916845,16.39911044643301,0.057169535,30.97751045,7.53,0.5556,0.105,0.051166733825,0.25,0.0,0.0,cambodia,2004,2.149784081559284,-2.149784081559284
2.6604926457583016,16.41368659070569,0.057169535,40.440050125,0.716,0.5556,0.105,0.051166733825,0.25,0.0,0.0,cambodia,2005,2.057021285391118,-2.057021285391118
2.480175481273096,16.428446020162344,0.057169535,39.14353943,0.716,0.5556,0.1368,0.049348742612,0.25,0.0,0.0,cambodia,2006,2.186677551365904,-2.186677551365904
2.4334780918667853,16.44320146239505,0.057169535,41.73656082,1.257,0.5556,0.1368,0.049348742612,0.25,0.0,0.0,cambodia,2007,2.183228518852335,-2.183228518852335
2.137281828005781,16.45838060990745,0.057169535,44.25049973,0.825,0.5556,0.13746666,0.0493106299697969,0.25,1.0986122886681098,2.0,cambodia,2008,2.179169830086583,-1.0805575414184732
1.6242828798374869,16.474147170608507,0.057169535,40.440050125,0.579,0.5556,0.14996666,0.0485960107822968,0.3125,0.0,0.0,cambodia,2009,1.9604150408915375,-1.9604150408915375
1.8044977306507624,16.489709344064973,0.057169535,40.440050125,0.771,0.5546,0.14996666,0.0485960107822968,0.3125,0.0,0.0,cambodia,2010,1.9677400644840701,-1.9677400644840701
2.114646768331062,16.50489326726017,0.057169535,40.440050125,0.577,0.4627,0.16746666,0.0475955439197969,0.375,0.0,0.0,cambodia,2011,1.685205209803419,-1.685205209803419
2.157588982816009,16.519893108116538,0.057169535,40.440050125,1.279,0.4509,0.15556666,0.0482758613862968,0.3125,0.0,0.0,cambodia,2012,1.94572616444309,-1.94572616444309
2.1812645300973146,16.534844128421636,0.057169535,40.440050125,0.438,0.4731,0.16566666,0.0476984490827969,0.375,1.0986122886681098,2.0,cambodia,2013,1.6993310236228614,-0.6007187349547516
2.1972602151456297,16.549668499971595,0.057169535,40.440050125,0.692,0.4531,0.16686666,0.0476298456407969,0.375,0.0,0.0,cambodia,2014,1.7018296193675875,-1.7018296193675875
2.1049916797827684,16.5642708753286,0.057169535,40.440050125,0.393,0.4529,0.15846666,0.0481100697347969,0.375,0.0,0.0,cambodia,2015,1.6789419257319231,-1.6789419257319231
2.186669193765568,16.578856951158446,0.057169535,40.440050125,0.716,0.4532,0.16596666,0.0476812982222969,0.4375,0.0,0.0,cambodia,2016,1.4175889319957777,-1.4175889319957777
2.2055276947421576,16.592674609901806,0.057169535,48.94244587,0.141,0.4529,0.18836666,0.0464007006382969,0.4375,0.0,0.0,cambodia,2017,1.4504397329350445,-1.4504397329350445
2.279953291078913,16.605111436873635,0.057169535,50.19909972,0.716,0.4523,0.16643334,0.0476546183437031,0.4375,0.6931471805599453,1.0,cambodia,2018,1.374795474130381,-0.6816482935704357
2.1901943828827384,16.617737266203687,0.057169535,49.73445189,0.499,0.4523,0.18103334,0.0468199431327031,0.4375,0.0,0.0,cambodia,2019,1.4354386115609334,-1.4354386115609334
-1.516384010798734,16.632443564173183,0.057169535,51.81969833,0.172,0.4523,0.16566666,0.0476984490827969,0.375,0.6931471805599453,1.0,cambodia,2020,1.7070674601036844,-1.013920279543739
1.6515529234481152,16.411866002171134,0.564792891,35.649263385,8.06,0.5372,0.0225,0.5520850509524999,0.0625,0.0,0.0,cameroon,1996,1.8790929299172228,-1.8790929299172228
1.744935968308066,16.4648619358756,0.360153899,25.41883087,4.11,0.5271,0.185,0.293525427685,0.375,0.6931471805599453,1.0,cameroon,1998,1.3864652304620777,-0.6933180499021324
1.5753469208847846,16.517719196983666,0.360153899,28.46063995,4.11,0.517,0.2225,0.2800196564725,0.5625,0.0,0.0,cameroon,2000,0.6385707482717499,-0.6385707482717499
1.7005624051870627,16.570796000684467,0.360153899,29.3418808,4.11,0.5096,0.15,0.30613081415,0.375,0.0,0.0,cameroon,2002,1.2836147694154563,-1.2836147694154563
1.864568955344505,16.59807071231974,0.360153899,30.93568039,4.11,0.5073,0.205,0.286322349705,0.375,0.0,0.0,cameroon,2003,1.4868133412260836,-1.4868133412260836
2.0855308167311746,16.62554486104953,0.360153899,27.50962067,4.11,0.5049,0.205,0.286322349705,0.375,0.0,0.0,cameroon,2004,1.518306132689577,-1.518306132689577
1.1719464547730436,16.65310224425257,0.360153899,28.00790024,21.382,0.5026,0.15,0.30613081415,0.375,0.0,0.0,cameroon,2005,1.443876887030728,-1.443876887030728
1.5706104433582306,16.68058775546917,0.360153899,24.40801048,4.11,0.5002,0.27846666,0.2598630456594926,0.5,0.0,0.0,cameroon,2006,1.2422491045279536,-1.2422491045279536
1.672898792500055,16.70865053635569,0.360153899,33.44971848,3.063,0.4979,0.30263334,0.2511593216316073,0.5,0.6931471805599453,1.0,cameroon,2007,1.2838101940270008,-0.5906630134670555
1.3474698206198592,16.73727638011924,0.360153899,37.84880829,4.11,0.5005,0.31556666,0.2465013360065926,0.4375,0.6931471805599453,1.0,cameroon,2008,1.6287924585277418,-0.9356452779677965
1.2751537777309014,16.765930300865584,0.360153899,41.77436066,4.11,0.5032,0.2814,0.2588065918214,0.375,0.6931471805599453,1.0,cameroon,2009,1.795909287506336,-1.1027621069463907
1.3607264503240382,16.794506914056875,0.360153899,35.649263385,4.11,0.5059,0.26856666,0.2634285692595926,0.3125,1.3862943611198906,3.0,cameroon,2010,2.0982609860660633,-0.7119666249461727
1.4768686362556522,16.82279114234682,0.360153899,49.87324611,4.11,0.5086,0.26856666,0.2634285692595926,0.3125,1.3862943611198906,3.0,cameroon,2011,2.030523106951951,-0.6442287458320604
1.7273949279773275,16.850921612819235,0.360153899,53.10208872,4.11,0.5113,0.24376666,0.2723603859547926,0.3125,0.0,0.0,cameroon,2012,1.9354319105699178,-1.9354319105699178
1.79101405164005,16.87901254859009,0.360153899,54.90127849,4.11,0.5139,0.22263334,0.2799716335516073,0.3125,1.3862943611198906,3.0,cameroon,2013,1.8637958370693313,-0.4775014759494407
1.9050610924129296,16.909271766701025,0.290259296,59.12535636,3.534,0.5166,0.2219,0.2258507582176,0.3125,4.248495242049359,69.0,cameroon,2014,1.9612649961447335,2.2872302459046256
1.8971629320136405,16.94066519990367,0.360153899,60.49608836,4.11,0.5101,0.24523334,0.2718321554342073,0.3125,4.430816798843313,83.0,cameroon,2015,1.9435978143616377,2.4872189844816757
1.7112350494526496,16.97055852111667,0.360153899,61.40370451,4.11,0.5037,0.2439,0.2723123630339,0.3125,4.07753744390572,58.0,cameroon,2016,1.947739410308774,2.1297980335969457
1.5131861302413534,16.99890849974382,0.360153899,35.649263385,4.11,0.4972,0.2448999999999999,0.2719522091349,0.3125,4.718498871295094,111.0,cameroon,2017,2.1159791473542517,2.6025197239408424
1.600500944233518,17.02661159736337,0.360153899,35.649263385,4.11,0.4908,0.2427,0.2727445477127,0.3125,5.468060141135132,236.0,cameroon,2018,2.1185101011182454,3.349550040016887
1.4985197554358711,17.054428040382177,0.360153899,35.649263385,4.11,0.4843,0.2148333399999999,0.2827808339638073,0.1875,4.990432586778736,146.0,cameroon,2019,2.6234497400665777,2.3669828467121583
0.2310584782761786,17.08167290280966,0.360153899,35.649263385,4.11,0.4778,0.2017999999999999,0.2874748421818,0.125,4.983606621708336,145.0,cameroon,2020,2.8961152320815304,2.087491389626806
0.9891549573240768,17.20363009620037,0.004859595,109.6280594,9.62,0.3383,0.95,0.00024297975,1.0,0.6931471805599453,1.0,canada,1996,1.5171958508706636,-0.8240486703107183
1.5877824244231893,17.22186707503794,0.004996556,109.6280594,8.278,0.3486,0.95,0.0002498278,1.0,1.6094379124341005,4.0,canada,1998,1.518634483767978,0.09080342866612257
1.814586795285164,17.239308316236258,0.002478209,101.9927368,6.829,0.3648,0.95,0.00012391045,1.0,1.791759469228055,5.0,canada,2000,1.5740892877303716,0.21767018149768336
1.3861081812895015,17.261018242917007,0.002423058,109.6280594,7.665,0.366,0.95,0.0001211529,1.0,0.0,0.0,canada,2002,1.5510107339212238,-1.5510107339212238
1.0318972220841849,17.27001051073153,0.002371085,109.6280594,7.574,0.3695,0.95,0.00011855425,1.0,0.0,0.0,canada,2003,1.5606817964191386,-1.5606817964191386
1.4091227598257638,17.27933238007978,0.002435585,109.6280594,7.185,0.3756,0.9125,0.0002131136875,0.8125,1.0986122886681098,2.0,canada,2004,2.3226858450079657,-1.224073556339856
1.4375705732240398,17.288803242481354,0.002449899,100.2748566,6.758,0.3807,0.92,0.00019599192,1.0,0.0,0.0,canada,2005,1.5175414528588285,-1.5175414528588285
1.2914186181842022,17.29893883608308,0.002491476,100.4493103,6.484,0.3838,0.92463334,0.0001877742245901,0.9375,1.0986122886681098,2.0,canada,2006,1.8367576687126501,-0.7381453800445403
1.1151103235731343,17.30864537751968,0.002482524,101.2722473,6.156,0.3838,0.93088334,0.0001715837672498,0.96875,0.0,0.0,canada,2007,1.710219601957024,-1.710219601957024
0.6908476892551386,17.319484088683843,0.002454623,102.2784195,6.284,0.3758,0.93713334,0.0001543139495691,1.0,1.791759469228055,5.0,canada,2008,1.583948292743808,0.20781117648424696
-1.3648373511670808,17.33093116518916,0.002443097,102.97995,8.46,0.3588,0.8904666599999999,0.0002676005743539,0.875,1.6094379124341005,4.0,canada,2009,2.0397868020499494,-0.43034888961584894
1.4087421009898788,17.342044685157695,0.00248831,102.5102615,8.178,0.3652,0.89053334,0.0002723869847446,0.875,1.0986122886681098,2.0,canada,2010,2.024263967649423,-0.9256516789813134
1.4200178822657443,17.351798757381967,0.002261454,102.8239517,7.637,0.3647,0.89053334,0.0002475538161236,0.875,0.0,0.0,canada,2011,2.024261842865137,-2.024261842865137
1.013657446832412,17.362636222291435,0.002465214,110.8738327,7.392,0.3582,0.89053334,0.0002698587427652,0.875,1.3862943611198906,3.0,canada,2012,1.9813353335650612,-0.5950409724451706
1.2017143202697302,17.37317003179511,0.004964854,111.407608,7.143,0.3587,0.89053334,0.0005434859847676,0.875,1.6094379124341005,4.0,canada,2013,1.9774850904434664,-0.3680471780093659
1.3541499143136568,17.383184259980037,0.002421581,111.6815567,7.023,0.3565,0.90303334,0.0002348126214894,0.9375,1.3862943611198906,3.0,canada,2014,1.7280818989513609,-0.3417875378314703
0.5007577132126005,17.390787261218673,0.004959172,111.7372818,6.945,0.3539,0.9247,0.0003734256516,0.9375,1.791759469228055,5.0,canada,2015,1.8107472160030031,-0.01898774677494819
0.7122392245692567,17.402102658306244,0.004998126,111.6073303,7.038,0.3413,0.92516666,0.0003740264623208,0.9375,1.9459101490553128,6.0,canada,2016,1.8107437003924556,0.1351664486628572
1.3947175145498347,17.414057015522324,0.004973831,111.9745178,6.426,0.3481,0.92516666,0.0003722083863255,0.9375,2.833213344056216,16.0,canada,2017,1.8086197920685456,1.0245935519876705
1.3198776637129774,17.428389276700873,0.002499711,111.8336792,5.837,0.346,0.92516666,0.0001870617231647,0.9375,2.079441541679836,7.0,canada,2018,1.8163724386493367,0.26306910303049946
1.0676140857796517,17.443006402303272,0.002486375,110.980072,5.69,0.3438,0.92563334,0.0001849034042575,0.9375,1.791759469228055,5.0,canada,2019,1.8311800274689563,-0.03942055824090129
-1.7981114915177878,17.453850091727897,0.002488486,109.6280594,9.657,0.3518,0.92576666,0.0001847286273232,0.9375,2.70805020110221,14.0,canada,2020,1.9016006913513235,0.8064495097508866
2.260435178219496,15.326022320848274,0.057169535,11.99551964,5.926,0.635,0.1198999999999999,0.0503149077535,0.1875,1.791759469228055,5.0,central african republic,2009,2.0667130014831985,-0.2749535322551435
1.728254801391051,15.318030297778142,0.057169535,15.61975956,5.926,0.6236,0.13213334,0.0496155333942031,0.25,2.6390573296152584,13.0,central african republic,2010,1.785926331589951,0.8531309980253075
1.6476225769589177,15.333933891276702,0.057169535,15.91895962,5.926,0.6123,0.13213334,0.0496155333942031,0.25,1.3862943611198906,3.0,central african republic,2011,1.7872133912884811,-0.40091903016859054
1.8006797737465825,15.343922562875568,0.057169535,15.61975956,5.926,0.601,0.11576666,0.0505512088792969,0.1875,1.6094379124341005,4.0,central african republic,2012,2.0258899553947374,-0.41645204296063687
-3.621456165365848,15.350746339965749,0.057169535,15.61975956,5.926,0.5897,0.04493334,0.0546007168462031,0.0,3.091042453358316,21.0,central african republic,2013,2.715701955532169,0.375340497826147
0.0779517677969496,15.34659398687218,0.057169535,15.61975956,5.926,0.5783,0.04493334,0.0546007168462031,0.0,4.553876891600541,94.0,central african republic,2014,2.6720435589017084,1.8818333326988324
1.6746863746288716,15.347920763040102,0.057169535,15.61975956,5.926,0.567,0.04213334,0.0547607915442031,0.0,3.912023005428146,49.0,central african republic,2015,2.641427242786985,1.270595762641161
1.7492549560737651,15.365976082890793,0.057169535,13.94655037,5.926,0.5557,0.0549,0.0540309275285,0.0625,3.6635616461296463,38.0,central african republic,2016,2.40196295251388,1.2615986936157664
1.7096955086568109,15.382773894886062,0.057169535,15.8074398,5.926,0.5444,0.0543,0.0540652292494999,0.0625,3.784189633918261,43.0,central african republic,2017,2.3920648538375486,1.3921247800807124
1.566414244550453,15.400380740009895,0.057169535,15.61975956,5.926,0.533,0.0543,0.0540652292494999,0.0625,3.8501476017100575,46.0,central african republic,2018,2.39766462651151,1.4524829751985475
1.410986973710262,15.41382766280449,0.057169535,15.61975956,5.926,0.5217,0.05296666,0.0541414556772969,0.0625,2.772588722239781,15.0,central african republic,2019,2.3953768026833133,0.3772119195564678
0.6418538845934474,15.430260138479198,0.057169535,15.61975956,5.926,0.5104,0.05296666,0.0541414556772969,0.0625,3.610917912644224,36.0,central african republic,2020,2.405227538948223,1.205690373696001
-0.4336181142670306,16.186354586513506,0.4352955385,15.86979008,1.135,0.4783,0.14766666,0.3710169002168035,0.25,2.4849066497880004,11.0,chad,2006,1.6029069081796503,0.88199974160835
1.648692121564847,16.22080213779536,0.4352955385,18.29099083,1.135,0.4805,0.14141666,0.3737374973324286,0.21875,2.079441541679836,7.0,chad,2007,1.714388923445205,0.3650526182346312
1.4063886956202885,16.255794335846105,0.4352955385,20.7904892,1.135,0.4827,0.12096666,0.3826392910947536,0.1875,2.19722457733622,8.0,chad,2008,1.7955220532913778,0.4017025240448422
-0.8789138905758643,16.291524030415367,0.4352955385,22.75427055,1.135,0.4849,0.12846666,0.3793745745560036,0.25,1.3862943611198906,3.0,chad,2009,1.5566288722440709,-0.1703345111241803
2.686065449062647,16.326131737032263,0.4352955385,22.36927181,1.135,0.4871,0.1443,0.37248239229445,0.4375,0.6931471805599453,1.0,chad,2010,0.7118632286159329,-0.01871604805598759
1.7039167775193484,16.36143375275678,0.451976534,22.82248176,1.135,0.4893,0.13246666,0.3921047121426436,0.375,0.0,0.0,chad,2011,0.9651913680770853,-0.9651913680770853
2.3087464649979195,16.39656029816599,0.4352955385,22.10879034,1.135,0.4851,0.13246666,0.3776333924020036,0.375,0.0,0.0,chad,2012,1.007493157214105,-1.007493157214105
1.3450074793896531,16.432255083853516,0.4352955385,24.53260355,1.135,0.481,0.13166666,0.3779816288328035,0.375,0.0,0.0,chad,2013,1.01645231916334,-1.01645231916334
1.1193395677537978,16.46795495107476,0.4352955385,22.84857941,1.135,0.4768,0.13166666,0.3779816288328035,0.375,0.6931471805599453,1.0,chad,2014,1.045397048265447,-0.3522498677055018
1.4595819499583682,16.499788559432787,0.4352955385,22.24542488,1.135,0.4727,0.14416666,0.3725404346015536,0.4375,3.332204510175204,27.0,chad,2015,0.8094433645747571,2.522761145600447
-1.633643250618262,16.531175427087884,0.4352955385,22.53049085,1.135,0.4685,0.14416666,0.3725404346015536,0.4375,1.791759469228055,5.0,chad,2016,0.8516813530960058,0.9400781161320492
-0.96220790743748,16.56423938330971,0.4352955385,20.58556785,1.135,0.4644,0.1541666599999999,0.3681874792165536,0.4375,1.9459101490553128,6.0,chad,2017,0.9090558391445606,1.0368543099107521
1.90822546137067,16.597834984066104,0.418614543,20.00211807,1.135,0.4602,0.1299,0.3642365138643,0.3125,2.5649493574615367,12.0,chad,2018,1.4333454344390781,1.1316039230224586
1.853610323854816,16.63003409530974,0.4352955385,20.19287747,1.135,0.4595,0.1299,0.37875064804885,0.3125,2.70805020110221,14.0,chad,2019,1.422496604974148,1.285553596128062
-0.3319237529351791,16.661853797042664,0.4352955385,22.17710761,1.135,0.4588,0.1295,0.37892476626425,0.3125,2.772588722239781,15.0,chad,2020,1.4468867722527439,1.3257019499870373
2.0936972725423084,16.50567149612072,0.079555156,91.77406311,7.414,0.6273,0.8025,0.01571214331,0.8125,2.19722457733622,8.0,chile,1996,1.6523389563804551,0.5448856209557649
1.6449762051381025,16.532044668714793,0.073965672,91.77406311,7.307,0.6273,0.7525000000000001,0.0183065038199999,0.5625,0.6931471805599453,1.0,chile,1998,2.6893670159603813,-1.996219835400436
1.787018496556421,16.5565851350249,0.086048065,86.90135956,10.491,0.6273,0.7775000000000001,0.0191456944624999,0.6875,1.0986122886681098,2.0,chile,2000,2.227032732085147,-1.1284204434170373
1.435750764017291,16.579179996389165,0.026483012,89.42163849,10.168,0.6102,0.845,0.00410486686,0.875,0.6931471805599453,1.0,chile,2002,1.6453094999645137,-0.9521623194045684
1.7445359992271467,16.589645147235682,0.07940843,90.62095642,9.765,0.6016,0.845,0.01230830665,0.875,1.0986122886681098,2.0,chile,2003,1.561573130731547,-0.46296084206343724
2.037871111943472,16.599738963001315,0.026483012,91.0151062,10.162,0.6163,0.845,0.00410486686,0.875,0.0,0.0,chile,2004,1.6447287835437183,-1.6447287835437183
1.92235572590652,16.609663773619847,0.026483012,92.00456238,9.34,0.6309,0.845,0.00410486686,0.875,0.0,0.0,chile,2005,1.6484435432298767,-1.6484435432298767
1.953026315546735,16.619428116951603,0.033363518,91.99732971,9.024,0.6455,0.81843334,0.0060577025291098,0.8125,0.6931471805599453,1.0,chile,2006,1.853768136649975,-1.1606209560900296
1.819412084489796,16.629216151243956,0.026483012,91.55079651,8.427,0.6415,0.81218334,0.0049739508605799,0.78125,2.19722457733622,8.0,chile,2007,1.9930045106116896,0.2042200667245304
1.5664036405484878,16.63920752934679,0.026483012,91.54200745,9.285,0.6374,0.8059333399999999,0.0051394696855799,0.75,1.6094379124341005,4.0,chile,2008,2.130417636030997,-0.5209797235968967
-0.7504898277612192,16.64929620880995,0.026483012,89.85975647,11.313,0.6334,0.8059333399999999,0.0051394696855799,0.75,2.19722457733622,8.0,chile,2009,2.178000926755624,0.01922365058059583
1.9244896483417375,16.65934174445872,0.026483012,90.99951172,8.547,0.6581,0.7828,0.0057521102063999,0.75,1.791759469228055,5.0,chile,2010,2.0665866938976816,-0.2748272246696266
1.9773945282219152,16.669207785098518,0.016561192,90.98262024,7.492,0.6829,0.78193334,0.0036114438250587,0.75,1.9459101490553128,6.0,chile,2011,2.0895349249590955,-0.14362477590378275
1.967858933752102,16.678803413900532,0.026483012,89.50314331,6.79,0.6718,0.78193334,0.0057750619735799,0.75,1.0986122886681098,2.0,chile,2012,2.0791815373700153,-0.9805692487019055
1.4605917298190971,16.688340860187758,0.007804124,99.15207672,6.361,0.6607,0.78366666,0.0016882922106941,0.75,1.791759469228055,5.0,chile,2013,2.055694053045239,-0.2639345838171838
1.026990776401634,16.698309044228775,0.026483012,99.86544037,6.761,0.6564,0.78366666,0.00572915843922,0.75,2.8903717578961645,17.0,chile,2014,2.03518551176485,0.8551862461313147
1.1480189294434515,16.70852471054748,0.006747478,100.9216766,6.605,0.6522,0.76226666,0.0016041004815165,0.75,0.6931471805599453,1.0,chile,2015,1.9821888317598215,-1.2890416511998763
1.0127053012521168,16.720618864247875,0.026483012,101.4881363,6.926,0.6434,0.74936666,0.00663752575082,0.6875,2.995732273553991,19.0,chile,2016,2.2079260567242143,0.7878062168297766
0.8576846050503443,16.736458345965563,0.004827645,102.2948227,7.257,0.6346,0.76226666,0.0011476921701843,0.75,2.8903717578961645,17.0,chile,2017,1.9888544444177862,0.9015173134783783
1.6074418171608085,16.75431220349786,0.026483012,103.1730499,7.673,0.6199,0.7631333399999999,0.0062729425991799,0.75,3.871201010907891,47.0,chile,2018,1.9534689016909865,1.9177321092169046
0.4912559001536423,16.770303382183798,0.026483012,104.4057693,7.559,0.6052,0.7638666599999999,0.00625352207682,0.75,3.332204510175204,27.0,chile,2019,1.959119380888555,1.3730851292866488
-1.9661993235144417,16.779268301253957,0.017220364,103.6916885,11.18,0.5905,0.7185333399999999,0.0048469583390642,0.625,4.007333185232471,54.0,chile,2020,2.4532775653905348,1.5540556198419364
2.395729285194472,20.92010648066089,0.620022224,52.30776978,3.0,0.3391,0.3225,0.4200650567599999,0.4375,4.143134726391533,62.0,china,1996,3.315345978537729,0.8277887478538037
2.188384740743771,20.939936484949733,0.062256405,78.1607132,3.1,0.3425,0.2825,0.0446689705875,0.4375,1.0986122886681098,2.0,china,1998,3.907797415904743,-2.809185127236633
2.260348767320507,20.956474564796,0.062256405,59.49248123,3.707,0.3587,0.27,0.04544717565,0.375,1.6094379124341005,4.0,china,2000,4.291254855796997,-2.6818169433628967
2.3266329383520583,20.970438366840987,0.481455375,62.83789825,4.0,0.3968,0.2475,0.3622951696875,0.4375,1.0986122886681098,2.0,china,2002,3.258978536366577,-2.160366247698467
2.4085827630259065,20.976666976197475,0.062256405,64.05413055,4.3,0.4051,0.2475,0.0468479447624999,0.4375,1.3862943611198906,3.0,china,2003,3.926899046942305,-2.540604685822414
2.409770604733003,20.982606304344,0.062256405,78.1607132,4.2,0.4121,0.2475,0.0468479447624999,0.4375,1.0986122886681098,2.0,china,2004,3.85065597283419,-2.75204368416608
2.5223821277629086,20.988487554235046,0.330984316,78.1607132,4.2,0.4216,0.2475,0.2490656977899999,0.4375,0.6931471805599453,1.0,china,2005,3.4311443137953743,-2.737997133235429
2.6155455944610253,20.994071297904505,0.062256405,74.05756378,4.1,0.4236,0.24396666,0.0470679178085427,0.4375,0.0,0.0,china,2006,3.8722685107346946,-3.8722685107346946
2.717999574199144,20.99929401656445,0.062256405,78.1607132,4.0,0.4269,0.24896666,0.0467566357835427,0.4375,0.0,0.0,china,2007,3.868957033664227,-3.868957033664227
2.367459109659198,21.00441788587695,0.262423338,82.67925262,4.2,0.4269,0.2544333399999999,0.195654091618711,0.4375,3.044522437723423,20.0,china,2008,3.5516344894857523,-0.5071120517623293
2.3420653616906417,21.009391699882052,0.062256405,88.28749847,4.3,0.4262,0.2419333399999999,0.0471945050019573,0.375,2.079441541679836,7.0,china,2009,4.092305270218152,-2.012863728538316
2.450683665423884,21.014221296765218,0.205866401,90.78291733,4.1,0.4283,0.2476,0.1548938801124,0.375,0.6931471805599453,1.0,china,2010,3.8710740917379933,-3.177926911178048
2.3476861643443887,21.019685872709942,0.156968148,92.03294252,4.1,0.4311,0.2476,0.1181028345552,0.375,1.6094379124341005,4.0,china,2011,3.946915181817328,-2.3374772693832275
2.1811148735099204,21.026469327293388,0.132419545,92.2603063,4.1,0.4169,0.25916666,0.0981008138036303,0.4375,1.6094379124341005,4.0,china,2012,3.725971948557807,-2.1165340361237064
2.1723310774971334,21.03313005706539,0.062256405,78.1607132,4.05,0.4235,0.28416666,0.0445652103275427,0.4375,2.5649493574615367,12.0,china,2013,4.015265442122558,-1.4503160846610217
2.135573768016671,21.0394333209562,0.047445186,78.1607132,4.1,0.4156,0.38083334,0.0293764773486987,0.4375,3.6375861597263857,37.0,china,2014,4.3794876425967875,-0.7419014828704018
2.076785520952504,21.045247882418547,0.0297972,78.1607132,4.1,0.4166,0.38176666,0.018421622478648,0.4375,2.8903717578961645,17.0,china,2015,4.414178904990112,-1.5238071470939474
2.0509849189202702,21.050978391475105,0.021982438,78.1607132,4.1,0.4168,0.38176666,0.0135902760660829,0.4375,1.791759469228055,5.0,china,2016,4.429647827061626,-2.6378883578335715
2.065756624133316,21.057030841605584,0.016652044,78.1607132,3.9,0.4271,0.394,0.010091138664,0.5,1.9459101490553128,6.0,china,2017,4.191404870351311,-2.245494721295999
2.048559306845076,21.061707562136863,0.007953106,78.1607132,4.93,0.4241,0.3954666599999999,0.004807917733554,0.5,0.6931471805599453,1.0,china,2018,4.217286675095096,-3.5241394945351505
1.9556486259272856,21.065254971036047,0.0,78.1607132,5.15,0.4224,0.4134,0.0,0.625,2.70805020110221,14.0,china,2019,3.7014210905594735,-0.9933708894572635
1.206027221864326,21.067635379736657,0.0,78.1607132,5.61,0.4308,0.43846666,0.0,0.625,3.091042453358316,21.0,china,2020,3.8053852837639077,-0.7143428304055917
1.1170593286165469,17.41180163979288,0.247902013,97.67411804,11.81,0.6397,0.395,0.149980717865,0.625,6.016157159698354,409.0,colombia,1996,1.3402047016364622,4.675952458061891
0.4509380863361049,17.447612390433594,0.131106533,97.67411804,15.0,0.6397,0.355,0.084563713785,0.375,4.553876891600541,94.0,colombia,1998,2.610665412309305,1.9432114792912358
1.3673310594014312,17.481375574938387,0.239181059,76.40447998,20.52,0.6397,0.2875,0.1704165045375,0.3125,4.927253685157205,137.0,colombia,2000,2.665756049017461,2.261497636139744
1.253899598572306,17.5124742712189,0.212347819,78.15519714,14.481,0.6397,0.3075,0.1470508646575,0.3125,5.017279836814924,150.0,colombia,2002,2.750051850849882,2.267227985965042
1.592957229577629,17.52755536143462,0.197630509,97.67411804,13.221,0.6011,0.3,0.1383413563,0.25,4.59511985013459,98.0,colombia,2003,2.9044340507578843,1.6906857993767055
1.845777542132675,17.542243733631764,0.192086106,82.95046234,12.736,0.6224,0.3,0.1344602742,0.25,3.6375861597263857,37.0,colombia,2004,3.013905353640104,0.6236808060862815
1.7628044748645053,17.556246375412684,0.168003517,86.96164703,11.062,0.6111,0.3175,0.1146624003525,0.3125,3.7612001156935615,42.0,colombia,2005,2.785290406926571,0.9759097087669906
2.043408672687719,17.56950067419941,0.131106533,90.28766632,10.52,0.613,0.3601666599999999,0.0838863309052102,0.4375,3.784189633918261,43.0,colombia,2006,2.3833492385110144,1.4008403954072466
2.046168416339163,17.582169583867444,0.131106533,93.01280975,10.252,0.6149,0.3601666599999999,0.0838863309052102,0.4375,3.4339872044851463,30.0,colombia,2007,2.3735840058127735,1.0604031986723728
1.454757869252115,17.594203499071423,0.165645506,94.23155212,10.52,0.6168,0.3611,0.1058309137834,0.4375,4.897839799950911,133.0,colombia,2008,2.3311927101247996,2.5666470898261116
0.7606416309745574,17.60585263581619,0.150200916,98.27008057,11.319,0.6058,0.3611,0.0959633652324,0.4375,4.934473933130692,138.0,colombia,2009,2.3430522402847362,2.591421692845956
1.7037765242372305,17.617212319197417,0.131106533,99.95436859,11.153,0.6007,0.42866666,0.0749055333947102,0.5,4.919980925828125,136.0,colombia,2010,2.299543501199281,2.620437424628844
2.07290673400839,17.627925691726062,0.112377523,101.2058182,10.288,0.6056,0.4542,0.0613356520534,0.625,4.553876891600541,94.0,colombia,2011,1.8168590668594378,2.737017824741103
1.591810613861829,17.637954769771113,0.108860189,97.2326889,9.959,0.5825,0.4542,0.0594158911562,0.625,4.7535901911063645,115.0,colombia,2012,1.8405123499868778,2.9130778411194864
1.8138460092845892,17.647441862852087,0.099394076,98.10150146,9.246,0.587,0.42366666,0.0572841197972938,0.5,5.010635294096256,149.0,colombia,2013,2.336698106107408,2.6739371879888485
1.704571713230017,17.65636897829878,0.089910069,97.36328888,8.799,0.5595,0.42366666,0.0518181703664004,0.5,5.44673737166631,231.0,colombia,2014,2.343197824596089,3.1035395470702207
1.3752084829643572,17.66501840188146,0.080784339,97.67411804,8.572,0.5626,0.4883,0.0413373462663,0.5625,4.919980925828125,136.0,colombia,2015,2.2952361838921824,2.6247447419359426
1.1273236451975577,17.67492388716488,0.079806273,98.41562653,8.922,0.567,0.49363334,0.0404112359060581,0.5625,4.709530201312334,110.0,colombia,2016,2.323564948301253,2.385965253011081
0.8583907637154597,17.689438659478032,0.073062801,99.21932983,9.086,0.5897,0.50113334,0.0364485955051146,0.625,4.787491742782046,119.0,colombia,2017,2.0824357881129307,2.705055954669115
1.2709744939654326,17.707830037585527,0.073782299,100.3733368,9.36,0.596,0.50306666,0.0366648842749486,0.625,5.332718793265369,206.0,colombia,2018,2.092672427234344,3.2400463660310246
1.43194994906298,17.72569158799686,0.087890676,101.9893494,10.28,0.5969,0.5166999999999999,0.0424775637108,0.6875,5.442417710521793,230.0,colombia,2019,1.8276705437690053,3.614747166752788
-2.102414889131743,17.74005480444382,0.134859769,101.4994507,15.568,0.6122,0.5035999999999999,0.0669443893316,0.625,5.147494476813453,171.0,colombia,2020,2.0936632404273716,3.053831236386081
1.1335511574110302,13.47513631842175,0.313569638,61.50787743,8.142,0.4993,0.3679,0.1982073681797999,0.5625,0.0,0.0,comoros,2014,-0.5764198773589577,0.5764198773589577
0.8546108371280494,15.10171217101035,0.117491606,99.7109375,7.824,0.5177,0.6900000000000001,0.0364223978599999,0.875,0.6931471805599453,1.0,costa rica,1996,0.051275512299240544,0.6418716682607047
2.0986690745968213,15.14598534389376,0.074750006,99.7109375,7.824,0.5177,0.6799999999999999,0.02392000192,0.875,0.0,0.0,costa rica,1998,0.08874415760303234,-0.08874415760303234
1.5828306765717977,15.186117512639456,0.097767517,59.65203857,7.824,0.5177,0.6799999999999999,0.03128560544,0.875,0.0,0.0,costa rica,2000,0.3174202185498386,-0.3174202185498386
1.485432747165069,15.220554541184528,0.065660155,65.63790894,6.396,0.5177,0.65,0.0229810542499999,0.875,0.0,0.0,costa rica,2002,0.2326448674559083,-0.2326448674559083
1.6709430624247352,15.235912824467457,0.068732227,99.7109375,6.654,0.5177,0.65,0.02405627945,0.875,0.0,0.0,costa rica,2003,0.036541806604397875,-0.036541806604397875
1.690944089698044,15.250613892600509,0.065921104,77.78919983,6.445,0.5177,0.65,0.0230723863999999,0.875,0.0,0.0,costa rica,2004,0.17559487691580133,-0.17559487691580133
1.6047602628695916,15.265070990375698,0.050424627,79.19320679,6.749,0.5177,0.65,0.01764861945,0.875,0.0,0.0,costa rica,2005,0.20012705091076666,-0.20012705091076666
2.119466670747133,15.279076328717675,0.05160285,85.95723724,5.926,0.5177,0.6536,0.01787522724,0.875,0.0,0.0,costa rica,2006,0.16907244829776502,-0.16907244829776502
2.220846913645372,15.292616130051837,0.031409793,86.97624969,4.557,0.5177,0.6536,0.0108803522952,0.875,0.0,0.0,costa rica,2007,0.18995514010535675,-0.18995514010535675
1.747141194264499,15.30617777216384,0.033739828,88.26229858,4.934,0.5177,0.6586000000000001,0.0115187772791999,0.875,0.0,0.0,costa rica,2008,0.21083778010147491,-0.21083778010147491
-0.6277848230957322,15.319541731450046,0.036088418,94.30343628,7.824,0.5177,0.6936,0.0110574912751999,0.875,0.0,0.0,costa rica,2009,0.34305222951195213,-0.34305222951195213
1.8500823894153655,15.331947482357322,0.022089726,97.50673676,7.171,0.5177,0.6885999999999999,0.0068787406764,0.875,0.0,0.0,costa rica,2010,0.3057226739533657,-0.3057226739533657
1.686983826942892,15.343702405647711,0.027238454,99.7109375,9.518,0.5204,0.689,0.008471159194,0.875,0.0,0.0,costa rica,2011,0.3108092783325914,-0.3108092783325914
1.771997550803258,15.355370070380188,0.025627971,103.2673035,9.11,0.5132,0.689,0.007970298981,0.875,0.0,0.0,costa rica,2012,0.291191941749663,-0.291191941749663
1.2512664527025608,15.366502922674544,0.026420895,108.5341263,8.218,0.528,0.68853334,0.0082292279198607,0.875,0.0,0.0,costa rica,2013,0.2712210481750379,-0.2712210481750379
1.5133916349363306,15.377252906934949,0.023871448,114.2898636,8.499,0.5265,0.68853334,0.0074351601779236,0.875,0.0,0.0,costa rica,2014,0.24531422370283473,-0.24531422370283473
1.5373146394920552,15.387877556769274,0.024401484,115.720871,8.415,0.5342,0.6880666599999999,0.0076116364050765,0.875,0.0,0.0,costa rica,2015,0.24381419434635765,-0.24381419434635765
1.6494896747857015,15.39798808335019,0.024028999,118.2037125,8.085,0.5479,0.68753334,0.0075082610606733,0.875,0.0,0.0,costa rica,2016,0.23790826004940113,-0.23790826004940113
1.6404905426307173,15.407431540903598,0.017488793,121.5149612,7.729,0.5266,0.66253334,0.0059018845611413,0.875,0.0,0.0,costa rica,2017,0.1309100680937052,-0.1309100680937052
1.2853420052335651,15.41647648425498,0.02320724,125.9643478,9.01,0.5231,0.6763,0.007512183588,0.8125,0.0,0.0,costa rica,2018,0.45644841560942906,-0.45644841560942906
1.2289127476933828,15.424859266419816,0.017298358,132.8493347,10.807,0.5516,0.6767,0.0055925591414,0.8125,1.0986122886681098,2.0,costa rica,2019,0.45800395540090155,0.6406083332672082
-1.6626666538151842,15.431789219032966,0.033517811,132.6786804,16.432,0.5608,0.6769000000000001,0.0108296047341,0.8125,0.0,0.0,costa rica,2020,0.507662364021732,-0.507662364021732
1.9613588931752552,15.332196575391126,0.00581106325,99.30599594,9.68,0.3245,0.2,0.0046488506,0.25,1.3862943611198906,3.0,croatia,1996,1.4791676643724114,-0.09287330325252086
1.1791711440375805,15.326703909505904,0.0,99.30599594,11.392,0.3301,0.235,0.0,0.375,0.0,0.0,croatia,1998,1.0353495237934078,-1.0353495237934078
1.3725131223277454,15.312519252449295,0.0,99.30599594,16.064,0.3234,0.37,0.0,0.375,1.0986122886681098,2.0,croatia,2000,1.5251819759016558,-0.42656968723354605
1.917411942293493,15.274631266736522,0.00581106325,95.02172852,15.053,0.3142,0.465,0.0031089188387499,0.625,0.0,0.0,croatia,2002,0.649699590982856,-0.649699590982856
1.882266134850909,15.274915965901489,0.00581106325,95.49564362,13.924,0.309,0.5275000000000001,0.0027457273856249,0.6875,0.0,0.0,croatia,2003,0.5600416958350518,-0.5600416958350518
1.6429664750313364,15.275195008621813,0.0,99.30599594,13.664,0.319,0.5025000000000001,0.0,0.6875,0.0,0.0,croatia,2004,0.46489987490399975,-0.46489987490399975
1.672802574556184,15.276482336216173,0.00581106325,99.07688904,12.598,0.3314,0.5025000000000001,0.0028910039668749,0.6875,0.6931471805599453,1.0,croatia,2005,0.4583095675374135,0.2348376130225318
1.8032066508580868,15.276717567399167,0.00581106325,99.03450775,11.13,0.3328,0.5077666599999999,0.0028603990724987,0.6875,0.0,0.0,croatia,2006,0.46765475337273954,-0.46765475337273954
1.7999386536490858,15.276499040847208,0.00581106325,99.01252747,9.909,0.341,0.5077666599999999,0.0028603990724987,0.6875,0.0,0.0,croatia,2007,0.46471802270620366,-0.46471802270620366
1.0895278387218466,15.27638024629621,0.000318027,98.99922943,8.53,0.3385,0.5077666599999999,0.0001565434924201,0.6875,1.0986122886681098,2.0,croatia,2008,0.4697187245379053,0.6288935641302045
-2.0557009733015192,15.27532997137311,0.0054567505,98.93942261,9.202,0.3267,0.50276666,0.0027132782766616,0.6875,0.6931471805599453,1.0,croatia,2009,0.47164401423585,0.22150316632409528
-0.8484600664782778,15.27306175919238,0.0071921025,98.89552307,11.62,0.3261,0.5137333399999999,0.0034972796610526,0.75,0.0,0.0,croatia,2010,0.21270138549422302,-0.21270138549422302
-0.1051765485369131,15.269609117712706,0.009928041,99.26560211,13.678,0.3382,0.5006999999999999,0.0049570708713,0.6875,0.0,0.0,croatia,2011,0.4683462246880644,-0.4683462246880644
-1.1747809174717074,15.264866334212591,0.010719465,99.34638977,16.046,0.3357,0.5020333399999999,0.0053379361830369,0.6875,0.0,0.0,croatia,2012,0.4922128293363315,-0.4922128293363315
-0.1254387552635614,15.258639544399156,0.012065837,101.800499,17.231,0.338,0.5020333399999999,0.0060083845509944,0.6875,1.0986122886681098,2.0,croatia,2013,0.471125093896977,0.6274871947711328
-0.4432058253255035,15.250975725086017,0.011621529,102.528923,17.209,0.342,0.51453334,0.0056418648677231,0.75,0.0,0.0,croatia,2014,0.2153190799159057,-0.2153190799159057
1.199960845270042,15.239034709357403,0.006963191,102.9813309,16.15,0.3418,0.51453334,0.003380397077712,0.75,0.0,0.0,croatia,2015,0.19091438318713227,-0.19091438318713227
1.4965964044689424,15.22817125217383,0.008571757,103.7194366,13.015,0.3302,0.53583334,0.0039787238170216,0.8125,0.0,0.0,croatia,2016,-0.07260893367681387,0.07260893367681387
1.4548785661807588,15.212103704071623,0.006165376,104.2144165,11.078,0.3309,0.54003334,0.0028358674063641,0.8125,0.0,0.0,croatia,2017,-0.07706756640677948,0.07706756640677948
1.363812511079657,15.198994974886157,0.005039287,104.960083,8.322,0.3463,0.53963334,0.0023199197249714,0.8125,0.0,0.0,croatia,2018,-0.09585561011906396,0.09585561011906396
1.4113593041427808,15.189071947775586,0.003641373,105.1359787,6.551,0.3441,0.53963334,0.0016763667258241,0.8125,0.0,0.0,croatia,2019,-0.11281820303846102,0.11281820303846102
-2.2311818920311888,15.180123312611736,0.004439274,105.5854187,7.389,0.3441,0.53416666,0.0020679618345951,0.6875,0.6931471805599453,1.0,croatia,2020,0.4932743031313278,0.19987287742861748
2.179145425356197,16.209946308054217,0.057169535,82.66752625,7.61,0.5114,0.29,0.0405903698499999,0.5,0.6931471805599453,1.0,cuba,1996,1.187178256612624,-0.4940310760526788
0.1476835719489545,16.21655658917889,0.057169535,92.40794094,6.23,0.5114,0.2875,0.0407332936875,0.4375,0.0,0.0,cuba,1998,1.4326218137688855,-1.4326218137688855
1.9336582825196256,16.223276050396194,0.057169535,81.88301086,5.45,0.5114,0.3375,0.0378748169375,0.4375,0.0,0.0,cuba,2000,1.652914629449513,-1.652914629449513
0.8857578148688429,16.229406140363054,0.057169535,88.5996933,3.31,0.5215,0.3375,0.0378748169375,0.4375,0.0,0.0,cuba,2002,1.6191576058295645,-1.6191576058295645
1.5671023194597573,16.232261842601822,0.057169535,91.78713226,2.33,0.514,0.325,0.038589436125,0.375,0.0,0.0,cuba,2003,1.8382504154525294,-1.8382504154525294
1.912580562347908,16.234878809125995,0.057169535,91.12374115,1.854,0.5053,0.35,0.03716019775,0.5,0.0,0.0,cuba,2004,1.3265726625731846,-1.3265726625731846
2.501571714654157,16.236994064349627,0.057169535,92.37484741,1.95,0.489,0.22,0.0445922373,0.5,0.0,0.0,cuba,2005,0.8468946096039512,-0.8468946096039512
2.570002959553636,16.238413338336013,0.057169535,93.15399933,1.913,0.4749,0.5218,0.0273384716369999,0.625,0.0,0.0,cuba,2006,1.3065969852057964,-1.3065969852057964
2.1116832666633543,16.23918636576318,0.057169535,93.1459198,1.788,0.5048,0.53263334,0.0267191346267031,0.625,0.6931471805599453,1.0,cuba,2007,1.365607779237405,-0.6724605986774598
1.6325347240208423,16.23958407982495,0.057169535,93.16905212,1.583,0.4699,0.54346666,0.0260997987597969,0.625,0.0,0.0,cuba,2008,1.3877550780025398,-1.3877550780025398
0.8966207116332712,16.239845917847003,0.057169535,92.1000824,1.67,0.4608,0.54346666,0.0260997987597969,0.625,0.0,0.0,cuba,2009,1.3965957448177904,-1.3965957448177904
1.2209338384116777,16.240084053871602,0.057169535,92.40794094,2.5,0.4672,0.54346666,0.0260997987597969,0.625,0.0,0.0,cuba,2010,1.4005563738396223,-1.4005563738396223
1.335606366659266,16.240452389051217,0.057169535,92.22151843,3.18,0.4326,0.54346666,0.0260997987597969,0.625,0.0,0.0,cuba,2011,1.385652320903405,-1.385652320903405
1.3900125124701663,16.240594306138963,0.057169535,90.92685663,3.498,0.4288,0.54346666,0.0260997987597969,0.625,0.0,0.0,cuba,2012,1.3926524837641803,-1.3926524837641803
1.3211163189990278,16.240151146645264,0.057169535,91.33100394,3.29,0.4299,0.51846666,0.0275290371347969,0.625,0.0,0.0,cuba,2013,1.3016773539077713,-1.3016773539077713
0.7166569631509379,16.23905372971546,0.057169535,95.98679902,2.7,0.4289,0.51846666,0.0275290371347969,0.625,0.0,0.0,cuba,2014,1.275298150825177,-1.275298150825177
1.6934726883891251,16.238104296994422,0.057169535,96.09290991,2.4,0.4258,0.51346666,0.0278148848097969,0.625,0.0,0.0,cuba,2015,1.2436513909180351,-1.2436513909180351
0.4139907255290603,16.237265546701742,0.057169535,97.80056411,2.0,0.4231,0.4630666599999999,0.0306962293737969,0.625,0.0,0.0,cuba,2016,1.0632195488801122,-1.0632195488801122
1.033110382379605,16.23568577912036,0.057169535,98.89163814,1.7,0.4318,0.4620666599999999,0.0307533989087969,0.625,0.0,0.0,cuba,2017,1.0495688341891942,-1.0495688341891942
1.178023575191108,16.2338427488325,0.057169535,99.58059265,1.7,0.44,0.4599999999999999,0.0308715489,0.625,0.0,0.0,cuba,2018,1.04043544687051,-1.04043544687051
-0.1510778698643872,16.231678500391457,0.057169535,100.4678099,2.365,0.4419,0.4639333399999999,0.0306466816812031,0.625,0.0,0.0,cuba,2019,1.065733167214367,-1.065733167214367
-2.480684072242407,16.229310943909802,0.057169535,101.4879906,2.365,0.4564,0.4639333399999999,0.0306466816812031,0.625,0.0,0.0,cuba,2020,1.088640527419745,-1.088640527419745
0.8102817726889268,13.688007813609389,0.000541303,96.60437012,3.1,0.3533,0.7925,0.0001123203725,0.6875,2.3978952727983707,10.0,cyprus,1996,0.603217146765865,1.7946781260325055
1.9616264202118328,13.726186326569543,0.000541303,96.60437012,3.3,0.3963,0.7375,0.0001420920374999,0.6875,0.6931471805599453,1.0,cyprus,1998,0.4449855513349946,0.24816162922495066
1.9409413184085107,13.761759508928511,0.000541303,93.37213898,4.766,0.342,0.75,0.00013532575,0.75,1.0986122886681098,2.0,cyprus,2000,0.20888031432737786,0.8897319743407319
1.5524388788100971,13.796777178818491,0.000541303,96.91520691,3.336,0.3732,0.6900000000000001,0.0001678039299999,0.5,0.0,0.0,cyprus,2002,1.1970142121097092,-1.1970142121097092
1.287385108741876,13.81510147430096,0.000541303,97.55622864,4.153,0.3581,0.5875,0.0002232874875,0.4375,0.0,0.0,cyprus,2003,1.139388275217446,-1.139388275217446
1.7961286217319057,13.833228661207857,0.000940679,96.29353333,4.77,0.3032,0.5575,0.0004162504575,0.5625,0.6931471805599453,1.0,cyprus,2004,0.4247170218870061,0.2684301586729392
1.766952235493931,13.851024409186229,0.000541303,94.00523376,5.481,0.3015,0.5575,0.0002395265775,0.5625,0.0,0.0,cyprus,2005,0.4520607483085257,-0.4520607483085257
1.742881428747613,13.868500462294886,0.000181988,93.14047241,4.593,0.3192,0.6973333399999999,5.508170012008002e-05,0.75,0.0,0.0,cyprus,2006,0.07147056319315426,-0.07147056319315426
1.807997933644228,13.885703375894112,0.000251592,92.91394043,3.946,0.3025,0.689,7.824511200000002e-05,0.75,0.6931471805599453,1.0,cyprus,2007,0.038774032240076695,0.6543731483198686
1.536219530539144,13.902630012446654,8.47e-05,92.36916351,3.756,0.3418,0.69383334,2.5932316102e-05,0.8125,0.0,0.0,cyprus,2008,-0.20546191880187492,0.20546191880187492
-1.1036270394275476,13.91930464741691,0.00111965,91.92617798,5.594,0.3457,0.69383334,0.000342799500869,0.8125,0.0,0.0,cyprus,2009,-0.15676513869918662,0.15676513869918662
1.1886574205827891,13.935794463836222,0.000588181,91.44080353,6.359,0.3325,0.7361,0.0001552209659,0.8125,0.0,0.0,cyprus,2010,-0.020156170281218744,0.020156170281218744
0.3483386005827333,13.952219147947606,0.000320713,92.82562256,7.942,0.3712,0.7361,8.46361607e-05,0.8125,0.0,0.0,cyprus,2011,0.020333136043056532,-0.020333136043056532
-1.4923154991686856,13.968573217540676,4.24e-05,95.29985046,12.097,0.3765,0.7361,1.118936e-05,0.8125,0.6931471805599453,1.0,cyprus,2012,0.06115889520669726,0.631988285353248
-2.0264991924273525,13.98432125273028,0.000970186,98.31169128,16.131,0.4213,0.7236,0.0002681594103999,0.75,1.0986122886681098,2.0,cyprus,2013,0.3589554243555635,0.7396568643125463
-1.0210321796690085,13.99933265505099,0.000979789,99.41673279,16.277,0.3763,0.73183334,0.0002627467436347,0.8125,1.0986122886681098,2.0,cyprus,2014,0.0586139640297314,1.0399983246383784
1.4858954103719275,14.013953956659686,0.000452805,99.77831268,15.026,0.3739,0.7327,0.0001210347765,0.8125,0.0,0.0,cyprus,2015,0.035337405154497015,-0.035337405154497015
2.024667302274187,14.028290997242884,0.000762345,99.11930847,13.006,0.3586,0.7335,0.0002031649424999,0.8125,1.0986122886681098,2.0,cyprus,2016,0.023168851370508614,1.0754434372976012
1.9096658107634377,14.042069071651278,0.000513025,100.33255,11.155,0.3504,0.7331000000000001,0.0001369263724999,0.8125,0.0,0.0,cyprus,2017,0.007493596626380716,-0.007493596626380716
1.9839850963167256,14.05510839202238,0.000781816,100.2535172,8.504,0.3676,0.6531,0.0002712119704,0.8125,0.0,0.0,cyprus,2018,-0.2738888933085042,0.2738888933085042
1.9279783065609244,14.067569597842033,0.001747171,100.8504333,7.155,0.3312,0.6531,0.0006060936199,0.8125,0.0,0.0,cyprus,2019,-0.3001887561467449,0.3001887561467449
-1.4399844500741872,14.079602559802842,0.000220837,101.4274063,7.755,0.3312,0.6103999999999999,8.603809520000002e-05,0.625,2.4849066497880004,11.0,cyprus,2020,0.48213956983181294,2.0027670799561874
1.878713746420856,13.72287759122477,0.263751496,85.67661285,26.064,0.5021,0.30913334,0.1822171151115233,0.625,0.0,0.0,djibouti,2009,-0.9114728112955006,0.9114728112955006
1.878713746420856,13.743210796166244,0.263751496,85.67661285,26.064,0.5062,0.2905,0.1871316864119999,0.5625,0.0,0.0,djibouti,2010,-0.6683815876291688,0.6683815876291688
1.878713746420856,13.762699269901828,0.263751496,85.67661285,26.064,0.5102,0.2687,0.1928814690248,0.4375,0.0,0.0,djibouti,2011,-0.14011506131629736,0.14011506131629736
1.878713746420856,13.78169314068023,0.263751496,85.67661285,26.064,0.5142,0.2691,0.1927759684264,0.4375,0.0,0.0,djibouti,2012,-0.12618153319356762,0.12618153319356762
1.878713746420856,13.800219239395316,0.312491499,85.67661285,26.064,0.5105,0.2488999999999999,0.2347123648989,0.4375,0.0,0.0,djibouti,2013,-0.2686112227191175,0.2686112227191175
2.103278579223895,13.818224870881757,0.263751496,85.67661285,26.064,0.5057,0.2491,0.1980509983463999,0.4375,0.6931471805599453,1.0,djibouti,2014,-0.18556791928688843,0.8787150998468337
2.117337535833113,13.835620981023732,0.263751496,85.67661285,26.064,0.501,0.2485,0.198209249244,0.4375,0.6931471805599453,1.0,djibouti,2015,-0.18109965717049126,0.8742468377304365
2.0947527664614176,13.852472953806734,0.263751496,85.67661285,26.064,0.4962,0.24803334,0.1983323315171233,0.4375,0.0,0.0,djibouti,2016,-0.17615222441990297,0.17615222441990297
1.86533384334128,13.868901550643526,0.253608787,85.67661285,26.064,0.4915,0.2350666599999999,0.1939938164932586,0.375,0.6931471805599453,1.0,djibouti,2017,0.09871967965026607,0.5944275009096792
1.753423851422298,13.88492747286544,0.263751496,85.67661285,26.064,0.4915,0.2358,0.2015588932431999,0.375,0.0,0.0,djibouti,2018,0.09492045853247544,-0.09492045853247544
1.878713746420856,13.90050406709392,0.263751496,85.67661285,26.064,0.4915,0.24013334,0.2004159683355233,0.375,0.0,0.0,djibouti,2019,0.1177951926773011,-0.1177951926773011
0.7894183407474052,13.915526919032176,0.263751496,85.67661285,26.064,0.4915,0.24723334,0.1985433327139233,0.4375,0.0,0.0,djibouti,2020,-0.135253008121196,0.135253008121196
1.9403508955724105,15.899055543988734,0.079587758,79.54652236999999,6.3295,0.5443,0.325,0.05372173665,0.5,1.3862943611198906,3.0,dominican republic,1996,1.1390517502496258,0.24724261087026478
2.0419805213985,15.933013848188056,0.055469352,79.54652236999999,6.3295,0.5443,0.155,0.04687160244,0.375,0.0,0.0,dominican republic,1998,1.187644897236416,-1.187644897236416
1.7319608972947025,15.965432813744105,0.082628248,59.44007874,6.432,0.5443,0.2174999999999999,0.06465660406,0.6875,0.0,0.0,dominican republic,2000,0.018379271030297017,-0.018379271030297017
1.7022911983631015,15.996180640439352,0.090040733,67.81627655,6.779,0.5443,0.2774999999999999,0.0650544295925,0.5625,0.0,0.0,dominican republic,2002,0.7834512238911786,-0.7834512238911786
-0.85414186438528,16.01057959156221,0.106751378,79.54652236999999,6.938,0.5443,0.145,0.0912724281899999,0.375,0.0,0.0,dominican republic,2003,1.1419426826430752,-1.1419426826430752
1.2769165296215108,16.02432251929006,0.146348648,68.88931274,6.303,0.5443,0.2475,0.1101273576199999,0.4375,0.0,0.0,dominican republic,2004,1.1918445018871342,-1.1918445018871342
2.344857809428217,16.03743154192161,0.098547278,70.52304077,6.587,0.5443,0.2225,0.076620508645,0.4375,0.0,0.0,dominican republic,2005,1.1681857587655489,-1.1681857587655489
2.319560837242275,16.049943568766107,0.081170187,79.54652236999999,5.654,0.5443,0.3067,0.0562752906471,0.6875,0.0,0.0,dominican republic,2006,0.25407078832206054,-0.25407078832206054
2.1304204727979315,16.062123956218045,0.078263493,79.92154694,5.158,0.5443,0.3067,0.0542600796969,0.6875,0.0,0.0,dominican republic,2007,0.2617231343397324,-0.2617231343397324
1.4511656502434287,16.074470878155346,0.071428702,78.75715637,4.764,0.5443,0.30716666,0.0494881861785246,0.6875,0.0,0.0,dominican republic,2008,0.29157260516979366,-0.29157260516979366
0.6948721569323765,16.087148283105613,0.063265634,80.71199799,5.467,0.5443,0.28216666,0.0454141813614375,0.5625,0.0,0.0,dominican republic,2009,0.8171013687191815,-0.8171013687191815
2.2408315341929903,16.099949602776967,0.055469352,77.97182754,5.212,0.5443,0.29466666,0.0391243833137956,0.625,0.0,0.0,dominican republic,2010,0.5831805087102193,-0.5831805087102193
1.433168947693896,16.11264301230637,0.053372381,77.42722002,6.087,0.5443,0.29466666,0.0376453197544825,0.625,0.0,0.0,dominican republic,2011,0.6095900148262265,-0.6095900148262265
1.3285781173688225,16.125112177462572,0.054305074,77.98610639,6.722,0.5443,0.3766,0.0338537831316,0.625,0.0,0.0,dominican republic,2012,0.9059493662994149,-0.9059493662994149
1.7808220408660664,16.137293585660856,0.044257072,79.1714978,7.351,0.5609,0.4249333399999999,0.0254507665764195,0.625,0.6931471805599453,1.0,dominican republic,2013,1.100489227987804,-0.40734204742785873
2.093249064711338,16.149160987709564,0.041287046,80.11454425,6.719,0.5375,0.4369666599999999,0.0232459834081136,0.6875,0.0,0.0,dominican republic,2014,0.8312753828505153,-0.8312753828505153
2.07790427469018,16.16065980703347,0.032675568,79.93788964,7.605,0.5466,0.4319666599999999,0.0185608120274371,0.6875,0.0,0.0,dominican republic,2015,0.8446713633170769,-0.8446713633170769
2.0437807866595,16.17177204849853,0.029633386,80.09447287,7.284,0.5554,0.4319666599999999,0.0168327512250892,0.6875,0.0,0.0,dominican republic,2016,0.857623901022563,-0.857623901022563
1.5961220006899544,16.1826507969577,0.015202537,79.94068011,5.832,0.5264,0.4319,0.0086365612697,0.6875,0.6931471805599453,1.0,dominican republic,2017,0.865148500678296,-0.17200132011835068
2.091557397624741,16.193393643328456,0.011012305,80.21593,5.861,0.5496,0.4311,0.0062649003144999,0.6875,0.0,0.0,dominican republic,2018,0.8813252271360148,-0.8813252271360148
1.7739399937357718,16.203726775838106,0.01008983,81.85623604,6.356,0.5205,0.4311,0.0057401042869999,0.6875,0.0,0.0,dominican republic,2019,0.868511909946384,-0.868511909946384
-2.189310268540521,16.21416018253143,0.013026447,80.04441192,6.126,0.4986,0.41713334,0.007592681654557,0.625,0.0,0.0,dominican republic,2020,1.1522116206173394,-1.1522116206173394
1.0049415604283474,16.284537709910413,0.07774476,93.83716371,10.38,0.5443,0.1649999999999999,0.0649168746,0.125,1.791759469228055,5.0,ecuador,1996,2.5162800943408694,-0.7245206251128145
1.4508006972082788,16.32113322497039,0.07774476,93.83716371,11.49,0.5443,0.2774999999999999,0.0561705891,0.4375,1.3862943611198906,3.0,ecuador,1998,1.4514893497787218,-0.06519498865883122
0.7380257266978891,16.356262347588256,0.340527798,55.96126938,4.8,0.5443,0.195,0.2741248773899999,0.25,1.6094379124341005,4.0,ecuador,2000,1.8344283662173209,-0.22499045378322036
1.7797029971757732,16.391055354222164,0.07774476,57.24361038,3.836,0.5356,0.2325,0.0596691032999999,0.3125,1.0986122886681098,2.0,ecuador,2002,2.0833783981296605,-0.9847661094615507
1.356994369371521,16.408696484679165,0.188555889,56.81657028,5.662,0.5269,0.2375,0.1437738653625,0.3125,1.6094379124341005,4.0,ecuador,2003,1.9471018934978006,-0.3376639810637001
2.05826864015159,16.42621999902884,0.194386829,57.40961075,5.002,0.5188,0.2,0.1555094632,0.25,1.0986122886681098,2.0,ecuador,2004,2.0912105107037706,-0.9925982220356608
1.8560827234473656,16.443518784726013,0.153785987,59.8716011,3.779,0.5108,0.2075,0.1218753946975,0.3125,0.0,0.0,ecuador,2005,1.8708754605484375,-1.8708754605484375
1.6754376129040136,16.46070132525026,0.108596484,61.9531517,3.55,0.4861,0.2101,0.0857803627116,0.3125,0.0,0.0,ecuador,2006,1.9361625590218707,-1.9361625590218707
1.065547833770516,16.477780241364155,0.109398068,63.44718933,3.142,0.5429,0.2025999999999999,0.0872340194232,0.3125,0.0,0.0,ecuador,2007,1.9436526016855922,-1.9436526016855922
2.023521862320845,16.49483221806267,0.097861507,93.83716371,3.917,0.499,0.1951,0.0787687269843,0.3125,1.0986122886681098,2.0,ecuador,2008,1.7377513730923253,-0.6391390844242155
0.7376486232010518,16.51188991898578,0.09332509,85.97103882,4.608,0.4846,0.2576,0.0692845468159999,0.375,1.3862943611198906,3.0,ecuador,2009,1.7334017180461823,-0.3471073569262917
1.6152485737954965,16.528660798395343,0.07774476,91.55838776,4.088,0.5073,0.2584666599999999,0.0576503315502984,0.375,0.0,0.0,ecuador,2010,1.7385926747592413,-1.7385926747592413
2.249340059729005,16.54507616708198,0.064440786,95.69297028,3.458,0.4475,0.25813334,0.0478064706775947,0.375,0.6931471805599453,1.0,ecuador,2011,1.6998151460205662,-1.006667965460621
1.914450785616688,16.56099751011032,0.060294713,98.55480194,3.235,0.4691,0.25853334,0.0447065194637685,0.375,0.6931471805599453,1.0,ecuador,2012,1.7134653979581023,-1.0203182173981569
2.105503525643357,16.575971598767588,0.044902396,100.6592102,3.083,0.4524,0.31163334,0.0309093123605173,0.5625,1.0986122886681098,2.0,ecuador,2013,1.017548262063264,0.08106402660484568
1.653658643867122,16.590292186526465,0.039699283,102.5903397,3.48,0.4374,0.31163334,0.0273276628431047,0.5625,0.0,0.0,ecuador,2014,1.020458611045031,-1.020458611045031
0.113053744835764,16.604601491624386,0.047707905,100.7917862,3.616,0.4179,0.32413334,0.0322441824079473,0.5,0.6931471805599453,1.0,ecuador,2015,1.3720072918047435,-0.6788601112447982
-0.5235172903561691,16.619182405511555,0.049700648,98.08037649,4.597,0.4061,0.33873334,0.0328653815027956,0.5,1.9459101490553128,6.0,ecuador,2016,1.449740076935819,0.4961700721194937
1.9416724412130155,16.63447701298995,0.042794947,96.16376518,3.836,0.4224,0.35263334,0.027704021904267,0.5625,1.3862943611198906,3.0,ecuador,2017,1.2129242587777918,0.17337010234209882
0.7150527945385255,16.651634251078466,0.046928425,94.97481009,3.53,0.4416,0.3543,0.0303016840225,0.5625,2.4849066497880004,11.0,ecuador,2018,1.2490894794461087,1.2358171703418916
0.1530682070220544,16.668527798058655,0.046479165,93.83716371,3.812,0.4366,0.3347,0.0309225884745,0.4375,1.3862943611198906,3.0,ecuador,2019,1.7949227129146275,-0.4086283517947369
-2.326799170812232,16.680340323204483,0.084386389,93.98494913,6.116,0.4678,0.33336666,0.0562547803496092,0.4375,1.791759469228055,5.0,ecuador,2020,1.7919111311728626,-0.00015166194480764617
0.5941341982860935,15.574279612029818,0.212448504,67.32131195,7.68,0.5085,0.135,0.18376795596,0.375,2.079441541679836,7.0,el salvador,1996,0.7410073178938389,1.3384342237859972
1.295350890846824,15.587200304229276,0.263483755,51.07915878,7.1,0.5085,0.135,0.227913448075,0.375,0.0,0.0,el salvador,1998,0.74975350541598,-0.74975350541598
0.7551388567081319,15.597786365765376,0.184440179,54.83993149,6.96,0.5085,0.1975,0.1480132436475,0.6875,0.0,0.0,el salvador,2000,-0.3951529187696756,0.3951529187696756
0.9450408374999822,15.605039541507573,0.195356293,60.69784164,6.2,0.5009,0.2725,0.1421217031575,0.6875,0.0,0.0,el salvador,2002,-0.18493283629859314,0.18493283629859314
0.9421116953444904,15.607036666632538,0.209413676,64.14383698,6.9,0.4967,0.2475,0.15758379119,0.5625,0.0,0.0,el salvador,2003,0.2802176460904222,-0.2802176460904222
0.6362616926487974,15.608048390855387,0.163151711,67.83882904,6.8,0.505,0.265,0.119916507585,0.625,0.0,0.0,el salvador,2004,0.10492128271868606,-0.10492128271868606
1.303138295765712,15.608199428498438,0.164316627,67.62876129,7.22,0.5114,0.2774999999999999,0.1187187630075,0.6875,0.0,0.0,el salvador,2005,-0.14820004386739316,0.14820004386739316
1.6746634355942318,15.607656619122706,0.12622554,67.4043808,6.57,0.4979,0.3022999999999999,0.088067559258,0.6875,0.0,0.0,el salvador,2006,-0.013889123999854869,0.013889123999854869
1.0464773089347372,15.60890618795101,0.091906379,67.32131195,6.41,0.5116,0.3273,0.0618254211533,0.75,0.0,0.0,el salvador,2007,-0.15475604229387718,0.15475604229387718
1.148799249244034,15.61214114401583,0.12627857,66.12458038,5.88,0.5055,0.3535,0.081639095505,0.8125,0.0,0.0,el salvador,2008,-0.4110714963384996,0.4110714963384996
-1.1342266271755062,15.61528449206616,0.123565401,66.70648193,7.33,0.4994,0.336,0.082047426264,0.75,0.0,0.0,el salvador,2009,-0.14654136293028786,0.14654136293028786
1.1487334292350375,15.618580818338195,0.113605189,68.14482181,4.893,0.4746,0.38646666,0.0697005710485012,0.75,0.0,0.0,el salvador,2010,-0.00885044251374345,0.00885044251374345
1.5630975945192718,15.6221796575276,0.100932749,69.74462177,4.297,0.4671,0.38646666,0.0619256066093516,0.75,0.0,0.0,el salvador,2011,-0.008624553664699608,0.008624553664699608
1.3578177493639334,15.626087856008136,0.085443086,70.83097815,3.843,0.4598,0.3914666599999999,0.0519949665034872,0.75,0.0,0.0,el salvador,2012,0.023691257976952818,-0.023691257976952818
1.1578091701796158,15.6301463571933,0.071413874,72.24528601,3.693,0.5269,0.39186666,0.0434291577179591,0.75,0.0,0.0,el salvador,2013,0.07895963340522694,-0.07895963340522694
1.0040817469336942,15.634067090538723,0.069533309,71.38583491,4.154,0.5174,0.3793666599999999,0.043154689805922,0.6875,0.0,0.0,el salvador,2014,0.3409011947492083,-0.3409011947492083
1.223775457798586,15.63742363631995,0.053014436,70.72582538,3.998,0.4668,0.3801,0.0328636488763999,0.6875,0.0,0.0,el salvador,2015,0.34329591578266594,-0.34329591578266594
1.2638618364155136,15.64018903521894,0.057748565,68.29660956,4.418,0.4878,0.3801,0.0357983354435,0.6875,0.0,0.0,el salvador,2016,0.3656959750849452,-0.3656959750849452
1.1779221374045856,15.64224037416944,0.045496539,66.1074424,4.385,0.4357,0.3737,0.0284944823757,0.6875,0.0,0.0,el salvador,2017,0.3474253540244313,-0.3474253540244313
1.227428815762119,15.643249596071728,0.040671078,66.93257137,4.006,0.4383,0.35806666,0.0261081209419405,0.625,0.0,0.0,el salvador,2018,0.5911812156135694,-0.5911812156135694
1.2347361985221754,15.643653224813676,0.029840348,64.84865372,4.17,0.446,0.4059999999999999,0.017725166712,0.75,0.0,0.0,el salvador,2019,0.20026213374431379,-0.20026213374431379
-2.1852758480811,15.645636850244175,0.113605189,65.18371913,5.008,0.4771,0.40433334,0.0676708234902987,0.75,0.0,0.0,el salvador,2020,0.12033886720191389,-0.12033886720191389
4.213312040149712,13.29378069852254,0.057169535,18.11887932,5.926,0.4477,0.0574999999999999,0.0538822867375,0.1875,0.0,0.0,equatorial guinea,1996,0.5899362826960897,-0.5899362826960897
3.209814185144068,13.371525491117092,0.057169535,18.11887932,5.926,0.4477,0.0574999999999999,0.0538822867375,0.1875,0.0,0.0,equatorial guinea,1998,0.6414213880411419,-0.6414213880411419
2.9556277278557697,13.46351038452506,0.057169535,21.75351906,5.926,0.4477,0.0574999999999999,0.0538822867375,0.1875,0.0,0.0,equatorial guinea,2000,0.6721802354419142,-0.6721802354419142
3.01861026706004,13.589811243467908,0.057169535,18.11887932,5.926,0.4477,0.0574999999999999,0.0538822867375,0.1875,0.0,0.0,equatorial guinea,2002,0.7610930256842814,-0.7610930256842814
2.705062430156473,13.650474345118592,0.057169535,18.11887932,5.926,0.4477,0.0574999999999999,0.0538822867375,0.1875,0.0,0.0,equatorial guinea,2003,0.7968179509852267,-0.7968179509852267
3.663529000981415,13.710058927044468,0.057169535,18.11887932,5.926,0.4477,0.0574999999999999,0.0538822867375,0.1875,0.0,0.0,equatorial guinea,2004,0.8199083764494797,-0.8199083764494797
2.8763123081713804,13.761442892249455,0.057169535,17.75947952,5.926,0.4477,0.0199999999999999,0.0560261443,0.0,0.0,0.0,equatorial guinea,2005,1.616075303304789,-1.616075303304789
2.1638881081552555,13.80580763650288,0.057169535,18.11887932,5.926,0.4477,0.1539333399999999,0.0483692375312031,0.5,0.0,0.0,equatorial guinea,2006,-0.2590313902329411,0.2590313902329411
2.790067199810764,13.850921137151673,0.057169535,18.11887932,5.926,0.4477,0.16143334,0.0479404660187031,0.5,0.0,0.0,equatorial guinea,2007,-0.21410241888816972,0.21410241888816972
2.933809482010991,13.896658193441732,0.057169535,18.11887932,5.926,0.4477,0.1696,0.047473581864,0.5,0.0,0.0,equatorial guinea,2008,-0.16190989067149242,0.16190989067149242
0.8515842128390607,13.942736865247952,0.057169535,18.11887932,5.926,0.4477,0.1770999999999999,0.0470448103514999,0.5625,0.6931471805599453,1.0,equatorial guinea,2009,-0.3879228413845659,1.081070021944511
-2.2949737892718485,13.988695502746069,0.057169535,18.11887932,5.926,0.4477,0.17476666,0.0471782063142969,0.5625,0.0,0.0,equatorial guinea,2010,-0.34154055170851927,0.34154055170851927
2.0180877612012,14.032101487668276,0.057169535,18.11887932,5.926,0.4477,0.1493,0.0486341234245,0.4375,0.0,0.0,equatorial guinea,2011,0.1452853714055189,-0.1452853714055189
2.2313975124655614,14.07284991099171,0.057169535,18.11887932,5.926,0.4477,0.1497,0.0486112556105,0.4375,0.0,0.0,equatorial guinea,2012,0.16667929388605507,-0.16667929388605507
-1.6357289543675542,14.112810480260965,0.057169535,18.11887932,5.926,0.4477,0.1493,0.0486341234245,0.4375,0.0,0.0,equatorial guinea,2013,0.22348237449047237,-0.22348237449047237
0.3471763865345701,14.151860644268298,0.057169535,18.11887932,5.926,0.4477,0.14856666,0.0486760481312969,0.4375,0.0,0.0,equatorial guinea,2014,0.22318764964179905,-0.22318764964179905
-2.313529103152683,14.1897766661084,0.057169535,18.11887932,5.926,0.4477,0.1493,0.0486341234245,0.4375,0.0,0.0,equatorial guinea,2015,0.27146114011070266,-0.27146114011070266
-2.284056211802759,14.226418825167055,0.057169535,18.11887932,5.926,0.4477,0.1438333399999999,0.0489466498347031,0.4375,0.0,0.0,equatorial guinea,2016,0.2716480966464344,-0.2716480966464344
-1.89724625266377,14.261731738419876,0.057169535,18.11887932,5.926,0.4477,0.14456666,0.0489047262712969,0.4375,0.0,0.0,equatorial guinea,2017,0.28964119877489847,-0.28964119877489847
-1.9791437536230323,14.295726241236425,0.057169535,18.11887932,5.926,0.4477,0.1452999999999999,0.0488628015645,0.4375,0.0,0.0,equatorial guinea,2018,0.31136345808831456,-0.31136345808831456
-1.86900216498592,14.328440765539312,0.057169535,18.11887932,5.926,0.4477,0.1503,0.0485769538895,0.4375,0.0,0.0,equatorial guinea,2019,0.3456526484370791,-0.3456526484370791
-1.7563189467026137,14.355779831710974,0.057169535,18.11887932,5.926,0.4477,0.1503,0.0485769538895,0.4375,0.0,0.0,equatorial guinea,2020,0.35934629435916954,-0.35934629435916954
-0.6776360581796147,14.810058897476228,0.057169535,53.11925888,5.926,0.4276,0.27206666,0.0416156105587969,0.5,0.0,0.0,eritrea,2006,0.5111004068940225,-0.5111004068940225
0.8865826694258602,14.82464406446432,0.057169535,50.1338501,5.926,0.4306,0.27206666,0.0416156105587969,0.5,1.0986122886681098,2.0,eritrea,2007,0.5233376079589868,0.575274680709123
-2.3779736037224537,14.850944466749846,0.057169535,51.39458084,5.926,0.4336,0.2504,0.042854283436,0.5,1.0986122886681098,2.0,eritrea,2008,0.4861848491328017,0.6124274395353081
1.584428062769369,14.876035304531538,0.057169535,51.8130188,5.926,0.4366,0.2504,0.042854283436,0.5,0.6931471805599453,1.0,eritrea,2009,0.461410088913632,0.2317370916463133
1.161333643821695,14.895682870505256,0.057169535,51.56085968,5.926,0.4396,0.2379,0.0435689026235,0.4375,0.6931471805599453,1.0,eritrea,2010,0.7321331959583138,-0.038986015398368545
2.270041250352116,14.913618052578634,0.057169535,51.8398819,5.926,0.4414,0.2381,0.0435574687165,0.4375,0.6931471805599453,1.0,eritrea,2011,0.7313875951307384,-0.03824041457079308
1.033364637935347,14.926377122025936,0.057169535,52.70793152,5.926,0.4432,0.2385,0.0435346009025,0.4375,0.0,0.0,eritrea,2012,0.7473218510714418,-0.7473218510714418
1.033364637935347,14.938607632750282,0.057169535,51.34619141,5.926,0.445,0.2385,0.0435346009025,0.4375,0.0,0.0,eritrea,2013,0.7629164520676445,-0.7629164520676445
1.033364637935347,14.945354682229771,0.057169535,50.66537857,5.926,0.4468,0.23876666,0.0435193560742969,0.4375,0.0,0.0,eritrea,2014,0.7724993705857802,-0.7724993705857802
1.033364637935347,14.94870042530587,0.057169535,46.17150116,5.926,0.4486,0.1883,0.0464045115595,0.4375,0.0,0.0,eritrea,2015,0.6233254393389923,-0.6233254393389923
1.033364637935347,14.95484851651357,0.057169535,51.370386125,5.926,0.4401,0.1883,0.0464045115595,0.4375,0.0,0.0,eritrea,2016,0.5914103065685886,-0.5914103065685886
1.033364637935347,14.963023480890246,0.057169535,44.91106033,5.926,0.4316,0.1883,0.0464045115595,0.4375,0.0,0.0,eritrea,2017,0.6289591532434734,-0.6289591532434734
1.033364637935347,14.976396617658343,0.057169535,46.17237854,5.926,0.4231,0.1883,0.0464045115595,0.4375,0.0,0.0,eritrea,2018,0.6240369399826592,-0.6240369399826592
1.033364637935347,14.991144071142642,0.057169535,51.370386125,5.926,0.4146,0.1883,0.0464045115595,0.4375,0.0,0.0,eritrea,2019,0.5967700448627792,-0.5967700448627792
1.033364637935347,15.006784674160745,0.057169535,51.370386125,5.926,0.4061,0.18683334,0.0464883598297031,0.4375,2.079441541679836,7.0,eritrea,2020,0.5952862151003689,1.4841553265794674
1.78221611948184,14.163060495376,0.009919048,107.93730925,9.915,0.4382,0.5525,0.00443877398,0.6875,0.6931471805599453,1.0,estonia,1996,0.016828018878559226,0.6763191616813861
1.6751933700540118,14.142045727930064,0.0,107.93730925,9.51,0.4195,0.5575,0.0,0.6875,0.0,0.0,estonia,1998,0.025724094391536,-0.025724094391536
2.405830846317454,14.149827616714296,0.029788593,95.02153778,13.36,0.42,0.63,0.01102177941,0.75,0.0,0.0,estonia,2000,0.037346403513806026,-0.037346403513806026
2.0710313784418823,14.137123656657357,0.028668715,99.08287048,10.026,0.4284,0.7,0.0086006145,0.875,0.0,0.0,estonia,2002,-0.35212236037549705,0.35212236037549705
2.1513320886804235,14.130847436741202,0.0327075395,99.07743835,11.288,0.4278,0.7,0.00981226185,0.875,0.0,0.0,estonia,2003,-0.35449020357229943,0.35449020357229943
2.0542136152971,14.124869236011667,0.0155300695,101.4452286,10.248,0.4082,0.7,0.00465902085,0.875,0.0,0.0,estonia,2004,-0.36371144697783975,0.36371144697783975
2.3535684565329924,14.119146684976991,0.010830727,104.2218475,8.033,0.4451,0.6799999999999999,0.00346583264,0.875,0.0,0.0,estonia,2005,-0.44269138230420135,0.44269138230420135
2.3760744957017,14.11325013374387,0.01086419,104.0280304,5.915,0.4051,0.6816,0.003459158096,0.875,0.0,0.0,estonia,2006,-0.47481522214573846,0.47481522214573846
2.1483749372481302,14.108688251787884,0.00596354,105.0911789,4.592,0.3894,0.6691,0.001973335386,0.8125,0.0,0.0,estonia,2007,-0.2381340848991309,0.2381340848991309
-1.8124296193005185,14.106006916595137,0.005535273,105.3950119,5.455,0.3697,0.6561999999999999,0.0019030268574,0.75,0.0,0.0,estonia,2008,0.04290900608820558,-0.04290900608820558
-2.749206382335865,14.104079237264022,0.007585305,107.4255524,13.548,0.3421,0.6436999999999999,0.0027026441715,0.6875,0.0,0.0,estonia,2009,0.3237607480995782,-0.3237607480995782
1.2383018243639972,14.101798659289598,0.010475495,110.8886795,16.707,0.3591,0.6436999999999999,0.0037324188685,0.6875,0.0,0.0,estonia,2010,0.28932300464167404,-0.28932300464167404
2.1525728732986247,14.09876283333667,0.011560695,112.2874069,12.328,0.3706,0.6432333399999999,0.0041244705424287,0.6875,0.6931471805599453,1.0,estonia,2011,0.24693440336775496,0.4462127771921903
1.5415912534374148,14.095183391923564,0.010474346,112.5360031,10.021,0.3886,0.6432333399999999,0.0037368974381043,0.6875,0.0,0.0,estonia,2012,0.24666787826681325,-0.24666787826681325
1.013959508364858,14.091624476592756,0.01075939,110.5217133,8.631,0.385,0.6432333399999999,0.0038385916339374,0.6875,0.0,0.0,estonia,2013,0.2505352289026568,-0.2505352289026568
1.4639009998315684,14.089001916834196,0.009919048,107.6858215,7.352,0.3798,0.6707666600000001,0.0032656813026603,0.6875,0.0,0.0,estonia,2014,0.34868330825132576,-0.34868330825132576
1.0431533577709435,14.089657441631106,0.006605013,108.188797,6.412,0.354,0.6715,0.0021697467705,0.6875,0.6931471805599453,1.0,estonia,2015,0.337163666479104,0.3559835140808413
1.409282890389555,14.08994856366536,0.005852308,111.596199,6.882,0.3488,0.6715,0.001922483178,0.6875,0.0,0.0,estonia,2016,0.31494988181378114,-0.31494988181378114
1.8923093056012965,14.09115926906045,0.005189627,113.2497864,5.807,0.3476,0.6711,0.0017068683202999,0.6875,0.0,0.0,estonia,2017,0.293547129065146,-0.293547129065146
1.5474981581349203,14.094639657802952,0.00417003,112.759697,5.412,0.3481,0.7673,0.000970365981,0.6875,0.0,0.0,estonia,2018,0.6388847142504003,-0.6388847142504003
1.553216586801582,14.09835519888795,0.007201877,112.2872009,4.514,0.3998,0.76683334,0.0016792376058208,0.6875,0.0,0.0,estonia,2019,0.6610541973076539,-0.6610541973076539
-1.356815990756116,14.100330789252316,0.004140315,112.5277023,6.956,0.3997,0.79643334,0.0008428300958979,0.8125,0.0,0.0,estonia,2020,0.21736177173523896,-0.21736177173523896
2.0449548359901053,13.896571516275396,0.5137356125,54.49879074,25.479,0.5854,0.4045333400000001,0.3059124292984292,0.5,0.6931471805599453,1.0,eswatini,2006,-0.0370227364185729,0.7301699169785182
1.6710449125471627,13.902335750956071,0.5137356125,58.3698616,28.24,0.58,0.4045333400000001,0.3059124292984292,0.5,0.0,0.0,eswatini,2007,-0.03899637287512392,0.03899637287512392
0.8922248934897868,13.909084686248274,0.5137356125,68.21863174500001,25.479,0.5746,0.40526666,0.3055356966990707,0.5,1.3862943611198906,3.0,eswatini,2008,-0.103116570459026,1.4894109315789166
0.8891708260095201,13.915495249739216,0.582161902,59.57096863,25.479,0.5693,0.40526666,0.3462310923972126,0.5,0.0,0.0,eswatini,2009,-0.15649970537966573,0.15649970537966573
1.5736936033717468,13.921356855610922,0.5137356125,64.59770203,25.479,0.573,0.3576666599999999,0.3299895118540707,0.5,0.0,0.0,eswatini,2010,-0.2590276547615902,0.2590276547615902
1.043711181311454,13.926903442245472,0.5137356125,67.2353363,25.479,0.5767,0.31006666,0.3544433270090708,0.25,0.0,0.0,eswatini,2011,0.7476633403695963,-0.7476633403695963
1.627372502112373,13.932283305673833,0.5137356125,69.20192719,25.479,0.5805,0.30966666,0.3546488212540707,0.25,0.0,0.0,eswatini,2012,0.7341440493665021,-0.7341440493665021
1.628178254332334,13.937720226055037,0.5137356125,70.80808258,25.479,0.5842,0.32216666,0.3482271260978208,0.3125,0.0,0.0,eswatini,2013,0.47892301531940595,-0.47892301531940595
1.1175589261801333,13.9432879279061,0.5137356125,73.70523834,25.479,0.588,0.3214333399999999,0.3486038586971792,0.3125,0.0,0.0,eswatini,2014,0.4691806118935944,-0.4691806118935944
0.9948275900174876,13.949004199876248,0.5137356125,76.28727722,25.479,0.5917,0.34393334,0.3370448074159292,0.375,0.0,0.0,eswatini,2015,0.24662129070632433,-0.24662129070632433
1.3735049772443848,13.954844582708786,0.445309323,82.02393577,22.718,0.5954,0.3435333399999999,0.2923307239366711,0.375,0.0,0.0,eswatini,2016,0.3022639452869663,-0.3022639452869663
1.5087229140767795,13.962374180132912,0.5137356125,68.21863174500001,25.479,0.5954,0.3435333399999999,0.3372503016609292,0.375,0.0,0.0,eswatini,2017,0.2968729938188349,-0.2968729938188349
0.0633462381506058,13.971599358421791,0.5137356125,68.21863174500001,25.479,0.5954,0.3435333399999999,0.3372503016609292,0.375,0.0,0.0,eswatini,2018,0.3155487403385363,-0.3155487403385363
2.0057773596713138,13.980919058627244,0.5137356125,68.21863174500001,25.479,0.5954,0.33426666,0.3420109251865708,0.375,0.0,0.0,eswatini,2019,0.2678309704591155,-0.2678309704591155
-1.3741799100819678,13.991755355264598,0.5137356125,68.21863174500001,25.479,0.5954,0.33386666,0.3422164194315708,0.375,0.0,0.0,eswatini,2020,0.30422397480641494,-0.30422397480641494
2.597206068975173,17.900942789757654,0.374092014,11.07069016,2.374,0.5366,0.1175,0.3301362023549999,0.3125,2.079441541679836,7.0,ethiopia,1996,2.2605201810233493,-0.1810786393435131
-1.4947314446605884,17.964398938392602,0.374092014,28.86445999,2.374,0.4563,0.1175,0.3301362023549999,0.3125,0.0,0.0,ethiopia,1998,2.18436720221284,-2.18436720221284
1.9563154656371289,18.02632611030214,0.374092014,14.45131969,2.374,0.4172,0.1175,0.3301362023549999,0.3125,0.6931471805599453,1.0,ethiopia,2000,2.2478006834886015,-1.5546535029286561
0.9221637347808588,18.08710157038558,0.374092014,19.19392014,2.374,0.4194,0.1175,0.3301362023549999,0.3125,1.3862943611198906,3.0,ethiopia,2002,2.2638292443663683,-0.8775348832464778
-1.151002227138335,18.11731179327751,0.374092014,19.56677055,2.374,0.4205,0.1175,0.3301362023549999,0.3125,0.6931471805599453,1.0,ethiopia,2003,2.298211345351705,-1.6050641647917594
2.679143268627395,18.147259264171065,0.413287899,21.47705078,2.374,0.4216,0.13,0.35956047213,0.375,1.0986122886681098,2.0,ethiopia,2004,1.9520367375333412,-0.8534244488652314
2.550910187108866,18.176919488507085,0.374092014,23.85487938,2.497,0.4246,0.16,0.31423729176,0.375,1.791759469228055,5.0,ethiopia,2005,2.1313753948782765,-0.3396159256502216
2.4710381814410547,18.206292391288425,0.374092014,27.47756958,2.374,0.4276,0.2798,0.2694210684827999,0.25,2.4849066497880004,11.0,ethiopia,2006,3.1596080707690506,-0.6747014209810502
2.522215841635142,18.235593983504305,0.374092014,30.2513504,2.374,0.4306,0.2798,0.2694210684827999,0.25,1.791759469228055,5.0,ethiopia,2007,3.1603522640655477,-1.3685927948374927
2.4671263199192537,18.26453755205736,0.374092014,31.31093025,2.374,0.4336,0.27846666,0.2699198603287467,0.25,2.19722457733622,8.0,ethiopia,2008,3.167091492433764,-0.9698669150975441
2.2826428822545504,18.292934152767867,0.374092014,31.64901924,2.374,0.4366,0.27846666,0.2699198603287467,0.25,1.0986122886681098,2.0,ethiopia,2009,3.1838640273232595,-2.08525173865515
2.60642627568782,18.321285898247123,0.374092014,33.04785919,2.374,0.4396,0.27286666,0.2720147756071467,0.25,1.0986122886681098,2.0,ethiopia,2010,3.169115782948364,-2.0705034942802545
2.499655369902851,18.349721343686003,0.374092014,34.44689941,2.374,0.4414,0.2735999999999999,0.2717404389696,0.25,1.3862943611198906,3.0,ethiopia,2011,3.180960338555221,-1.7946659774353304
2.2667311160587498,18.377760382733136,0.374092014,36.21934891,2.374,0.4432,0.28063334,0.2691093226438532,0.3125,1.3862943611198906,3.0,ethiopia,2012,2.917488985361132,-1.5311946242412413
2.4494754848847378,18.4049451056335,0.374092014,28.86445999,2.251,0.445,0.29136666,0.2650940733481467,0.3125,1.791759469228055,5.0,ethiopia,2013,3.0130269664366693,-1.2212674972086144
2.421033947832524,18.431775083544263,0.374092014,28.86445999,2.374,0.4468,0.3006333399999999,0.2616274823638532,0.3125,1.0986122886681098,2.0,ethiopia,2014,3.0634056539132066,-1.9647933652450968
2.4329519972776867,18.458623101896155,0.329990453,33.9114222,2.374,0.4486,0.3013666599999999,0.230542332347503,0.3125,2.079441541679836,7.0,ethiopia,2015,3.121041046200137,-1.0415995045203008
2.345020121235639,18.485701926715077,0.374092014,28.86445999,2.374,0.4401,0.31233334,0.2572506058000532,0.25,2.6390573296152584,13.0,ethiopia,2016,3.4293736689673313,-0.7903163393520729
2.3574699475111385,18.512954336169543,0.374092014,28.86445999,2.374,0.4316,0.29113334,0.2651813564968532,0.25,3.367295829986474,28.0,ethiopia,2017,3.3617685966147537,0.0055272333717204525
2.05619182269888,18.53992185387941,0.374092014,28.86445999,2.374,0.4231,0.29066666,0.2653559377579467,0.25,2.3978952727983707,10.0,ethiopia,2018,3.3727329818136873,-0.9748377090153166
2.2368817051826517,18.566834251469874,0.374092014,28.86445999,2.374,0.4146,0.29126666,0.2651314825495467,0.25,3.295836866004329,26.0,ethiopia,2019,3.3829982179156124,-0.08716135191128327
1.9543786032635209,18.593941979716885,0.374092014,28.86445999,2.374,0.4061,0.25336666,0.2793095698801467,0.0625,3.9889840465642745,53.0,ethiopia,2020,4.1484694403945594,-0.15948539383028493
0.7094113096510224,13.71392070220264,0.037875396,79.27690125,8.94,0.4536,0.3997,0.0227366002188,0.5625,0.0,0.0,fiji,2008,-0.030665111126549016,0.030665111126549016
1.5314869698271394,13.957024009030413,0.0649286955,45.63800812,18.65,0.5027,0.0725,0.0602213650762499,0.1875,0.6931471805599453,1.0,gabon,1996,0.9616942573566158,-0.26854707679667056
1.4991393551367629,14.007565425364536,0.0649286955,49.4348793,18.65,0.5027,0.1375,0.05600099986875,0.3125,0.0,0.0,gabon,1998,0.6026618522783833,-0.6026618522783833
-1.0588197633680858,14.058906047384149,0.0649286955,49.4348793,18.65,0.5027,0.25,0.0486965216249999,0.5,0.0,0.0,gabon,2000,0.1611281525035244,-0.1611281525035244
-0.2223697872359805,14.112005681147911,0.0649286955,49.4348793,18.65,0.5027,0.25,0.0486965216249999,0.5,0.0,0.0,gabon,2002,0.18187322205993905,-0.18187322205993905
1.1778331239277895,14.139296230801866,0.0649286955,49.4348793,18.65,0.5027,0.25,0.0486965216249999,0.5,0.0,0.0,gabon,2003,0.18334159185272036,-0.18334159185272036
0.5244581124940951,14.167300590125356,0.0649286955,49.4348793,18.65,0.5027,0.2375,0.0495081303187499,0.4375,0.0,0.0,gabon,2004,0.4575682611516113,-0.4575682611516113
1.3018805166198448,14.196338651936443,0.091752518,49.4348793,16.91,0.5027,0.25,0.0688143885,0.5,0.0,0.0,gabon,2005,0.15960703554774702,-0.15960703554774702
-1.3367307163414428,14.22651894036592,0.0649286955,49.4348793,18.65,0.4965,0.3022999999999999,0.0453007508503499,0.5625,0.0,0.0,gabon,2006,0.1386466098143202,-0.1386466098143202
1.947067768041544,14.257781928322052,0.0649286955,49.4348793,18.65,0.4903,0.32688334,0.043704586653117,0.59375,0.0,0.0,gabon,2007,0.05933395865505564,-0.05933395865505564
-1.4605737192469117,14.289989159568975,0.0649286955,49.4348793,18.65,0.4841,0.375,0.0405804346875,0.625,0.0,0.0,gabon,2008,0.12716302065683305,-0.12716302065683305
0.1225106163490276,14.32326567253802,0.0649286955,49.4348793,18.65,0.4779,0.31583334,0.044422048738392,0.4375,0.0,0.0,gabon,2009,0.8087860351694572,-0.8087860351694572
2.0906148020487936,14.357765078913914,0.0649286955,49.4348793,20.39,0.4717,0.34276666,0.0426733034053079,0.5625,0.0,0.0,gabon,2010,0.31708000676860504,-0.31708000676860504
2.0908454372541736,14.39323903064084,0.0649286955,49.4348793,18.65,0.4655,0.34403334,0.042591059525292,0.5625,0.0,0.0,gabon,2011,0.32648059597600076,-0.32648059597600076
1.8327537557851847,14.42901370137103,0.0649286955,49.4348793,18.65,0.4593,0.3662333399999999,0.041149642485192,0.5625,0.0,0.0,gabon,2012,0.42329604968536927,-0.42329604968536927
1.8929160110077763,14.46421461227973,0.0649286955,49.4348793,18.65,0.4531,0.3675666599999999,0.0410630717569079,0.5625,0.0,0.0,gabon,2013,0.44298615701598776,-0.44298615701598776
1.6705263214610888,14.497798995189344,0.0649286955,49.4348793,18.65,0.447,0.3675666599999999,0.0410630717569079,0.5625,0.0,0.0,gabon,2014,0.4598208073699763,-0.4598208073699763
1.5849196606170055,14.52894554222094,0.0649286955,49.4348793,18.65,0.4408,0.3425666599999999,0.0426862891444079,0.4375,0.0,0.0,gabon,2015,0.9798183661378573,-0.9798183661378573
1.1286377160038117,14.557594082485055,0.0649286955,49.4348793,18.65,0.4346,0.34243334,0.042694945438092,0.4375,0.0,0.0,gabon,2016,0.9956767311030457,-0.9956767311030457
0.3870580875796601,14.584183027238714,0.038104873,49.4348793,18.65,0.4284,0.3415666599999999,0.0250895187996658,0.4375,1.6094379124341005,4.0,gabon,2017,1.0521936337954023,0.5572442786386982
0.6086326371581557,14.609551844608168,0.0649286955,49.4348793,18.65,0.4284,0.3415666599999999,0.0427512178399079,0.4375,0.0,0.0,gabon,2018,1.0221306093714975,-1.0221306093714975
1.5934729062214306,14.634279746771677,0.0649286955,70.26399664,18.65,0.4284,0.3415666599999999,0.0427512178399079,0.4375,0.6931471805599453,1.0,gabon,2019,0.90399842299787,-0.21085124243792475
-1.0430153835092475,14.658171972342055,0.0649286955,49.4348793,18.65,0.4284,0.3410999999999999,0.04278151746495,0.4375,0.0,0.0,gabon,2020,1.0623809839324987,-1.0623809839324987
2.3438691387042074,15.171435398299131,0.224766789,98.63510132,13.57,0.4472,0.38016666,0.1393179495469452,0.4375,1.3862943611198906,3.0,georgia,2006,0.8901898562026019,0.49610450491728864
2.6082718406296523,15.166218932302504,0.238947204,107.9337769,13.28,0.469,0.40933334,0.1411381469030186,0.375,0.0,0.0,georgia,2007,1.2210934635703847,-1.2210934635703847
1.230112489401703,15.163181027797275,0.216621121,110.878418,17.87,0.4621,0.3974666599999999,0.1305214475506741,0.125,3.5263605246161616,33.0,georgia,2008,2.4197512918613073,1.1066092327548542
-1.5370289905996526,15.154299179687955,0.211488464,106.6533279,20.71,0.4441,0.38496666,0.1300724563853897,0.0625,3.258096538021482,25.0,georgia,2009,2.733565710278694,0.524530827742788
1.980505987929278,15.14700442903804,0.236178411,107.85683935,20.203,0.4521,0.43476666,0.1334959120854227,0.3125,2.079441541679836,7.0,georgia,2010,1.6434809712149343,0.4359605704649019
2.1899018901184277,15.13898279076799,0.21624512,107.85683935,19.632,0.4917,0.43576666,0.1220127063163008,0.3125,1.3862943611198906,3.0,georgia,2011,1.689592857379692,-0.3032984962598013
2.0253589687639466,15.131617137547895,0.187821442,107.85683935,19.653,0.4572,0.4660333399999999,0.1002903880611237,0.4375,1.3862943611198906,3.0,georgia,2012,1.2253780082815466,0.16091635283834393
1.8136653263222495,15.128607416942188,0.148895102,107.0388323,19.416,0.4909,0.48633334,0.0764824497346993,0.5,1.0986122886681098,2.0,georgia,2013,1.0818472844347782,0.016765004233331604
1.6273742102006723,15.129076955818467,0.12035514,105.7570889,17.439,0.4623,0.5204666600000001,0.0577143022703675,0.5,1.0986122886681098,2.0,georgia,2014,1.2273794668790456,-0.12876717821093586
1.4704111054706783,15.130651769447155,0.106034661,106.7641555,16.506,0.4634,0.5333666600000001,0.0494793080181977,0.5625,0.6931471805599453,1.0,georgia,2015,0.988623868245077,-0.2954766876851317
1.4929524500652605,15.131249935277683,0.104713058,107.7799018,16.604,0.4777,0.5337000000000001,0.0488276989453999,0.5625,1.6094379124341005,4.0,georgia,2016,0.9945079037255875,0.614930008708513
1.8180609684918947,15.131383795988436,0.110653681,109.5232037,13.939,0.4852,0.5462,0.0502146404378,0.5,0.6931471805599453,1.0,georgia,2017,1.3017245090596985,-0.6085773284997532
1.9547334536809504,15.130993430629678,0.1099111,111.616827,12.667,0.48,0.54333334,0.050192734933926,0.5,0.6931471805599453,1.0,georgia,2018,1.26807334641081,-0.5749261658508648
1.8532808286198457,15.129277773688225,0.097026938,111.9008539,11.565,0.4873,0.5428000000000001,0.0443607160535999,0.5,0.0,0.0,georgia,2019,1.2808337580789704,-1.2808337580789704
-1.986568260661783,15.129964335998416,0.119763277,108.0669948,11.734,0.4873,0.54206666,0.0548435974459551,0.5,0.6931471805599453,1.0,georgia,2020,1.3049235921010456,-0.6117764115411003
0.7119078765086431,18.22119063132797,0.0,101.7231331,8.822,0.302,0.955,0.0,1.0,3.970291913552122,52.0,germany,1996,2.114382157858321,1.855909755693801
1.129985725664301,18.222805200632447,0.0,101.7231331,9.787,0.318,0.955,0.0,1.0,1.9459101490553128,6.0,germany,1998,2.1261985264334715,-0.18028837737815873
1.3549386500918192,18.22480586239107,0.0,99.12943268,7.917,0.319,0.955,0.0,1.0,2.19722457733622,8.0,germany,2000,2.12934276173789,0.06788181559833006
-0.2055950458314889,18.228169399157668,0.0,100.8536072,8.482,0.3208,0.9125,0.0,0.9375,1.3862943611198906,3.0,germany,2002,2.2881910548703415,-0.9018966937504509
-0.4251379191354396,18.22872303218683,0.002292279,101.2267838,9.779,0.3128,0.9125,0.0002005744125,0.9375,1.0986122886681098,2.0,germany,2003,2.288876605219051,-1.1902643165509412
0.7710738872354327,18.228505934912963,0.0,101.3777771,10.727,0.3251,0.9125,0.0,0.9375,1.3862943611198906,3.0,germany,2004,2.2923403988525832,-0.9060460377326927
0.6341852376328179,18.22793815230149,0.0,101.4364929,11.193,0.3455,0.9125,0.0,0.9375,1.3862943611198906,3.0,germany,2005,2.307260620896317,-0.9209662597764263
1.5824124759998497,18.226810177338727,0.0,102.4863968,10.277,0.3494,0.88796666,0.0,0.9375,1.6094379124341005,4.0,germany,2006,2.2018521093739407,-0.5924141969398402
1.3581822460266817,18.22547299162897,0.0,102.0097733,8.732,0.3673,0.88796666,0.0,0.9375,1.3862943611198906,3.0,germany,2007,2.2064817670625607,-0.8201874059426701
0.6354663349233264,18.223571563205144,0.0,103.2407303,7.508,0.3639,0.88796666,0.0,0.9375,1.3862943611198906,3.0,germany,2008,2.195609974623362,-0.8093156135034716
-1.8786333327214704,18.22103772913441,0.0,103.3142929,7.88,0.3698,0.8754666600000001,0.0,0.875,1.6094379124341005,4.0,germany,2009,2.476449955188989,-0.8670120427548884
1.6360093024310287,18.21950574468376,0.0,104.8913574,7.043,0.3643,0.87253334,0.0,0.875,0.6931471805599453,1.0,germany,2010,2.4145197354346104,-1.721372554874665
1.5598208639400346,18.20096859862497,0.0,105.3465118,5.967,0.3655,0.87226666,0.0,0.875,2.19722457733622,8.0,germany,2011,2.3956373646483264,-0.19841278731210643
0.3808390519195331,18.202845876607284,0.0,104.4422379,5.372,0.3607,0.87226666,0.0,0.875,1.791759469228055,5.0,germany,2012,2.40676225290534,-0.6150027836772849
0.3343239192104155,18.205574878720217,0.0,103.9353333,5.316,0.3763,0.87206666,0.0,0.875,0.0,0.0,germany,2013,2.4193101593259776,-2.4193101593259776
1.1569396925654511,18.209743652260315,0.0,103.3038712,4.979,0.3808,0.87426666,0.0,0.875,2.70805020110221,14.0,germany,2014,2.4256236773843307,0.28242652371787935
0.979455568564123,18.218400678593376,0.0,102.1924133,4.612,0.38,0.87426666,0.0,0.875,4.23410650459726,68.0,germany,2015,2.4357796110861134,1.7983268935111463
1.170071234270944,18.22647286388069,0.0,100.8523102,4.104,0.3788,0.8525333400000001,0.0,0.875,3.828641396489095,45.0,germany,2016,2.3660449831624835,1.4625964133266116
1.334450052056896,18.23021010943436,0.002444575,101.0956421,3.781,0.3759,0.8524,0.0003608192699999,0.875,3.367295829986474,28.0,germany,2017,2.3576669214538466,1.0096289085326275
0.7587926104104651,18.23321537641797,0.0,100.8373032,3.384,0.3722,0.88286666,0.0,0.875,3.218875824868201,24.0,germany,2018,2.472066124621872,0.7468097002463292
0.6819520973088495,18.23547057513293,0.002495795,101.1525574,3.163,0.3729,0.88286666,0.0002923408043052,0.875,2.8903717578961645,17.0,germany,2019,2.4678202653133443,0.4225514925828202
-1.635478773192719,18.2362875067096,0.002437963,101.3078003,3.881,0.3728,0.8827999999999999,0.0002857292636,0.875,3.5263605246161616,33.0,germany,2020,2.493540059435918,1.0328204651802437
1.723205993335576,16.695280874191734,0.513262228,55.60692978,5.384,0.4558,0.3299999999999999,0.34388569276,0.5,1.0986122886681098,2.0,ghana,1996,0.9984071882089599,0.10020510045914988
1.7405347310869623,16.743394144488267,0.653485754,55.60692978,8.2,0.4522,0.2674999999999999,0.478678314805,0.4375,0.0,0.0,ghana,1998,0.8834176431502575,-0.8834176431502575
1.5475625261628212,16.792930581058577,0.513262228,32.57759094,10.456,0.4642,0.3575,0.3297709814899999,0.4375,0.0,0.0,ghana,2000,1.622977139108691,-1.622977139108691
1.704748012056604,16.847063009785597,0.513262228,32.26757813,5.384,0.4761,0.345,0.33618675934,0.375,0.0,0.0,ghana,2002,1.8785844667394418,-1.8785844667394418
1.8245493135026585,16.874062970833112,0.513262228,33.65478897,5.384,0.4821,0.345,0.33618675934,0.375,0.0,0.0,ghana,2003,1.8872422704942258,-1.8872422704942258
1.8870696476687436,16.900548611850326,0.513262228,36.14455032,5.384,0.4881,0.3175,0.35030147061,0.4375,0.0,0.0,ghana,2004,1.4906547874925766,-1.4906547874925766
1.9315219650813211,16.92677618297617,0.608869443,38.12768936,5.384,0.494,0.3475,0.3972873115574999,0.4375,0.0,0.0,ghana,2005,1.4589668529692754,-1.4589668529692754
2.0014681901403857,16.952772905479257,0.513262228,39.8474884,4.897,0.492,0.45233334,0.2810966101129185,0.625,0.0,0.0,ghana,2006,1.1035564037663452,-1.1035564037663452
1.6765018240870275,16.978547192551996,0.513262228,43.75952148,5.384,0.4899,0.44608334,0.2843044990379184,0.59375,0.0,0.0,ghana,2007,1.224850201886563,-1.224850201886563
2.317453896227555,17.00392498977837,0.513262228,46.05958176,5.384,0.4878,0.43983334,0.2875123879629184,0.5625,0.0,0.0,ghana,2008,1.3432172790362111,-1.3432172790362111
1.765498832647031,17.028877838623096,0.513262228,47.92771912,5.384,0.4857,0.45483334,0.2798134545429185,0.6875,0.0,0.0,ghana,2009,0.8111345333288271,-0.8111345333288271
2.186018910034522,17.053207980056367,0.513262228,55.60692978,5.384,0.4837,0.4593,0.2775208866795999,0.6875,0.0,0.0,ghana,2010,0.7906896170572854,-0.7906896170572854
2.7111868486758257,17.077257693668894,0.513262228,55.60692978,5.384,0.4816,0.4593,0.2775208866795999,0.6875,0.0,0.0,ghana,2011,0.7975264907878971,-0.7975264907878971
2.331443592410895,17.10145678355615,0.417655013,56.73260178,5.384,0.4795,0.4593,0.2258260655291,0.6875,0.0,0.0,ghana,2012,0.9506541610952418,-0.9506541610952418
2.1177634155413534,17.12554957576071,0.513262228,68.19914246,2.173,0.481,0.44886666,0.2828759260134815,0.625,0.0,0.0,ghana,2013,0.9936253103617054,-0.9936253103617054
1.3496926577444823,17.149199430214516,0.513262228,63.97456998,5.384,0.4825,0.45386666,0.2803096148734815,0.625,0.6931471805599453,1.0,ghana,2014,1.0776887156302037,-0.38454153507025846
1.1380763497739783,17.172270702707674,0.513262228,67.04865665,6.806,0.484,0.4357333399999999,0.2896167630977185,0.625,0.0,0.0,ghana,2015,1.0165560880373996,-1.0165560880373996
1.4755557725906772,17.195032822314534,0.390257937,67.26441013,5.384,0.4855,0.4549999999999999,0.212690575665,0.625,0.6931471805599453,1.0,ghana,2016,1.2735954584153912,-0.580448277855446
2.211444644673839,17.2169864008525,0.513262228,66.63594502,3.369,0.4855,0.4596,0.2773669080112,0.75,0.0,0.0,ghana,2017,0.5067195574635326,-0.5067195574635326
1.9740918149915865,17.23773811383211,0.513262228,68.2222558,5.384,0.4855,0.4841999999999999,0.2647406572024,0.75,1.0986122886681098,2.0,ghana,2018,0.6145128944174816,0.4840993942506282
2.015939122802892,17.257816165178674,0.513262228,71.1877006,5.384,0.4855,0.4841999999999999,0.2647406572024,0.75,1.3862943611198906,3.0,ghana,2019,0.6075663719367048,0.7787279891831858
0.4147166278530161,17.277734363062724,0.513262228,74.01021863,5.384,0.4855,0.48333334,0.2651854810449185,0.75,2.3978952727983707,10.0,ghana,2020,0.6137276181894376,1.7841676546089331
0.8681380051582946,16.17719449760689,0.009424785,103.54220965,10.402,0.3602,0.6975,0.0028509974624999,0.5625,3.044522437723423,20.0,greece,1996,2.202993174998448,0.8415292627249751
1.4899640023799796,16.18766928710216,0.009424785,103.54220965,12.227,0.3874,0.6925,0.0028981213875,0.5625,3.367295829986474,28.0,greece,1998,2.21166012236223,1.1556357076242443
1.6366302262640289,16.1955944178644,0.002362558,97.09967041,11.345,0.4028,0.7224999999999999,0.000655609845,0.6875,3.367295829986474,28.0,greece,2000,1.7766468092590855,1.5906490207273887
1.7375034166950931,16.204458926308778,0.002417635,98.18379974,10.346,0.3762,0.6625,0.0008159518125,0.8125,2.3978952727983707,10.0,greece,2002,0.9479701597947523,1.4499251130036184
1.9164552593132496,16.206845357843346,0.00559221,94.34111786,9.839,0.3632,0.675,0.00181746825,0.875,2.5649493574615367,12.0,greece,2003,0.7019609864649705,1.8629883709965662
1.8528336128963625,16.209319493045452,0.009122613,92.8870163,10.628,0.3715,0.675,0.0029648492249999,0.875,1.6094379124341005,4.0,greece,2004,0.7169062631445803,0.8925316492895202
0.7809320044040933,16.21225198351869,0.004470559,96.8381424,10.074,0.3751,0.675,0.0014529316749999,0.875,1.9459101490553128,6.0,greece,2005,0.7106946955731639,1.235215453482149
2.0073274146298603,16.21525530125542,0.006532315,96.81659698,8.906,0.3643,0.6792,0.002095566652,0.875,3.1780538303479458,23.0,greece,2006,0.6993830410669847,2.478670789280961
1.505602847351366,16.217802876843905,0.006173905,95.97881317,8.351,0.3536,0.6792,0.001980588724,0.875,2.772588722239781,15.0,greece,2007,0.7015273255680923,2.0710613966716886
0.0558830680432253,16.220457454971218,0.003650398,103.54220965,7.664,0.3294,0.6792,0.0011710476784,0.875,3.9889840465642745,53.0,greece,2008,0.6581747748322724,3.330809271732002
-1.6330130358903985,16.223087718747564,0.006387006,103.54220965,9.546,0.3241,0.6317,0.0023523343097999,0.6875,4.7535901911063645,115.0,greece,2009,1.4048145087945922,3.3487756823117723
-1.9011729429441533,16.224376522958284,0.010666923,107.8190536,12.719,0.3381,0.5753,0.0045302421980999,0.5625,3.912023005428146,49.0,greece,2010,1.8001800071165581,2.111842998311588
-2.3866301270939507,16.222897010317396,0.014706451,105.9560471,17.973,0.3149,0.5734999999999999,0.0062723013515,0.5625,2.4849066497880004,11.0,greece,2011,1.8222216846191386,0.6626849651688618
-2.233356573494282,16.217489481300227,0.021395428,106.2905502,24.731,0.3183,0.53016666,0.0100522853979695,0.5625,3.218875824868201,24.0,greece,2012,1.697263760750976,1.521612064117225
-1.1854371757417983,16.210238273892546,0.015242863,107.4143066,27.686,0.3338,0.53016666,0.0071616052344524,0.5625,4.04305126783455,56.0,greece,2013,1.7128897652213564,2.330161502613194
0.5834578987426071,16.203577141601734,0.019677299,103.4685898,26.708,0.3579,0.57133334,0.0084350020401513,0.75,3.332204510175204,27.0,greece,2014,0.9700220326535216,2.3621824775216824
-0.205632639902033,16.196988528599828,0.019816222,103.3777008,24.981,0.3553,0.53633334,0.0091881214685585,0.625,3.4339872044851463,30.0,greece,2015,1.4331903761025502,2.000796828382596
-0.0312997790654108,16.19282939870222,0.013920055,103.9520721,23.514,0.3431,0.55153334,0.0062426805728663,0.625,3.4339872044851463,30.0,greece,2016,1.4722225653383474,1.9617646391467989
0.9054824227708892,16.190851566638344,0.010717371,104.2287903,21.413,0.3399,0.5519333399999999,0.0048020966279508,0.625,3.80666248977032,44.0,greece,2017,1.451992525241769,2.354669964528551
1.1199405747574387,16.188822764444588,0.001598767,103.8916931,19.179,0.3304,0.57693334,0.0006763850148082,0.75,3.295836866004329,26.0,greece,2018,0.9387196229849386,2.3571172430193905
1.1869834957529009,16.187769370615545,0.009726957,106.5278397,17.045,0.327,0.57786666,0.0041060728464463,0.75,3.49650756146648,32.0,greece,2019,0.8983301790524659,2.598177382414014
-2.3220181909442346,16.185623449750192,0.010963271,103.6158295,15.899,0.327,0.5776,0.0046308856704,0.75,3.9318256327243257,50.0,greece,2020,0.9376561514622684,2.994169481262057
1.3756832334560918,16.174809293680035,0.0965595245,25.85479927,2.6500000000000004,0.5541,0.135,0.0835239886925,0.125,3.295836866004329,26.0,guatemala,1996,2.6728952741356213,0.6229415918687078
1.7906801875130216,16.225976128842607,0.1339,25.87759018,2.6500000000000004,0.5541,0.135,0.1158235,0.125,0.0,0.0,guatemala,1998,2.6355465718794173,-2.6355465718794173
1.527982429279753,16.27489365210766,0.087963362,30.98065948,2.6500000000000004,0.5541,0.15,0.0747688577,0.25,0.6931471805599453,1.0,guatemala,2000,2.1683847866725654,-1.47523760611262
1.5767674135983862,16.320784708157333,0.0965595245,35.5038414,2.254,0.5619,0.2375,0.0736266374312499,0.3125,0.0,0.0,guatemala,2002,2.1674915828894052,-2.1674915828894052
1.2698666257540163,16.343304508059518,0.0965595245,51.79569648,2.807,0.562,0.2375,0.0736266374312499,0.3125,1.3862943611198906,3.0,guatemala,2003,2.090493452813309,-0.7041990916934184
1.4201924814896851,16.36553392107952,0.0965595245,38.61787033,2.971,0.5588,0.2,0.0772476196,0.375,1.0986122886681098,2.0,guatemala,2004,1.7473802780667729,-0.6487679893986631
1.453024290149521,16.387178067253906,0.0965595245,40.5942688,2.6500000000000004,0.5548,0.2,0.0772476196,0.375,0.0,0.0,guatemala,2005,1.7429449854893317,-1.7429449854893317
1.848674912617889,16.408333953468397,0.105155687,42.43397141,1.902,0.5516,0.20713334,0.0833744383316954,0.375,1.6094379124341005,4.0,guatemala,2006,1.7449403032595154,-0.13550239082541493
1.9930279891393727,16.429399592227195,0.0965595245,44.24298859,2.6500000000000004,0.5618,0.2196333399999999,0.0753518336252531,0.375,0.0,0.0,guatemala,2007,1.8128085891989862,-1.8128085891989862
1.457107840959894,16.449926777125754,0.0965595245,45.23133087,2.6500000000000004,0.553,0.23213334,0.0741448395690031,0.375,0.0,0.0,guatemala,2008,1.8626189672078761,-1.8626189672078761
0.389944014710529,16.469851355253386,0.0965595245,48.26572037,2.6500000000000004,0.5446,0.2446333399999999,0.0729378455127531,0.4375,0.0,0.0,guatemala,2009,1.6082368985770643,-1.6082368985770643
1.3569107162473986,16.489667000463886,0.0965595245,52.18832002,3.497,0.5455,0.2194999999999999,0.07536470887225,0.4375,0.0,0.0,guatemala,2010,1.5033241216812987,-1.5033241216812987
1.6416934408698434,16.509605637734253,0.0965595245,52.76896096,4.126,0.5384,0.21836666,0.0754741436437468,0.4375,0.0,0.0,guatemala,2011,1.5038931534210533,-1.5038931534210533
1.3799514291921142,16.52951950376553,0.0965595245,53.11784933,2.765,0.5325,0.21836666,0.0754741436437468,0.4375,0.6931471805599453,1.0,guatemala,2012,1.503361673342901,-0.8102144927829557
1.5464595496163622,16.54905552139343,0.0965595245,53.32331583,3.017,0.5398,0.2129,0.07600200173395,0.4375,1.9459101490553128,6.0,guatemala,2013,1.4973632038893219,0.4485469451659909
1.694510013142429,16.568006643359173,0.079611413,52.96680237,2.717,0.5319,0.2129,0.0626621431723,0.4375,0.0,0.0,guatemala,2014,1.5291628420747183,-1.5291628420747183
1.6277042260869454,16.58633171898771,0.0965595245,54.88641882,2.506,0.5282,0.2136333399999999,0.0759311907722531,0.4375,0.0,0.0,guatemala,2015,1.5005163998752171,-1.5005163998752171
1.3023155021233956,16.604757323867695,0.0965595245,54.42525562,2.583,0.5295,0.22613334,0.0747241967160031,0.5,0.0,0.0,guatemala,2016,1.2646888284380162,-1.2646888284380162
1.4060605340751484,16.622944931910354,0.0965595245,54.04447732,2.462,0.5299,0.2257333399999999,0.0747628205258031,0.5,0.0,0.0,guatemala,2017,1.273814017865035,-1.273814017865035
1.4831654772562484,16.6396051582441,0.0965595245,54.07976471,2.283,0.5327,0.224,0.0749301910119999,0.5,1.0986122886681098,2.0,guatemala,2018,1.2761763211933776,-0.17756403252526787
1.6130110910212068,16.654811452873542,0.0965595245,52.5563884,2.193,0.5258,0.22173334,0.0751490586238031,0.5,0.0,0.0,guatemala,2019,1.2796370863677868,-1.2796370863677868
-1.0244459690173338,16.669525223074228,0.0965595245,51.79569648,2.6500000000000004,0.5411,0.1573,0.0813707112961499,0.3125,1.3862943611198906,3.0,guatemala,2020,1.9911231018018893,-0.6048287406819988
0.7837198455871239,16.060590682957766,0.212595276,32.29708862,5.031,0.4712,0.1768,0.1750084312031999,0.25,0.0,0.0,guinea,2006,1.9141446565737843,-1.9141446565737843
2.0563611149161045,16.0837404101744,0.440259176,36.74647903,5.031,0.4605,0.10346666,0.3947070295249278,0.25,0.0,0.0,guinea,2007,1.2449867883965915,-1.2449867883965915
1.6356934318295908,16.107931268197678,0.212595276,33.23809052,5.031,0.4525,0.0814333399999999,0.1952829326070981,0.1875,0.0,0.0,guinea,2008,1.8701893851672888,-1.8701893851672888
-0.7526615618167652,16.1323471147031,0.212595276,36.74647903,5.031,0.4445,0.0756,0.1965230731344,0.125,0.0,0.0,guinea,2009,2.157128357545342,-2.157128357545342
1.760158746201151,16.15694004331181,0.212595276,36.74647903,5.031,0.4365,0.08026666,0.1955309632637018,0.125,0.0,0.0,guinea,2010,2.1588968204830667,-2.1588968204830667
1.888903084534588,16.181709776223645,0.212595276,36.74647903,5.031,0.4285,0.09276666,0.1928735223137018,0.1875,0.0,0.0,guinea,2011,1.9143663711891332,-1.9143663711891332
1.9337343613676217,16.206251389583,0.212595276,36.87668991,5.031,0.4205,0.09276666,0.1928735223137018,0.1875,0.0,0.0,guinea,2012,1.9219621807044467,-1.9219621807044467
1.5985159010242471,16.230698537222622,0.212595276,36.74647903,5.031,0.4125,0.0881,0.1938656321844,0.1875,1.0986122886681098,2.0,guinea,2013,1.9178699530512207,-0.8192576643831109
1.5468288603001128,16.25550046967284,0.212595276,38.55487823,5.044,0.4044,0.12673334,0.1856523666042981,0.375,0.0,0.0,guinea,2014,1.1641213252088303,-1.1641213252088303
1.5739994359494962,16.280815595251266,0.212595276,36.74647903,5.031,0.3964,0.17426666,0.1755470073197018,0.5,1.0986122886681098,2.0,guinea,2015,0.7601066874863794,0.33850560118173034
2.469846073175935,16.306484680024308,0.212595276,36.74647903,5.031,0.3883,0.19676666,0.1707636136097018,0.5625,0.6931471805599453,1.0,guinea,2016,0.5446632762886755,0.14848390427126978
2.424803198284555,16.332049909756208,0.212595276,36.74647903,5.031,0.3803,0.18426666,0.1734210545597018,0.5,0.0,0.0,guinea,2017,0.8066449244971341,-0.8066449244971341
1.9958550105228352,16.35748846501642,0.116504446,36.74647903,5.031,0.3723,0.17176666,0.0964928664354296,0.4375,1.0986122886681098,2.0,guinea,2018,1.2276038206482003,-0.1289915319800905
1.8896291689980669,16.383098508199232,0.212595276,36.74647903,5.018,0.3723,0.19676666,0.1707636136097018,0.4375,0.0,0.0,guinea,2019,1.1767630771130815,-1.1767630771130815
1.7412712824087964,16.40861250162694,0.212595276,36.74647903,5.031,0.3723,0.17636666,0.1751005572401018,0.3125,0.0,0.0,guinea,2020,1.712986780685763,-1.712986780685763
1.813131020021816,13.53971357717169,0.057169535,89.87500763,10.7,0.5516,0.3935,0.0346733229775,0.3125,1.0986122886681098,2.0,guyana,2006,1.005320756263129,0.09329153240498078
2.103064831650946,13.53693621725429,0.057169535,85.37798309,13.172,0.5618,0.4185,0.0332440846025,0.4375,0.0,0.0,guyana,2007,0.5425371103113689,-0.5425371103113689
1.013498563089477,13.533952362907169,0.057169535,86.24141693,13.172,0.553,0.3758,0.035685223747,0.5,1.3862943611198906,3.0,guyana,2008,0.09325392003524668,1.2930404410846439
1.528555020838214,13.530617924740277,0.057169535,89.87500763,13.172,0.5446,0.3758,0.035685223747,0.5,0.0,0.0,guyana,2009,0.06057425485751211,-0.06057425485751211
1.6367498430286258,13.526837327811275,0.057169535,93.28646088,13.172,0.5455,0.3753333399999999,0.0357119024822031,0.5,0.0,0.0,guyana,2010,0.03635478390304958,-0.03635478390304958
1.8239445222791837,13.52268729219762,0.057169535,101.134758,13.172,0.5384,0.36283334,0.0364265216697031,0.4375,0.0,0.0,guyana,2011,0.2353020337450593,-0.2353020337450593
1.836785513534229,13.522868203629908,0.057169535,102.622467,13.172,0.5325,0.36283334,0.0364265216697031,0.4375,0.0,0.0,guyana,2012,0.22325921208473765,-0.22325921208473765
1.537594768419812,13.527857818415614,0.057169535,89.87500763,13.172,0.5398,0.35783334,0.0367123693447031,0.4375,0.0,0.0,guyana,2013,0.28995233267336584,-0.28995233267336584
0.9882371652996248,13.533452640262714,0.057169535,89.87500763,13.172,0.5319,0.3569,0.0367657279585,0.4375,0.0,0.0,guyana,2014,0.29046918355657503,-0.29046918355657503
0.5231916034995104,13.539469795095846,0.057169535,89.87500763,13.172,0.5282,0.35783334,0.0367123693447031,0.4375,0.0,0.0,guyana,2015,0.29935671731648716,-0.29935671731648716
1.5701681009875177,13.545732579708543,0.057169535,89.87500763,13.172,0.5295,0.4016666599999999,0.0342064388227969,0.625,0.6931471805599453,1.0,guyana,2016,-0.44293162622221804,1.1360788067821632
1.5548743388236022,13.552169816898653,0.057169535,89.87500763,13.172,0.5299,0.40306666,0.0341264014737969,0.625,0.0,0.0,guyana,2017,-0.4341403614754471,0.4341403614754471
1.6939468565320186,13.581757170871324,0.057169535,89.87500763,13.627,0.5327,0.40446666,0.0340463641247969,0.625,0.0,0.0,guyana,2018,-0.41015609497506933,0.41015609497506933
1.8489019625246057,13.601903885707182,0.057169535,89.87500763,13.172,0.5258,0.426,0.03281531309,0.625,0.6931471805599453,1.0,guyana,2019,-0.33132011285521945,1.0244672934151646
3.795031819875701,13.601676042808828,0.057169535,86.94001007,13.172,0.5411,0.42506666,0.0328686717037969,0.625,1.9459101490553128,6.0,guyana,2020,-0.3274259188301265,2.273336067885439
1.018396172599095,16.03651274946165,0.5275621865,85.67661285,15.45,0.5516,0.1762666599999999,0.4345705619433478,0.25,0.6931471805599453,1.0,haiti,2006,1.1844728135723643,-0.49132563301241905
1.741611122646313,16.05337545998645,0.5275621865,85.67661285,16.8,0.5618,0.18126666,0.4319327510108479,0.25,1.0986122886681098,2.0,haiti,2007,1.219333385253729,-0.12072109658561914
1.296925382078386,16.07003659446453,0.5275621865,85.67661285,15.45,0.553,0.21293334,0.4152266080708521,0.25,0.0,0.0,haiti,2008,1.3368070941984262,-1.3368070941984262
1.9301260832228628,16.086561845681608,0.5275621865,85.67661285,15.45,0.5446,0.22543334,0.408632080739602,0.3125,0.0,0.0,haiti,2009,1.0843099608149964,-1.0843099608149964
-1.894844127185272,16.09822911161981,0.5275621865,85.67661285,15.45,0.5455,0.16,0.44315223666,0.25,0.0,0.0,haiti,2010,1.1816174935696888,-1.1816174935696888
1.8079958666475768,16.10954973844787,0.5275621865,85.67661285,15.45,0.5384,0.1475,0.44974676399125,0.1875,0.0,0.0,haiti,2011,1.3994120028256207,-1.3994120028256207
0.4070800726839227,16.12504862292899,0.5275621865,85.67661285,14.1,0.5325,0.18973334,0.4274660507976521,0.375,0.0,0.0,haiti,2012,0.674781911112886,-0.674781911112886
1.672372168989611,16.140088329321397,0.5275621865,85.67661285,15.45,0.5398,0.1896,0.4275363959395999,0.375,0.0,0.0,haiti,2013,0.682850152707542,-0.682850152707542
1.358093557448252,16.154739585528915,0.5275621865,85.67661285,15.45,0.5319,0.1988,0.4226828238238,0.375,0.0,0.0,haiti,2014,0.7234742389832501,-0.7234742389832501
0.8754687411038999,16.16909698773039,0.5275621865,85.67661285,15.45,0.5282,0.2045999999999999,0.4196229631420999,0.375,0.0,0.0,haiti,2015,0.7552603796209035,-0.7552603796209035
1.034062417421682,16.183083258741387,0.5275621865,85.67661285,15.45,0.5295,0.20513334,0.4193415931255521,0.375,0.6931471805599453,1.0,haiti,2016,0.7640147567915064,-0.07086757623156115
1.2556933407576052,16.1966993237176,0.5275621865,85.67661285,15.45,0.5299,0.2052,0.4193064258301999,0.375,0.0,0.0,haiti,2017,0.7697373622340961,-0.7697373622340961
0.981258269096164,16.209978418435114,0.5275621865,85.67661285,15.45,0.5327,0.21106666,0.4162113978531479,0.375,1.791759469228055,5.0,haiti,2018,0.8028452926250861,0.9889141766029689
-1.0017698347979105,16.222920783324085,0.5275621865,85.67661285,15.45,0.5258,0.2012999999999999,0.4213639183575499,0.3125,1.6094379124341005,4.0,haiti,2019,1.0856449396608094,0.5237929727732911
-1.4598945456212815,16.235331781533823,0.5275621865,85.67661285,15.45,0.5411,0.18396666,0.4305083331072978,0.3125,1.0986122886681098,2.0,haiti,2020,1.0408953162773602,0.05771697239074958
3.1762768733278843,15.59113302328218,0.381577916,59.50156021,4.37,0.5541,0.0925,0.34628195877,0.3125,2.995732273553991,19.0,honduras,1996,0.6423184062692944,2.3534138672846963
2.5318034337549724,15.645598034309812,0.323060005,59.50156021,4.02,0.5541,0.1175,0.2851004544125,0.4375,0.0,0.0,honduras,1998,0.2686678348887822,-0.2686678348887822
2.3620060558329805,15.699206948193526,0.208366616,59.50156021,4.909,0.5541,0.1149999999999999,0.18440445516,0.375,0.0,0.0,honduras,2000,0.7807177457427349,-0.7807177457427349
1.5590574351969175,15.75264805386031,0.28954807,59.50156021,4.02,0.5619,0.1325,0.2511829507249999,0.4375,0.6931471805599453,1.0,honduras,2002,0.4492501229889999,0.24389705757094537
1.7132641009738518,15.778307884035948,0.340004556,59.50156021,5.3,0.562,0.12,0.29920400928,0.375,0.0,0.0,honduras,2003,0.6388855101169616,-0.6388855101169616
1.978557513943636,15.803247225408189,0.332938286,59.50156021,5.99,0.5588,0.12,0.29298569168,0.375,0.6931471805599453,1.0,honduras,2004,0.6638878858600766,0.029259294699868654
1.9531126092405884,15.8275235396979,0.313398166,59.50156021,4.909,0.5548,0.11,0.27892436774,0.375,0.0,0.0,honduras,2005,0.663990988700255,-0.663990988700255
2.023828873265522,15.85110900974902,0.273066833,57.63871002,3.574,0.5516,0.15166666,0.2316516984821122,0.375,0.0,0.0,honduras,2006,0.8937421445114727,-0.8937421445114727
1.9724584836061487,15.87408577932704,0.220138483,59.51185989,3.211,0.5618,0.15166666,0.1867508145459232,0.375,0.0,0.0,honduras,2007,0.9851013818007358,-0.9851013818007358
1.6547171796589324,15.896524362990066,0.208798666,59.50156021,3.156,0.553,0.1512,0.1772283077008,0.375,0.0,0.0,honduras,2008,1.0117842246611257,-1.0117842246611257
-1.2330347491737037,15.9184122457425,0.180620216,59.50156021,3.292,0.5446,0.1637,0.1510526866408,0.4375,2.19722457733622,8.0,honduras,2009,0.8405381758864875,1.3566864014497324
1.554166260973341,15.939671967575835,0.195584328,66.16819,4.119,0.5455,0.1734,0.1616700055248,0.5,0.0,0.0,honduras,2010,0.5055464976147007,-0.5055464976147007
1.5760239650325445,15.960339947501607,0.200840458,65.90184784,4.474,0.5384,0.17393334,0.1659076063329302,0.5,0.6931471805599453,1.0,honduras,2011,0.5097098578483946,0.18343732271155067
1.6348498270452227,15.980565072238592,0.239685129,64.53279114,3.755,0.5325,0.17393334,0.1979958939646991,0.5,0.0,0.0,honduras,2012,0.45756553604455574,-0.45756553604455574
1.332777479815347,16.00035650183891,0.207934566,61.92071152,5.646,0.5398,0.17393334,0.1717678124341695,0.5,1.0986122886681098,2.0,honduras,2013,0.5535360913426283,0.5450761973254815
1.4007100938433288,16.019724320609836,0.20594995,49.47668218,7.078,0.5319,0.17393334,0.1701283873236669,0.5,0.6931471805599453,1.0,honduras,2014,0.6439879475946312,0.049159232965314104
1.5769312435259224,16.038760842664882,0.19933634,50.35110851,6.147,0.5282,0.20393334,0.1586850144004244,0.5,0.0,0.0,honduras,2015,0.7579576776418078,-0.7579576776418078
1.587799930091783,16.05753650824808,0.19842039,51.04664868,6.727,0.5295,0.2544666599999999,0.1479290160808026,0.5,0.6931471805599453,1.0,honduras,2016,0.9509717626802306,-0.25782458212028536
1.7652296297653154,16.076037267424073,0.193274545,51.01203918,5.528,0.5299,0.2673,0.1416122591215,0.4375,0.6931471805599453,1.0,honduras,2017,1.3035824613309357,-0.6104352807709904
1.5779461658787826,16.094336729842368,0.198462495,59.50156021,5.648,0.5327,0.28836666,0.1412325281815833,0.4375,0.0,0.0,honduras,2018,1.335123930982456,-1.335123930982456
1.2696578277909685,16.112443105381082,0.187790312,64.35241699,5.698,0.5258,0.28696666,0.133900753385002,0.4375,1.791759469228055,5.0,honduras,2019,1.3276037759936443,0.46415569323441064
-2.299087205813348,16.129988746886067,0.208366616,58.42689994,10.982,0.5411,0.28656666,0.1486556907973774,0.4375,1.0986122886681098,2.0,honduras,2020,1.4130679654394267,-0.3144556767713169
0.0964315762587687,16.148745023360533,0.0020230185,101.9219513,10.022,0.2579,0.6849999999999999,0.0006372508275,0.75,2.6390573296152584,13.0,hungary,1996,1.2201905921523832,1.4188667374628752
1.5785885554489103,16.14440364105046,0.003869214,101.9219513,8.925,0.2751,0.6875,0.001209129375,0.8125,1.0986122886681098,2.0,hungary,1998,0.9156486787022083,0.18296360996590144
1.6881335627099934,16.138973386393086,0.00133662,96.20510864,6.563,0.2845,0.675,0.0004344014999999,0.75,0.0,0.0,hungary,2000,1.1926530852158888,-1.1926530852158888
1.7457269282184156,16.133832081292837,0.000509668,99.8345108,5.608,0.3194,0.705,0.00015035206,0.875,0.0,0.0,hungary,2002,0.693924564772346,-0.693924564772346
1.5971178536162172,16.130967748893916,0.001587212,101.8508606,5.79,0.3197,0.705,0.00046822754,0.875,0.0,0.0,hungary,2003,0.6817295113172946,-0.6817295113172946
1.7855947332303963,16.128753355326218,0.0016733155,95.94435883,5.832,0.3117,0.705,0.0004936280725,0.875,0.0,0.0,hungary,2004,0.7090581586140968,-0.7090581586140968
1.6677602502627595,16.126764567090813,0.005276819,97.37332916,7.189,0.3302,0.705,0.001556661605,0.875,0.0,0.0,hungary,2005,0.7143465779095793,-0.7143465779095793
1.5961361604918944,16.12520740239879,0.001435583,97.7556076,7.494,0.3424,0.69686666,0.0004351730696372,0.875,0.0,0.0,hungary,2006,0.6975099318747244,-0.6975099318747244
0.2869475562607984,16.123658250972117,0.002339343,97.85636139,7.406,0.3451,0.6818666600000001,0.0007442230019956,0.8125,0.0,0.0,hungary,2007,0.9525959650101283,-0.9525959650101283
0.689860327271015,16.121907277471646,0.00089742,98.38033295,7.817,0.3375,0.66626666,0.0002994989739828,0.75,1.0986122886681098,2.0,hungary,2008,1.1874437304674568,-0.08883144179934699
-2.046423145381752,16.120358189486577,0.001127361,99.74337769,10.03,0.3317,0.66626666,0.0003762379519157,0.75,0.6931471805599453,1.0,hungary,2009,1.2146689866300497,-0.5215218060701045
0.7265581081993349,16.11809805095544,0.001668813,101.9976883,11.172,0.3325,0.66473334,0.0005594973606745,0.75,0.0,0.0,hungary,2010,1.1753084548690815,-1.1753084548690815
1.0704559827952544,16.11526444687973,0.001706694,103.0810699,11.029,0.3248,0.6636,0.0005741318616,0.75,0.0,0.0,hungary,2011,1.1549469381569986,-1.1549469381569986
-0.8499305909943289,16.11010007133349,0.0047583,101.2340469,11.003,0.3159,0.6630666599999999,0.001603229911722,0.75,0.0,0.0,hungary,2012,1.1698133463023015,-1.1698133463023015
1.1092785041388191,16.1052874753542,0.004609007,107.0703583,10.177,0.3303,0.6630666599999999,0.0015529281225933,0.75,0.0,0.0,hungary,2013,1.1175660488985915,-1.1175660488985915
1.6741677229621894,16.101258599990572,0.009814092,105.8414688,7.725,0.3256,0.67516666,0.0031879442834272,0.8125,0.6931471805599453,1.0,hungary,2014,0.8374113040616253,-0.14426412350168005
1.538975995427976,16.097663937829136,0.009690301,104.5464783,6.813,0.3257,0.67476666,0.0031516089598353,0.8125,0.6931471805599453,1.0,hungary,2015,0.8375274713774392,-0.14438029081749393
1.235076455295328,16.09377795807677,0.015732796,104.0468903,5.115,0.3276,0.6573,0.0053916291892,0.8125,0.6931471805599453,1.0,hungary,2016,0.7617157936636199,-0.06856861310367457
1.6339712723444368,16.09039109953068,0.009179572,104.2907791,4.156,0.3277,0.65676666,0.0031507351573304,0.8125,0.0,0.0,hungary,2017,0.756318936582342,-0.756318936582342
1.8879992377399752,16.08835422704245,0.0020230185,103.7495499,3.667,0.3216,0.6567000000000001,0.0006945022510499,0.8125,0.0,0.0,hungary,2018,0.7595825251849668,-0.7595825251849668
1.804541587279531,16.08710279595446,0.0020230185,102.5616379,3.411,0.3259,0.6217,0.0007653078985499,0.8125,0.6931471805599453,1.0,hungary,2019,0.6445264121654795,0.04862076839446583
-1.674986935342741,16.08458229978514,0.0020230185,101.993042,4.248,0.3256,0.6212333400000001,0.0007662519603632,0.8125,0.0,0.0,hungary,2020,0.6828415610591444,-0.6828415610591444
1.89786158258432,12.624068909711092,0.001842796,107.523468,2.83,0.312,0.7739,0.0004166561755999,0.9375,0.0,0.0,iceland,2006,-1.3259490983800164,1.3259490983800164
2.276377598586904,12.64936968236398,0.000806142,106.3270035,2.251,0.3441,0.79265,0.0001671535437,0.96875,0.0,0.0,iceland,2007,-1.3757811557829,1.3757811557829
0.9931076000252654,12.66796534493698,0.00060815,106.2299423,2.946,0.2821,0.806,0.0001179810999999,1.0,0.0,0.0,iceland,2008,-1.4847254486157258,1.4847254486157258
-2.232319713247488,12.671377753994356,0.000972007,106.4782486,7.22,0.2691,0.8185,0.0001764192704999,0.9375,0.0,0.0,iceland,2009,-1.0940538392146035,1.0940538392146035
-1.1699459442477609,12.669938728512816,0.001493845,108.8190384,7.564,0.2621,0.8185,0.0002711328675,0.9375,0.0,0.0,iceland,2010,-1.121119940300076,1.121119940300076
0.8670990973462824,12.67299340260506,0.001882956,109.7068634,7.028,0.2674,0.8181666599999999,0.000342384178553,0.9375,0.0,0.0,iceland,2011,-1.146041428715774,1.146041428715774
0.7744099508850338,12.678314393319036,0.000335558,113.5176697,6.0,0.2709,0.8185,6.0903777e-05,0.9375,0.6931471805599453,1.0,iceland,2012,-1.1657515375628529,1.858898718122798
1.525394565029221,12.68777322296892,0.000882093,122.0335693,5.376,0.2907,0.8185,0.0001600998795,0.9375,0.0,0.0,iceland,2013,-1.2112587586142312,1.2112587586142312
1.0694635935644694,12.69889823635014,0.0,120.6325684,4.897,0.2894,0.79303334,0.0,0.9375,0.6931471805599453,1.0,iceland,2014,-1.2846395656662535,1.9777867462261987
1.5620507136283557,12.709317608555711,0.000344902,119.8073578,3.979,0.2887,0.81803334,6.276066496731998e-05,0.9375,0.0,0.0,iceland,2015,-1.1975823347194707,1.1975823347194707
1.97659004829152,12.723198381844645,0.0,117.1227722,2.978,0.2853,0.8175000000000001,0.0,0.9375,0.0,0.0,iceland,2016,-1.1877648530112228,1.1877648530112228
1.5007534427792046,12.746654139497185,0.0,115.7411423,2.742,0.2844,0.7980333399999999,0.0,0.9375,0.0,0.0,iceland,2017,-1.2328233475191908,1.2328233475191908
1.733559982954327,12.773435490235748,0.002681579,114.6494064,2.704,0.2734,0.86553334,0.0003605829716561,1.0,0.0,0.0,iceland,2018,-1.2842279240637866,1.2842279240637866
0.7599701084212235,12.795424751157,0.00079942,112.0343399,3.507,0.2729,0.86553334,0.0001074953373371,1.0,0.0,0.0,iceland,2019,-1.2405531700183288,1.2405531700183288
-2.0341667004101445,12.811655569017733,0.000802781,110.4873199,5.478,0.2729,0.8516333399999999,0.0001191059356814,0.9375,0.0,0.0,iceland,2020,-0.9357478798149985,0.9357478798149985
2.145875404077532,20.70273497273008,0.345755796,66.03638077,3.804,0.3794,0.4674999999999999,0.18411496137,0.8125,5.365976015021851,213.0,india,1996,2.3207292598080196,3.0452467552138316
1.971914211006333,20.741758862971416,0.345755796,66.03638077,3.804,0.3924,0.4599999999999999,0.18670812984,0.75,4.127134385045092,61.0,india,1998,2.620509509895582,1.5066248751495097
1.577119484267188,20.77957313746993,0.345755796,47.17343903,2.731,0.3987,0.44,0.1936232457599999,0.625,5.198497031265826,180.0,india,2000,3.2735579873413734,1.9249390439244527
1.5694437670271897,20.816392162056825,0.345755796,48.80693817,3.804,0.4206,0.3299999999999999,0.23165638332,0.375,5.220355825078324,184.0,india,2002,4.090583233266893,1.129772591811431
2.1815898196720487,20.833735982483084,0.345755796,51.42557144,3.804,0.4318,0.3175,0.23597833077,0.3125,5.2832037287379885,196.0,india,2003,4.336633086484324,0.9465706422536648
2.1886251090039552,20.85077168714705,0.464241686,53.24737167,3.804,0.4432,0.3175,0.316844950695,0.3125,4.691347882229144,108.0,india,2004,4.156342960052672,0.5350049221764728
2.1886804714195858,20.86708590181881,0.345755796,55.9314003,3.804,0.4548,0.355,0.22301248842,0.5,4.990432586778736,146.0,india,2005,3.5862229315771126,1.4042096552016234
2.203949974622714,20.88272715405806,0.345755796,56.78594971,3.804,0.4676,0.3812,0.2139536865648,0.5,5.123963979403259,167.0,india,2006,3.6921017860358374,1.4318621933674214
2.158808836736691,20.89778706848453,0.345755796,59.14783859,3.804,0.4807,0.4045333400000001,0.2058860490197613,0.5625,5.017279836814924,150.0,india,2007,3.4819991533064005,1.5352806835085238
1.4077373234580866,20.912174786647206,0.345755796,62.21192169,3.804,0.4941,0.407,0.205033187028,0.625,6.284134161070802,535.0,india,2008,3.1982571068467927,3.0858770542240093
2.181759928464811,20.92663495983085,0.345755796,61.36032104,3.804,0.5078,0.407,0.205033187028,0.625,6.511745329644728,672.0,india,2009,3.211374261730379,3.300371067914349
2.251037524386809,20.94118099600737,0.345755796,64.94759369,3.115,0.5217,0.4035333399999999,0.2062318048157613,0.625,6.498282149476434,663.0,india,2010,3.1884021305247794,3.309880018951654
1.8311910894657968,20.955349272150496,0.271246924,67.12516785,3.804,0.5414,0.40366666,0.1617535841536461,0.625,6.470799503782602,645.0,india,2011,3.3169829706742817,3.15381653310832
1.865069958905712,20.969089833800005,0.345755796,69.80895996,3.222,0.55,0.40513334,0.2056785955421613,0.625,6.419994928147142,613.0,india,2012,3.20091021469758,3.219084713449562
1.999600722094278,20.9824168768404,0.345755796,69.47712708,3.804,0.5523,0.40626666,0.2052867435834386,0.625,6.543911845564792,694.0,india,2013,3.217792095356968,3.326119750207824
2.129448537233388,20.995029779543263,0.345755796,74.88870239,3.804,0.561,0.4077999999999999,0.2047565823912,0.625,6.7580945044277305,860.0,india,2014,3.202078999788717,3.5560155046390136
2.196808244681806,21.00695833587266,0.345755796,74.61136627,3.804,0.5674,0.4615999999999999,0.1861549205664,0.625,6.786716950605081,885.0,india,2015,3.40906745208921,3.377649498515871
2.2253049951807484,21.018874632503948,0.345755796,75.93728638,3.804,0.582,0.4670666599999999,0.1842647911866386,0.625,6.93537044601511,1027.0,india,2016,3.4355215824975023,3.4998488635176077
2.05353168911276,21.030498593930048,0.345755796,74.67437744,3.804,0.5884,0.4807,0.1795509848628,0.6875,6.875232087276577,967.0,india,2017,3.2069445741354707,3.668287513141106
2.00873085787457,21.041471584592312,0.345755796,76.00257874,7.652,0.5785,0.4756999999999999,0.1812797638428,0.6875,6.7912214627261855,889.0,india,2018,3.2055784799432088,3.5856429827829768
1.5833889533265235,21.0518717240946,0.345755796,75.8716507,6.51,0.5759,0.4734999999999999,0.182040426594,0.6875,6.434546518787453,622.0,india,2019,3.19945779300068,3.235088725786773
-1.9136414566916824,21.061606110556724,0.345755796,77.97664333,7.859,0.568,0.45156666,0.1896240060246386,0.5625,6.111467339502679,450.0,india,2020,3.743790616892084,2.367676722610595
2.1768163020656592,19.129722675998625,0.681460688,50.30279922,4.861,0.4753,0.295,0.48042978504,0.25,4.189654742026425,65.0,indonesia,1996,3.1418930600728103,1.0477616819536149
-2.648068428155823,19.161792934049565,0.828322531,54.27188873,5.459,0.3855,0.155,0.6999325386949999,0.125,1.3862943611198906,3.0,indonesia,1998,2.9632470826480057,-1.5769527215281152
1.778347892580435,19.19114904433085,0.656772431,55.59762955,6.077,0.3791,0.13,0.57139201497,0.0,4.624972813284271,101.0,indonesia,2000,3.708409995147404,0.9165628181368666
1.7046527042345887,19.218586491035104,0.468390893,57.64659882,6.604,0.3885,0.1175,0.4133549630724999,0.1875,3.784189633918261,43.0,indonesia,2002,3.0905705722000407,0.6936190617182203
1.7544675425829157,19.23182431074117,0.455486129,60.72446823,6.657,0.3873,0.1175,0.4019665088425,0.0625,2.9444389791664403,18.0,indonesia,2003,3.694239224412147,-0.7498002452457069
1.796891933073166,19.244534424632462,0.454143934,62.97586823,7.303,0.4036,0.155,0.38375162423,0.25,2.8903717578961645,17.0,indonesia,2004,2.9495628193406533,-0.059191061444488824
1.900998150670145,19.257372490693577,0.410938013,61.63827896,7.945,0.4158,0.1925,0.3318324454975,0.4375,2.772588722239781,15.0,indonesia,2005,2.2904451660542615,0.48214355618551963
1.871948594643529,19.270625040863848,0.468292408,64.64221191,7.551,0.409,0.3027333399999999,0.3265246832295173,0.5,2.3978952727983707,10.0,indonesia,2006,2.2912589944443185,0.1066362783540522
1.9940228357614933,19.283833694049065,0.410768323,71.85450745,8.06,0.4155,0.31523334,0.2812804525745112,0.5625,1.0986122886681098,2.0,indonesia,2007,2.100622256567472,-1.0020099678993624
1.947865892484616,19.29680719829635,0.380051134,70.16844177,7.208,0.4581,0.31476666,0.2604237079216076,0.5625,2.6390573296152584,13.0,indonesia,2008,2.182771836451582,0.4562854931636764
1.727908921693476,19.309477060750737,0.378748545,74.50359344,6.106,0.4716,0.32726666,0.2547967736979902,0.625,2.995732273553991,19.0,indonesia,2009,1.917593507848824,1.0781387657051669
1.977388630556583,19.32208247471269,0.341008845,75.65190887,5.614,0.4212,0.32853334,0.2289760701826077,0.625,1.6094379124341005,4.0,indonesia,2010,1.9475475244188394,-0.3381096119847389
1.96987555764537,19.334849357725844,0.312102024,78.1330719,5.153,0.4396,0.32853334,0.2095661036345198,0.625,3.091042453358316,21.0,indonesia,2011,1.9924200256770144,1.0986224276813017
1.9501939110597737,19.34770773933785,0.265782612,80.09268188,4.468,0.4337,0.33006666,0.178056632971084,0.625,3.688879454113936,39.0,indonesia,2012,2.05823130694686,1.6306481471670757
1.8805733953577413,19.360111539445967,0.271665517,81.88969748,4.336,0.4261,0.3229666599999999,0.1839266123373368,0.5625,3.49650756146648,32.0,indonesia,2013,2.312286013234691,1.1842215482317888
1.7928702564088206,19.37186514852068,0.256611167,83.55599493,4.049,0.4252,0.413,0.1506307550289999,0.625,3.58351893845611,35.0,indonesia,2014,2.358721453113484,1.2247974853426258
1.7709311070456688,19.38308854665369,0.215861031,87.84232079,4.514,0.441,0.4185333399999999,0.1255159927197264,0.625,3.4011973816621555,29.0,indonesia,2015,2.4336279079145484,0.967569473747607
1.797255866822014,19.393833428615125,0.180464648,87.81917917,4.301,0.4232,0.4181333399999999,0.1050063619798356,0.625,2.995732273553991,19.0,indonesia,2016,2.480572972999689,0.515159300554302
1.8033233327854263,19.404056722553797,0.147567417,90.94553912,3.783,0.4095,0.41426666,0.0864351560345827,0.625,3.332204510175204,27.0,indonesia,2017,2.493191646443038,0.8390128637321657
1.820394145567637,19.413754156612946,0.124650942,92.81207396,4.387,0.4621,0.41426666,0.0730122125918062,0.625,3.784189633918261,43.0,indonesia,2018,2.555389025046604,1.2288006088716572
1.7949689267383104,19.4231102061708,0.108495216,94.94670449,3.59,0.4621,0.40236666,0.0648403583121014,0.5625,3.295836866004329,26.0,indonesia,2019,2.822720186457511,0.473116679546818
-1.1202145469637723,19.431608218013537,0.098477703,96.93457791,4.255,0.4621,0.40116666,0.058971731803018,0.5625,2.995732273553991,19.0,indonesia,2020,2.85845655138051,0.13727572217348083
2.486637288036012,16.88362497957965,0.0056458889999999,38.77507019,10.59,0.5459,0.05,0.0053635945499999,0.0,2.5649493574615367,12.0,iraq,1996,3.457704327023616,-0.8927549695620791
3.5835458164282272,16.945966013679424,0.0056458889999999,40.41062927,10.59,0.5459,0.05,0.0053635945499999,0.0,2.079441541679836,7.0,iraq,1998,3.4713795971160364,-1.3919380554362002
2.878981267421891,17.01107914716419,0.0056458889999999,36.87025833,10.59,0.5459,0.06,0.0053071356599999,0.0,2.3978952727983707,10.0,iraq,2000,3.5691180250699013,-1.1712227522715306
-2.219606099950858,17.073859371853832,0.0056458889999999,40.41062927,10.59,0.5459,0.05,0.0053635945499999,0.0,1.9459101490553128,6.0,iraq,2002,3.595417735798443,-1.6495075867431301
-3.6285130293992607,17.104011694287102,0.0056458889999999,40.41062927,10.59,0.5459,0.05,0.0053635945499999,0.0,4.634728988229636,102.0,iraq,2003,3.625047223073161,1.0096817651564747
3.9960984437479135,17.1325245238189,0.0056458889999999,45.14722061,10.59,0.5459,0.09,0.00513775899,0.0,5.780743515792329,323.0,iraq,2004,3.680996068050182,2.099747447742147
0.9840348480973669,17.162161957472154,0.0056458889999999,40.41062927,10.59,0.5459,0.04,0.0054200534399999,0.0,6.42648845745769,617.0,iraq,2005,3.577597836486354,2.8488906209713365
1.892855778868636,17.169494591628702,0.00570051,40.41062927,10.59,0.5459,0.04923334,0.0054198548529965,0.0625,6.731018100482083,837.0,iraq,2006,3.3081794495371035,3.4228386509449793
1.0607509632884498,17.161604166507043,0.0056458889999999,50.57424164,8.646,0.5459,0.05756666,0.0053208740275392,0.0625,6.952728644624869,1045.0,iraq,2007,3.2695440286359148,3.683184615988954
2.222253946659411,17.181807164755558,0.0056458889999999,40.41062927,10.59,0.5446,0.0658333399999999,0.0052742012698607,0.0625,7.009408932708637,1106.0,iraq,2008,3.3694095610514934,3.6399993716571437
1.4768886873822031,17.218646293138203,0.0056458889999999,40.41062927,10.59,0.5434,0.07833334,0.0052036276573607,0.125,7.037027614686276,1137.0,iraq,2009,3.14249697855497,3.8945306361313063
2.0018265408336613,17.25096014426062,0.0056458889999999,40.41062927,10.59,0.5423,0.0658333399999999,0.0052742012698607,0.0625,7.07326971745971,1179.0,iraq,2010,3.4075519951428577,3.6657177223168524
2.1455184726080048,17.286278310994888,0.0056458889999999,40.41062927,10.59,0.5412,0.12603334,0.0049343187520607,0.3125,7.1770187659099,1308.0,iraq,2011,2.4477100149024786,4.729308751007421
2.7038032067084545,17.331667526433154,0.005591268,40.41062927,7.965,0.5155,0.14816666,0.0047628284952751,0.3125,7.269616749608169,1435.0,iraq,2012,2.5142048185500876,4.755411931058082
2.155045866943983,17.378883193407802,0.0056458889999999,40.41062927,10.59,0.4519,0.12316666,0.0049505037091392,0.1875,7.9561263512135,2852.0,iraq,2013,3.0319363632760457,4.924189987937455
1.182857898224442,17.41419338574558,0.0056458889999999,40.41062927,10.59,0.4729,0.11153334,0.0050161841425607,0.125,8.277666160851503,3934.0,iraq,2014,3.3281792420466703,4.9494869188048325
1.2828116449037246,17.441464482703047,0.0056458889999999,40.41062927,10.59,0.4944,0.11053334,0.0050218300315607,0.125,7.920083199053234,2751.0,iraq,2015,3.350446608520266,4.569636590532968
2.693773642285388,17.465379604809097,0.0056458889999999,40.41062927,10.82,0.5166,0.1055333399999999,0.0050500594765607,0.125,8.130353547431238,3395.0,iraq,2016,3.3462372984266944,4.784116249004543
-1.036648353017002,17.48768510887667,0.0056458889999999,40.41062927,13.02,0.5393,0.1056,0.0050496831215999,0.125,7.8434564043761155,2548.0,iraq,2017,3.420150587548296,4.42330581682782
1.2902929650056043,17.511008685256968,0.0056458889999999,40.41062927,10.59,0.5626,0.1053999999999999,0.0050508122994,0.125,7.21890970761906,1364.0,iraq,2018,3.4079630074030645,3.810946700215996
1.8739215563525715,17.533758796267467,0.0056458889999999,40.41062927,10.59,0.5866,0.10326666,0.0050628569002392,0.125,6.4692503167957724,644.0,iraq,2019,3.4206194678176276,3.048630848978145
-2.5677755975721084,17.555952662686117,0.0056458889999999,40.41062927,10.59,0.6113,0.0808,0.0051897011688,0.125,6.639875833826536,764.0,iraq,2020,3.4095224629470664,3.2303533708794694
2.125803123276083,15.106810214512295,0.002240181,115.8337326,11.692,0.31,0.82,0.00040323258,1.0,0.6931471805599453,1.0,ireland,1996,-0.11832046976178012,0.8114676503217254
2.278919525155109,15.127269124658314,0.002350518,115.8337326,7.699,0.3474,0.825,0.00041134065,1.0,1.3862943611198906,3.0,ireland,1998,-0.09514226752804711,1.4814366286479377
2.3421446683424323,15.151872540335956,0.001782722,105.1223679,4.318,0.3576,0.825,0.00031197635,1.0,0.0,0.0,ireland,2000,-0.034092603900763185,0.034092603900763185
1.9314293872241728,15.184645535339772,0.002350518,106.364212,4.216,0.3473,0.825,0.00041134065,1.0,0.0,0.0,ireland,2002,-0.026948914615612107,0.026948914615612107
1.3897480637171469,15.200935040849776,0.002256395,107.8529968,4.478,0.355,0.8800000000000001,0.0002707673999999,1.0,0.6931471805599453,1.0,ireland,2003,0.17751586653886742,0.5156313140210779
2.0526020516526544,15.21921817449567,0.000849493,109.4098816,4.491,0.3538,0.825,0.000148661275,1.0,0.0,0.0,ireland,2004,-0.01990312358806845,0.01990312358806845
1.908027584045172,15.241005199336389,0.000626923,109.7843018,4.237,0.3638,0.96,2.5076920000000026e-05,1.0,0.0,0.0,ireland,2005,0.469531079357717,-0.469531079357717
1.789733024875921,15.267965249378014,0.004720414,109.6034393,4.355,0.3677,0.84923334,0.0007116810525972,0.9375,0.6931471805599453,1.0,ireland,2006,0.3916674406787407,0.3014797398812046
1.842154425822678,15.29687484275657,0.001293331,111.2344971,4.98,0.3529,0.84298334,0.0002030745138944,0.90625,0.6931471805599453,1.0,ireland,2007,0.5240929125982225,0.16905426796172274
-1.701847673724658,15.317261918280671,0.002007196,111.2939682,6.774,0.3159,0.83673334,0.0003277081868853,0.875,1.791759469228055,5.0,ireland,2008,0.6844086811580046,1.1073507880700504
-1.80759718438332,15.327418548789067,0.005775791,114.392662,12.609,0.3196,0.7400666599999999,0.0015013206457719,0.75,0.0,0.0,ireland,2009,0.9602787453658066,-0.9602787453658066
0.9869250439933664,15.332867391431718,0.007488451,118.0969086,14.534,0.3176,0.7385999999999999,0.0019574810914,0.75,1.6094379124341005,4.0,ireland,2010,0.9182594332535202,0.6911784791805803
0.9589158315987416,15.337228114870118,0.006732483,115.8337326,15.354,0.3267,0.71206666,0.0019385063166832,0.75,1.6094379124341005,4.0,ireland,2011,0.8521101847271277,0.7573277277069728
-0.3400582399330735,15.341465551979866,0.005379514,117.7521896,15.451,0.303,0.71206666,0.0015489414335967,0.75,3.4011973816621555,29.0,ireland,2012,0.8447347214258438,2.5564626602363116
1.1609413629621377,15.346731112426628,0.007410097,115.8337326,13.735,0.3187,0.71286666,0.0021276859013339,0.75,3.332204510175204,27.0,ireland,2013,0.8426945922883708,2.489509917886833
2.3404388483437657,15.354041124617302,0.004454243,116.7390976,11.858,0.324,0.72063334,0.0012443669897383,0.8125,3.5263605246161616,33.0,ireland,2014,0.5558411440453098,2.9705193805708516
3.2435288518945864,15.363489575673054,0.004278008,116.9898682,9.908,0.3466,0.7215,0.0011914252279999,0.8125,3.367295829986474,28.0,ireland,2015,0.5547586518857985,2.8125371781006754
0.7987301464238898,15.37633012146786,0.003402334,117.028717,8.374,0.3526,0.7060000000000001,0.0010002861959999,0.75,2.772588722239781,15.0,ireland,2016,0.8223838536185374,1.9502048686212436
2.4077427729821084,15.38982810730821,0.003040497,125.3071213,6.713,0.3396,0.7060000000000001,0.0008939061179999,0.75,2.8903717578961645,17.0,ireland,2017,0.7488516507481633,2.1415201071480015
2.162018655109137,15.404342212277427,0.000987075,154.9082947,5.741,0.3538,0.7060000000000001,0.0002902000499999,0.75,1.791759469228055,5.0,ireland,2018,0.5902393237301025,1.2015201454979525
1.7872292295036132,15.420228750020057,0.000563519,138.091217,4.95,0.3604,0.7066,0.0001653364745999,0.75,2.5649493574615367,12.0,ireland,2019,0.7024882337108177,1.8624611237507191
2.098471205733551,15.43286663879751,0.001825366,135.2246704,5.623,0.3604,0.75533334,0.0004466062024975,0.75,2.3978952727983707,10.0,ireland,2020,0.896748609626993,1.5011466631713777
1.9227056341125028,15.554572413877036,0.007305765,96.4185524,6.682,0.4976,0.6849999999999999,0.002301315975,0.25,2.9444389791664403,18.0,israel,1996,3.396987298843711,-0.4525483196772706
1.6315836673633737,15.60242514300525,0.007305765,96.4185524,8.535,0.5002,0.6575,0.0025022245125,0.3125,2.5649493574615367,12.0,israel,1998,3.0447165993227197,-0.4797672418611829
2.2598956709158173,15.65431279253342,0.007305765,98.04927063,8.78,0.503,0.6275000000000001,0.0027213974624999,0.4375,2.6390573296152584,13.0,israel,2000,2.3605969065855463,0.2784604230297121
-0.1258152552825354,15.698024542667785,0.007474366,99.26904297,10.302,0.5073,0.6525000000000001,0.0025973421849999,0.4375,4.276666119016055,71.0,israel,2002,2.4991022371275546,1.7775638818885007
0.8957033358795561,15.716079737533128,0.009380756,98.25582886,10.72,0.5101,0.6224999999999999,0.00354123539,0.4375,3.555348061489413,34.0,israel,2003,2.401054962556385,1.154293098933028
1.7312833420940723,15.733755971329536,0.009712281,97.19194031,10.369,0.5128,0.6224999999999999,0.0036663860775,0.4375,2.9444389791664403,18.0,israel,2004,2.4077765383677496,0.5366624407986906
1.6841350725539272,15.751384945374456,0.009717233,96.97492218,8.993,0.5155,0.6224999999999999,0.0036682554575,0.4375,3.367295829986474,28.0,israel,2005,2.4119985371103674,0.9552972928761068
1.8873161310774271,15.76906300158178,0.00499392,96.70527649,8.404,0.515,0.5902000000000001,0.0020465084159999,0.5,4.382026634673881,79.0,israel,2006,2.013479555965429,2.368547078708452
1.9910678059644784,15.786824007777838,0.004918124,96.23010254,7.319,0.5146,0.59645,0.0019847089402,0.53125,3.912023005428146,49.0,israel,2007,1.8914455271916535,2.0205774782364925
1.4403316872064678,15.804589796385075,0.007378151,95.0427475,6.1,0.5174,0.6165333399999999,0.0028292749209456,0.625,4.867534450455582,129.0,israel,2008,1.5285598968090197,3.3389745536465627
0.8054626728494956,15.828491866533655,0.007393684,95.80390167,7.61,0.5201,0.59153334,0.0030200734085754,0.5,3.610917912644224,36.0,israel,2009,2.0602221057469525,1.5506958068972714
1.8770713992114196,15.846759388214242,0.00460204,96.51119232,6.637,0.5227,0.56986666,0.0019794908360136,0.5,2.70805020110221,14.0,israel,2010,1.9791502558551843,0.7288999452470257
1.874689729137789,15.865240164428313,0.002693994,96.30815887,5.604,0.5172,0.5843666599999999,0.0011197137241599,0.4375,3.951243718581428,51.0,israel,2011,2.3317431920022695,1.6195005265791584
1.2375531308443404,15.883701675285508,0.00745615,96.29354095,6.762,0.5117,0.5843666599999999,0.003099024528041,0.4375,4.0943445622221,59.0,israel,2012,2.344970545942635,1.7493740162794653
1.6264344860493598,15.902362201896292,0.004745734,96.49815369,6.137,0.5018,0.5843666599999999,0.0019724852731715,0.4375,3.6375861597263857,37.0,israel,2013,2.34472672036554,1.2928594393608455
1.5635674524969827,15.921557637523248,0.007305765,96.32904053,5.789,0.4923,0.59753334,0.0029403268382948,0.5,5.683579767338681,293.0,israel,2014,2.0946349057748734,3.588944861563808
1.1748332952437277,15.9413705248916,0.004938537,96.33895111,5.176,0.4891,0.6409666599999999,0.0017730994338235,0.5625,4.07753744390572,58.0,israel,2015,1.9623278620955857,2.115209581810134
1.6974089939100243,15.960974012199909,0.004831344,96.79280853,4.723,0.486,0.6914999999999999,0.001490469624,0.6875,3.9318256327243257,50.0,israel,2016,1.5442456158697295,2.387580016854596
1.676522782683809,15.98036126669729,0.007238092,96.29299164,4.14,0.486,0.6411,0.0025977512188,0.6875,3.555348061489413,34.0,israel,2017,1.3736612891333504,2.1816867723560627
1.6102173330069545,15.99962749315935,0.007167306,96.65574646,3.917,0.486,0.6461,0.0025365095934,0.6875,4.158883083359672,63.0,israel,2018,1.3988609898115052,2.760022093548167
1.5497932799712002,16.018717317426457,0.009976542,96.29541779,3.731,0.486,0.6465666600000001,0.0035260425607102,0.6875,4.189654742026425,65.0,israel,2019,1.4083036426768487,2.7813510993495765
-1.1057916161784669,16.036354109416664,0.007464206,96.14169312,4.169,0.486,0.63393334,0.0027323969599719,0.625,4.219507705176107,67.0,israel,2020,1.7029308034272341,2.5165769017488726
0.8525347405335959,17.8561076237246,0.01264796,100.5963974,11.864,0.2796,0.735,0.0033517094,0.875,2.19722457733622,8.0,italy,1996,1.7326571835048576,0.46456739383136236
1.0311800851337043,17.85692443337162,0.017424413,100.5963974,12.117,0.2883,0.74,0.00453034738,1.0,1.9459101490553128,6.0,italy,1998,1.1544648680467728,0.79144528100854
1.5855752198198556,17.857545678116647,0.01249517,94.79878998,10.834,0.2959,0.74,0.0032487442,1.0,2.19722457733622,8.0,italy,2000,1.186763858924485,1.010460718411735
0.2389615162596574,17.86013646260031,0.017487728,98.81388092,9.211,0.3017,0.6900000000000001,0.0054211956799999,0.75,2.079441541679836,7.0,italy,2002,2.17612451818575,-0.09668297650591384
0.0644327114774265,17.86554066258272,0.008816183,99.52631378,8.869,0.2963,0.61,0.00343831137,0.75,2.772588722239781,15.0,italy,2003,1.902469363057578,0.8701193591822032
0.9058450475777254,17.872986758084604,0.00790682,99.07501984,7.866,0.3044,0.6525000000000001,0.0027476199499999,0.8125,1.3862943611198906,3.0,italy,2004,1.7530700941227384,-0.3667757330028478
0.5666825747037143,17.8788232917409,0.007962184,99.20562744,7.73,0.299,0.6475,0.00280666986,0.8125,1.9459101490553128,6.0,italy,2005,1.737156716829506,0.2087534322258069
1.0294336577860927,17.882824084781966,0.007647415,99.53385162,6.777,0.3034,0.6907,0.0023653454595,0.8125,1.6094379124341005,4.0,italy,2006,1.8818707143777094,-0.27243280194360886
0.9010926450161528,17.888908054270065,0.00788204,99.83773804,6.076,0.3054,0.68445,0.002487177722,0.78125,0.0,0.0,italy,2007,2.0076266486334133,-2.0076266486334133
-0.7046500244527139,17.896620967152817,0.008526028,100.2914581,6.723,0.3022,0.68736666,0.0026655206105735,0.8125,0.6931471805599453,1.0,italy,2008,1.887336327129711,-1.1941891465697658
-1.8413673960812773,17.902418453264595,0.01079074,100.1754913,7.749,0.2992,0.67486666,0.0035084293372716,0.75,1.6094379124341005,4.0,italy,2009,2.1565417433803677,-0.5471038309462672
0.9278657746430868,17.906840714761373,0.014104554,101.4011612,8.363,0.3045,0.6188666599999999,0.0053757157752303,0.75,2.3978952727983707,10.0,italy,2010,1.9305510437303424,0.4673442290680283
0.5279559507048374,17.910302386814408,0.01264796,101.5964279,8.359,0.3087,0.5932666600000001,0.0051443470149863,0.75,1.791759469228055,5.0,italy,2011,1.8494590455253228,-0.05769957629726785
-1.4171239024750455,17.913037517650253,0.014115522,100.4498367,10.655,0.3057,0.58076666,0.0059176974339034,0.6875,2.3978952727983707,10.0,italy,2012,2.139640448684103,0.2582548241142675
-1.03603632294709,17.915035246800137,0.016131836,100.9731216,12.149,0.3059,0.5814999999999999,0.006751173366,0.6875,2.079441541679836,7.0,italy,2013,2.143028523155743,-0.06358698147590669
-0.0013866551492148,17.915186018995623,0.014488131,101.121727,12.683,0.3049,0.5814999999999999,0.0060632828235,0.6875,2.079441541679836,7.0,italy,2014,2.1375858005035577,-0.05814425882372154
0.6342819412158459,17.91367458340794,0.020502881,101.2280884,11.896,0.3064,0.58236666,0.0085626866716525,0.6875,1.9459101490553128,6.0,italy,2015,2.120343949334261,-0.17443380027894828
0.8047874256286336,17.91177367857567,0.017778953,100.7429581,11.688,0.3205,0.58236666,0.007425083523093,0.6875,2.4849066497880004,11.0,italy,2016,2.131115039336417,0.35379161045158325
0.9569334922849368,17.90989266948139,0.015411753,101.0100174,11.211,0.3276,0.58236666,0.006436461880645,0.6875,2.3978952727983707,10.0,italy,2017,2.1315648133744194,0.2663304594239513
0.6024818881445548,17.912329705872104,0.017016388,101.526413,10.538,0.3275,0.5589000000000001,0.0075059287467999,0.6875,2.772588722239781,15.0,italy,2018,2.0440725748915805,0.7285161473482007
0.3570886321579601,17.905329595429155,0.010350133,101.7417831,9.884,0.3257,0.55763334,0.0045785537657657,0.6875,2.19722457733622,8.0,italy,2019,2.0416547160552065,0.15556986128101347
-2.289319616535001,17.90045864459373,0.008764221,101.8361282,9.192,0.3257,0.5841000000000001,0.0036450395139,0.6875,2.6390573296152584,13.0,italy,2020,2.1546406922860095,0.4844166373292489
-0.1077158251374977,14.741539320929874,0.08283077,85.52950299,16.01,0.5541,0.345,0.05425415435,0.5,0.6931471805599453,1.0,jamaica,1996,0.629585443486182,0.06356173707376334
-1.2043387990416985,14.759314117004507,0.054748501,85.52950299,15.5,0.5541,0.345,0.035860268155,0.5,0.0,0.0,jamaica,1998,0.6899958102397404,-0.6899958102397404
0.6305819378938446,14.774027865472632,0.054748501,80.04814911,15.539,0.5541,0.345,0.035860268155,0.5,0.0,0.0,jamaica,2000,0.7129414242171638,-0.7129414242171638
1.097708861367198,14.786506497026089,0.06409001,80.49839783,14.19,0.5619,0.265,0.04710615735,0.375,0.0,0.0,jamaica,2002,1.0054572805789612,-1.0054572805789612
1.540370236006472,14.792566701743477,0.054748501,80.86839294,11.731,0.562,0.265,0.040240148235,0.375,0.0,0.0,jamaica,2003,1.001981095200096,-1.001981095200096
0.8431715467094157,14.79842239090024,0.045406992,85.65721893,12.205,0.5588,0.3125,0.031217307,0.5625,0.0,0.0,jamaica,2004,0.2758610307486574,-0.2758610307486574
0.6385843021664147,14.803960822158365,0.054748501,84.6938324,11.263,0.5548,0.2925,0.0387345644575,0.5625,0.0,0.0,jamaica,2005,0.1931068979067263,-0.1931068979067263
1.360752257470388,14.809121155478234,0.054748501,85.52950299,10.325,0.5516,0.4681,0.0291207276819,0.5625,0.0,0.0,jamaica,2006,0.796934826457877,-0.796934826457877
0.8886950650766509,14.813860793180917,0.054748501,86.40058136,9.745,0.5618,0.4681,0.0291207276819,0.5625,0.6931471805599453,1.0,jamaica,2007,0.8009634535535275,-0.10781627299358221
-0.5942858891155451,14.818212353342636,0.054748501,88.05020905,6.666,0.553,0.44556666,0.0303543942694233,0.5625,0.0,0.0,jamaica,2008,0.7041121307698854,-0.7041121307698854
-1.6762180177186603,14.8223715265676,0.054748501,90.17427826,7.314,0.5446,0.43306666,0.0310387505319233,0.5,0.0,0.0,jamaica,2009,0.9564365295961693,-0.9564365295961693
-0.8990010058671768,14.826590970570248,0.054748501,89.49394542,7.63,0.5455,0.3989,0.0329093239511,0.4375,0.0,0.0,jamaica,2010,1.1342162847688428,-1.1342162847688428
1.0044394275383122,14.83092056943852,0.054748501,91.53739166,8.034,0.5384,0.39836666,0.0329385235166233,0.4375,0.0,0.0,jamaica,2011,1.1031873542002353,-1.1031873542002353
-0.4784900437990907,14.835235110611125,0.054748501,85.52950299,8.695,0.5325,0.4125999999999999,0.0321592694874,0.5,0.0,0.0,jamaica,2012,0.9087577377993663,-0.9087577377993663
0.417186813704776,14.839287225190734,0.054748501,85.40178705,9.698,0.5398,0.47176666,0.0289199835432233,0.6875,0.0,0.0,jamaica,2013,0.23114704555142151,-0.23114704555142151
0.5246234109842484,14.842895337344016,0.054748501,86.3705618,9.046,0.5319,0.48426666,0.0282356272807233,0.75,0.6931471805599453,1.0,jamaica,2014,-0.03501387949518686,0.7281610600551321
0.6530994299854775,14.846034922699708,0.054748501,85.3548254,13.511,0.5282,0.48426666,0.0282356272807233,0.75,0.0,0.0,jamaica,2015,-0.003010550063534234,0.003010550063534234
1.324535337331524,14.848665147624684,0.054748501,87.93982486,8.634,0.5295,0.48426666,0.0282356272807233,0.75,0.0,0.0,jamaica,2016,-0.05257048978263468,0.05257048978263468
1.1918092411189245,14.850744541073237,0.054748501,84.23694323,7.399,0.5299,0.4761,0.0286827396739,0.6875,1.0986122886681098,2.0,jamaica,2017,0.23237796070499006,0.8662343279631197
1.2572797769119803,14.852282194083518,0.004248895,83.7616154,5.47,0.5327,0.4817999999999999,0.002201777389,0.75,0.0,0.0,jamaica,2018,0.02376941824577017,-0.02376941824577017
1.0329821400998398,14.85340705399335,0.054748501,85.76184997,4.987,0.5258,0.5014,0.0272976025986,0.75,0.0,0.0,jamaica,2019,0.0014177366532297508,-0.0014177366532297508
-2.230489473960446,14.856048719537352,0.054748501,81.53378166,6.501,0.5411,0.49503334,0.0276461676899766,0.6875,0.0,0.0,jamaica,2020,0.3511054503217754,-0.3511054503217754
1.4192142544349613,18.649862039350648,0.008556418,102.0416527,3.4,0.381,0.6950000000000001,0.0026097074899999,1.0,2.19722457733622,8.0,japan,1996,1.4224967776641886,0.7747277996720314
-0.8199254134067635,18.654962047588423,0.008556418,102.0416527,4.1,0.3824,0.6950000000000001,0.0026097074899999,1.0,0.6931471805599453,1.0,japan,1998,1.4515800643714314,-0.7584328838114861
1.3256542449177935,18.658460667083325,0.008556418,102.0416527,4.748,0.4006,0.6950000000000001,0.0026097074899999,1.0,2.6390573296152584,13.0,japan,2000,1.4473122189030263,1.191745110712232
0.0411059532401615,18.663195464792352,0.008556418,102.0416527,5.386,0.4232,0.6950000000000001,0.0026097074899999,1.0,1.0986122886681098,2.0,japan,2002,1.4786066139926628,-0.379994325324553
0.9302431423266154,18.665335274263377,0.008556418,102.0416527,5.251,0.4306,0.6950000000000001,0.0026097074899999,1.0,1.0986122886681098,2.0,japan,2003,1.4746336409416203,-0.3760213522735105
1.1588025240739956,18.665671896843467,0.008556418,102.0416527,4.734,0.4404,0.6950000000000001,0.0026097074899999,1.0,0.0,0.0,japan,2004,1.4749217015002614,-1.4749217015002614
1.031011616193654,18.66576581780831,0.008556418,102.0416527,4.446,0.4424,0.6950000000000001,0.0026097074899999,1.0,0.0,0.0,japan,2005,1.4755174087777438,-1.4755174087777438
0.8638810790113479,18.66639955369753,0.008556418,102.0416527,4.192,0.4446,0.70766666,0.0025013262523761,1.0,0.0,0.0,japan,2006,1.5216283381536495,-1.5216283381536495
0.9098578499857524,18.66754864216581,0.008556418,102.0416527,3.888,0.4463,0.7201666600000001,0.0023943710273761,1.0,0.0,0.0,japan,2007,1.5648238534189296,-1.5648238534189296
-0.7994373144388276,18.66803289610801,0.009858602,102.0416527,4.002,0.4378,0.72833334,0.0026782534776093,1.0,1.3862943611198906,3.0,japan,2008,1.6041177471359649,-0.21782338601607432
-1.9010975178532528,18.66790794979669,0.008556418,102.0416527,5.068,0.4263,0.775,0.0019251940499999,1.0,0.6931471805599453,1.0,japan,2009,1.7805513037341727,-1.0874041231742275
1.6288322051966102,18.668087555210484,0.006889292,102.0416527,5.102,0.4326,0.77386666,0.0015578986101952,1.0,0.0,0.0,japan,2010,1.7492633254944605,-1.7492633254944605
0.0235304975962406,18.66623529036085,0.004779874,102.0416527,4.55,0.4313,0.77386666,0.0010808888723991,1.0,0.0,0.0,japan,2011,1.762262632590197,-1.762262632590197
0.8648925894639269,18.664638183614912,0.014977018,102.0416527,4.358,0.4319,0.77386666,0.0033868031035801,1.0,0.0,0.0,japan,2012,1.738403429644802,-1.738403429644802
1.1003109042035597,18.663195464792352,0.009594793,101.7811737,4.038,0.4334,0.77886666,0.0021217286226986,1.0,0.6931471805599453,1.0,japan,2013,1.7608377250194807,-1.0676905444595355
0.2594411609755827,18.6618685225813,0.007432925,101.8139801,3.589,0.4332,0.7838666599999999,0.0016065029062195,1.0,1.791759469228055,5.0,japan,2014,1.7855809347976803,0.006178534430374638
0.9402520320476048,18.66080727265218,0.004030491,102.2004166,3.385,0.4339,0.75806666,0.0009751101494699,0.875,2.3978952727983707,10.0,japan,2015,2.283730444615359,0.11416482818301166
0.561800112560438,18.660295898504067,0.00734843,101.1679993,3.132,0.4334,0.75826666,0.0017763605276562,0.875,0.6931471805599453,1.0,japan,2016,2.2873217044197043,-1.5941745238597589
0.9840733920974472,18.65947715555005,0.006282901,101.8828888,2.822,0.4331,0.7675333400000001,0.0014605650105806,0.875,0.0,0.0,japan,2017,2.310655704037,-2.310655704037
0.4967618046526449,18.65820835487916,0.009826477,102.425148,2.467,0.4331,0.76826666,0.0022771223356431,0.875,0.6931471805599453,1.0,japan,2018,2.306855658729223,-1.6137084781692774
-0.3380204667798534,18.656803705111464,0.012214445,102.6700668,2.351,0.4331,0.76826666,0.0028304941360963,0.875,1.0986122886681098,2.0,japan,2019,2.3085286286522857,-1.209916339984176
-1.6426336988427228,18.65386175895723,0.012131146,102.8448029,2.809,0.4331,0.7817000000000001,0.0026482291717999,0.9375,0.0,0.0,japan,2020,2.0713444987198306,-2.0713444987198306
1.1272064775997266,15.407296995713462,0.0020364255,87.478740695,13.7,0.472,0.4,0.0012218552999999,0.375,1.0986122886681098,2.0,jordan,1996,1.8186264817029543,-0.7200141930348445
1.38933291254324,15.45727721920114,0.0020364255,87.478740695,13.7,0.4646,0.3875,0.00124731061875,0.3125,0.6931471805599453,1.0,jordan,1998,2.0922098396146818,-1.3990626590547364
1.6574109659071143,15.49948917748026,0.0020364255,87.478740695,13.7,0.4822,0.375,0.0012727659374999,0.5,1.0986122886681098,2.0,jordan,2000,1.1870014586810753,-0.08838917001296553
1.9145385854413857,15.54114215481605,0.010321079,83.63677216,15.3,0.4976,0.3225,0.0069925310225,0.1875,1.0986122886681098,2.0,jordan,2002,2.5363530761209505,-1.4377407874528407
1.6412596968590758,15.563288358655432,0.0020364255,83.76437378,14.5,0.5015,0.3225,0.00137967827625,0.1875,0.0,0.0,jordan,2003,2.5603046382212042,-2.5603046382212042
2.258342070299165,15.587417938672964,0.0020364255,83.66114807,13.7,0.5051,0.315,0.0013949514675,0.375,0.0,0.0,jordan,2004,1.6474284842412037,-1.6474284842412037
2.2133816582184838,15.612189241327648,0.0020364255,84.39366913,14.8,0.5084,0.3325,0.00135931402125,0.3125,1.6094379124341005,4.0,jordan,2005,2.0241860003124725,-0.41474808787837203
2.2075021679454028,15.676076303493703,0.002890517,86.77455139,14.0,0.5116,0.33363334,0.0019261441589632,0.3125,0.6931471805599453,1.0,jordan,2006,2.0442615184870867,-1.3511143379271413
2.2166099010156213,15.736429292649554,0.0020364255,87.71517181,13.1,0.5147,0.37113334,0.0012806401025238,0.5,0.0,0.0,jordan,2007,1.3090975444378037,-1.3090975444378037
2.106617211978033,15.759972086847286,0.001182334,88.44667816,12.7,0.5176,0.3712,0.0007434516192,0.5,0.0,0.0,jordan,2008,1.3192560009345393,-1.3192560009345393
1.7957033606873134,15.781468962410022,0.0020364255,87.478740695,12.9,0.5218,0.3712,0.0012805043544,0.5,0.0,0.0,jordan,2009,1.3417511103640554,-1.3417511103640554
1.198407613639232,15.802979892604869,0.001041225,87.36444092,12.5,0.5259,0.36993334,0.0006560411580585,0.5,1.0986122886681098,2.0,jordan,2010,1.3565939896431733,-0.25798170097506357
1.3183312858179308,15.827800166518388,0.0020364255,87.59304047,12.9,0.4975,0.36343334,0.0012963205788738,0.4375,0.0,0.0,jordan,2011,1.6268928799939517,-1.6268928799939517
1.2323730719389194,15.841963685141389,0.0020364255,87.23175812,12.2,0.4924,0.3409,0.0013422080470499,0.4375,1.0986122886681098,2.0,jordan,2012,1.5511343878648882,-0.45252209919677844
1.283693194676209,15.893927825254153,0.0020364255,87.30279197,12.6,0.4872,0.4208999999999999,0.00117929400705,0.4375,0.6931471805599453,1.0,jordan,2013,1.858899454237947,-1.1657522736780015
1.4779793640399568,15.98931990373371,0.0020364255,88.87030341,11.9,0.4872,0.4208999999999999,0.00117929400705,0.4375,1.3862943611198906,3.0,jordan,2014,1.8950390214418018,-0.5087446603219112
1.2517707029341134,16.07149972768061,0.0020364255,87.478740695,13.075,0.4872,0.42156666,0.0011779364036261,0.4375,1.6094379124341005,4.0,jordan,2015,1.9593290605967217,-0.34989114816262123
1.0966706879808157,16.118732248287237,0.0020364255,87.478740695,15.275,0.4872,0.43473334,0.0011511234407238,0.5,2.4849066497880004,11.0,jordan,2016,1.7490466262594038,0.7358600235285966
1.2451909887046233,16.14124824906659,0.0020364255,88.87582889,18.12,0.4872,0.43413334,0.0011523452960238,0.5,2.19722457733622,8.0,jordan,2017,1.7671036608830735,0.43012091645314654
1.0712653851705896,16.163289546775793,0.0020364255,89.79290681,18.257,0.4872,0.44703334,0.0011260754070738,0.5625,1.0986122886681098,2.0,jordan,2018,1.5243147509636525,-0.42570246229554276
1.0120520022854484,16.183123927146305,0.0020364255,89.51047748,16.801,0.4872,0.44203334,0.0011362575345738,0.5625,1.6094379124341005,4.0,jordan,2019,1.5106650841365696,0.09877282829753087
-0.7432469073540047,16.20107824830283,0.0020364255,90.19929929,19.213,0.4872,0.41496666,0.0011913768119261,0.4375,0.0,0.0,jordan,2020,2.0470440394061993,-2.0470440394061993
0.4054651094414978,16.6137687326042,0.146174691,97.348165795,12.96,0.4021,0.0324999999999999,0.1414240135425,0.0625,0.0,0.0,kazakhstan,1996,2.3292969744348238,-2.3292969744348238
-1.0647107366476007,16.5658399952941,0.003772164,86.01384735,13.13,0.4202,0.075,0.0034892517,0.25,0.0,0.0,kazakhstan,1998,1.8907340682851996,-1.8907340682851996
2.379546134315359,16.556421805159488,0.003772164,89.07672882,12.75,0.4264,0.1125,0.00334779555,0.4375,0.6931471805599453,1.0,kazakhstan,2000,1.0765493318783181,-0.38340215131837285
2.379546134130174,16.566408093201105,0.162038374,97.348165795,9.33,0.4377,0.16,0.13611223416,0.5,0.0,0.0,kazakhstan,2002,0.6316800853531283,-0.6316800853531283
2.33214389523559,16.57218462369463,0.122657438,97.348165795,8.78,0.4226,0.16,0.1030322479199999,0.5,0.0,0.0,kazakhstan,2003,0.6872794117681069,-0.6872794117681069
2.360854001212361,16.578690152873836,0.075557206,97.348165795,8.4,0.3896,0.16,0.06346805304,0.5,0.0,0.0,kazakhstan,2004,0.7461279743188922,-0.7461279743188922
2.370243741374402,16.586104667285635,0.145647399,97.348165795,8.13,0.4121,0.16,0.12234381516,0.5,0.0,0.0,kazakhstan,2005,0.647264893673773,-0.647264893673773
2.4595888418037104,16.59456067287363,0.023848449,98.44328308,7.79,0.4172,0.2108,0.0188211959508,0.625,0.0,0.0,kazakhstan,2006,0.4274609797360991,-0.4274609797360991
2.2925347571405443,16.604047368201186,0.010521824,97.348165795,7.26,0.4006,0.2108,0.0083038235008,0.625,0.0,0.0,kazakhstan,2007,0.44939638871724497,-0.44939638871724497
1.4586150226995167,16.614408025173073,0.007873445,97.348165795,6.63,0.4029,0.2096666599999999,0.0062226460841563,0.625,0.6931471805599453,1.0,kazakhstan,2008,0.4605370267024895,0.23261015385745576
0.7884573599097248,16.62610814157303,0.007766428,97.348165795,6.55,0.4099,0.19716666,0.0062351473311095,0.5625,0.0,0.0,kazakhstan,2009,0.7299742440243077,-0.7299742440243077
2.1162555151639983,16.639078178299272,0.005220831,98.52374926,5.77,0.4051,0.19616666,0.0041966780203055,0.5625,0.0,0.0,kazakhstan,2010,0.7105731562741812,-0.7105731562741812
2.128231705968316,16.65259891386677,0.002323497,98.8350533,5.39,0.3853,0.19576666,0.0018686337527899,0.5625,1.791759469228055,5.0,kazakhstan,2011,0.7057814157492953,1.0859780534787595
1.7578579166903048,16.666570002956473,0.001460831,99.01801874,5.29,0.3878,0.19383334,0.0011776732480944,0.5625,1.6094379124341005,4.0,kazakhstan,2012,0.7111341263043097,0.8983037861297908
1.9459101486267416,16.680934980553214,0.000750151,97.65003126,5.2,0.3877,0.20956666,0.0005929443604343,0.5625,1.6094379124341005,4.0,kazakhstan,2013,0.7809248520098139,0.8285130604242866
1.6486586267412278,16.695623540776573,0.000699666,98.52238889,5.06,0.3778,0.2603,0.0005175429402,0.5625,0.0,0.0,kazakhstan,2014,0.9584426869893163,-0.9584426869893163
0.7884573608188157,16.71054752792754,0.001049345,98.21206016,4.93,0.3622,0.29123334,0.0007437407508377,0.5625,0.0,0.0,kazakhstan,2015,1.0750591068252524,-1.0750591068252524
0.7419373442531868,16.72588105682268,0.001693612,97.04630033,4.96,0.3953,0.29123334,0.0012003757205759,0.5625,1.3862943611198906,3.0,kazakhstan,2016,1.1082691749641187,0.2780251861557719
1.6292405403185153,16.741460291182065,0.001154723,96.50617093,4.9,0.3981,0.29123334,0.0008184291639351,0.5625,0.0,0.0,kazakhstan,2017,1.1134806522463658,-1.1134806522463658
1.629240538357731,16.756402622681176,0.000611302,96.11562127,4.85,0.4024,0.31543334,0.0004184769683913,0.5625,0.0,0.0,kazakhstan,2018,1.2117856951298251,-1.2117856951298251
1.7047480924202434,16.77091842151563,0.000796744,96.53713551,4.8,0.4024,0.31543334,0.000545424378955,0.5625,0.6931471805599453,1.0,kazakhstan,2019,1.2158365747816577,-0.5226893942217125
-1.252762967352511,16.785007577167708,0.000374446,91.94902063,4.89,0.4024,0.30426666,0.0002605145662296,0.5,1.3862943611198906,3.0,kazakhstan,2020,1.5374934407335483,-0.15119907961365775
1.638382792088975,17.124015437379427,0.444277157,48.81311035,7.307,0.5293,0.1325,0.3854104336974999,0.3125,1.3862943611198906,3.0,kenya,1996,1.5954811167825138,-0.20918675566262324
1.456336550347037,17.1789388496915,0.444277157,48.81311035,7.307,0.541,0.0824999999999999,0.4076242915474999,0.3125,1.0986122886681098,2.0,kenya,1998,1.4493886303630568,-0.350776341694947
0.4698132304960439,17.23791125217153,0.444277157,40.96178818,7.307,0.5427,0.11,0.39540666973,0.25,1.6094379124341005,4.0,kenya,2000,1.9358978196019732,-0.32645990716787265
0.4362267659168288,17.30073681504333,0.444277157,41.86101913,7.307,0.5443,0.1725,0.3676393474175,0.4375,1.0986122886681098,2.0,kenya,2002,1.3043891518035347,-0.20577686313542487
1.369269137494852,17.33158970399584,0.444277157,43.58113098,7.307,0.5451,0.185,0.3620858829549999,0.5,1.0986122886681098,2.0,kenya,2003,1.0514426972163216,0.04716959145178823
1.8089934041785896,17.3626379507293,0.444277157,47.117939,7.307,0.5459,0.185,0.3620858829549999,0.5,0.0,0.0,kenya,2004,1.04374543487297,-1.04374543487297
1.932487043781084,17.39336026219299,0.445576505,47.26359177,9.957,0.5467,0.185,0.363144851575,0.5,1.0986122886681098,2.0,kenya,2005,1.0730621371597597,0.02555015150835005
2.0112288523787427,17.423830748095767,0.444277157,48.81311035,7.307,0.5402,0.21053334,0.3507420032510856,0.5,1.0986122886681098,2.0,kenya,2006,1.1557107370798188,-0.05709844841170897
2.060606491804612,17.454052839407947,0.444277157,50.87136078,7.307,0.5337,0.21053334,0.3507420032510856,0.5,2.5649493574615367,12.0,kenya,2007,1.1558610635078104,1.4090882939537264
0.2088683395917337,17.484349332449824,0.444277157,57.0353508,7.307,0.5272,0.2086,0.3516009420497999,0.5,2.4849066497880004,11.0,kenya,2008,1.1428713866584461,1.3420352631295542
1.4602276324428825,17.514560417723047,0.444277157,57.74071121,9.6,0.5207,0.2086,0.3516009420497999,0.5,0.6931471805599453,1.0,kenya,2009,1.1537528685194236,-0.4606056879594783
2.203700629371064,17.54357630156208,0.444277157,48.81311035,7.307,0.5142,0.20806666,0.3518378928287143,0.5,2.5649493574615367,12.0,kenya,2010,1.1949475729068142,1.3700017845547225
1.81174281875508,17.571077675279675,0.444277157,48.81311035,7.307,0.5077,0.20806666,0.3518378928287143,0.5,3.7612001156935615,42.0,kenya,2011,1.2098810994739608,2.5513190162196007
1.7171579726958242,17.597158418858097,0.444277157,48.81311035,7.307,0.5012,0.20806666,0.3518378928287143,0.5,4.394449154672439,80.0,kenya,2012,1.2212300089617882,3.173219145710651
1.5681675659607948,17.621879493540668,0.444277157,48.81311035,7.307,0.4947,0.22336666,0.3450404523266143,0.5625,4.394449154672439,80.0,kenya,2013,0.9915409397596562,3.4029082149127827
1.7951056980211677,17.645269612249837,0.444277157,48.81311035,7.307,0.4882,0.29003334,0.3154219692695856,0.5625,4.7535901911063645,115.0,kenya,2014,1.2437305990470287,3.509859592059336
1.7863651339276407,17.66753994120384,0.376519077,72.57508607,7.307,0.4817,0.25386666,0.2809334364957271,0.5,4.262679877041316,70.0,kenya,2015,1.3843678350211854,2.8783120420201307
1.651254689050534,17.689617509201398,0.444277157,74.46985949,2.757,0.4741,0.25386666,0.3314899990381144,0.5,4.189654742026425,65.0,kenya,2016,1.2465693173324521,2.9430854246939733
1.5764927668424862,17.71135879425369,0.444277157,48.81311035,7.307,0.4665,0.2524,0.3321416025732,0.5,4.584967478670572,97.0,kenya,2017,1.428000395143708,3.1569670835268644
1.8943079959983904,17.731667168264025,0.444277157,48.81311035,7.307,0.4589,0.2699,0.3243667523256999,0.5625,3.970291913552122,52.0,kenya,2018,1.1989878835362628,2.771304030015859
1.8106072057938405,17.751305322859373,0.444277157,48.81311035,5.014,0.4513,0.27036666,0.3241594259476144,0.5625,3.9318256327243257,50.0,kenya,2019,1.1936665901446288,2.7381590425796967
-0.2411927418460977,17.770925085846418,0.444277157,48.81311035,7.307,0.4437,0.2694999999999999,0.3245444631885,0.5625,4.204692619390966,66.0,kenya,2020,1.230459480938242,2.974233138452724
1.5737466085898306,14.39702425554948,0.057169535,85.67661285,5.926,0.45875,0.2625,0.0421625320625,0.1875,0.6931471805599453,1.0,kosovo,2010,1.545033944306995,-0.8518867637470496
1.5737466085898306,14.398814970342036,0.057169535,85.67661285,5.926,0.45875,0.2625,0.0421625320625,0.1875,0.6931471805599453,1.0,kosovo,2011,1.5460008129787077,-0.8528536324187624
1.5737466085898306,14.407248849340435,0.057169535,85.67661285,5.926,0.45875,0.2625,0.0421625320625,0.1875,1.6094379124341005,4.0,kosovo,2012,1.5505545551036235,0.058883357330477004
1.5737466085898306,14.413313558141882,0.057169535,85.67661285,5.926,0.45875,0.2625,0.0421625320625,0.1875,1.9459101490553128,6.0,kosovo,2013,1.553829100535178,0.3920810485201347
1.5737466085898306,14.410377101276303,0.057169535,85.67661285,5.926,0.45875,0.3125,0.0393040553125,0.4375,1.6094379124341005,4.0,kosovo,2014,0.5404349713777864,1.069002941056314
1.5737466085898306,14.3967620260211,0.057169535,85.67661285,5.926,0.45875,0.325,0.038589436125,0.5,1.0986122886681098,2.0,kosovo,2015,0.2801315640062906,0.8184807246618192
1.5737466085898306,14.390757258471512,0.057169535,85.67661285,5.926,0.45875,0.3299999999999999,0.03830358845,0.5,2.19722457733622,8.0,kosovo,2016,0.29455845051760543,1.9026661268186147
1.5737466085898306,14.39829584792634,0.057169535,85.67661285,5.926,0.45875,0.3299999999999999,0.03830358845,0.5,2.19722457733622,8.0,kosovo,2017,0.298628794942681,1.898595782393539
1.5737466085898306,14.401677578617148,0.057169535,85.67661285,5.926,0.45875,0.335,0.038017740775,0.5,1.0986122886681098,2.0,kosovo,2018,0.31812377556002513,0.7804885131080846
1.5737466085898306,14.397811090412878,0.057169535,85.67661285,5.926,0.45875,0.31,0.03944697915,0.5,1.3862943611198906,3.0,kosovo,2020,0.22769078726829828,1.1586035738515923
0.47320298023498,14.363774730849116,0.057169535,91.2636795,0.7,0.5387,0.505,0.028298919825,0.625,0.0,0.0,kuwait,1996,0.2941137762614199,-0.2941137762614199
1.5394562797124012,14.427611986302985,0.057169535,85.05226135,0.7,0.5387,0.4175,0.0333012541375,0.4375,0.0,0.0,kuwait,1998,0.937071776252864,-0.937071776252864
1.7395151738349937,14.485752402802586,0.057169535,85.79931641,0.8,0.5387,0.4674999999999999,0.0304427773874999,0.6875,0.0,0.0,kuwait,2000,-0.04900256671773495,0.04900256671773495
1.389858788992368,14.538204404769791,0.057169535,98.41850031,1.1,0.5387,0.4225,0.0330154064625,0.4375,0.6931471805599453,1.0,kuwait,2002,0.9399602402181116,-0.24681305965816636
2.908321930806288,14.562142579717818,0.057169535,96.06272125,1.3,0.5387,0.4225,0.0330154064625,0.4375,1.3862943611198906,3.0,kuwait,2003,0.9535513455293012,0.43274301559058936
2.419505361907549,14.584377732101526,0.057169535,100.6515121,1.7,0.5387,0.4474999999999999,0.0315861680875,0.5625,0.0,0.0,kuwait,2004,0.439848708027218,-0.439848708027218
2.45178453392846,14.620551913269908,0.057169535,108.5592499,1.95,0.5387,0.4474999999999999,0.0315861680875,0.5625,1.0986122886681098,2.0,kuwait,2005,0.41424689477873444,0.6843653938893753
2.1418026549219524,14.676176100009606,0.057169535,101.0139389,1.3,0.5387,0.4555999999999999,0.031123094854,0.75,0.0,0.0,kuwait,2006,-0.37530669153143514,0.37530669153143514
1.9447059258409307,14.734951522640502,0.057169535,101.3083878,1.5,0.5387,0.4580999999999999,0.0309801710165,0.75,0.0,0.0,kuwait,2007,-0.33335878326406143,0.33335878326406143
1.2469624473816625,14.790606657815667,0.057169535,99.55774689,1.75,0.5377,0.4500999999999999,0.0314375272965,0.6875,0.0,0.0,kuwait,2008,-0.01658772020100341,0.01658772020100341
-2.088903687919988,14.84351617366803,0.057169535,99.46000671,1.64,0.5366,0.4500999999999999,0.0314375272965,0.6875,0.0,0.0,kuwait,2009,0.04286507310496246,-0.04286507310496246
-1.2150753554747111,14.895066760604914,0.057169535,99.41663459,1.82,0.5354,0.46586666,0.0305361546757969,0.75,0.0,0.0,kuwait,2010,-0.17829038633866956,0.17829038633866956
2.3635516982098443,14.957442519355896,0.057169535,98.14176941,1.64,0.5341,0.41493334,0.0334479888962031,0.625,0.6931471805599453,1.0,kuwait,2011,0.24137878746096542,0.45176839309897987
2.0315470504693462,15.020615720930104,0.057169535,98.69523121,1.64,0.5325,0.4152,0.033432744068,0.625,0.0,0.0,kuwait,2012,0.27543709471114775,-0.27543709471114775
0.7652192196076439,15.070512446777398,0.057169535,95.5615387,1.64,0.5308,0.4152,0.033432744068,0.625,0.0,0.0,kuwait,2013,0.33180472856825594,-0.33180472856825594
0.4060747016016238,15.114578155264091,0.057169535,93.06600189,2.9,0.4415,0.4152,0.033432744068,0.625,0.0,0.0,kuwait,2014,0.3315744560286944,-0.3315744560286944
0.4654751517767984,15.159569165260343,0.057169535,95.3934021,2.2,0.4415,0.4106666599999999,0.0336919130077969,0.625,0.6931471805599453,1.0,kuwait,2015,0.32130242531018904,0.37184475524975624
1.3676404138031837,15.202828644898034,0.057169535,98.41850031,2.16,0.4415,0.4106666599999999,0.0336919130077969,0.625,1.0986122886681098,2.0,kuwait,2016,0.31812355250570246,0.7804887361624073
-1.7426082132478211,15.239777979242035,0.057169535,98.41850031,1.64,0.4415,0.4156666599999999,0.0334060653327969,0.625,0.0,0.0,kuwait,2017,0.38199368710422554,-0.38199368710422554
1.3199757098237086,15.27957951808122,0.057169535,98.41850031,1.64,0.4415,0.4156666599999999,0.0334060653327969,0.625,0.0,0.0,kuwait,2018,0.37446632914792755,-0.37446632914792755
1.182897389575345,15.30668664514054,0.057169535,98.41850031,1.64,0.4415,0.4412,0.031946336158,0.625,0.0,0.0,kuwait,2019,0.48063126306752013,-0.48063126306752013
-1.7608389756421845,15.297176006124516,0.057169535,98.41850031,1.64,0.4415,0.44033334,0.0319958827072031,0.625,0.0,0.0,kuwait,2020,0.5003250425984114,-0.5003250425984114
1.1939106617360686,14.71454240847554,0.03773,105.231678,20.93,0.355,0.285,0.02697695,0.5,0.0,0.0,latvia,1996,0.2648204241571739,-0.2648204241571739
2.0215479139893486,14.69514560418759,0.032760461,105.231678,14.454,0.3635,0.375,0.0204752881249999,0.375,1.6094379124341005,4.0,latvia,1998,1.1304579764623799,0.4789799359717206
1.9229377823645888,14.677366645521015,0.015075915,90.06597137,14.211,0.3628,0.345,0.009874724325,0.5,1.3862943611198906,3.0,latvia,2000,0.5362936232907085,0.8500007378291821
2.1593482154088672,14.65283340433654,0.015314351,95.29273224,13.829,0.3718,0.54,0.0070446014599999,0.75,0.0,0.0,latvia,2002,-0.010044223580688127,0.010044223580688127
2.2438041063062197,14.64316940052768,0.015075915,96.53778839,12.061,0.3762,0.5725,0.0064449536625,0.8125,0.0,0.0,latvia,2003,-0.21429013864029423,0.21429013864029423
2.274714636645128,14.632256275767878,0.022210554,99.29524231,11.708,0.3846,0.5549999999999999,0.00988369653,0.75,0.0,0.0,latvia,2004,-0.00908543799639916,0.00908543799639916
2.5349117787632958,14.62145056599934,0.031104354,102.6863174,10.033,0.3997,0.61,0.01213069806,0.75,0.0,0.0,latvia,2005,0.14151392466299328,-0.14151392466299328
2.6264798385468056,14.612277840540472,0.019456051,103.9654007,7.03,0.3568,0.6616333400000001,0.0065832789936596,0.8125,0.0,0.0,latvia,2006,-0.012834213202896683,0.012834213202896683
2.434887743023485,14.604116089168883,0.004722419,103.9212418,6.052,0.3826,0.6616333400000001,0.0015979091441505,0.8125,0.6931471805599453,1.0,latvia,2007,0.014286612341354754,0.6788605682185905
-1.4790368513198378,14.593606698526616,0.0083518139999999,104.8975677,7.739,0.3754,0.6607000000000001,0.0028337704901999,0.8125,0.0,0.0,latvia,2008,0.03791255369042146,-0.03791255369042146
-2.835564667527273,14.57709645649647,0.016209406,99.42040253,17.515,0.382,0.6357,0.0059050866057999,0.6875,0.0,0.0,latvia,2009,0.6331968182591601,-0.6331968182591601
-1.5392854966497134,14.556283415417637,0.025962991,102.8221588,19.482,0.3645,0.6345,0.0094894732105,0.6875,0.0,0.0,latvia,2010,0.5738396784683956,-0.5738396784683956
1.3953395366514734,14.538075754156765,0.016572234,105.5657883,16.206,0.3742,0.6345,0.006057151527,0.6875,0.0,0.0,latvia,2011,0.5187993695831773,-0.5187993695831773
2.1168867097739548,14.525672168683348,0.014388631,106.3448029,15.047,0.3789,0.6345,0.0052590446305,0.6875,0.0,0.0,latvia,2012,0.4992978247284895,-0.4992978247284895
1.1301401161550244,14.514961825943566,0.015389972,114.7768097,11.867,0.3791,0.6345,0.005625034766,0.6875,0.0,0.0,latvia,2013,0.43240054993941435,-0.43240054993941435
1.129774907990695,14.505544397102453,0.011159605,113.7069321,10.846,0.3657,0.63736666,0.0040468448342307,0.6875,0.0,0.0,latvia,2014,0.43597521045695187,-0.43597521045695187
1.5651447171362665,14.49735813781574,0.010333018,112.3566513,9.873,0.3554,0.64163334,0.0037030091483798,0.6875,0.0,0.0,latvia,2015,0.4397695069058444,-0.4397695069058444
1.2674224259525613,14.488219289136008,0.00961231,111.2968063,9.643,0.3385,0.64123334,0.0034485763535846,0.6875,0.0,0.0,latvia,2016,0.43264344683256795,-0.43264344683256795
1.4813655864677824,14.479357137945756,0.009826289,110.7232513,8.715,0.3588,0.63583334,0.0035784068453247,0.6875,0.6931471805599453,1.0,latvia,2017,0.41549153944294503,0.27765564111700025
1.6695377590271596,14.47156575801103,0.005591618,109.1557007,7.412,0.3531,0.6367,0.0020314348193999,0.6875,0.0,0.0,latvia,2018,0.4165996197409798,-0.4165996197409798
0.5160356909641136,14.464613370229792,0.003374786,107.6024628,6.312,0.3512,0.66243334,0.0011392152382347,0.6875,0.0,0.0,latvia,2019,0.5186246653971349,-0.5186246653971349
-1.4972155766886617,14.457601258199269,0.005121097,105.9562836,8.098,0.3512,0.66076666,0.0017372468397739,0.6875,0.0,0.0,latvia,2020,0.5462642206756237,-0.5462642206756237
2.508455170756699,15.2104628309652,0.000611298,55.92296982,8.415,0.5058,0.355,0.00039428721,0.25,3.688879454113936,39.0,lebanon,1996,2.308854493843266,1.3800249602706698
1.540242974461663,15.246128456043142,0.000611298,62.45502853,8.415,0.5058,0.3025,0.000426380355,0.1875,3.1780538303479458,23.0,lebanon,1998,2.4116996974567857,0.7663541328911601
0.8509504472768096,15.28092589440061,0.000611298,62.57704926,8.415,0.5058,0.3775,0.000380533005,0.3125,2.5649493574615367,12.0,lebanon,2000,2.10548679768994,0.4594625597715969
1.4868520730581012,15.31144488979808,0.000611298,62.55519104,8.415,0.5058,0.39,0.00037289178,0.375,2.19722457733622,8.0,lebanon,2002,1.862848839936724,0.334375737399496
1.4415157692443978,15.325240614977911,0.000611298,64.8559494,8.415,0.5058,0.37,0.00038511774,0.375,1.791759469228055,5.0,lebanon,2003,1.7869855670332486,0.004773902194806334
2.03854722891968,15.341410327469386,0.000611298,66.01799011,7.85,0.5058,0.385,0.00037594827,0.375,0.6931471805599453,1.0,lebanon,2004,1.8324343158765934,-1.139287135316648
1.3044819849646978,15.356905790193814,0.000611298,66.42398071,8.415,0.5058,0.3725,0.0003835894949999,0.3125,2.8903717578961645,17.0,lebanon,2005,2.102091270951422,0.7882804869447426
0.935903145394567,15.373894515787828,0.000611298,67.2385788,8.415,0.5023,0.34546666,0.0004001149216753,0.125,2.19722457733622,8.0,lebanon,2006,2.904446408654511,-0.7072218313182912
2.333174677001366,15.393275949827355,0.000611298,68.04348755,8.98,0.549,0.35171666,0.0003962943091753,0.15625,2.9444389791664403,18.0,lebanon,2007,2.7999130985724427,0.1445258805939975
2.3094741357539177,15.409906911208877,0.000611298,68.8993988,8.415,0.5528,0.36913334,0.0003856475275246,0.25,4.07753744390572,58.0,lebanon,2008,2.4182104106714144,1.6593270332343053
2.4187806986832507,15.423404879674957,0.000611298,71.09172821,6.355,0.5408,0.30413334,0.0004253818975246,0.25,2.70805020110221,14.0,lebanon,2009,2.163847584023694,0.5442026170785161
2.1944580382157106,15.433172361316334,0.000611298,70.56243579,8.415,0.5486,0.3271333399999999,0.0004113220435246,0.25,1.791759469228055,5.0,lebanon,2010,2.2722416012002524,-0.48048213197219747
0.6245148935188937,15.443970597104766,0.000611298,73.82861485,8.415,0.5529,0.3188,0.0004164161976,0.25,2.3978952727983707,10.0,lebanon,2011,2.246922900821672,0.15097237197669866
1.2711055211574611,15.471019321537632,0.000611298,72.21227746,8.415,0.5588,0.2945,0.000431270739,0.1875,2.772588722239781,15.0,lebanon,2012,2.4799467737092566,0.2926419485305245
1.5744061013592932,15.563568369586047,0.000611298,71.22311897,8.415,0.5552,0.2945,0.000431270739,0.1875,4.804021044733257,121.0,lebanon,2013,2.530834387500399,2.273186657232858
1.2481983105636056,15.66349140029485,0.000611298,59.2622758,8.415,0.5514,0.29496666,0.0004309854706753,0.1875,5.327876168789581,205.0,lebanon,2014,2.6575388943366063,2.670337274452975
0.38002475791503,15.683068355602884,0.000611298,58.10750649,8.415,0.5469,0.2832333399999999,0.0004381580257246,0.1875,3.80666248977032,44.0,lebanon,2015,2.6393820574065145,1.1672804323638055
0.9378758515472488,15.659713984313523,0.000611298,59.46409163,8.415,0.5422,0.2957333399999999,0.0004305168007246,0.25,3.737669618283368,41.0,lebanon,2016,2.3576874821613485,1.3799821361220195
0.643446545637779,15.633608276848872,0.000611298,63.14007038,8.415,0.5373,0.2823,0.0004387285746,0.1875,3.218875824868201,24.0,lebanon,2017,2.5720291919526668,0.6468466329155342
-1.05942290377076,15.604619851911318,0.000611298,64.2435657,8.415,0.5321,0.2117,0.0004818862134,0.1875,2.19722457733622,8.0,lebanon,2018,2.315158712105606,-0.11793413476938586
-2.0687501833698785,15.57243614447938,0.000611298,65.27676439,11.301,0.5267,0.1974,0.0004906277748,0.125,2.079441541679836,7.0,lebanon,2019,2.5630294439826162,-0.48358790230278004
-3.1090564807259677,15.556397521453798,0.000611298,65.89697761,8.415,0.5209,0.1244,0.0005352525288,0.125,2.3978952727983707,10.0,lebanon,2020,2.2830808128688567,0.114814459929514
1.65442948594166,14.480805439377647,0.418584923,38.4086113,24.58,0.5343,0.48153334,0.2170223269541671,0.5,0.6931471805599453,1.0,lesotho,2006,0.7705297010152216,-0.07738252045527627
1.646331708876875,14.485014937189128,0.418584923,41.55625153,24.58,0.5304,0.49403334,0.2117900154166671,0.5625,0.0,0.0,lesotho,2007,0.5009974730348744,-0.5009974730348744
1.875398727705946,14.491787228368109,0.418584923,44.7508812,35.46,0.5265,0.4711,0.2213895657746999,0.5625,0.0,0.0,lesotho,2008,0.46473480721935234,-0.46473480721935234
-0.8125989559842002,14.499053767681495,0.418584923,49.1937294,24.58,0.5225,0.4711,0.2213895657746999,0.5625,0.6931471805599453,1.0,lesotho,2009,0.39850045830588954,0.29464672225405575
1.835723846248744,14.50678198038938,0.418584923,54.24269867,24.58,0.5186,0.43763334,0.2353982050738672,0.5625,0.0,0.0,lesotho,2010,0.22295782983737622,-0.22295782983737622
1.725693372162468,14.515638317491614,0.418584923,56.95064163,24.58,0.5147,0.4397,0.2345331323569,0.5625,0.0,0.0,lesotho,2011,0.21830940746368488,-0.21830940746368488
1.992532488591301,14.52568937330156,0.418584923,59.07720184,24.58,0.5108,0.4544,0.2283799339888,0.625,0.0,0.0,lesotho,2012,-0.036610771500023676,0.036610771500023676
1.0269464035755649,14.536518497965002,0.418584923,57.75907135,24.58,0.5069,0.4544,0.2283799339888,0.625,0.0,0.0,lesotho,2013,-0.016062270514290544,0.016062270514290544
0.9971515312809148,14.547921719972184,0.418584923,58.25756294,24.58,0.503,0.4544,0.2283799339888,0.625,0.0,0.0,lesotho,2014,-0.014723877583619815,0.014723877583619815
1.4168397590400967,14.55964168506866,0.418584923,59.39850963,24.58,0.4991,0.44643334,0.2317146577514671,0.5625,0.6931471805599453,1.0,lesotho,2015,0.24664315038193374,0.44650403017801155
1.5279908044018773,14.571831109518213,0.418584923,56.83869934,24.58,0.4952,0.43393334,0.2369469692889671,0.5,0.0,0.0,lesotho,2016,0.5162509810292003,-0.5162509810292003
-1.4202548541668287,14.584280384408869,0.418584923,59.35865155,24.58,0.4913,0.43676666,0.2357609842549328,0.5625,0.0,0.0,lesotho,2017,0.24722581146096556,-0.24722581146096556
-0.908513833237112,14.596487280725396,0.418584923,56.894670485,24.58,0.4913,0.43676666,0.2357609842549328,0.5625,0.0,0.0,lesotho,2018,0.263418078601811,-0.263418078601811
-0.8829382009072951,14.608234259086036,0.418584923,56.894670485,16.876,0.4913,0.4236,0.2412723496172,0.5,0.0,0.0,lesotho,2019,0.4706353076479627,-0.4706353076479627
-2.2144047990871534,14.620077460061612,0.418584923,56.894670485,24.58,0.4913,0.422,0.241942085494,0.5,0.0,0.0,lesotho,2020,0.5314538184558745,-0.5314538184558745
1.8406354238443652,15.187459767638703,0.326519682,37.25562096,2.6735,0.4336,0.2566666599999999,0.2427129657967979,0.5,0.0,0.0,liberia,2009,0.2858634566464745,-0.2858634566464745
1.9600701696598315,15.21642034155556,0.326519682,37.25562096,2.266,0.4295,0.25546666,0.2431047894151979,0.5,0.0,0.0,liberia,2010,0.2911946854961297,-0.2911946854961297
2.219286983286228,15.25562503087804,0.326519682,43.64794922,2.6735,0.4253,0.24296666,0.2471862854401979,0.4375,0.0,0.0,liberia,2011,0.5242757062637745,-0.5242757062637745
2.1965370572706755,15.290969892086949,0.326519682,37.25562096,2.6735,0.4212,0.26716666,0.2392845091357979,0.5625,0.6931471805599453,1.0,liberia,2012,0.0725056507923636,0.6206415297675817
2.270814491575078,15.312952656423594,0.326519682,37.25562096,2.6735,0.417,0.24216666,0.2474475011857979,0.5625,0.0,0.0,liberia,2013,-0.009563821287319696,0.009563821287319696
0.5314473860677041,15.33377440506732,0.317450026,36.76956177,2.079,0.4129,0.21716666,0.2485104641366668,0.4375,0.6931471805599453,1.0,liberia,2014,0.5329132206665957,0.16023395989334954
-0.0183947445373239,15.354404110260814,0.326519682,36.37284851,2.6735,0.4195,0.2088333399999999,0.2583314862322021,0.3125,0.0,0.0,liberia,2015,1.1083928062338189,-1.1083928062338189
-0.9380360266556126,15.374835321470414,0.335589338,37.25562096,3.081,0.4262,0.2454,0.2532357144548,0.375,0.0,0.0,liberia,2016,0.9506245094101354,-0.9506245094101354
1.239867585000202,15.394267795092508,0.326519682,37.25562096,5.931,0.4262,0.24486666,0.2465658980443979,0.375,0.6931471805599453,1.0,liberia,2017,0.9705974851270313,-0.27745030456708597
0.7689849623727547,15.41383231423489,0.326519682,37.25562096,2.6735,0.4262,0.27066666,0.2381416902487979,0.5,0.0,0.0,liberia,2018,0.46501026390996925,-0.46501026390996925
-1.2433755110135432,15.433654859559956,0.326519682,37.25562096,2.6735,0.4262,0.27133334,0.2379240061072021,0.5,0.6931471805599453,1.0,liberia,2019,0.4972037722464485,0.19594340831349677
-1.3819075722158631,15.45440318955356,0.326519682,37.74168015,2.6735,0.4262,0.27046666,0.2382069941851979,0.5,0.0,0.0,liberia,2020,0.503717688796601,-0.503717688796601
1.14234945394612,15.422424086821572,0.057169535,102.182575215,19.03,0.4586,0.0199999999999999,0.0560261443,0.0,1.6094379124341005,4.0,libya,1996,2.1214142588635214,-0.5119763464294209
-1.5156204622942824,15.452700787558912,0.057169535,102.182575215,19.03,0.4588,0.045,0.054596905925,0.125,0.0,0.0,libya,1998,1.6571529595330305,-1.6571529595330305
1.5431422020500578,15.484164477052724,0.057169535,102.182575215,19.03,0.4619,0.105,0.051166733825,0.375,0.0,0.0,libya,2000,0.6704202467679788,-0.6704202467679788
-0.6723817297279102,15.521786754783228,0.057169535,110.586441,19.03,0.4628,0.1175,0.0504521146374999,0.4375,0.0,0.0,libya,2002,0.40999146363707706,-0.40999146363707706
2.6402021918674445,15.54173527664966,0.057169535,106.7556381,19.03,0.4632,0.1325,0.0495945716125,0.4375,0.0,0.0,libya,2003,0.46507234718518753,-0.46507234718518753
1.6977489271286683,15.562393644179965,0.057169535,102.182575215,19.03,0.4636,0.1575,0.0481653332375,0.5625,0.0,0.0,libya,2004,0.006293885693227752,-0.006293885693227752
2.554957801543243,15.58345519174286,0.057169535,93.68515778,19.03,0.4637,0.1575,0.0481653332375,0.5625,0.0,0.0,libya,2005,0.05943275489652344,-0.05943275489652344
2.014973074088458,15.603966576803442,0.057169535,97.60951233,19.03,0.4633,0.16976666,0.0474640539892968,0.5625,0.0,0.0,libya,2006,0.09573421421566519,-0.09573421421566519
1.978236655254976,15.624517268085002,0.057169535,102.182575215,19.03,0.4621,0.16976666,0.0474640539892968,0.5625,0.6931471805599453,1.0,libya,2007,0.07968957810178723,0.6134576024581581
-0.15018417133741,15.645758260609352,0.057169535,102.182575215,19.03,0.4609,0.17583334,0.047117224714703,0.5625,0.6931471805599453,1.0,libya,2008,0.1320933475195707,0.5610538330403746
-1.6864326128185647,15.666589798060926,0.057169535,102.182575215,19.03,0.4573,0.16583334,0.0476889200647031,0.5625,0.0,0.0,libya,2009,0.12054863284673578,-0.12054863284673578
1.7962904674013973,15.686980371947122,0.057169535,102.182575215,19.03,0.4543,0.17793334,0.0469971686912031,0.625,0.0,0.0,libya,2010,-0.1574808201205451,0.1574808201205451
-3.9384412529367023,15.662894561536673,0.057169535,102.182575215,19.03,0.4506,0.11783334,0.0504330577447031,0.1875,1.0986122886681098,2.0,libya,2011,1.7492760222896264,-0.6506637336215166
4.475366106180312,15.636720247487288,0.057169535,102.182575215,19.03,0.4469,0.1785,0.0469647730025,0.3125,4.060443010546419,57.0,libya,2012,1.2734930621446416,2.7869499484017775
-2.944331687621435,15.656794683461149,0.057169535,102.182575215,19.03,0.4531,0.1588,0.048091012842,0.25,5.676753802268282,291.0,libya,2013,1.585602970815731,4.09115083145255
-3.1798358179145705,15.67605778875679,0.057169535,102.182575215,19.03,0.4595,0.127,0.049909004055,0.125,6.593044534142437,729.0,libya,2014,2.083682871096932,4.509361663045505
-0.6112081458275964,15.692196176048588,0.057169535,102.182575215,19.03,0.4654,0.05916666,0.0537870045602969,0.0625,6.298949246855942,543.0,libya,2015,2.128767748911282,4.17018149794466
-0.912660597702782,15.70743612519172,0.057169535,102.182575215,19.03,0.4625,0.05916666,0.0537870045602969,0.0625,6.0473721790462776,422.0,libya,2016,2.138233380733218,3.9091387983130597
3.511300698138192,15.723388122048112,0.057169535,102.182575215,19.03,0.4594,0.05963334,0.0537603246817031,0.0625,5.2574953720277815,191.0,libya,2017,2.104848289132679,3.1526470828951023
2.190688581172827,15.739621390522728,0.057169535,102.182575215,19.03,0.4616,0.05876666,0.0538098723742969,0.0625,5.123963979403259,167.0,libya,2018,2.1242914637751698,2.999672515628089
-2.501114825593565,15.754400983453197,0.057169535,102.182575215,19.03,0.4639,0.05763334,0.0538746637517031,0.0625,4.262679877041316,70.0,libya,2019,2.1740049218394732,2.088674955201843
-3.416259927468696,15.767885479559752,0.057169535,102.182575215,19.03,0.4641,0.05216666,0.0541871913052969,0.0625,2.8903717578961645,17.0,libya,2020,2.1707499850978875,0.719621772798277
1.7962400444424491,15.096892636288311,0.0024,104.62656025,16.4,0.3402,0.4,0.0014399999999999,0.375,1.3862943611198906,3.0,lithuania,1996,1.4866918033681387,-0.10039744224824809
2.135696294097708,15.082269974731505,0.009789885,104.62656025,13.711,0.3216,0.4049999999999999,0.005824981575,0.5,0.0,0.0,lithuania,1998,0.8605681927851428,-0.8605681927851428
1.4858278977117887,15.06814123199483,0.012271614,96.91568756,15.931,0.3323,0.3825,0.0075777216449999,0.4375,0.0,0.0,lithuania,2000,1.1382322746531246,-1.1382322746531246
2.043793567317844,15.05187349234346,0.013661843,102.2917099,13.008,0.3271,0.495,0.006899230715,0.75,0.0,0.0,lithuania,2002,-0.020417221276213482,0.020417221276213482
2.446849575877227,15.043750713738172,0.003930067,105.0201721,12.874,0.3383,0.5475,0.0017783553175,0.8125,0.0,0.0,lithuania,2003,-0.1373042852725168,0.1373042852725168
2.015174365191642,15.03252080429658,0.02191394,103.0095367,10.684,0.3552,0.6125,0.0084916517499999,0.8125,0.0,0.0,lithuania,2004,0.07069530215798236,-0.07069530215798236
2.1669310786869085,15.01623679789864,0.027466924,104.4972382,8.325,0.3595,0.6125,0.01064343305,0.8125,0.0,0.0,lithuania,2005,0.03148513298052413,-0.03148513298052413
2.127693611697812,15.000273019558891,0.01849529,107.0048523,5.78,0.3366,0.63203334,0.0068056500870314,0.8125,0.0,0.0,lithuania,2006,0.06175179182573176,-0.06175179182573176
2.491379676142949,14.988393543640935,0.016015068,106.9292908,4.25,0.3707,0.63203334,0.0058930110816328,0.8125,0.0,0.0,lithuania,2007,0.06548456107047085,-0.06548456107047085
1.2807842637197178,14.978108715085588,0.0109436615,106.1087799,5.826,0.3753,0.6315666600000001,0.0040320097582744,0.8125,0.0,0.0,lithuania,2008,0.09421489021039409,-0.09421489021039409
-2.7624507430255107,14.96700526103296,0.027226112,104.7558823,13.785,0.378,0.60656666,0.010711660179374,0.6875,0.0,0.0,lithuania,2009,0.6679124326997128,-0.6679124326997128
0.3557141794523062,14.946035833534188,0.019838556,105.0682678,17.814,0.3504,0.63076666,0.007325056292657,0.6875,0.0,0.0,lithuania,2010,0.7306511802068612,-0.7306511802068612
1.9911070144401384,14.923451201920628,0.008902583,106.0081635,15.39,0.3502,0.63076666,0.0032871304557172,0.6875,0.0,0.0,lithuania,2011,0.6981256142401041,-0.6981256142401041
1.6832283480641503,14.910496278576684,0.010501388,106.1735077,13.365,0.3753,0.63076666,0.0038774625658759,0.6875,0.0,0.0,lithuania,2012,0.6922509613978777,-0.6922509613978777
1.6187768061006145,14.901122372150306,0.011997247,108.9944077,11.77,0.3807,0.6452666600000001,0.0042558234991149,0.75,0.0,0.0,lithuania,2013,0.4161086353312523,-0.4161086353312523
1.562879453317409,14.89298568924692,0.017161508,102.4475174,10.698,0.4144,0.65026666,0.0060019515122767,0.75,0.0,0.0,lithuania,2014,0.47298562341392136,-0.47298562341392136
1.3435972849927973,14.884045009715644,0.01045723,102.1533432,9.12,0.374,0.65026666,0.0036572419750482,0.75,0.0,0.0,lithuania,2015,0.4492685913133452,-0.4492685913133452
1.3007152718254449,14.872371948592589,0.014791508,101.8199081,7.862,0.3708,0.6498,0.0051799861015999,0.75,0.0,0.0,lithuania,2016,0.42788729705655715,-0.42788729705655715
1.7249504797268027,14.860243755812611,0.01167178,102.7917786,7.073,0.3836,0.6494,0.004092126068,0.75,0.0,0.0,lithuania,2017,0.41695853068006483,-0.41695853068006483
1.7780607015905798,14.85196406943449,0.009812001,103.0140228,6.147,0.3705,0.595,0.003973860405,0.75,0.6931471805599453,1.0,lithuania,2018,0.20904241731852058,0.4841047632414247
1.736484897783423,14.849082866451909,0.006033842,103.8806076,6.255,0.4319,0.67916666,0.0019358576818922,0.8125,0.6931471805599453,1.0,lithuania,2019,0.24193286309196282,0.45121431746798246
0.0419245870816098,14.848826705239718,0.004728085,105.9874878,8.487,0.4319,0.7017,0.0014103877555,0.8125,0.0,0.0,lithuania,2020,0.34035215481245196,-0.34035215481245196
1.9482952169468497,13.06608504676576,3.73e-05,94.22083282,4.731,0.3854,0.90233334,3.642966418000001e-06,1.0,0.0,0.0,luxembourg,2006,-0.800535675577575,0.800535675577575
2.2081279445549904,13.081528882805948,0.000219162,94.90796661,4.065,0.4173,0.90233334,2.1404820538920003e-05,1.0,0.0,0.0,luxembourg,2007,-0.7852436659256543,0.7852436659256543
-0.2624993514966736,13.099403812219403,0.0,95.75830078,5.06,0.4018,0.90233334,0.0,1.0,0.0,0.0,luxembourg,2008,-0.7593723103483667,0.7593723103483667
-1.4443165621632337,13.117921526976824,0.000477619,103.92430115,5.194,0.3654,0.90233334,4.6647452482540005e-05,1.0,0.0,0.0,luxembourg,2009,-0.8062004827852867,0.8062004827852867
1.5603347533168597,13.136175548674087,0.000328364,100.0800018,4.423,0.3581,0.90086666,3.255182005576002e-05,1.0,0.0,0.0,luxembourg,2010,-0.8160672203358874,0.8160672203358874
0.7150547247868263,13.158402110346978,0.001379187,100.4209671,5.122,0.3514,0.90086666,0.0001367234137945,1.0,0.0,0.0,luxembourg,2011,-0.798881608613452,0.798881608613452
0.9745227064859084,13.182417483566477,0.000436189,100.60952,5.03,0.3841,0.90086666,4.324087244126003e-05,1.0,0.0,0.0,luxembourg,2012,-0.7705256954983593,0.7705256954983593
1.4283451763306527,13.205529203063842,0.000891033,103.4694138,6.045,0.3591,0.90086666,8.833107734022006e-05,1.0,0.0,0.0,luxembourg,2013,-0.7874052888275862,0.7874052888275862
1.2873263674637072,13.229098947241688,0.001603865,104.5969772,6.044,0.3603,0.90086666,0.0001589964943591,1.0,0.0,0.0,luxembourg,2014,-0.7802482916282794,0.7802482916282794
1.184723998940087,13.252698417131263,0.003098734,104.3791885,6.796,0.3332,0.90086666,0.0003071878511915,1.0,0.0,0.0,luxembourg,2015,-0.7777391357808339,0.7777391357808339
1.7881178657983476,13.274251499577328,0.001172195,106.0851974,6.669,0.3465,0.9004,0.000116750622,1.0,0.0,0.0,luxembourg,2016,-0.7742382623142017,0.7742382623142017
0.8403540095603318,13.29856122249026,0.002910417,106.7843475,5.523,0.3701,0.9004,0.0002898775332,1.0,0.0,0.0,luxembourg,2017,-0.7524815599583266,0.7524815599583266
0.9598465016154448,13.317849565595322,0.003040011,106.9831238,5.589,0.3583,0.9054,0.0002875850406,1.0,0.0,0.0,luxembourg,2018,-0.7331519783632021,0.7331519783632021
1.3215743011051346,13.337477982822524,0.001011875,106.9465103,5.592,0.3346,0.9054,9.5723375e-05,1.0,0.0,0.0,luxembourg,2019,-0.7362625910589864,0.7362625910589864
-0.4121438449441942,13.354141542910876,0.0,107.078949,6.766,0.3346,0.90453334,0.0,1.0,0.0,0.0,luxembourg,2020,-0.7060371547541981,0.7060371547541981
1.856064908360376,16.797696999591036,0.663073068,22.88318062,1.785,0.5032,0.3863,0.4069279418316,0.5625,0.6931471805599453,1.0,madagascar,2006,0.9299328115615855,-0.23678563100164018
1.903683030757282,16.82704649320707,0.663073068,25.21120071,1.785,0.5071,0.39255,0.4027837351566,0.59375,0.0,0.0,madagascar,2007,0.8088082112226846,-0.8088082112226846
2.042859574043328,16.85639978451431,0.663073068,27.46335983,1.785,0.511,0.3938,0.4019548938216,0.5,0.0,0.0,madagascar,2008,1.2626988064888836,-1.2626988064888836
-1.605170542549212,16.885760194859976,0.663073068,28.5682106,1.785,0.5149,0.36213334,0.4229522032211129,0.25,0.6931471805599453,1.0,madagascar,2009,2.3781588896327315,-1.685011709072786
0.4819567458818938,16.914852159742033,0.652948047,34.373208885,4.28,0.5187,0.33376666,0.4350157581992869,0.1875,0.0,0.0,madagascar,2010,2.5637542263842246,-2.5637542263842246
0.9471795440175662,16.94324872991792,0.663073068,34.1198082,1.785,0.5107,0.3212,0.4500939985584,0.125,0.6931471805599453,1.0,madagascar,2011,2.79033995612242,-2.0971927755624744
1.389077513555628,16.970911359980075,0.673198089,35.39201511,0.599,0.5026,0.3495333399999999,0.4378929124702127,0.375,0.6931471805599453,1.0,madagascar,2012,1.684183056128581,-0.9910358755686358
1.1940364704588098,16.998107842839854,0.663073068,34.373208885,1.785,0.498,0.34463334,0.4345559819111129,0.3125,1.0986122886681098,2.0,madagascar,2013,2.005844439630516,-0.9072321509624064
1.4676907165065185,17.024915636560234,0.663073068,35.81487023,1.785,0.4935,0.3703,0.4175371109195999,0.5625,0.6931471805599453,1.0,madagascar,2014,0.9148375793790771,-0.22169039881913177
1.4188336868452966,17.05131047897335,0.663073068,36.1207695,1.785,0.489,0.39483334,0.4012697138975128,0.5625,0.0,0.0,madagascar,2015,1.0175590620656092,-1.0175590620656092
1.6080661844452977,17.07744407152502,0.663073068,36.07651138,1.785,0.4844,0.4063,0.3936664804716,0.5625,0.6931471805599453,1.0,madagascar,2016,1.0707142613072438,-0.3775670807472985
1.5960096748586203,17.103478620049156,0.663073068,34.77094864,1.785,0.4799,0.37656666,0.4133818574472871,0.5625,0.0,0.0,madagascar,2017,0.978149448242227,-0.978149448242227
1.433739935304654,17.12951207289234,0.663073068,34.62660957,1.785,0.4754,0.3473,0.4327877914836,0.4375,0.0,0.0,madagascar,2018,1.4762029645829482,-1.4762029645829482
1.6884768172044973,17.155525735306426,0.663073068,32.8161749,1.785,0.4709,0.3476,0.4325888695632,0.5,0.0,0.0,madagascar,2019,1.1999438460937426,-1.1999438460937426
-2.0965040974505427,17.181203621447835,0.663073068,34.373208885,1.785,0.4663,0.353,0.429008274996,0.5,0.0,0.0,madagascar,2020,1.2582898657795265,-1.2582898657795265
2.1182633510027165,16.152712416807358,0.736408596,24.15060997,1.736,0.7987,0.215,0.57808074786,0.375,0.0,0.0,malawi,1996,0.8658529921456043,-0.8658529921456043
1.5882660627926883,16.194396937467182,0.736408596,31.65950012,1.736,0.757,0.1675,0.61306015617,0.1875,0.0,0.0,malawi,1998,1.5373893245687915,-1.5373893245687915
0.946267942104848,16.24172317427532,0.736408596,31.09893036,1.736,0.6736,0.18,0.6038550487200001,0.25,0.0,0.0,malawi,2000,1.2760040717428436,-1.2760040717428436
0.9932517844917648,16.29040399242192,0.736408596,31.32537079,1.736,0.5901,0.1625,0.61674219915,0.4375,0.6931471805599453,1.0,malawi,2002,0.2961865368065072,0.3969606437534381
1.9029488746030432,16.31543512223099,0.736408596,33.66198149,1.736,0.5484,0.1625,0.61674219915,0.4375,0.0,0.0,malawi,2003,0.26409691531165636,-0.26409691531165636
1.8594956146989,16.34129824052974,0.743958021,28.91453934,1.736,0.5067,0.2075,0.5895867316425,0.5625,0.0,0.0,malawi,2004,-0.15275339400291088,0.15275339400291088
1.4513154274544242,16.36807834843482,0.736408596,28.7130394,0.942,0.514,0.2075,0.5836038123299999,0.5625,0.0,0.0,malawi,2005,-0.12197530386787436,0.12197530386787436
1.7404661334369949,16.395629049388226,0.736408596,30.56421089,1.736,0.5213,0.32063334,0.5002914482598093,0.6875,0.0,0.0,malawi,2006,-0.27712429447682774,0.27712429447682774
2.360853989514248,16.423839424408413,0.736408596,30.26260948,1.736,0.5286,0.33063334,0.4929273622998093,0.6875,0.0,0.0,malawi,2007,-0.22402114914402715,0.22402114914402715
2.156372072975544,16.452882038763207,0.736408596,32.69173813,1.736,0.5359,0.2942,0.5197571870568,0.5,0.0,0.0,malawi,2008,0.5367018191303587,-0.5367018191303587
2.2330324061254143,16.48244629122452,0.736408596,33.35152817,1.736,0.5432,0.2942,0.5197571870568,0.5,0.0,0.0,malawi,2009,0.5521447205205897,-0.5521447205205897
2.0635745559612992,16.51192425008032,0.728859171,33.66198149,1.736,0.5505,0.33643334,0.4836466457108388,0.6875,0.0,0.0,malawi,2010,-0.14762776503676767,0.14762776503676767
1.78047436429017,16.541074690864686,0.736408596,34.73715992,1.736,0.5551,0.31143334,0.5070664073430093,0.5625,0.0,0.0,malawi,2011,0.35480426153941,-0.35480426153941
1.064710737337256,16.5697811479996,0.736408596,34.8210141,1.736,0.5598,0.31303334,0.5058881535894093,0.5625,0.0,0.0,malawi,2012,0.3852828211337087,-0.3852828211337087
1.8579138713140253,16.598162042855343,0.736408596,37.84729585,4.978,0.5645,0.3,0.5154860172,0.625,0.0,0.0,malawi,2013,0.051505267585014725,-0.051505267585014725
1.8908911259097532,16.626209942382506,0.736408596,39.54356595,1.736,0.5691,0.29773334,0.5171552051082093,0.625,0.0,0.0,malawi,2014,0.030300455222575184,-0.030300455222575184
1.33500106673234,16.653745859093828,0.736408596,39.72914618,1.736,0.5738,0.272,0.536105457888,0.5,0.0,0.0,malawi,2015,0.5486785111624611,-0.5486785111624611
1.2527629682096535,16.68100543629395,0.716524893,38.18436813,1.736,0.5785,0.272,0.521630122104,0.5,0.0,0.0,malawi,2016,0.6072644852484822,-0.6072644852484822
1.6094379126341003,16.70808632968104,0.736408596,39.6154223,3.77,0.545,0.2716,0.5364000213264,0.5,0.6931471805599453,1.0,malawi,2017,0.5710780122250921,0.12206916833485315
1.6777626410833293,16.73479808507909,0.736408596,38.83243978,1.736,0.5116,0.2716,0.5364000213264,0.5,1.0986122886681098,2.0,malawi,2018,0.5582080293863525,0.5404042592817573
1.904615601232665,16.761304040429433,0.754382207,35.52126725,1.736,0.4781,0.2766666599999999,0.5456698014258814,0.5,1.791759469228055,5.0,malawi,2019,0.561933144464473,1.229826324763582
0.5842227829234297,16.787661412573495,0.736408596,41.45650751,0.907,0.4781,0.3032666599999999,0.5130804206957906,0.5,0.0,0.0,malawi,2020,0.6779203225523911,-0.6779203225523911
2.3981407599366644,16.85286872682368,0.00368172,67.9570694,2.52,0.4656,0.4549999999999999,0.0020065374,0.625,0.0,0.0,malaysia,1996,1.6310452824688317,-1.6310452824688317
-2.123388471061227,16.902303723144577,0.00368172,79.08828735,3.2,0.4618,0.3675,0.0023286879,0.4375,0.0,0.0,malaysia,1998,2.2213201336945017,-2.2213201336945017
2.288371371964809,16.94960453314419,0.00368172,76.48282623,3.0,0.4517,0.3775,0.0022918707,0.5625,1.3862943611198906,3.0,malaysia,2000,1.6543477249518037,-0.26805336383191314
1.85488892106234,16.99782521475187,0.00368172,75.00115967,3.48,0.4435,0.4275,0.0021077847,0.6875,0.0,0.0,malaysia,2002,1.2730030116309272,-1.2730030116309272
1.9152298988803191,17.02148767097257,0.031729222,80.08899689,3.61,0.4432,0.5,0.015864611,0.625,0.0,0.0,malaysia,2003,1.7659853578538427,-1.7659853578538427
2.0519981074339437,17.044604915340127,0.00368172,80.56777191,3.54,0.4429,0.5,0.00184086,0.625,0.0,0.0,malaysia,2004,1.8156452407888277,-1.8156452407888277
1.845638119193564,17.06728221293972,0.00368172,76.25375366,3.53,0.4475,0.5,0.00184086,0.625,0.0,0.0,malaysia,2005,1.8576507374373727,-1.8576507374373727
1.8847711104760465,17.08955274719203,0.016615138,75.8026123,3.32,0.4521,0.50653334,0.008199016654299,0.625,0.0,0.0,malaysia,2006,1.87689332801118,-1.87689332801118
1.987708022953213,17.111287792561058,0.00368172,74.25193787,3.31,0.4567,0.51278334,0.0017937953214551,0.65625,0.0,0.0,malaysia,2007,1.791932619346942,-1.791932619346942
1.7633205373092686,17.132240959276174,0.014825598,74.83595276,3.34,0.448,0.52656666,0.0070189323786373,0.6875,1.0986122886681098,2.0,malaysia,2008,1.6806129648926764,-0.5820006762245666
-0.921687628791816,17.15216156068021,0.00368172,75.02427673,3.62,0.4393,0.5140666599999999,0.0017890704965448,0.625,0.6931471805599453,1.0,malaysia,2009,1.9823136681067517,-1.2891664875468063
2.1311853612969025,17.170865621286968,0.00368172,77.2140274,3.32,0.4316,0.52543334,0.0017472215634552,0.6875,0.0,0.0,malaysia,2010,1.6873025144087337,-1.6873025144087337
1.8395829494837168,17.188378421505462,0.00368172,77.59253693,3.05,0.4239,0.52543334,0.0017472215634552,0.6875,0.0,0.0,malaysia,2011,1.6913311753954732,-1.6913311753954732
1.8677098444121287,17.205405372246748,0.00368172,81.23719788,3.04,0.4162,0.5269,0.0017418217319999,0.6875,1.0986122886681098,2.0,malaysia,2012,1.6796761981195178,-0.5810639094514081
1.7393642567236005,17.222499999879854,0.001086721,80.93836212,3.14,0.4052,0.54243334,0.0004972472983218,0.6875,2.6390573296152584,13.0,malaysia,2013,1.7447633907803515,0.8942939388349069
1.9468699662833504,17.239647406598586,0.00368172,83.28363037,2.88,0.3941,0.54243334,0.0016846323234552,0.6875,2.5649493574615367,12.0,malaysia,2014,1.726661858765754,0.8382874986957827
1.806899679296724,17.25697935060338,0.000522948,81.51158142,3.1,0.3941,0.54203334,0.0002394927489136,0.6875,1.791759469228055,5.0,malaysia,2015,1.7523612496339207,0.039398219594134254
1.6955754974119912,17.274652455518293,0.00368172,79.82839203,3.44,0.3489,0.5427666600000001,0.0016834051325447,0.6875,2.995732273553991,19.0,malaysia,2016,1.7476069591726695,1.2481253143813213
1.9187918067958996,17.292299061369842,0.00368172,78.8863678,3.41,0.3498,0.54776666,0.0016649965325448,0.6875,1.6094379124341005,4.0,malaysia,2017,1.7784293582320054,-0.16899144579790493
1.765259248965534,17.309316534039066,0.000301526,74.4872818,3.3,0.3505,0.57503334,0.0001281384971231,0.6875,2.079441541679836,7.0,malaysia,2018,1.9153367852805836,0.1641047563992526
1.6888380914533814,17.325281198892228,0.00368172,75.32298279,3.33,0.3509,0.5769,0.001557735732,0.6875,1.0986122886681098,2.0,malaysia,2019,1.921795778963769,-0.8231834902956592
-1.8651410537213653,17.33861753081046,0.00368172,73.24594116,4.54,0.3537,0.5821,0.001538590788,0.6875,0.6931471805599453,1.0,malaysia,2020,2.0021737380982816,-1.3090265575383362
1.8648140669920124,16.55218320072916,0.633404539,34.03554153,1.665,0.4057,0.31913334,0.4312640328977697,0.5,1.9459101490553128,6.0,mali,2009,0.7674277972493434,1.1784823518059695
1.883546571184414,16.584668338749797,0.4636144805,36.71892062,8.07,0.4093,0.33256666,0.3094317611924798,0.5625,0.6931471805599453,1.0,mali,2010,0.828261143471192,-0.13511396291124667
1.3700071849830258,16.61699341985878,0.4636144805,38.74921372,6.9,0.413,0.3349,0.30834999098055,0.5625,1.6094379124341005,4.0,mali,2011,0.8421021408401917,0.7673357715939088
-0.7287069897163909,16.646193290958905,0.4636144805,38.74921372,6.351,0.4166,0.25163334,0.3469536202994201,0.1875,2.995732273553991,19.0,mali,2012,2.3520764179694185,0.6436558555845724
1.4564469578654642,16.67540111500673,0.4636144805,39.27581214,6.351,0.4202,0.29766666,0.3256119065619298,0.5,4.07753744390572,58.0,mali,2013,1.0301838044543694,3.0473536394513503
2.0152547965285037,16.707007682397915,0.4636144805,41.23491147,6.375,0.4239,0.3186,0.3159069070126999,0.5,4.248495242049359,69.0,mali,2014,1.1098695827823144,3.1386256592670447
1.979466346617413,16.738296960786123,0.4636144805,38.98922386,7.729,0.4275,0.2905,0.32893447391475,0.4375,4.804021044733257,121.0,mali,2015,1.344171505691437,3.45984953904182
1.94663318560138,16.769967088236275,0.4636144805,40.09999486,1.367,0.4312,0.2905,0.32893447391475,0.4375,4.61512051684126,100.0,mali,2016,1.3177588142594838,3.297361702581776
1.85247000045221,16.801849451539162,0.4636144805,38.54858057,7.414,0.4348,0.2775999999999999,0.3349151007132,0.375,4.962844630259907,142.0,mali,2017,1.6339566662898113,3.3288879639700957
1.769488297581824,16.833103682355677,0.293824422,37.9832691,1.62,0.4384,0.27606666,0.2127092951920294,0.375,5.10594547390058,164.0,mali,2018,1.8833397403102166,3.2226057335903637
1.7917593218947108,16.863285130331956,0.4636144805,38.74921372,3.29,0.4398,0.2728,0.3371404502196,0.375,4.941642422609304,139.0,mali,2019,1.626094639310833,3.315547783298471
-0.7743161835708496,16.89346026506804,0.4636144805,38.74921372,3.528,0.4411,0.2537,0.34599548679715,0.3125,4.934473933130692,138.0,mali,2020,1.895594700947844,3.0388792321828486
1.2048292724523793,12.912405018143357,0.005492243,97.52716064,6.798,0.2969,0.77343334,0.0012443591524183,0.8125,0.0,0.0,malta,2006,-0.5014112575088525,0.5014112575088525
1.7978080862394576,12.91589256037737,0.005275415,100.5222092,6.472,0.3005,0.77343334,0.0011952331566639,0.8125,0.0,0.0,malta,2007,-0.5224173608769314,0.5224173608769314
1.68835936515156,12.922399099037523,0.00179175,101.4230499,5.977,0.3037,0.77343334,0.000405950813055,0.8125,0.0,0.0,malta,2008,-0.5195850950259424,0.5195850950259424
-0.8734874989132064,12.929938150001266,0.00479163,99.02468492,6.896,0.3162,0.76093334,0.0011455189800557,0.75,0.0,0.0,malta,2009,-0.2154792306261628,0.2154792306261628
1.9737129598217331,12.934849966228882,0.002585859,105.1138535,6.861,0.3043,0.7602,0.0006200889882,0.75,0.0,0.0,malta,2010,-0.2818747926059155,0.2818747926059155
0.6892405154714654,12.939086964880705,0.002096037,94.1126709,6.388,0.3185,0.7452,0.0005340702276,0.75,0.0,0.0,malta,2011,-0.24991131608046424,0.24991131608046424
1.6295687058778792,12.94807903549492,0.001870947,95.51699829,6.203,0.3266,0.7452,0.0004767172956,0.75,0.0,0.0,malta,2012,-0.2585085865037615,0.2585085865037615
1.9868236263394643,12.959399643113215,0.000296661,96.26006317,6.115,0.3289,0.7452,7.55892228e-05,0.75,0.0,0.0,malta,2013,-0.25719436693781983,0.25719436693781983
2.1554025004928965,12.979605551849302,0.0,96.23097992,5.737,0.3356,0.7584333400000001,0.0,0.8125,0.6931471805599453,1.0,malta,2014,-0.49654092475648315,1.1896881053164283
2.362805224356422,13.004077465326793,0.00084378,95.15711975,5.389,0.3456,0.7584333400000001,0.0002038291163747,0.8125,0.6931471805599453,1.0,malta,2015,-0.4767432332993824,1.1698904138593278
1.624918184148724,13.026966393832666,0.001135259,94.97657013,4.694,0.332,0.7584333400000001,0.0002742407248649,0.8125,0.0,0.0,malta,2016,-0.46863606008981606,0.46863606008981606
2.637008267434785,13.05431363246226,0.001648642,103.1384125,4.008,0.341,0.70683334,0.0004833268686757,0.8125,1.3862943611198906,3.0,malta,2017,-0.6925243085690502,2.078818669688941
2.1028180197645465,13.089641818917942,0.001592334,104.6425095,3.956,0.3253,0.7022333399999999,0.0004741439767844,0.8125,0.0,0.0,malta,2018,-0.7023757085150193,0.7023757085150193
1.626306007021391,13.130158913105504,0.003046818,104.5057297,4.08,0.3485,0.6705,0.001003926531,0.8125,0.0,0.0,malta,2019,-0.7750127890471032,0.7750127890471032
-1.4945393344021105,13.15287512350886,0.003938395,102.9240112,4.856,0.3485,0.6637000000000001,0.0013244822384999,0.8125,0.0,0.0,malta,2020,-0.7442662274874257,0.7442662274874257
0.0933773257721609,15.004709463716566,0.1096360465,20.00699043,10.336,0.4079,0.31356666,0.0752578375833903,0.5625,1.791759469228055,5.0,mauritania,2009,0.5868611000167785,1.2048983692112765
1.286537416369894,15.036625394516664,0.1096360465,20.42440033,10.336,0.4061,0.3032333399999999,0.0763907419354096,0.5625,0.6931471805599453,1.0,mauritania,2010,0.552614775779899,0.14053240478004625
1.6434108953051798,15.069076632455102,0.1096360465,22.7523098,10.336,0.4043,0.2753,0.07945324289855,0.4375,1.3862943611198906,3.0,mauritania,2011,1.047082578214099,0.3392117829057917
1.6992810281311646,15.101717973678998,0.1096360465,27.06389644,9.864,0.4024,0.2753,0.07945324289855,0.4375,0.0,0.0,mauritania,2012,1.0349099886126845,-1.0349099886126845
1.6391546031814723,15.133076030607777,0.1096360465,30.26204191,10.336,0.4006,0.2753,0.07945324289855,0.4375,0.0,0.0,mauritania,2013,1.0355717180363002,-1.0355717180363002
1.6629451788957823,15.163197917571363,0.117057048,30.69882329,10.336,0.3987,0.2753,0.0848312426856,0.4375,0.0,0.0,mauritania,2014,1.0362761310208004,-1.0362761310208004
1.8525941460010105,15.193258502282324,0.1096360465,31.19630754,10.336,0.3976,0.2739,0.07960673336365,0.4375,0.0,0.0,mauritania,2015,1.0539149013868554,-1.0539149013868554
0.8157670469791443,15.2232380790842,0.1096360465,32.18758704,10.336,0.3964,0.2739,0.07960673336365,0.4375,0.0,0.0,mauritania,2016,1.0734423498364567,-1.0734423498364567
1.9838313463628572,15.253115950814408,0.1096360465,31.75656968,10.336,0.3952,0.27796666,0.0791608808387903,0.4375,0.0,0.0,mauritania,2017,1.094816336019532,-1.094816336019532
1.7530487265643826,15.282851584162232,0.1096360465,35.52934256,10.336,0.394,0.27296666,0.0797090610712903,0.4375,0.6931471805599453,1.0,mauritania,2018,1.0724946310403047,-0.37934745048035945
1.42093848616138,15.312386307238194,0.102215045,37.57937099,10.416,0.3929,0.23613334,0.0780786650258997,0.375,0.0,0.0,mauritania,2019,1.2575006997945573,-1.2575006997945573
-0.3079679535502655,15.341595556699785,0.1096360465,36.02770301,10.336,0.3929,0.26613334,0.0804582392605596,0.375,0.0,0.0,mauritania,2020,1.3930452565271216,-1.3930452565271216
1.8852261215368944,13.941259117763687,0.010737179,88.72229004,7.447,0.4509,0.6575,0.0036774838075,0.9375,0.0,0.0,mauritius,1996,-0.8199003606362718,0.8199003606362718
1.956134866306352,13.96429429002933,0.010737179,88.72229004,7.447,0.4509,0.6575,0.0036774838075,0.9375,0.0,0.0,mauritius,1998,-0.8081347277967248,0.8081347277967248
2.219506889001319,13.986833517999624,0.010737179,88.72229004,7.447,0.4509,0.645,0.0038116985449999,0.875,0.0,0.0,mauritius,2000,-0.5452889487837653,0.5452889487837653
0.9612329914881655,14.00167638274891,0.010737179,82.4172287,8.205,0.4509,0.645,0.0038116985449999,0.875,0.0,0.0,mauritius,2002,-0.4836853832722443,0.4836853832722443
1.9352023805457976,14.008912994419005,0.010737179,85.57759094,5.904,0.4509,0.635,0.0039190703349999,0.875,0.0,0.0,mauritius,2003,-0.5569441454608317,0.5569441454608317
1.6733549633115277,14.01518402909075,0.010737179,86.34352875,8.337,0.4509,0.65,0.0037580126499999,0.875,0.0,0.0,mauritius,2004,-0.48776689424984654,0.48776689424984654
1.0215667311605734,14.021105020855094,0.010737179,88.63310242,9.524,0.4509,0.65,0.0037580126499999,0.875,0.0,0.0,mauritius,2005,-0.4844750427321205,0.4844750427321205
1.7690953350834702,14.0257690523262,0.011172141,86.69441986,9.04,0.4509,0.6394333400000001,0.004028301565419,0.8125,0.0,0.0,mauritius,2006,-0.22132261012777144,0.22132261012777144
1.9061316813001343,14.030324312650151,0.010737179,86.7215271,8.475,0.4574,0.6394333400000001,0.0038714687698521,0.8125,0.0,0.0,mauritius,2007,-0.219561542804122,0.219561542804122
1.8542588098370316,14.03394061821219,0.010737179,86.2219162,7.17,0.4639,0.6394333400000001,0.0038714687698521,0.8125,0.0,0.0,mauritius,2008,-0.2186351778417579,0.2186351778417579
1.462115168640379,14.036595992809012,0.010737179,86.65670013,7.257,0.4703,0.6394333400000001,0.0038714687698521,0.8125,0.0,0.0,mauritius,2009,-0.21192394710196605,0.21192394710196605
1.6821683919803594,14.038974857833166,0.010737179,86.90731049,7.654,0.4768,0.6394333400000001,0.0038714687698521,0.8125,0.0,0.0,mauritius,2010,-0.20810794658264675,0.20810794658264675
1.6248265114408538,14.040576260761137,0.010737179,88.72229004,7.447,0.4833,0.6394333400000001,0.0038714687698521,0.8125,0.0,0.0,mauritius,2011,-0.21499592724094918,0.21499592724094918
1.503214438979723,14.043349468805042,0.010737179,92.10943897,7.472,0.4898,0.64056666,0.0038593001101478,0.8125,0.0,0.0,mauritius,2012,-0.2244413131599694,0.2244413131599694
1.4725651952253125,14.045771123146537,0.010737179,93.79828644,7.322,0.4853,0.6403000000000001,0.0038621632862999,0.8125,0.0,0.0,mauritius,2013,-0.23712614569006174,0.23712614569006174
1.5742189043281698,14.047581342688476,0.010737179,97.07535326,7.467,0.4808,0.6403000000000001,0.0038621632862999,0.8125,0.0,0.0,mauritius,2014,-0.25794533858485513,0.25794533858485513
1.545551318265956,14.048905384942229,0.010737179,93.96819847,7.41,0.4764,0.6160333400000001,0.0041227187584521,0.8125,0.0,0.0,mauritius,2015,-0.32687441001051165,0.32687441001051165
1.5815461820338044,14.049592466724071,0.010737179,94.43625456,6.814,0.4719,0.6160333400000001,0.0041227187584521,0.8125,0.0,0.0,mauritius,2016,-0.3357906158851911,0.3357906158851911
1.5969571114522396,14.05049413867467,0.005401916,92.5403345,6.752,0.4674,0.61563334,0.0020763164105205,0.8125,0.0,0.0,mauritius,2017,-0.32090004313186626,0.32090004313186626
1.610785118943751,14.05103949278502,0.010737179,91.41713586,6.426,0.4674,0.61563334,0.0041270136300521,0.8125,0.0,0.0,mauritius,2018,-0.32390111290902124,0.32390111290902124
1.3587394354733686,14.051361823173297,0.010737179,93.13549687,6.331,0.4674,0.61563334,0.0041270136300521,0.8125,0.0,0.0,mauritius,2019,-0.3320042754130934,0.3320042754130934
-2.7438379868305254,14.0513847299573,0.010737179,89.50199984,8.626,0.4674,0.6151,0.0041327401971,0.8125,0.0,0.0,mauritius,2020,-0.25948317029760637,0.25948317029760637
1.9766190745336023,18.34220775279564,0.21694376,87.82650757,5.465,0.5445,0.2525,0.1621654606,0.1875,4.330733340286331,75.0,mexico,1996,3.414905819575912,0.915827520710419
1.972006504996048,18.375424411438285,0.218923399,87.82650757,3.733,0.5445,0.38,0.13573250738,0.375,1.0986122886681098,2.0,mexico,1998,2.986003679574001,-1.887391390905891
1.796628263058685,18.406840944212185,0.163460306,71.11958313,2.646,0.5445,0.4049999999999999,0.09725888207,0.5,1.6094379124341005,4.0,mexico,2000,2.6763146632661945,-1.066876750832094
-0.2123559756854292,18.436048305770985,0.128046233,75.14829254,3.003,0.5445,0.4349999999999999,0.072346121645,0.625,0.0,0.0,mexico,2002,2.256425078139268,-2.256425078139268
0.7818651645088139,18.45003094191328,0.095631905,78.55419159,3.455,0.5702,0.4349999999999999,0.054032026325,0.625,0.6931471805599453,1.0,mexico,2003,2.300926905597896,-1.6077797250379504
1.5185151159525592,18.463684024936597,0.110482373,79.78270721,3.937,0.5959,0.4349999999999999,0.062422540745,0.625,0.6931471805599453,1.0,mexico,2004,2.2889061832766,-1.5957590027166546
1.1356662734676468,18.477169814387544,0.116611906,80.63053894,3.558,0.5914,0.43,0.06646878642,0.625,0.6931471805599453,1.0,mexico,2005,2.2628997968443576,-1.5697526162844122
1.7587219453796978,18.490707306330087,0.09043004,82.70139313,3.566,0.5869,0.41613334,0.0527990854184664,0.5,2.079441541679836,7.0,mexico,2006,2.8345605871176875,-0.7551190454378514
1.1242358284616667,18.50478621204216,0.095631905,84.08870697,3.628,0.6184,0.41488334,0.0559558208430372,0.53125,2.3978952727983707,10.0,mexico,2007,2.6970787559163236,-0.29918348311795295
0.6644039550902315,18.519387775191547,0.10083377,86.0763092,3.874,0.6499,0.4643666599999999,0.0540099290098918,0.5625,2.19722457733622,8.0,mexico,2008,2.7359570004353397,-0.5387324230991197
-1.9872235279236448,18.53400694711343,0.095631905,85.94232178,5.356,0.6354,0.45186666,0.0524190354982127,0.5,0.6931471805599453,1.0,mexico,2009,3.031444770350742,-2.3382975897907965
1.786970450662532,18.548404394243097,0.084090826,87.27292633,5.303,0.6208,0.4528666599999999,0.0460088944927388,0.5,1.791759469228055,5.0,mexico,2010,3.0081632840909007,-1.2164038148628458
1.49156501078989,18.562557882504613,0.095631905,88.38008881,5.175,0.6293,0.4528666599999999,0.0523234035932127,0.5,1.0986122886681098,2.0,mexico,2011,2.998625334684787,-1.9000130460166773
1.5158326456392852,18.57612951518002,0.072911414,90.69361877,4.892,0.6379,0.4526666599999999,0.0399068477487427,0.5,2.833213344056216,16.0,mexico,2012,3.028830159154727,-0.1956168150985107
0.6163209721934706,18.58910259587221,0.095631905,93.26230621,4.921,0.6349,0.45273334,0.0523361532387873,0.5,2.19722457733622,8.0,mexico,2013,2.993700346102429,-0.796475768766209
1.2538376773602875,18.60120286606772,0.071985234,97.31968689,4.819,0.6319,0.4511999999999999,0.0395054964192,0.5,1.791759469228055,5.0,mexico,2014,2.998398588821642,-1.206639119593587
1.308960575543184,18.61189850359447,0.095631905,100.9822693,4.311,0.6298,0.42866666,0.0546376956942127,0.5,2.995732273553991,19.0,mexico,2015,2.8621524063654222,0.13357986718856862
1.0197470012853982,18.621589745562805,0.044368929,102.8713684,3.853,0.6277,0.40646666,0.0263344386215928,0.5,2.079441541679836,7.0,mexico,2016,2.854627542766308,-0.775186001086472
1.0549141247825649,18.63094213945166,0.095631905,105.1101837,3.419,0.6414,0.41106666,0.0563208172222127,0.5,3.1780538303479458,23.0,mexico,2017,2.7891386395826823,0.3889151907652635
1.089262748950466,18.640408162925173,0.038940405,105.964653,3.275,0.6551,0.4221,0.0225036600494999,0.5625,3.332204510175204,27.0,mexico,2018,2.6240209310090252,0.7081835791661786
-0.3312374913614162,18.649909606147578,0.095631905,105.5156097,3.477,0.6357,0.42143334,0.0553294318652873,0.5625,3.4657359027997265,31.0,mexico,2019,2.546972047303818,0.9187638554959086
-2.23580775632487,18.65811414725824,0.042560346,102.581543,4.378,0.6163,0.4213,0.0246296722302,0.5625,2.6390573296152584,13.0,mexico,2020,2.6617544329239893,-0.02269710330873087
-1.9281912766217997,14.896398019214196,0.008351476,95.65076385,2.433,0.3662,0.3125,0.00574163975,0.3125,1.0986122886681098,2.0,moldova,1996,1.3748561772625578,-0.27624388859444804
-2.020512866159709,14.892295691361738,0.319057206,95.65076385,2.433,0.3576,0.2875,0.227328259275,0.1875,0.0,0.0,moldova,1998,1.386162372489448,-1.386162372489448
1.1338880776248204,14.888691869851584,0.409976389,95.65076385,8.539,0.3521,0.2375,0.3126069966124999,0.1875,0.6931471805599453,1.0,moldova,2000,1.0626245029128527,-0.3694773223529074
2.174751682620524,14.884139814418027,0.199295496,95.65076385,6.845,0.3542,0.155,0.1684046941199999,0.25,0.0,0.0,moldova,2002,0.7833993654941749,-0.7833993654941749
2.0281482417659698,14.881323790433433,0.100319958,95.65076385,6.378,0.3575,0.1425,0.0860243639849999,0.1875,0.0,0.0,moldova,2003,1.195669197828191,-1.195669197828191
2.128231674182601,14.878849319746225,0.115521862,95.65076385,6.374,0.3559,0.1925,0.093283903565,0.3125,0.0,0.0,moldova,2004,0.7512560951487319,-0.7512560951487319
2.1400661810256825,14.876416133469167,0.165806637,95.65076385,5.633,0.3614,0.205,0.131816276415,0.375,0.0,0.0,moldova,2005,0.41494403930763946,-0.41494403930763946
1.757857889448925,14.873636906750551,0.03403654,95.65076385,4.26,0.3629,0.30666666,0.0235986679602436,0.5,0.6931471805599453,1.0,moldova,2006,0.38499485600225525,0.30815232455769004
1.386294417619889,14.871319724307074,0.015820829,95.65076385,2.749,0.3668,0.30666666,0.0109691082121388,0.5,0.0,0.0,moldova,2007,0.40862172940400365,-0.40862172940400365
2.1747517379614334,14.869416233408062,0.016971195,95.65076385,2.097,0.3697,0.30666666,0.0117666953131413,0.5,0.0,0.0,moldova,2008,0.39590543674593925,-0.39590543674593925
-1.9459101867695985,14.868153599931352,0.014702772,95.65076385,3.024,0.3726,0.285,0.01051248198,0.5,0.6931471805599453,1.0,moldova,2009,0.3689577832388876,0.32418939732105767
2.091864074888269,14.867155270539788,0.008351476,87.98113499,2.972,0.3628,0.28386666,0.0059807704018098,0.5,0.0,0.0,moldova,2010,0.3753625358297056,-0.3753625358297056
1.9195905422952984,14.866576908093112,0.004649463,87.71937269,2.677,0.3604,0.30553334,0.0032288970404035,0.5,0.0,0.0,moldova,2011,0.45701829249048675,-0.45701829249048675
-0.4635666783325637,14.86644581270355,0.005213617,88.19586867,2.189,0.3551,0.29296666,0.0036862010409907,0.4375,0.6931471805599453,1.0,moldova,2012,0.722833100461496,-0.029685919901550673
2.306962060779695,14.866177975102444,0.00147605,88.33604943,1.894,0.3528,0.29296666,0.001043616561507,0.4375,0.0,0.0,moldova,2013,0.6983796426062933,-0.6983796426062933
1.7916971096170682,14.86556825471363,4.99e-05,104.382597,1.45,0.3509,0.29296666,3.5280963666e-05,0.4375,0.0,0.0,moldova,2014,0.6072598833804667,-0.6072598833804667
-0.2913520463517023,14.857897761811254,0.000549451,105.0697056,1.781,0.3533,0.26566666,0.0004034801879963,0.375,0.0,0.0,moldova,2015,0.8226647780551427,-0.8226647780551427
1.7309498737529645,14.846267542156378,0.0016489,106.0471549,1.591,0.346,0.2684,0.00120633524,0.375,0.6931471805599453,1.0,moldova,2016,0.7941027923940117,-0.10095561183406643
1.6439576028826397,14.82899696370838,0.000612444,94.35363671,1.622,0.3458,0.3229333399999999,0.000414665413517,0.375,0.0,0.0,moldova,2017,1.0474424742496389,-1.0474424742496389
1.6244438512468198,14.81142692593432,0.000182387,95.91591923,1.239,0.3463,0.334,0.0001214697419999,0.5,0.0,0.0,moldova,2018,0.4721779177737705,-0.4721779177737705
1.5156356937846338,14.795423766535375,0.000286451,95.65076385,1.502,0.3507,0.33333334,0.0001909673314236,0.5,0.0,0.0,moldova,2019,0.4677041688261726,-0.4677041688261726
-2.2274280821762376,14.78444345409185,0.000160786,96.17333747,1.206,0.3505,0.32103334,0.0001091683333947,0.4375,0.0,0.0,moldova,2020,0.7463517404794403,-0.7463517404794403
2.096489172185425,13.330800923551056,0.004039225,92.52252197,19.4,0.337,0.4139,0.0023673897724999,0.5625,0.6931471805599453,1.0,montenegro,2007,-0.22700523691445507,0.9201524174744004
2.0666855676994915,13.332575679339133,0.003104462,93.03117371,17.15,0.348,0.4111000000000001,0.0018282176718,0.5625,0.0,0.0,montenegro,2008,-0.2449426926540812,0.2449426926540812
-1.9451167808505427,13.334720968824652,0.0,95.6065979,19.09,0.3487,0.4111000000000001,0.0,0.5625,0.0,0.0,montenegro,2009,-0.20373880839534952,0.20373880839534952
1.3285587344011065,13.336553364927983,0.0,98.99609375,19.649,0.3535,0.40763334,0.0,0.5625,0.0,0.0,montenegro,2010,-0.2596806990476419,0.2596806990476419
1.4838266440869072,13.33803266587731,0.003603862,93.17089081,19.759,0.3597,0.40683334,0.0021376907856409,0.5625,0.0,0.0,montenegro,2011,-0.230366917631607,0.230366917631607
-1.249136064939388,13.339760851592086,0.035517985,92.61306,19.808,0.3622,0.40616666,0.0210917636626199,0.5625,0.0,0.0,montenegro,2012,-0.24969927699688377,0.24969927699688377
1.4784462599375454,13.341640262791692,0.035500725,92.44019699,19.585,0.356,0.40543334,0.0211075474908285,0.5625,1.0986122886681098,2.0,montenegro,2013,-0.28091511338262354,1.3795274020507333
1.2150044093023773,13.343496909983672,0.019303474,92.44019699,18.054,0.351,0.41793334,0.0112359086375768,0.625,0.0,0.0,montenegro,2014,-0.5180491505617837,0.5180491505617837
1.259330878192655,13.344949973647854,0.036147055,91.86341095,17.555,0.3768,0.4059,0.0214749653754999,0.5625,0.6931471805599453,1.0,montenegro,2015,-0.2739629210422012,0.9671101016021465
1.4904979725470149,13.346073168374602,0.033178472,90.55751801,17.732,0.3694,0.40396666,0.0197754754822564,0.5625,0.0,0.0,montenegro,2016,-0.27320060165607685,0.27320060165607685
1.4390492854682513,13.34707849316397,0.046466625,90.60222626,16.082,0.35,0.4037666599999999,0.0277049510222775,0.5625,0.0,0.0,montenegro,2017,-0.31450721126727155,0.31450721126727155
1.7462251973341534,13.347806682257024,0.039086416,91.44426727,15.19,0.354,0.4266,0.0224121509344,0.625,1.3862943611198906,3.0,montenegro,2018,-0.5305530883136005,1.916847449433491
1.685271588332777,13.34830939813021,0.024932585,91.84033203,15.128,0.3509,0.426,0.01431130379,0.625,0.0,0.0,montenegro,2019,-0.5147263237282889,0.5147263237282889
-2.7721272845437808,13.348049294166945,0.022432581,92.35787201,17.878,0.3507,0.4143,0.0131387626917,0.5625,0.0,0.0,montenegro,2020,-0.1990242668473059,0.1990242668473059
2.593228496623226,17.104214937039334,0.130840754,38.16819,17.76,0.4758,0.45,0.0719624147,0.375,1.0986122886681098,2.0,morocco,1996,3.0182677836036413,-1.9196554949355316
2.1088246824986703,17.134110407276946,0.174938313,37.51914978,19.12,0.4758,0.4875,0.0896558854125,0.5625,0.0,0.0,morocco,1998,2.2273522612070162,-2.2273522612070162
1.275971809063267,17.16272457409942,0.16794082,39.69248962,13.58,0.4758,0.4075,0.09950493585,0.4375,0.0,0.0,morocco,2000,2.522337849803503,-2.522337849803503
1.5539669299630487,17.189615669325796,0.130840754,43.09690857,11.59,0.4758,0.415,0.0765418410899999,0.5,0.0,0.0,morocco,2002,2.288226481987434,-2.288226481987434
1.970059359674172,17.202318777053467,0.130840754,44.65143967,11.92,0.4758,0.415,0.0765418410899999,0.625,1.791759469228055,5.0,morocco,2003,1.6898191155989546,0.10194035362910037
1.717642808703256,17.21514067878118,0.130840754,47.3964386,10.83,0.4758,0.3525,0.084719388215,0.5625,0.0,0.0,morocco,2004,1.7508110106391999,-1.7508110106391999
1.433237518240524,17.228575408493263,0.130840754,49.15478897,11.01,0.4758,0.3125,0.089953018375,0.5625,0.0,0.0,morocco,2005,1.6090956562340006,-1.6090956562340006
2.1737079963106734,17.242089063106253,0.093740688,52.22581863,9.67,0.4758,0.33016666,0.0627906381369379,0.5625,0.0,0.0,morocco,2006,1.7037766934964054,-1.7037766934964054
1.4908948355945777,17.255494872813347,0.130840754,55.34585953,9.56,0.4758,0.33016666,0.0876414992599383,0.5625,1.9459101490553128,6.0,morocco,2007,1.6407248292181276,0.3051853198371852
1.8997973021214356,17.268881832839664,0.130840754,57.66656113,9.57,0.4758,0.33003334,0.0876589429492616,0.5625,0.0,0.0,morocco,2008,1.6300559058235602,-1.6300559058235602
1.5572535687589657,17.2822078422387,0.130840754,60.74182129,8.96,0.4758,0.31753334,0.0892944523742616,0.5,0.0,0.0,morocco,2009,1.8712905552058787,-1.8712905552058787
1.5039789683768026,17.29573527044085,0.130840754,63.07579832,9.09,0.4758,0.32193334,0.0887187530566616,0.5,0.0,0.0,morocco,2010,1.8818874986944418,-1.8818874986944418
1.8755865813091763,17.30936578692281,0.130840754,66.02552848,8.91,0.4758,0.33136666,0.0874844903551383,0.4375,0.6931471805599453,1.0,morocco,2011,2.1980364497301474,-1.504889269170202
1.4017600693771148,17.3227254993835,0.130840754,68.73587263,8.99,0.4758,0.33296666,0.0872751451487383,0.4375,0.0,0.0,morocco,2012,2.200038220539299,-2.200038220539299
1.6335865466560395,17.335603600530163,0.036758679,56.50621033,9.23,0.4758,0.3279666599999999,0.0247030578223578,0.4375,0.0,0.0,morocco,2013,2.4067991211011215,-2.4067991211011215
1.3135204433351886,17.347875987584015,0.130840754,56.50621033,9.7,0.4758,0.3275,0.087990407065,0.4375,0.0,0.0,morocco,2014,2.2710987149665627,-2.2710987149665627
1.676083520104842,17.359583551237606,0.130840754,56.50621033,9.46,0.4758,0.3319,0.0874147077474,0.4375,0.6931471805599453,1.0,morocco,2015,2.2881706757959654,-1.59502349523602
0.4194899690223686,17.371528623522256,0.130840754,56.50621033,9.3,0.4758,0.33763334,0.0866645532188616,0.4375,0.0,0.0,morocco,2016,2.3259561981777717,-2.3259561981777717
1.801362901965233,17.383532056823462,0.130840754,78.21572495,9.62,0.4758,0.3383,0.0865773269218,0.4375,0.0,0.0,morocco,2017,2.1963836435660706,-2.1963836435660706
1.4025714993132798,17.394568477521982,0.130840754,78.47091959,9.62,0.4758,0.3391,0.0864726543186,0.4375,0.6931471805599453,1.0,morocco,2018,2.2074738170372274,-1.514326636477282
1.3586597074740543,17.404870708829375,0.130840754,79.3440513,9.62,0.4758,0.33983334,0.0863767035600616,0.4375,0.0,0.0,morocco,2019,2.2109438255195326,-2.2109438255195326
-2.101472987480366,17.415127257183656,0.130840754,80.30879965,9.62,0.4758,0.33943334,0.0864290398616616,0.4375,0.0,0.0,morocco,2020,2.2421835636697587,-2.2421835636697587
2.459239291829347,16.618415138039694,0.876932026,22.98901939,3.426,0.6159,0.4049999999999999,0.52177455547,0.5,0.0,0.0,mozambique,1996,0.9403395352156925,-0.9403395352156925
2.4309108032853,16.668553345566107,0.816315922,22.98901939,3.426,0.6044,0.4049999999999999,0.48570797359,0.5,0.0,0.0,mozambique,1998,1.0539507018773968,-1.0539507018773968
0.5688501374997884,16.71305949815841,0.816315922,5.94095993,3.426,0.5929,0.4049999999999999,0.48570797359,0.5,1.3862943611198906,3.0,mozambique,2000,1.189181442906138,0.19711291821375254
2.367295975557783,16.757754445468333,0.875660778,8.230759621,3.426,0.5814,0.4049999999999999,0.5210181629099999,0.5,0.0,0.0,mozambique,2002,1.0856761028312942,-1.0856761028312942
2.1062904699447484,16.780395713754544,0.816315922,22.98901939,3.426,0.5765,0.3924999999999999,0.495911922615,0.4375,0.0,0.0,mozambique,2003,1.3512027394651467,-1.3512027394651467
2.219714760722106,16.803226486308663,0.816315922,10.55980015,3.426,0.5715,0.38,0.50611587164,0.375,0.0,0.0,mozambique,2004,1.6819209313715306,-1.6819209313715306
1.989520086334744,16.82635654182831,0.816315922,12.95458984,3.426,0.5666,0.4049999999999999,0.48570797359,0.5,0.0,0.0,mozambique,2005,1.1810781659950995,-1.1810781659950995
2.3897419031410947,16.84984258268378,0.816315922,15.21630001,3.426,0.5617,0.47353334,0.4297631169601605,0.75,0.0,0.0,mozambique,2006,0.2473125780039387,-0.2473125780039387
2.1574846289058525,16.87363699265845,0.816315922,17.91374016,3.426,0.5568,0.45561666,0.4443887881135395,0.65625,0.6931471805599453,1.0,mozambique,2007,0.6210388387281685,0.07210834183177683
2.064077799753721,16.898293403573092,0.811276299,20.17200089,3.426,0.5519,0.43826666,0.4557209451001086,0.625,0.0,0.0,mozambique,2008,0.7091738607332996,-0.7091738607332996
1.9357114436097296,16.924202966776186,0.816315922,22.98901939,3.426,0.5669,0.42576666,0.4687558183852394,0.6875,0.0,0.0,mozambique,2009,0.3637076597072785,-0.3637076597072785
2.03858430656468,16.95097155595041,0.816315922,25.12088385,3.426,0.582,0.41933334,0.4740074399325605,0.625,0.0,0.0,mozambique,2010,0.6456598589757341,-0.6456598589757341
2.096059990026241,16.978833080112167,0.816315922,26.01575788,3.426,0.5971,0.3485,0.531829823183,0.5625,0.0,0.0,mozambique,2011,0.6898342785767825,-0.6898342785767825
2.1966136308575317,17.007543186393512,0.816315922,25.64461651,3.426,0.6121,0.34836666,0.5319386707480395,0.5625,0.6931471805599453,1.0,mozambique,2012,0.7144252215340836,-0.021278040974138324
2.0243798263628547,17.036448734722097,0.816315922,34.44390869,3.426,0.6272,0.2826333399999999,0.5855978264699606,0.4375,2.9444389791664403,18.0,mozambique,2013,1.0315947476553402,1.9128442315111
2.1636182059985813,17.06543828343991,0.74387798,33.95458984,3.426,0.6423,0.2769,0.537898167338,0.4375,3.1354942159291497,22.0,mozambique,2014,1.1495994497618,1.9858947661673496
2.12740918898452,17.09444888904447,0.816315922,34.52856064,3.426,0.6338,0.29816666,0.5729177300324396,0.4375,2.19722457733622,8.0,mozambique,2015,1.1244713588236552,1.0727532185125648
1.739938007665477,17.123755531426173,0.816315922,22.98901939,3.426,0.6253,0.26013334,0.6039649347149606,0.375,4.382026634673881,79.0,mozambique,2016,1.358705493141587,3.0233211415322945
1.2914910803955169,17.153640123139063,0.816315922,37.24119186,3.426,0.6169,0.27263334,0.5937609856899605,0.4375,2.772588722239781,15.0,mozambique,2017,1.041452069102379,1.7311366531374022
1.500723339097128,17.183449112393617,0.816315922,22.98901939,3.426,0.6084,0.2714999999999999,0.594686149177,0.4375,4.189654742026425,65.0,mozambique,2018,1.130070450742129,3.0595842912842963
1.199306116657797,17.21284652729384,0.816315922,22.98901939,3.426,0.5999,0.25766666,0.6059785248734395,0.375,4.897839799950911,133.0,mozambique,2019,1.3883251467779185,3.5095146531729924
-0.797292082658907,17.24249552974581,0.816315922,22.98901939,3.426,0.5965,0.25673334,0.6067404088497605,0.375,5.3981627015177525,220.0,mozambique,2020,1.417786916745711,3.9803757847720416
2.007235748255736,17.58030562268296,0.142534634,48.75295067,1.0615,0.5036,0.01,0.14110928766,0.0,2.6390573296152584,13.0,myanmar,1996,3.326969923224114,-0.6879125936088557
1.926612739266702,17.60554204950138,0.142534634,48.75295067,1.0615,0.5036,0.01,0.14110928766,0.0,0.0,0.0,myanmar,1998,3.341359832821815,-3.341359832821815
2.690967150482724,17.62861540666009,0.142534634,39.31932068,1.0615,0.5036,0.0199999999999999,0.13968394132,0.0,0.0,0.0,myanmar,2000,3.437560040094179,-3.437560040094179
2.5669100056725105,17.649196902925727,0.142534634,41.84844971,1.0615,0.5036,0.01,0.14110928766,0.0,1.6094379124341005,4.0,myanmar,2002,3.399355320907933,-1.7899174084738325
2.6975955336860684,17.658551970413296,0.142534634,42.17958069,1.0615,0.5036,0.01,0.14110928766,0.0,2.302585092994046,9.0,myanmar,2003,3.4012262979062484,-1.0986412049122025
2.678598157735068,17.667120345478605,0.142534634,45.02827835,1.0615,0.5036,0.005,0.1418219608299999,0.0,1.0986122886681098,2.0,myanmar,2004,3.371496102695591,-2.272883814027481
2.6788925530942125,17.674941868552963,0.142534634,45.69324875,1.0615,0.5036,0.005,0.1418219608299999,0.0,2.19722457733622,8.0,myanmar,2005,3.3718167031179904,-1.1745921257817704
2.6444784217636097,17.682225186759773,0.142534634,47.54376984,1.0615,0.5036,0.0993,0.1283809448438,0.3125,1.0986122886681098,2.0,myanmar,2006,2.2158793691870926,-1.1172670805189828
2.564290312646896,17.689313264857518,0.142534634,47.37081146,1.0615,0.5036,0.09305,0.1292717863062999,0.28125,1.3862943611198906,3.0,myanmar,2007,2.3477550164065706,-0.96146065528668
2.4208396077089303,17.69482014698372,0.142534634,49.97901154,1.0615,0.5036,0.0743,0.1319443106938,0.1875,3.044522437723423,20.0,myanmar,2008,2.715615142378744,0.328907295344679
2.44668622484628,17.70037734862474,0.142534634,49.9621315,1.0615,0.5036,0.0743,0.1319443106938,0.1875,2.70805020110221,14.0,myanmar,2009,2.7184697669105082,-0.01041956580829817
2.364097739411659,17.70782834455188,0.142534634,50.86639023,1.0615,0.5036,0.0743,0.1319443106938,0.1875,2.4849066497880004,11.0,myanmar,2010,2.717972304485354,-0.23306565469735352
1.8857782667692435,17.7158621365028,0.142534634,48.75295067,1.0615,0.5036,0.0743,0.1319443106938,0.1875,1.0986122886681098,2.0,myanmar,2011,2.739236310745228,-1.6406240220771184
2.1201839866761114,17.72427720721495,0.142534634,48.75295067,1.0615,0.5036,0.09566666,0.1288988216308975,0.25,2.8903717578961645,17.0,myanmar,2012,2.5206291579400295,0.369742599956135
2.2434719372433114,17.732772993574855,0.142534634,48.75295067,1.0615,0.5036,0.1200666599999999,0.1254209765612975,0.25,2.9444389791664403,18.0,myanmar,2013,2.6110603496342693,0.333378629532171
2.21592719417819,17.74107417414387,0.142534634,57.11785126,3.868,0.5036,0.1169999999999999,0.125858081822,0.25,2.833213344056216,16.0,myanmar,2014,2.57318133078459,0.2600320132716263
2.0785461772106752,17.749080883512836,0.182406984,48.75295067,0.766,0.5036,0.14176666,0.1565477551176465,0.3125,3.6375861597263857,37.0,myanmar,2015,2.3349204631145035,1.3026656966118821
1.926067860015474,17.757008808745127,0.142534634,67.7588501,1.0615,0.4621,0.23216666,0.1094428440898975,0.4375,4.31748811353631,74.0,myanmar,2016,2.000904728604842,2.316583384931468
1.965167563884637,17.764731828930408,0.102662284,72.34574127,1.356,0.4211,0.22553334,0.0795085161974514,0.375,4.762173934797756,116.0,myanmar,2017,2.2938809801127125,2.468292954685044
1.983599775170832,17.77197615722557,0.142534634,77.01914978,0.767,0.4204,0.20386666,0.1134765742320975,0.375,3.713572066704308,40.0,myanmar,2018,2.1252337744452534,1.5883382922590545
2.0253957874846966,17.779000408719135,0.142534634,48.75295067,0.407,0.4204,0.202,0.113742637932,0.375,4.51085950651685,90.0,myanmar,2019,2.285512847051791,2.2253466594650586
-2.307408161278613,17.786114177647974,0.142534634,48.75295067,1.476,0.4204,0.17693334,0.1173155051407024,0.375,4.189654742026425,65.0,myanmar,2020,2.247633234514942,1.942021507511483
1.4330167462880516,14.313921841698251,0.385901219,58.38235092,20.0885,0.7432,0.54,0.17751456074,0.75,0.0,0.0,namibia,1996,-0.2713699047838083,0.2713699047838083
1.4566562732761923,14.36521799130837,0.385901219,59.61719894,20.0885,0.7344,0.4375,0.2170694356875,0.4375,0.0,0.0,namibia,1998,0.8546228163545171,-0.8546228163545171
1.5023388561677444,14.413603925855032,0.385901219,63.71934128,20.3,0.7256,0.3725,0.2421530149225,0.0625,3.091042453358316,21.0,namibia,2000,2.3976303604210853,0.6934120929372307
1.7559010418781122,14.452072043002762,0.385901219,66.1111908,20.0885,0.7169,0.3424999999999999,0.2537300514925,0.4375,0.0,0.0,namibia,2002,0.5033145443599293,-0.5033145443599293
1.6562822410738451,14.466514559123455,0.476091306,65.2594223,20.0885,0.7125,0.3424999999999999,0.313030033695,0.4375,0.0,0.0,namibia,2003,0.3745490041333711,-0.3745490041333711
2.585471793506533,14.479271666363976,0.385901219,64.53314209,22.09,0.7085,0.36,0.24697678016,0.5,0.0,0.0,namibia,2004,0.2939833553656942,-0.2939833553656942
1.2610889703734591,14.491808076930004,0.385901219,63.16004944,20.0885,0.7046,0.4025,0.2305759783525,0.5625,0.0,0.0,namibia,2005,0.16512978892458063,-0.16512978892458063
2.0885468767632283,14.504593992682535,0.385901219,62.1227417,20.0885,0.7007,0.58776666,0.1590813484184414,0.8125,0.0,0.0,namibia,2006,-0.34268773328513036,0.34268773328513036
1.8522341428616464,14.51791525517962,0.385901219,62.75772095,20.0885,0.6967,0.58776666,0.1590813484184414,0.8125,0.0,0.0,namibia,2007,-0.33921325989656803,0.33921325989656803
1.2946756698300568,14.531913709883492,0.385901219,70.27697895,20.0885,0.6928,0.58736666,0.1592357089060414,0.8125,0.0,0.0,namibia,2008,-0.37410963448255097,0.37410963448255097
0.2592601547770027,14.54662526291823,0.385901219,70.27697895,20.0885,0.6889,0.56236666,0.1688832393810414,0.6875,0.0,0.0,namibia,2009,0.14426527344924112,-0.14426527344924112
1.9515015565323737,14.562109401956585,0.385901219,68.09984018,22.12,0.6807,0.5607,0.1695264055067,0.6875,0.0,0.0,namibia,2010,0.15125796076644815,-0.15125796076644815
1.806867784843107,14.579268101166765,0.385901219,72.45411772,20.0885,0.6725,0.56076666,0.1695006813314414,0.6875,0.0,0.0,namibia,2011,0.11944953645772216,-0.11944953645772216
1.8019873308729208,14.601535416739427,0.385901219,74.24655746,16.771,0.6643,0.56076666,0.1695006813314414,0.6875,0.0,0.0,namibia,2012,0.0958961143513235,-0.0958961143513235
1.8892974116346344,14.627555264017136,0.385901219,76.14248,19.028,0.6561,0.57326666,0.1646769160939414,0.75,0.0,0.0,namibia,2013,-0.14400956458049619,0.14400956458049619
1.959040589142409,14.653684060574326,0.385901219,76.75956466,18.521,0.6479,0.57326666,0.1646769160939414,0.75,0.0,0.0,namibia,2014,-0.1418976482133556,0.1418976482133556
1.6609243503882314,14.680213636342014,0.22863062,78.26080123,20.0885,0.6397,0.57873334,0.0963144576611292,0.75,0.0,0.0,namibia,2015,0.12173575106450518,-0.12173575106450518
0.0332359652221526,14.70718641422646,0.385901219,79.26060972,23.352,0.6397,0.57873334,0.1625673176180585,0.75,0.0,0.0,namibia,2016,-0.06411180507002201,0.06411180507002201
-0.7066792521857775,14.734539138508016,0.385901219,79.53346064,20.0885,0.6397,0.5737333400000001,0.1644968237130585,0.75,0.0,0.0,namibia,2017,-0.08242109871117553,0.08242109871117553
0.7226766129527242,14.762263761317811,0.385901219,78.8626899,19.877,0.6397,0.57333334,0.1646511842006585,0.75,0.0,0.0,namibia,2018,-0.07983305952457931,0.07983305952457931
-0.6093046844504562,14.790256972971696,0.385901219,79.01250168,20.0885,0.6397,0.5620333399999999,0.1690118679753585,0.6875,0.0,0.0,namibia,2019,0.20412121777712877,-0.20412121777712877
-2.2084284691281577,14.819358950921062,0.385901219,82.88729925,20.0885,0.6397,0.55013334,0.1736040924814585,0.625,0.0,0.0,namibia,2020,0.4658562843259848,-0.4658562843259848
1.737409446751065,17.074247544700842,0.215044145,66.51268005,6.88,0.4266,0.1375,0.1854755750625,0.0625,4.143134726391533,62.0,nepal,2004,2.984496631318083,1.1586380950734494
1.4994402279308967,17.08543909028131,0.215044145,45.09820175,6.88,0.4245,0.1175,0.1897764579624999,0.0625,4.262679877041316,70.0,nepal,2005,3.0453373566552298,1.2173425203860866
1.710744392081515,17.11773571605067,0.215044145,49.26259995,6.88,0.4129,0.2128333399999999,0.1692755813722057,0.1875,3.688879454113936,39.0,nepal,2009,2.7782026683029315,0.9106767858110043
1.760684031878354,17.12393282050544,0.215044145,55.58929062,6.88,0.4148,0.2141,0.1690031935555,0.1875,3.6635616461296463,38.0,nepal,2010,2.749585177224298,0.9139764689053482
1.4865488207577358,17.128404637551764,0.215044145,58.9935112,6.88,0.412,0.2141,0.1690031935555,0.1875,3.8501476017100575,46.0,nepal,2011,2.7330696706471924,1.1170779310628651
1.735214148114229,17.130965430011273,0.215044145,63.14147949,6.88,0.4115,0.13856666,0.1852461960747943,0.1875,3.8501476017100575,46.0,nepal,2012,2.4360643211484696,1.414083280561588
1.5096514265237442,17.132963837458416,0.215044145,65.49353027,6.88,0.4106,0.2318,0.1651969121889999,0.375,4.653960350157523,104.0,nepal,2013,1.8686413905720791,2.785318959585444
1.947549211201613,17.13594503656333,0.215044145,67.53182983,6.88,0.4088,0.20096666,0.1718274414267943,0.4375,2.079441541679836,7.0,nepal,2014,1.4452198113186203,0.6342217303612159
1.604637061167353,17.141396217615444,0.215044145,68.61312103,3.1,0.4059,0.1884666599999999,0.1745154932392943,0.375,3.8918202981106265,48.0,nepal,2015,1.6722632214262994,2.2195570766843273
0.359849502989805,17.146123194638047,0.215044145,71.77449799,6.88,0.4055,0.21073334,0.1697271740767057,0.375,3.784189633918261,43.0,nepal,2016,1.7712560893740963,2.0129335445441647
2.3003104435393773,17.148117094458925,0.215044145,74.41133118,10.66,0.4056,0.22286666,0.1671179746512943,0.375,5.513428746164983,247.0,nepal,2017,1.8055348632444614,3.707893882920522
2.154360696807098,17.150557097174904,0.215044145,66.51268005,6.88,0.4056,0.25536666,0.1601290399387943,0.4375,4.605170185988092,99.0,nepal,2018,1.6508249172121179,2.954345268775974
2.035627501362978,17.162394827016247,0.215044145,80.28005219,6.88,0.4056,0.26353334,0.1583728432207057,0.5,5.303304908059076,200.0,nepal,2019,1.3098246301634027,3.993480277895673
-1.2148001650304223,17.18165313700554,0.215044145,85.31015778,6.88,0.4056,0.26313334,0.1584588608787057,0.5,3.6375861597263857,37.0,nepal,2020,1.3200837785253643,2.317502381201021
1.486270307016642,16.55831632596733,0.000957287,119.13497925,6.421,0.2703,0.965,3.350504499999993e-05,1.0,1.9459101490553128,6.0,netherlands,1996,1.108391744738253,0.8375184043170598
1.7312633664964387,16.5696304005709,0.000957287,119.13497925,4.394,0.2696,0.965,3.350504499999993e-05,1.0,0.0,0.0,netherlands,1998,1.0992431137662224,-1.0992431137662224
1.6524502314333798,16.583433035196766,0.000957287,123.2952118,2.725,0.272,0.965,3.350504499999993e-05,1.0,0.6931471805599453,1.0,netherlands,2000,1.0740550134181488,-0.3809078328582035
0.2197663822930825,16.597364351568086,0.000957287,120.7548523,2.554,0.2817,0.965,3.350504499999993e-05,1.0,1.0986122886681098,2.0,netherlands,2002,1.1144069314024894,-0.015794642734379583
0.0933376574788434,16.602082495264494,0.000957287,119.9093399,3.593,0.2836,0.965,3.350504499999993e-05,1.0,1.3862943611198906,3.0,netherlands,2003,1.1306021697743178,0.25569219134557275
1.1040342174113924,16.605557249171195,0.003407584,116.9095306,4.646,0.2889,0.94,0.0002044550399999,0.875,0.6931471805599453,1.0,netherlands,2004,1.6531546355089077,-0.9600074549489624
1.1098698050459126,16.607893880507234,0.0014832,117.5538101,5.872,0.2924,0.9525,7.045199999999998e-05,0.9375,0.0,0.0,netherlands,2005,1.409463091212048,-1.409463091212048
1.5123486723801431,16.609500017097474,0.000457929,118.4276199,5.007,0.2912,0.88273334,5.369980434713998e-05,0.875,0.0,0.0,netherlands,2006,1.448802106675262,-1.448802106675262
1.5862320159734125,16.611675232976488,0.000286313,119.8423386,4.153,0.3052,0.88273334,3.357496922457999e-05,0.875,0.0,0.0,netherlands,2007,1.4437425076684145,-1.4437425076684145
1.136811947389353,16.615568157354307,0.001744469,121.5116272,3.658,0.2805,0.88186666,0.0002060799494964,0.875,0.6931471805599453,1.0,netherlands,2008,1.418447584448199,-0.7253004038882537
-1.5401501026714173,16.62071100249067,0.002281701,122.7460098,4.352,0.2819,0.88186666,0.0002695449600113,0.875,0.6931471805599453,1.0,netherlands,2009,1.4437014286228183,-0.750554248062873
0.841274178531679,16.625840233186707,0.000474389,124.5695267,4.991,0.2872,0.8657666599999999,6.367881992926004e-05,0.8125,0.6931471805599453,1.0,netherlands,2010,1.6631405633349934,-0.9699933827750481
1.020054231660718,16.63050452072865,0.001394508,129.868103,4.977,0.2855,0.8657666599999999,0.0001871894664967,0.8125,1.0986122886681098,2.0,netherlands,2011,1.6306089239563413,-0.5319966352882315
-0.6820239855604462,16.634205070855078,0.000758422,111.4482498,5.821,0.2884,0.8657666599999999,0.0001018055181894,0.8125,0.0,0.0,netherlands,2012,1.7644619372022228,-1.7644619372022228
-0.0297845631633966,16.63715327861379,0.000908141,119.13497925,7.241,0.2809,0.8647666599999999,0.0001228109406209,0.8125,0.0,0.0,netherlands,2013,1.7156807021431342,-1.7156807021431342
0.9603497266435526,16.640751560127317,0.001491275,119.13497925,7.419,0.2894,0.8652999999999998,0.0002008747425,0.8125,0.6931471805599453,1.0,netherlands,2014,1.715172746719873,-1.0220255661599276
1.1380269698673475,16.64518376075545,0.000682569,114.1379166,6.872,0.289,0.8402999999999998,0.0001090062693,0.8125,1.3862943611198906,3.0,netherlands,2015,1.6548631573916859,-0.2685687962717953
1.2308929039800494,16.650505549238215,0.000576938,112.994278,6.007,0.2887,0.8394999999999999,9.259854900000004e-05,0.8125,1.9459101490553128,6.0,netherlands,2016,1.655376659420184,0.2905334896351288
1.330132971762279,16.65641758255373,0.002060889,115.2252274,4.837,0.2951,0.8401,0.0003295361511,0.8125,0.6931471805599453,1.0,netherlands,2017,1.64095935228627,-0.9478121717263247
1.1813407323678475,16.662256916303075,0.001121385,114.5003204,3.832,0.2912,0.8651,0.0001512748365,0.8125,1.9459101490553128,6.0,netherlands,2018,1.7304736588972753,0.21543649015803745
1.193950219299498,16.668807631672212,0.000957287,114.8041687,3.379,0.2893,0.8658999999999999,0.0001283721867,0.8125,1.6094379124341005,4.0,netherlands,2019,1.7312771721941065,-0.12183925976000598
-1.5826735896233004,16.674363039255358,0.000407976,136.2841644,3.82,0.2893,0.86556666,5.484557631983998e-05,0.8125,3.6375861597263857,37.0,netherlands,2020,1.636918310281191,2.0006678494451946
1.5286353362335856,15.132455108902176,0.057169535,116.8598328,6.298,0.3643,0.945,0.003144324425,0.875,1.0986122886681098,2.0,new zealand,1996,0.8526942500311931,0.24591803863691664
0.6197193204621944,15.154451484823856,0.057169535,116.8598328,7.725,0.3932,0.9575,0.0024297052375,0.9375,0.0,0.0,new zealand,1998,0.6451982658985544,-0.6451982658985544
1.3532677079881492,15.165581968148423,0.057169535,112.153717,6.137,0.3704,0.9075,0.0052881819875,0.9375,0.0,0.0,new zealand,2000,0.4726077384486782,-0.4726077384486782
1.7428278874846292,15.188846571180472,0.057169535,115.5155563,5.285,0.3699,0.9275,0.0041447912875,0.9375,0.0,0.0,new zealand,2002,0.5268865144622044,-0.5268865144622044
1.7453737705881036,15.20858215167464,0.057169535,117.4276733,4.751,0.3719,0.9275,0.0041447912875,0.9375,1.3862943611198906,3.0,new zealand,2003,0.5241163654156884,0.8621779957042022
1.6268779156365858,15.223444338835934,0.057169535,115.3799133,4.012,0.4095,0.9275,0.0041447912875,0.9375,0.0,0.0,new zealand,2004,0.5616923349821186,-0.5616923349821186
1.4708486311430926,15.234732071186736,0.057169535,119.5636978,3.813,0.3659,0.9275,0.0041447912875,0.9375,0.0,0.0,new zealand,2005,0.5191545722014721,-0.5191545722014721
1.3296659632378425,15.246921916858726,0.057169535,117.9065475,3.851,0.3186,0.91173334,0.0050461639082031,0.875,0.0,0.0,new zealand,2006,0.7520267816948145,-0.7520267816948145
1.4002999212760887,15.256245991516018,0.057169535,119.5684433,3.606,0.3273,0.91173334,0.0050461639082031,0.875,0.0,0.0,new zealand,2007,0.7499868881949445,-0.7499868881949445
-0.7016303311749289,15.264733003539416,0.057169535,118.0542374,4.037,0.3491,0.91293334,0.004977560466203,0.875,1.6094379124341005,4.0,new zealand,2008,0.8024446425411562,0.8069932698929443
-0.0367813094567344,15.274730281516302,0.057169535,125.8078613,5.866,0.3782,0.91293334,0.004977560466203,0.875,0.0,0.0,new zealand,2009,0.7836394291458109,-0.7836394291458109
0.8996068665719785,15.28584753950698,0.057169535,119.1289673,6.211,0.4136,0.9134,0.004950881731,0.875,0.0,0.0,new zealand,2010,0.843487570759412,-0.843487570759412
1.1293019131014608,15.293472335712153,0.057169535,118.2567215,6.034,0.388,0.9134,0.004950881731,0.875,0.0,0.0,new zealand,2011,0.8351546241727614,-0.8351546241727614
1.2138161929263318,15.298954542438054,0.057169535,116.8264771,6.491,0.3458,0.9134,0.004950881731,0.875,0.0,0.0,new zealand,2012,0.8249683624525626,-0.8249683624525626
1.2780246149740586,15.306638020683645,0.057169535,115.650528,5.84,0.3375,0.9134,0.004950881731,0.875,0.0,0.0,new zealand,2013,0.8267416376203809,-0.8267416376203809
1.5740977232431297,15.323248136982397,0.057169535,116.0843124,5.431,0.3342,0.9259,0.0042362625434999,0.9375,0.6931471805599453,1.0,new zealand,2014,0.5730348153811142,0.12011236517883106
1.5455112753106517,15.34360847160648,0.057169535,114.8899918,5.407,0.3309,0.94006666,0.0034263611787968,0.875,0.0,0.0,new zealand,2015,0.9364991358254182,-0.9364991358254182
1.5642544798216482,15.366068787789631,0.057169535,113.687912,5.145,0.3275,0.90256666,0.0055702187412968,0.9375,0.6931471805599453,1.0,new zealand,2016,0.5223355255681685,0.17081165499177675
1.4767592292923457,15.38695601063298,0.057169535,112.9433136,4.737,0.3313,0.91506666,0.0048555995537968,1.0,0.0,0.0,new zealand,2017,0.28545330009124514,-0.28545330009124514
1.4975186102159963,15.404868408620809,0.057169535,112.4110794,4.329,0.3178,0.91506666,0.0048555995537968,1.0,0.0,0.0,new zealand,2018,0.28798675868786994,-0.28798675868786994
1.1992028782949309,15.418990959619206,0.057169535,120.2663193,4.106,0.3365,0.91506666,0.0048555995537968,1.0,1.0986122886681098,2.0,new zealand,2019,0.26143208675141816,0.8371802019166916
-0.2679233196331022,15.4393248334882,0.057169535,116.8931885,4.596,0.3594,0.915,0.0048594104749999,1.0,2.5649493574615367,12.0,new zealand,2020,0.32167653876209323,2.2432728186994435
1.993920194181065,15.369430475041886,0.1798148514999999,68.57472229,5.28,0.5541,0.25,0.134861138625,0.25,3.295836866004329,26.0,nicaragua,1996,1.679594863048483,1.6162420029558462
1.550044843045558,15.401404677661702,0.313536498,46.72938156,5.28,0.5541,0.2075,0.2484776746649999,0.3125,0.0,0.0,nicaragua,1998,1.1654318938736734,-1.1654318938736734
1.6295523050479912,15.429465055255593,0.1798148514999999,53.4050293,5.28,0.5541,0.2174999999999999,0.1407051212987499,0.5625,0.6931471805599453,1.0,nicaragua,2000,0.202445298261116,0.4907018822988293
0.5618640449961373,15.45448979675906,0.1798148514999999,60.67646027,5.28,0.5619,0.295,0.1267694703075,0.625,0.0,0.0,nicaragua,2002,0.16812247100656208,-0.16812247100656208
1.2586691770284104,15.46627542540462,0.1798148514999999,68.57472229,7.6,0.562,0.325,0.1213750247624999,0.625,0.0,0.0,nicaragua,2003,0.24338385764670223,-0.24338385764670223
1.842479606309,15.4780935192299,0.1798148514999999,65.43473053,6.41,0.5588,0.325,0.1213750247624999,0.625,0.0,0.0,nicaragua,2004,0.2534960776019264,-0.2534960776019264
1.6643802252684614,15.4911305152107,0.220488658,68.57472229,5.37,0.5548,0.225,0.17087870995,0.5,0.0,0.0,nicaragua,2005,0.40640805782624423,-0.40640805782624423
1.6395685119451222,15.505395281026695,0.1798148514999999,69.09233856,5.31,0.5516,0.2461999999999999,0.1355444350607,0.5,0.0,0.0,nicaragua,2006,0.5500147484554491,-0.5500147484554491
1.8044045188683469,15.519757433705603,0.1798148514999999,72.17549896,4.89,0.5618,0.24245,0.1362187407538249,0.53125,0.0,0.0,nicaragua,2007,0.37923391207788815,-0.37923391207788815
1.4896892568119189,15.53408875372584,0.1798148514999999,70.77409363,6.2,0.553,0.2512999999999999,0.13462737931805,0.5625,0.0,0.0,nicaragua,2008,0.28448875986041355,-0.28448875986041355
-1.456907789228687,15.54833391653824,0.139141045,68.57472229,8.16,0.5446,0.2512999999999999,0.1041749003915,0.5625,0.0,0.0,nicaragua,2009,0.4049972755763368,-0.4049972755763368
1.68826741376265,15.562525593009456,0.1798148514999999,71.3924408,7.83,0.5455,0.21153334,0.1417780153806009,0.375,0.0,0.0,nicaragua,2010,1.0492392651212628,-1.0492392651212628
1.9901574296652356,15.57664791984222,0.1798148514999999,68.57472229,5.28,0.5384,0.2104,0.1419818067443999,0.375,0.0,0.0,nicaragua,2011,1.0467245449385616,-1.0467245449385616
2.014387750613513,15.590681190135609,0.1798148514999999,68.57472229,5.208,0.5325,0.2104,0.1419818067443999,0.375,0.0,0.0,nicaragua,2012,1.0503322317556907,-1.0503322317556907
1.7795340649134248,15.604574063011174,0.1798148514999999,68.57472229,5.28,0.5398,0.23973334,0.1367072365683009,0.5,0.0,0.0,nicaragua,2013,0.5753485223674754,-0.5753485223674754
1.7553478969812453,15.618291236595546,0.065703776,68.57472229,4.52,0.5319,0.2387999999999999,0.0500137142912,0.5,1.0986122886681098,2.0,nicaragua,2014,0.7521898298986224,0.3464224587694874
1.7565238700030583,15.631868001158264,0.1798148514999999,68.57472229,4.7,0.5282,0.21673334,0.1408429781528009,0.5,0.0,0.0,nicaragua,2015,0.4978934410852224,-0.4978934410852224
1.7161640263380555,15.645314889046944,0.1798148514999999,68.57472229,3.9,0.5295,0.20623334,0.1427310340935509,0.4375,0.0,0.0,nicaragua,2016,0.7608439546750659,-0.7608439546750659
1.728323908672437,15.658633385791992,0.1798148514999999,68.57472229,3.3,0.5299,0.25523334,0.1339201063700509,0.4375,0.0,0.0,nicaragua,2017,0.9398575481128085,-0.9398575481128085
-1.4732416373051078,15.67182120449981,0.1798148514999999,68.57472229,5.2,0.5327,0.1617,0.15073879001245,0.1875,2.079441541679836,7.0,nicaragua,2018,1.8442701997657294,0.23517134191410682
-1.3601736326760945,15.684795415227626,0.1798148514999999,68.57472229,5.28,0.5258,0.16366666,0.150385155336599,0.25,1.3862943611198906,3.0,nicaragua,2019,1.55676288425246,-0.17046852313256933
-1.1745054026742303,15.697303887429609,0.1798148514999999,68.57472229,5.28,0.5411,0.1639999999999999,0.150325215854,0.25,1.3862943611198906,3.0,nicaragua,2020,1.5714933581591854,-0.18519899703929488
1.0860675673157711,16.584572819544356,0.603037451,11.19993973,0.531,0.456,0.2694,0.4405791617005999,0.25,1.6094379124341005,4.0,niger,2009,1.9971934846216182,-0.38775557218751766
2.259486210726912,16.621826324987627,0.603037451,12.80632025,0.531,0.44,0.3375333399999999,0.3994922060188836,0.375,1.3862943611198906,3.0,niger,2010,1.6484112905034294,-0.2621169293835388
1.2112731724738888,16.65904015310364,0.688409346,13.66432138,0.316,0.4239,0.4069,0.4082955831126,0.5625,1.0986122886681098,2.0,niger,2011,0.9006609035945927,0.19795138507351706
2.446594054437568,16.69677261491226,0.603037451,14.80378672,2.177,0.4246,0.30023334,0.4219855029411836,0.3125,0.6931471805599453,1.0,niger,2012,1.8345988103677413,-1.1414516298077961
1.8429484418909503,16.73435633360372,0.603037451,15.95965103,0.531,0.4253,0.2996999999999999,0.4223071269353,0.3125,1.6094379124341005,4.0,niger,2013,1.8420412241043738,-0.23260331167027326
2.0336772309637525,16.771249139693932,0.603037451,17.84595055,0.524,0.4259,0.2993,0.4225483419156999,0.3125,1.791759469228055,5.0,niger,2014,1.8478872237112873,-0.05612775448323237
1.6850366987148635,16.80821319680619,0.603037451,19.69220125,0.531,0.4406,0.31316666,0.4141862266154162,0.3125,3.737669618283368,41.0,niger,2015,1.9204347700397244,1.8172348482436436
1.908192431130044,16.844955808748235,0.603037451,22.67003951,0.531,0.4553,0.3139,0.4137439951310999,0.3125,3.258096538021482,25.0,niger,2016,1.9316457127588746,1.3264508252626075
1.7926525346597162,16.880556511540654,0.603037451,23.76115057,7.769,0.47,0.30006666,0.4220860172235163,0.25,2.6390573296152584,13.0,niger,2017,2.243954991002985,0.3951023386122734
2.1055256281602537,16.915065315010768,0.590125005,15.95965103,0.531,0.4846,0.3034,0.4110810784829999,0.25,2.995732273553991,19.0,niger,2018,2.301437707412024,0.6942945661419668
1.937280530921312,16.94873079906698,0.603037451,15.95965103,0.531,0.471,0.30526666,0.4189502224783163,0.25,3.912023005428146,49.0,niger,2019,2.300356057040492,1.6116669483876538
1.515268122817637,16.98172853681504,0.603037451,15.95965103,0.531,0.4574,0.26276666,0.4445793141458162,0.1875,3.58351893845611,35.0,niger,2020,2.452748790557558,1.1307701478985521
1.6478744811110608,18.549555636890457,0.609079093,39.30680847,4.562,0.4626,0.045,0.5816705338149999,0.0,2.4849066497880004,11.0,nigeria,1996,3.255795172131398,-0.7708885223433977
1.2757130468903788,18.601720270963884,0.379642363,39.30680847,4.562,0.4613,0.145,0.3245942203649999,0.25,1.0986122886681098,2.0,nigeria,1998,2.8458890945483306,-1.7472768058802208
1.7944117420076189,18.654823541162504,0.379642363,23.96134949,4.562,0.4599,0.125,0.332187067625,0.125,1.9459101490553128,6.0,nigeria,2000,3.4799947866276497,-1.534084637572337
2.7929522057071225,18.70940220105673,0.379642363,28.87380981,4.562,0.4586,0.0824999999999999,0.3483218680525,0.1875,1.9459101490553128,6.0,nigeria,2002,3.0179767559205266,-1.0720666068652138
2.12192555044893,18.73696955149589,0.510969586,39.30680847,4.562,0.4579,0.065,0.47775656291,0.25,2.302585092994046,9.0,nigeria,2003,2.3988502008155903,-0.0962651078215444
2.3273321654673045,18.764674948081677,0.379642363,33.94812012,4.562,0.4521,0.065,0.354965609405,0.25,1.9459101490553128,6.0,nigeria,2004,2.657745538320409,-0.7118353892650962
2.006671437162737,18.79236328640918,0.379642363,33.7729187,4.562,0.4464,0.065,0.354965609405,0.25,2.302585092994046,9.0,nigeria,2005,2.6735786182436287,-0.37099352524958285
1.954364032925784,18.819975756107524,0.379642363,33.12628174,4.562,0.4406,0.08846666,0.3460566711508824,0.25,3.6375861597263857,37.0,nigeria,2006,2.7753234555818236,0.8622627041445621
2.0269805079868988,18.84769376591522,0.379642363,30.42320061,4.562,0.4348,0.13513334,0.3283400224823176,0.3125,4.127134385045092,61.0,nigeria,2007,2.6756885176586858,1.451445867386406
2.049558557064364,18.875539104177133,0.379642363,33.61127853,4.562,0.429,0.15686666,0.3200891335216824,0.25,4.343805421853684,76.0,nigeria,2008,3.0451491693436603,1.2986562525100238
2.201318972847407,18.90341218609621,0.379642363,37.13814163,4.562,0.4233,0.14436666,0.3248346630591824,0.1875,3.7612001156935615,42.0,nigeria,2009,3.286324021978075,0.47487609371548656
2.1978528150646763,18.931363679538883,0.384850601,41.78379822,4.562,0.4175,0.11896666,0.3390662104000373,0.0625,4.158883083359672,63.0,nigeria,2010,3.763834382723666,0.39504870063600617
1.841806653017185,18.95939153137289,0.379642363,43.02399063,3.77,0.4168,0.09636666,0.3430574964831824,0.0625,5.170483995038151,175.0,nigeria,2011,3.695684357928509,1.4747996371096423
1.6544229749491497,18.98713382424097,0.374434125,44.45579147,4.562,0.4161,0.09596666,0.3385009326337275,0.0625,6.423246963533519,615.0,nigeria,2012,3.715663204852233,2.7075837586812863
2.0374907062218672,19.01428072319634,0.379642363,52.79673004,3.711,0.4171,0.0867999999999999,0.3466894058915999,0.125,5.8522024797744745,347.0,nigeria,2013,3.3338595280878804,2.518342951686594
1.989204785332919,19.040702862989782,0.379642363,42.78215027,4.562,0.418,0.0867333399999999,0.3467147128515175,0.125,6.570882962339584,713.0,nigeria,2014,3.412839546334812,3.158043416004772
1.2954647845292255,19.066064597714888,0.3576658,43.82469177,4.311,0.419,0.15746666,0.301345361077772,0.25,6.464588303689961,641.0,nigeria,2015,3.125986979924043,3.3386013237659182
-0.9619785454886212,19.090782921492547,0.379642363,39.30680847,7.06,0.4197,0.16166666,0.3182668501792824,0.25,6.284134161070802,535.0,nigeria,2016,3.1843144011216955,3.0998197599491064
0.5910516728468488,19.11510001506193,0.379642363,39.30680847,8.389,0.4204,0.15626666,0.3203169189394824,0.25,6.192362489474872,488.0,nigeria,2017,3.1716048426416936,3.0207576468331787
1.0725274659194275,19.13822174124813,0.34192905,40.48852921,4.562,0.4212,0.15626666,0.288496939399527,0.25,6.478509642208569,650.0,nigeria,2018,3.2105726087852156,3.2679370334233533
1.1657814955780876,19.160165760371655,0.379642363,39.30680847,10.695,0.4203,0.15413334,0.3211268175853176,0.25,6.230481447578482,507.0,nigeria,2019,3.196909498722138,3.033571948856344
-1.997268224880216,19.18146873170548,0.379642363,44.12208939,4.562,0.4194,0.154,0.3211774390979999,0.25,6.171700597410915,478.0,nigeria,2020,3.171194042511136,3.000506554899779
0.781663373870346,14.514915120213011,0.056397274,83.8025589,38.8,0.3621,0.22,0.0439898737199999,0.25,0.0,0.0,north macedonia,1996,1.3306043944520778,-1.3306043944520778
1.476760017648081,14.512412679899713,0.03295,83.8025589,34.5,0.3195,0.1325,0.028584125,0.0625,1.791759469228055,5.0,north macedonia,1998,1.8927296849288346,-0.10097021570077969
1.7136422008587642,14.521747196563975,0.116767612,83.57688904,32.2,0.3005,0.1175,0.10304741759,0.1875,1.3862943611198906,3.0,north macedonia,2000,1.0876083296738572,0.29868603144603334
0.9137537051417064,14.518686284140315,0.030208148,83.96540833,31.94,0.3025,0.1699999999999999,0.02507276284,0.25,2.19722457733622,8.0,north macedonia,2002,1.120397108327536,1.076827469008684
1.1701890013382954,14.519956664564472,0.027602361,83.65753174,36.69,0.3094,0.1699999999999999,0.02290995963,0.25,1.791759469228055,5.0,north macedonia,2003,1.1579258695246706,0.6338335997033844
1.735910124066052,14.516718661808152,0.013889293,83.24684143,37.161,0.3078,0.235,0.010625309145,0.25,0.0,0.0,north macedonia,2004,1.4060698335468889,-1.4060698335468889
1.7446833475980568,14.511319692379196,0.0314959,83.68003845,37.32,0.3108,0.265,0.0231494865,0.25,0.0,0.0,north macedonia,2005,1.4808590145432197,-1.4808590145432197
1.8143401234474383,14.505797652374335,0.046259259,83.8025589,36.392,0.3146,0.3763666599999999,0.028848816196095,0.4375,1.3862943611198906,3.0,north macedonia,2006,0.9512357693881145,0.4350585917317761
2.011361671762224,14.500088124043357,0.056397274,84.0014801,35.231,0.3167,0.3763666599999999,0.0351712203515151,0.4375,0.6931471805599453,1.0,north macedonia,2007,0.9234941528563473,-0.230346972296402
1.86748539452749,14.494302188927191,0.014036607,84.03224945,33.93,0.3322,0.3755666599999999,0.0087649253912773,0.4375,2.302585092994046,9.0,north macedonia,2008,0.984575918341261,1.3180091746527849
-0.3064656932371328,14.48783391998971,0.121209889,84.13559723,32.351,0.3339,0.3755666599999999,0.0756874958292992,0.4375,0.6931471805599453,1.0,north macedonia,2009,0.8271737650365266,-0.13402658447658133
1.4721855158531305,14.481440178435127,0.128177794,85.42838287,33.135,0.3383,0.3752333399999999,0.080081212243548,0.4375,0.0,0.0,north macedonia,2010,0.7946770425978601,-0.7946770425978601
1.2059366881430948,14.476856909818617,0.109329249,83.8025589,31.502,0.3411,0.3877333399999999,0.0669386541255383,0.5,0.0,0.0,north macedonia,2011,0.5720450139746487,-0.5720450139746487
-0.3758187825165633,14.472938328648532,0.091100468,85.83001709,31.096,0.336,0.3877333399999999,0.0557777792667968,0.5,0.6931471805599453,1.0,north macedonia,2012,0.595659662485256,0.09748751807468925
1.367431996213451,14.46924984785432,0.073808967,83.8025589,29.017,0.3307,0.3877333399999999,0.0451907697031402,0.5,0.0,0.0,north macedonia,2013,0.5997691500598838,-0.5997691500598838
1.532367544129975,14.46656305948448,0.064440372,83.69497681,28.215,0.3252,0.3883333399999999,0.0394160271103975,0.5,1.3862943611198906,3.0,north macedonia,2014,0.6058613418403459,0.7804330192795447
1.5801872815428872,14.463885765600612,0.07004491,84.98362732,26.395,0.3204,0.3868,0.042951538812,0.5,1.6094379124341005,4.0,north macedonia,2015,0.5684295943452212,1.0410083180888794
1.347606856225816,14.460682092544763,0.056886808,83.8025589,24.312,0.3196,0.32986666,0.0381217466469787,0.375,0.0,0.0,north macedonia,2016,0.9757666129723331,-0.9757666129723331
0.7332198086152724,14.45665787878868,0.056397274,84.6865387,22.857,0.3212,0.36213334,0.0359739407994848,0.5,0.6931471805599453,1.0,north macedonia,2017,0.4866469121868041,0.20650026837314117
1.3559889330476356,14.451585673897249,0.042799747,83.35339355,21.208,0.3075,0.36413334,0.027214932173735,0.5,0.0,0.0,north macedonia,2018,0.4960407277988085,-0.4960407277988085
1.5913593837773414,14.444792590619995,0.039403511,82.53128052,17.414,0.3039,0.3698,0.0248320926322,0.5,0.0,0.0,north macedonia,2019,0.49470524660318926,-0.49470524660318926
-1.7384378050535971,14.434001539198364,0.056397274,82.44167328,16.575,0.3039,0.39676666,0.0340207159619151,0.5625,0.0,0.0,north macedonia,2020,0.28771107075145885,-0.28771107075145885
1.7964008606204651,15.29286448691453,0.001904272,113.43094635,5.036,0.2837,0.975,4.760680000000004e-05,1.0,0.6931471805599453,1.0,norway,1996,0.4884348189508032,0.20471236160914208
1.2998337260804314,15.304240787126467,0.001904272,113.43094635,3.737,0.2746,0.975,4.760680000000004e-05,1.0,0.0,0.0,norway,1998,0.48616166837914254,-0.48616166837914254
1.4630113217763576,15.317578826682654,0.002350818,116.4520416,3.458,0.3169,0.975,5.877045000000006e-05,1.0,0.0,0.0,norway,2000,0.4954040744054875,-0.4954040744054875
0.8660734991666208,15.32803220152321,0.001904272,113.255867,4.022,0.297,0.975,4.760680000000004e-05,1.0,0.0,0.0,norway,2002,0.5184146040012767,-0.5184146040012767
0.6652153759845959,15.333897527154416,0.002188037,113.3820038,4.221,0.3036,0.975,5.4700925000000046e-05,1.0,0.6931471805599453,1.0,norway,2003,0.5272887021212347,0.1658584784387106
1.6123512692857664,15.339806835260614,0.002948629,114.0473328,4.256,0.3224,0.92,0.00023589032,1.0,0.0,0.0,norway,2004,0.3340847421409505,-0.3340847421409505
1.3043038773239324,15.346617563424326,0.002120723,111.5627518,4.381,0.3694,0.975,5.301807500000005e-05,1.0,0.0,0.0,norway,2005,0.5765874030351132,-0.5765874030351132
1.241694254530599,15.354671489080898,0.001645022,111.5276413,3.397,0.3272,0.967,5.428572600000005e-05,1.0,0.6931471805599453,1.0,norway,2006,0.5246056806718284,0.16854149988811684
1.3645700904341644,15.36501883202499,0.001543433,111.6399231,2.493,0.3285,0.967,5.0933289000000046e-05,1.0,0.0,0.0,norway,2007,0.5236344834183904,-0.5236344834183904
0.3933382406500874,15.377482159548316,0.00240151,111.5180588,2.521,0.3336,0.96786666,7.716853734340002e-05,1.0,0.0,0.0,norway,2008,0.5452163916245787,-0.5452163916245787
-1.0785336301188089,15.390093429813826,0.000869477,111.0684128,3.1,0.3013,0.96786666,2.793920006318001e-05,1.0,0.0,0.0,norway,2009,0.5561746292134562,-0.5561746292134562
0.5805672570208716,15.402550089045748,0.001509881,112.978569,3.527,0.3177,0.96866666,4.730961473253998e-05,1.0,0.6931471805599453,1.0,norway,2010,0.5497451017238628,0.14340207883608247
0.7446270736868681,15.415521980316669,0.001285,113.1698837,3.196,0.3212,0.96866666,4.026334189999998e-05,1.0,1.3862943611198906,3.0,norway,2011,0.5542742029518573,0.8320201581680333
1.3131749287765715,15.428656387569143,0.001271743,112.1765366,3.129,0.3233,0.96953334,3.874576158838012e-05,1.0,0.0,0.0,norway,2012,0.5656241453204867,-0.5656241453204867
0.7012100084273043,15.440747801067332,0.001649021,114.5153809,3.425,0.3174,0.96953334,5.024016213986015e-05,1.0,0.0,0.0,norway,2013,0.5622762320988517,-0.5622762320988517
1.1145289452855685,15.45202516563318,0.001129212,113.4798889,3.486,0.3161,0.96953334,3.44033180719201e-05,1.0,0.0,0.0,norway,2014,0.5708574609756927,-0.5708574609756927
1.0498910227251406,15.461976011075365,0.001700492,115.2101212,4.296,0.3002,0.96953334,5.180831159672016e-05,1.0,0.0,0.0,norway,2015,0.5620797504343742,-0.5620797504343742
0.7722929810555406,15.470785707538528,0.002806733,116.6455078,4.68,0.2994,0.96953334,8.551178002178025e-05,1.0,0.0,0.0,norway,2016,0.5615231165240397,-0.5615231165240397
1.2423507391720954,15.478862437820617,0.002916525,117.3014603,4.164,0.3025,0.96913334,9.002338555650014e-05,1.0,0.6931471805599453,1.0,norway,2017,0.5545708950071322,0.1385762855528131
0.6037319170944963,15.485463345016337,0.002818009,117.7147064,3.801,0.3126,0.96913334,8.698252567994012e-05,1.0,0.0,0.0,norway,2018,0.5652844488436182,-0.5652844488436182
0.7531819578640682,15.492213957482228,0.001904272,119.4213409,3.684,0.2949,0.96913334,5.8778516371520086e-05,1.0,1.3862943611198906,3.0,norway,2019,0.548100605717933,0.8381937554019576
-0.8233732669231967,15.49810152962498,0.00294958,119.9415436,4.424,0.2949,0.96873334,9.22235150028e-05,1.0,1.0986122886681098,2.0,norway,2020,0.5649654520137875,0.5336468366543223
1.7658570950336103,18.746793022477483,0.453188829,29.72714605,4.79,0.4116,0.155,0.382944560505,0.125,5.198497031265826,180.0,pakistan,1996,3.460810085033634,1.7376869462321922
1.267013600746077,18.80268858228659,0.502841357,29.72714605,5.7,0.4498,0.225,0.389702051675,0.25,3.6375861597263857,37.0,pakistan,1998,3.1069653870674436,0.530620772658942
1.6601477587389155,18.8581555513114,0.307617727,29.72714605,7.16,0.4358,0.1925,0.2484013145525,0.3125,3.912023005428146,49.0,pakistan,2000,3.031167859869676,0.8808551455584701
1.2794929979396366,18.91062516496874,0.307617727,29.72714605,7.83,0.4337,0.215,0.241479915695,0.125,3.8501476017100575,46.0,pakistan,2002,4.039093621863083,-0.18894602015302553
1.856502793298324,18.93416432621496,0.307617727,19.83852005,7.49,0.4403,0.215,0.241479915695,0.125,3.4011973816621555,29.0,pakistan,2003,4.105908691114945,-0.7047113094527897
2.1782971981652928,18.958845237829987,0.408661049,21.76342964,7.4,0.4437,0.215,0.320798923465,0.125,4.219507705176107,67.0,pakistan,2004,3.9444713886347804,0.27503631654132654
2.11342916733438,18.98288297273548,0.408080908,22.6038208,7.05,0.4595,0.215,0.32034351278,0.125,4.356708826689592,77.0,pakistan,2005,3.960720576605535,0.3959882500840566
1.95325988431608,19.00670302546737,0.307617727,27.24632072,0.582,0.445,0.2244666599999999,0.2385678032635181,0.125,5.10594547390058,164.0,pakistan,2006,4.0949339753699405,1.0110114985306398
1.69466365846659,19.033123337845197,0.34867948,29.06343079,0.398,0.4311,0.2073833399999999,0.2763691648481368,0.09375,5.564520407322694,260.0,pakistan,2007,4.112812930302418,1.4517074770202756
1.137974351766914,19.059894907014083,0.307617727,29.17680931,0.423,0.4226,0.2003333399999999,0.2459916403068818,0.125,6.343880434126331,568.0,pakistan,2008,4.019000074178693,2.324880359947638
1.497958849025402,19.0853077379727,0.307617727,29.0589695,0.535,0.4179,0.19283334,0.2482987732593818,0.1875,6.504288173536645,667.0,pakistan,2009,3.7037323798539408,2.8005557936827046
0.9169775047916388,19.110015908000943,0.266555974,29.29629007,0.653,0.4181,0.1945,0.2147108370569999,0.1875,6.570882962339584,713.0,pakistan,2010,3.794132148109144,2.7767508142304402
1.302944505481046,19.132385001923385,0.25933522,29.72714605,0.796,0.4213,0.1895,0.2101911958099999,0.1875,6.920671504248683,1012.0,pakistan,2011,3.796263043057526,3.124408461191157
1.393166670364682,19.15144699995918,0.307617727,30.63002014,3.667,0.4164,0.18963334,0.2492831499857818,0.1875,7.412160334945205,1655.0,pakistan,2012,3.738158530292276,3.674001804652929
1.6802439484775973,19.167719241364946,0.212463761,31.54481913,2.954,0.4113,0.2201,0.1657004872039,0.1875,7.703459047867175,2215.0,pakistan,2013,3.9943012200363617,3.709157827830813
1.6324565729432494,19.18272248183325,0.307617727,32.65734273,1.827,0.4214,0.2326,0.2360658436998,0.25,7.673223121121708,2149.0,pakistan,2014,3.5910702004110764,4.082152920710632
1.6521030896809448,19.19674749312717,0.169114579,34.67414665,3.566,0.4299,0.231,0.130049111251,0.25,7.126087273299125,1243.0,pakistan,2015,3.817233932986168,3.3088533403129565
2.024699977918151,19.209769132449225,0.307617727,35.86432467,2.285,0.4252,0.23053334,0.2367015849514818,0.25,6.762729506931879,864.0,pakistan,2016,3.58060731783333,3.182122189098549
1.6924226095020554,19.223910131420755,0.307617727,35.32242487,3.667,0.4211,0.2350666599999999,0.2353070553573182,0.25,6.579251212010101,719.0,pakistan,2017,3.6172819604934876,2.9619692515166136
1.967350455770672,19.240147279677647,0.165161711,37.14660633,4.083,0.4172,0.22196666,0.1285013176494447,0.1875,6.175867270105761,480.0,pakistan,2018,4.090427819862793,2.0854394502429683
1.2520875773272342,19.25706599207069,0.307617727,38.75115528,4.83,0.4172,0.2175,0.2407108713775,0.1875,5.8971538676367405,363.0,pakistan,2019,3.8576537259412067,2.039500141695534
-0.8215788479751356,19.275103506123354,0.307617727,29.72714605,6.74,0.4172,0.2429,0.2328973811117,0.3125,5.68697535633982,294.0,pakistan,2020,3.4496962045994195,2.2372791517404007
1.6252527494455171,14.838043496692311,0.075484442,64.41950226,14.32,0.5541,0.4025,0.0451019540949999,0.6875,1.0986122886681098,2.0,panama,1996,0.10222982012933168,0.9963824685387781
2.239376037911381,14.87812081462958,0.197690385,69.52535248000001,14.02,0.5541,0.3775,0.1230622646625,0.5625,0.0,0.0,panama,1998,0.4038380502486226,-0.4038380502486226
1.6503889999334982,14.917573552758611,0.163451011,64.24990845,13.53,0.5541,0.39,0.09970511671,0.625,0.6931471805599453,1.0,panama,2000,0.2588891570205263,0.434258023539419
1.255286663582028,14.956334275441606,0.172103535,67.65699005,14.11,0.5619,0.445,0.0955174619249999,0.625,0.0,0.0,panama,2002,0.4549931234984482,-0.4549931234984482
1.8077739068560956,14.975471284861875,0.167966294,69.52535248000001,13.62,0.562,0.445,0.0932212931699999,0.625,0.0,0.0,panama,2003,0.4524212532935272,-0.4524212532935272
2.2165536186520503,14.9945211833701,0.155436704,67.36534882,12.44,0.5588,0.475,0.0816042696,0.625,0.0,0.0,panama,2004,0.5885102100750916,-0.5885102100750916
2.2274501716777246,15.013372830962076,0.145420241,67.52742004,10.33,0.5548,0.45,0.07998113255,0.5,0.0,0.0,panama,2005,1.1024652363362766,-1.1024652363362766
2.384832022415707,15.03191328966874,0.157188898,67.34541321,9.11,0.5516,0.45733334,0.0853011742667406,0.5,0.0,0.0,panama,2006,1.1111103618951517,-1.1111103618951517
2.649931230310404,15.05025240277172,0.129721487,67.69760895,6.78,0.5618,0.45733334,0.0703955260805234,0.5,0.0,0.0,panama,2007,1.1491684502696624,-1.1491684502696624
2.4156845154151787,15.068458937841315,0.090016612,68.75682831,4.868,0.553,0.4473333399999999,0.0497491802985559,0.5,0.0,0.0,panama,2008,1.1627274610784069,-1.1627274610784069
0.9600642100621378,15.086501244769671,0.066456666,70.29387665,6.56,0.5446,0.4473333399999999,0.0367283836329555,0.5,0.6931471805599453,1.0,panama,2009,1.2186791682611586,-0.5255319877012133
1.9563403377427344,15.104339819106258,0.076586061,71.91369758,5.832,0.5455,0.4534999999999999,0.0418542823365,0.5625,0.0,0.0,panama,2010,0.9147533461575057,-0.9147533461575057
2.5579152312856,15.12208670042504,0.060812228,71.74122011,3.922,0.5384,0.45303334,0.0332622612363184,0.5625,0.0,0.0,panama,2011,0.9260437563962092,-0.9260437563962092
2.3634255550447127,15.139731889456383,0.074382823,69.52535248000001,3.714,0.5325,0.45303334,0.0406849242576811,0.5625,0.0,0.0,panama,2012,0.9253218217597963,-0.9253218217597963
1.9912049237071192,15.157155296031146,0.059178907,76.40412903,3.732,0.5398,0.45303334,0.0323688891042406,0.5625,0.0,0.0,panama,2013,0.9250760734549623,-0.9250760734549623
1.7273656213581352,15.174459929549965,0.063799582,76.04062653,4.444,0.5319,0.45303334,0.0348962442759361,0.5625,0.0,0.0,panama,2014,0.9320649637562304,-0.9320649637562304
1.835284569304428,15.191763674098432,0.04784474,76.59468079,4.402,0.5282,0.54126666,0.0219479773816316,0.75,0.0,0.0,panama,2015,0.3790330511088219,-0.3790330511088219
1.717748126790147,15.209050357387854,0.047980221,82.60144806,4.843,0.5295,0.54086666,0.0220293191216681,0.75,0.6931471805599453,1.0,panama,2016,0.35609657961647967,0.3370506009434656
1.9086620388694524,15.226182360061962,0.042765778,76.59989929,5.461,0.5299,0.54053334,0.0196494491799614,0.75,0.0,0.0,panama,2017,0.4093121308072015,-0.4093121308072015
1.5929422205347323,15.242913512531024,0.037465032,69.52535248000001,5.313,0.5327,0.51033334,0.0183453770862331,0.625,0.0,0.0,panama,2018,0.9590609018034735,-0.9590609018034735
1.4117349702325632,15.258823281450695,0.029157352,69.52535248000001,6.409,0.5258,0.5228333399999999,0.0139129162682843,0.6875,0.0,0.0,panama,2019,0.7315875299450256,-0.7315875299450256
-2.934985485369299,15.27255737492751,0.075484442,69.52535248000001,18.548,0.5411,0.5062,0.0372742174596,0.625,0.0,0.0,panama,2020,1.033311583533367,-1.033311583533367
2.167188624825477,15.38690635842178,0.628041528,44.55011212,2.62,0.4979,0.2799999999999999,0.45218990016,0.25,2.3978952727983707,10.0,papua new guinea,1996,1.1812580964183605,1.2166371763800101
-1.5621603794410823,15.457684936959236,0.5750722035,19.92778969,2.62,0.4921,0.225,0.4456809577125,0.25,0.0,0.0,papua new guinea,1998,1.2743455957458965,-1.2743455957458965
-1.2512881652217358,15.526975134945156,0.5750722035,44.55011212,2.92,0.4869,0.2375,0.4384925551687499,0.3125,0.0,0.0,papua new guinea,2000,0.9128622622676734,-0.9128622622676734
-0.1474717392769911,15.594523129589044,0.5750722035,44.55011212,2.62,0.4812,0.2375,0.4384925551687499,0.3125,0.6931471805599453,1.0,papua new guinea,2002,0.9338360007774409,-0.2406888202174956
1.1518694457144123,15.627725709175726,0.5750722035,44.55011212,2.62,0.4784,0.2375,0.4384925551687499,0.3125,0.0,0.0,papua new guinea,2003,0.9378887995497147,-0.9378887995497147
1.3140396777574042,15.660501425575742,0.5750722035,44.55011212,2.62,0.4751,0.21,0.454307040765,0.25,0.0,0.0,papua new guinea,2004,1.1467694191033793,-1.1467694191033793
1.9939920247606076,15.69282153353361,0.5750722035,44.55011212,2.62,0.4723,0.16,0.4830606509399999,0.25,0.0,0.0,papua new guinea,2005,0.9697381723798086,-0.9697381723798086
1.8578505487416543,15.724715376209367,0.5750722035,44.55011212,2.62,0.4695,0.3036,0.4004802825174,0.25,0.0,0.0,papua new guinea,2006,1.522244986042697,-1.522244986042697
2.176476282323908,15.756170663915162,0.5750722035,44.55011212,2.62,0.4662,0.30985,0.396886081245525,0.28125,0.6931471805599453,1.0,papua new guinea,2007,1.4091144564742286,-0.7159672759142833
-0.2596358117772948,15.787228098709642,0.5750722035,44.55011212,2.62,0.4619,0.3161,0.3932918799736499,0.3125,0.0,0.0,papua new guinea,2008,1.3213115596860903,-1.3213115596860903
2.05417776851769,15.817860314961417,0.522102879,44.55011212,2.62,0.457,0.3161,0.3570661589480999,0.3125,0.0,0.0,papua new guinea,2009,1.3959705365436204,-1.3959705365436204
2.409505258066168,15.848060157710348,0.5750722035,44.55011212,2.002,0.4585,0.3161,0.3932918799736499,0.3125,0.0,0.0,papua new guinea,2010,1.3231439067411188,-1.3231439067411188
0.745523111035496,15.87721408207374,0.5750722035,44.55011212,2.62,0.4586,0.31463334,0.3941353153716353,0.3125,0.0,0.0,papua new guinea,2011,1.3530619048842198,-1.3530619048842198
1.7329148575552549,15.905074569145915,0.5750722035,37.0596555,2.62,0.4587,0.31463334,0.3941353153716353,0.3125,0.0,0.0,papua new guinea,2012,1.4027329665952986,-1.4027329665952986
1.57379961099851,15.932091200629923,0.5750722035,44.55011212,2.62,0.4585,0.3399,0.37960516153035,0.4375,0.0,0.0,papua new guinea,2013,0.874771266952124,-0.874771266952124
2.6771627658586072,15.958330807833592,0.5750722035,44.55011212,2.62,0.4584,0.3593666599999999,0.3684104264693647,0.4375,0.0,0.0,papua new guinea,2014,0.9510302555912192,-0.9510302555912192
2.0252963322088373,15.983792188936338,0.5750722035,44.55011212,2.62,0.4577,0.34186666,0.3784741900306146,0.375,0.0,0.0,papua new guinea,2015,1.202421408330249,-1.202421408330249
1.8701967585992851,16.008472619228314,0.5750722035,44.55011212,2.62,0.4583,0.33686666,0.3813495510481147,0.375,0.0,0.0,papua new guinea,2016,1.1989041518572652,-1.1989041518572652
1.5117392624645083,16.032397774585302,0.5750722035,44.55011212,2.62,0.4587,0.33686666,0.3813495510481147,0.375,2.19722457733622,8.0,papua new guinea,2017,1.2154418392056152,0.9817827381306048
-0.2462757549043221,16.05563645984825,0.5750722035,44.55011212,2.62,0.4586,0.33686666,0.3813495510481147,0.375,0.0,0.0,papua new guinea,2018,1.244590335467871,-1.244590335467871
1.701198996004201,16.078211862018872,0.5750722035,46.26684565,2.62,0.4584,0.33686666,0.3813495510481147,0.375,0.0,0.0,papua new guinea,2019,1.228148051737172,-1.228148051737172
-1.427300029331101,16.099498490794595,0.5750722035,44.55281992,2.62,0.4584,0.34066666,0.3791642766748146,0.375,0.0,0.0,papua new guinea,2020,1.2935076533848204,-1.2935076533848204
0.9453776293881182,15.360419335883416,0.079131571,46.97792053,8.15,0.5541,0.21,0.06251394109,0.25,0.0,0.0,paraguay,1996,1.847256063790154,-1.847256063790154
0.0658230919730588,15.404751069189226,0.079131571,54.63405991,4.417,0.5541,0.155,0.066866177495,0.25,0.0,0.0,paraguay,1998,1.6167062654980346,-1.6167062654980346
-1.1981983345200289,15.444921475336322,0.079131571,64.40962982,7.61,0.5541,0.1175,0.0698336114075,0.0625,1.0986122886681098,2.0,paraguay,2000,2.371350408815988,-1.272738120147878
-0.021178538139713,15.475894214397284,0.195870464,69.8106308,9.393,0.5619,0.095,0.17726276992,0.0,0.0,0.0,paraguay,2002,2.3858759532137133,-2.3858759532137133
1.6716134224837775,15.48819309230926,0.138278931,67.52102661,6.814,0.562,0.095,0.125142432555,0.0,0.0,0.0,paraguay,2003,2.468812773559619,-2.468812773559619
1.620856148357564,15.499717481160785,0.10718931,68.88598633,6.513,0.5588,0.205,0.08521550145,0.5,0.0,0.0,paraguay,2004,0.5288450815167286,-0.5288450815167286
1.142147611581299,15.510777114902268,0.100523309,68.87928009,4.825,0.5548,0.31,0.06936108321,0.5,0.0,0.0,paraguay,2005,0.910178868945979,-0.910178868945979
1.7590842675191465,15.521194394075993,0.140768436,68.66956329,5.277,0.5516,0.37856666,0.0874781993500562,0.5625,0.0,0.0,paraguay,2006,0.7965555361597834,-0.7965555361597834
1.8596708695580515,15.530998408350028,0.125611739,69.01116943,4.713,0.5618,0.37856666,0.0780593225099782,0.5625,0.0,0.0,paraguay,2007,0.8244255293638286,-0.8244255293638286
2.014408514294202,15.540698329440156,0.079131571,70.53325653,4.415,0.553,0.38016666,0.0490483859523771,0.5625,0.0,0.0,paraguay,2008,0.8897204339860614,-0.8897204339860614
-0.2320139550975767,15.550917817694073,0.091290169,71.52040863,5.46,0.5446,0.38016666,0.0565846903604344,0.5625,0.0,0.0,paraguay,2009,0.8938046998108706,-0.8938046998108706
2.492811265003616,15.5626163957625,0.093821842,73.16511006,4.569,0.5455,0.38016666,0.0581539056918122,0.5625,1.0986122886681098,2.0,paraguay,2010,0.8557513148686111,0.24286097379949867
1.6651320382718984,15.57588719742356,0.089433261,75.88269806,4.67,0.5384,0.38016666,0.0554337168727217,0.5625,1.6094379124341005,4.0,paraguay,2011,0.8582345344540114,0.7512033779800891
-0.5353483362656226,15.58995583118124,0.06437838,82.80020905,4.085,0.5325,0.37923334,0.0399639519288108,0.5625,1.6094379124341005,4.0,paraguay,2012,0.8744449084781496,0.7349930039559509
2.229269659360225,15.60434007239714,0.04112851,69.410900115,4.385,0.5398,0.34673334,0.0268678843584766,0.5,2.3978952727983707,10.0,paraguay,2013,1.1587235093335255,1.2391717634648451
1.840746224389672,15.618838190562627,0.042667899,69.410900115,5.034,0.5319,0.34673334,0.0278735158689473,0.5,2.772588722239781,15.0,paraguay,2014,1.1674507934231242,1.605137928816657
1.37552449474921,15.63344187038471,0.042111597,69.410900115,4.556,0.5282,0.3763666599999999,0.0262621958898439,0.5625,2.995732273553991,19.0,paraguay,2015,0.9830076070020805,2.0127246665519105
1.6616556876275534,15.647952331956423,0.041692273,81.86510465,5.255,0.5295,0.41096666,0.0245581388173818,0.5625,2.772588722239781,15.0,paraguay,2016,1.0428589179387238,1.7297298043010574
1.7595941432329885,15.662178105369644,0.023750721,69.410900115,6.138,0.5299,0.41123334,0.0139836326757618,0.5625,2.3978952727983707,10.0,paraguay,2017,1.1566722301813332,1.2412230426170374
1.4360959995291211,15.676078014922666,0.030729101,69.410900115,6.217,0.5327,0.41076666,0.0181066108174273,0.5625,1.6094379124341005,4.0,paraguay,2018,1.1569954681856753,0.45244244424842517
-0.3377964316307359,15.689626824524636,0.024438963,69.410900115,6.595,0.5258,0.41076666,0.0144002517946264,0.5625,0.0,0.0,paraguay,2019,1.1892103078582583,-1.1892103078582583
-0.5987185771029772,15.703146713168394,0.025551215,85.66693092,7.548,0.5411,0.39786666,0.015385238429008,0.5,1.0986122886681098,2.0,paraguay,2020,1.3680839455387015,-0.2694716568705917
1.3347307878418702,17.026804593568784,0.112005626,69.56759644,7.07,0.557,0.3325,0.074763755355,0.3125,3.7612001156935615,42.0,peru,1996,2.6913769227663247,1.0698231929272368
-0.3304092911991866,17.063482786922332,0.257141599,77.45574188,4.971,0.557,0.3475,0.1677848933475,0.4375,1.791759469228055,5.0,peru,1998,1.901684090890324,-0.10992462166226913
1.3068104176002509,17.09635906501886,0.255416148,80.84287262,4.069,0.557,0.19,0.20688707988,0.125,1.3862943611198906,3.0,peru,2000,2.798401566869864,-1.4121072057499735
1.864627103361459,17.12196559190828,0.243925813,85.14640045,4.84,0.622,0.355,0.157332149385,0.375,1.0986122886681098,2.0,peru,2002,2.247496311308213,-1.1488840226401031
1.6419095821356249,17.132619232926583,0.224567286,78.48062134,4.151,0.6748,0.2799999999999999,0.16168844592,0.25,0.6931471805599453,1.0,peru,2003,2.674103435935213,-1.9809562553752675
1.7847689601210277,17.14242219269735,0.235481954,81.80645752,4.707,0.6065,0.2375,0.179554989925,0.3125,1.3862943611198906,3.0,peru,2004,2.1564638878723743,-0.7701695267524837
1.9858257203266787,17.151322161890555,0.253752091,82.84992981,4.866,0.5872,0.2225,0.1972922507525,0.3125,1.0986122886681098,2.0,peru,2005,2.06023704981066,-0.9616247611425501
2.143460284474796,17.159237430030842,0.218472563,85.8261795,4.172,0.6003,0.28323334,0.1565938492831496,0.4375,0.6931471805599453,1.0,peru,2006,1.7290359135413393,-1.0358887329813942
2.253225482465808,17.166491258465275,0.188933119,88.90292358,4.078,0.5859,0.28948334,0.1342401286752625,0.46875,1.6094379124341005,4.0,peru,2007,1.6256123034385361,-0.01617439100443563
2.3151624949237037,17.173070945041996,0.158089087,90.26528168,4.025,0.582,0.2845666599999999,0.1131022035299605,0.4375,0.6931471805599453,1.0,peru,2008,1.7975954080820085,-1.104448227522063
0.7399466307629987,17.179241835579223,0.136733008,93.82800293,3.964,0.5655,0.34456666,0.0896193721216867,0.4375,1.6094379124341005,4.0,peru,2009,2.0328303942571826,-0.4233924818230821
2.233498550012914,17.18576820433559,0.112005626,96.13037109,3.595,0.567,0.40016666,0.0671847087423708,0.4375,0.0,0.0,peru,2010,2.243263675419051,-2.243263675419051
1.99159241414792,17.19323755231435,0.10339926,97.52314758,3.477,0.5614,0.39643334,0.0624083460046716,0.4375,0.0,0.0,peru,2011,2.2374819673358353,-2.2374819673358353
1.965674219025536,17.201606721367007,0.095272386,96.43811035,3.238,0.5567,0.39563334,0.0575794537170507,0.4375,2.302585092994046,9.0,peru,2012,2.2541212763006873,0.04846381669335864
1.9246162067615025,17.210620113023694,0.086165627,101.5838699,3.575,0.5626,0.4136,0.0505275236728,0.5,2.6390573296152584,13.0,peru,2013,2.0151003892178343,0.6239569403974241
1.218513781623248,17.220561405480876,0.079933111,99.87338257,3.208,0.5502,0.4185999999999999,0.0464731107354,0.5,2.5649493574615367,12.0,peru,2014,2.0552170724359105,0.5097322850256263
1.4474470251445553,17.2318461433014,0.079580617,100.2515717,3.272,0.5556,0.41886666,0.0462469497564707,0.5,2.3978952727983707,10.0,peru,2015,2.0618159855492144,0.33607928724915626
1.6000577994058431,17.245181849377758,0.074693276,102.1501236,3.741,0.5611,0.4418333399999999,0.0416912963893781,0.5625,1.6094379124341005,4.0,peru,2016,1.8540450803926114,-0.2446071679585109
1.2581300945293572,17.259915502414668,0.073140625,101.0445786,3.691,0.5971,0.44076666,0.0409026760084375,0.5625,2.19722457733622,8.0,peru,2017,1.8900907662812925,0.30713381105492754
1.603289316701392,17.278040859560125,0.060752501,99.85800934,3.492,0.574,0.454,0.033170865546,0.625,1.791759469228055,5.0,peru,2018,1.657869786199792,0.13388968302826298
1.1757683012281734,17.295189552502226,0.054192518,99.52971649,3.379,0.5641,0.454,0.029589114828,0.625,0.6931471805599453,1.0,peru,2019,1.6767879211927368,-0.9836407406327915
-2.4793333561326647,17.30711460166235,0.103081566,100.1387024,7.179,0.6565,0.42603334,0.0591653821445895,0.4375,1.0986122886681098,2.0,peru,2020,2.50760151238618,-1.4089892237180701
1.9257581506561563,18.09481545622687,0.231418461,73.71588898,8.564,0.5238,0.4974999999999999,0.1162877766525,0.6875,4.127134385045092,61.0,philippines,1996,1.8541362803665096,2.272998104678582
-0.4148149947043515,18.1434904399084,0.231418461,70.50797272,10.254,0.5271,0.4725,0.1220732381775,0.5625,2.9444389791664403,18.0,philippines,1998,2.4379673195568863,0.506471659609554
1.683153879378105,18.19284367027425,0.2732170475,78.54086304,11.189,0.5088,0.3424999999999999,0.1796402087312499,0.1875,4.890349128221754,132.0,philippines,2000,3.643086117420917,1.247263010800837
1.551015052884212,18.23518082150135,0.231418461,74.91383362,3.554,0.4949,0.44,0.12959433816,0.5,3.8918202981106265,48.0,philippines,2002,2.563700289643667,1.3281200084669593
1.8061407502594984,18.255001956770283,0.252934476,76.82196808,3.527,0.4861,0.36,0.16187806464,0.25,4.68213122712422,107.0,philippines,2003,3.4229734057868546,1.2591578213373653
2.0240911483852444,18.27443463221471,0.231418461,78.54086304,3.554,0.4859,0.355,0.149264907345,0.25,3.4657359027997265,31.0,philippines,2004,3.436644894083333,0.029091008716393585
1.7821307816738012,18.29302875371917,0.231418461,78.30638123,3.795,0.4843,0.355,0.149264907345,0.25,3.258096538021482,25.0,philippines,2005,3.4509504129969377,-0.19285387497545559
1.8431520886743755,18.309849591611812,0.269878358,76.95732117,4.052,0.4821,0.3732,0.1691597547943999,0.25,4.07753744390572,58.0,philippines,2006,3.473968225464178,0.6035692184415415
2.0174719247472277,18.327195932149728,0.231418461,77.07099915,3.434,0.4806,0.3732,0.1450530913548,0.25,4.189654742026425,65.0,philippines,2007,3.535627237091699,0.6540275049347262
1.6760656193899086,18.34486927860072,0.231418461,78.0089035,3.72,0.4793,0.3707999999999999,0.1456084956612,0.25,5.6240175061873385,276.0,philippines,2008,3.5353091997603467,2.088708306426992
0.89540332612252,18.3628847845705,0.226967338,80.17627716,3.858,0.4799,0.3408,0.1496168692096,0.25,5.438079308923196,229.0,philippines,2009,3.4398362875400963,1.9982430213830993
2.120403521601677,18.383364326875824,0.231418461,78.54086304,3.605,0.4792,0.3408,0.1525510494912,0.25,5.3230099791384085,204.0,philippines,2010,3.440006883546384,1.8830030955920245
1.5806747561503467,18.40301171192217,0.231418461,78.54086304,3.592,0.4773,0.3533,0.1496583187287,0.3125,5.0238805208462765,151.0,philippines,2011,3.202458681379402,1.8214218394668746
2.066476825643006,18.422434335511557,0.231418461,78.54086304,3.504,0.4756,0.3545,0.1493806165754999,0.3125,5.521460917862246,249.0,philippines,2012,3.211168497738557,2.310292420123689
2.0477613959832133,18.441231493296232,0.231418461,78.54086304,3.497,0.4714,0.35523334,0.1492109081613102,0.3125,6.480044561926653,651.0,philippines,2013,3.2217465115355868,3.2582980503910663
1.9944264638947051,18.45765982151688,0.231418461,81.56403143,3.6,0.4664,0.3792999999999999,0.1436414387427,0.3125,6.393590753950631,597.0,philippines,2014,3.2978703199691877,3.0957204339814437
1.99447031630129,18.472447359805635,0.16785966,82.00852548,3.068,0.4623,0.3797666599999999,0.1041121575730644,0.3125,6.582025138892826,721.0,philippines,2015,3.397143679803343,3.1848814590894827
2.097951268589414,18.48586643063313,0.231418461,82.78375743,2.695,0.4572,0.36293334,0.1474289860116102,0.25,6.450470422144176,632.0,philippines,2016,3.5324386501610734,2.9180317719831024
2.070777659154569,18.49874944917984,0.231418461,80.92276001,2.552,0.4516,0.37723334,0.1441197020193102,0.4375,6.54534966033442,695.0,philippines,2017,2.7066548782959936,3.8386947820384263
1.9935412161529704,18.51111805239805,0.1084562515,79.36224698,2.338,0.446,0.37723334,0.067542937502775,0.4375,6.400257445308821,601.0,philippines,2018,2.9080855611962466,3.492171884112574
1.9627006340381232,18.52327960575215,0.231418461,85.3821866,2.237,0.446,0.37676666,0.1442277003866897,0.4375,6.148468295917647,467.0,philippines,2019,2.6880151245025465,3.4604531714151006
-2.353116097212257,18.534734746510345,0.231418461,87.94198795,2.522,0.446,0.41373334,0.1356729281928102,0.5,5.68697535633982,294.0,philippines,2020,2.557786562094046,3.129188794245774
1.959232084423303,17.46939400825994,0.09014,102.4025879,12.343,0.306,0.67,0.0297461999999999,0.625,1.9459101490553128,6.0,poland,1996,2.3696402746751657,-0.4237301256198529
1.7266183377573434,17.470406094941623,0.001838161,102.4025879,9.935,0.3164,0.62,0.00069850118,0.625,1.0986122886681098,2.0,poland,1998,2.3138344833436086,-1.2152221946754989
1.732775719298879,17.45987971370328,0.003423098,100.596077,14.928,0.3306,0.61,0.00133500822,0.625,0.0,0.0,poland,2000,2.3200876591302855,-2.3200876591302855
1.0651225073757802,17.45914065310282,0.003351772,103.719223,20.211,0.3415,0.64,0.00120663792,0.75,0.0,0.0,poland,2002,1.8577400584877055,-1.8577400584877055
1.5092575503610712,17.45846572610402,0.002204801,106.2503586,19.899,0.3512,0.64,0.00079372836,0.75,0.0,0.0,poland,2003,1.8434605433122984,-1.8434605433122984
1.8067786912544064,17.457880598768064,0.0157945205,98.4879837,18.822,0.3625,0.615,0.0060808903925,0.75,0.0,0.0,poland,2004,1.7779629577213252,-1.7779629577213252
1.449462274732075,17.457441109246254,0.0092795505,101.0859528,17.592,0.3628,0.6275000000000001,0.00345663256125,0.8125,0.0,0.0,poland,2005,1.514697360369035,-1.514697360369035
1.9743736372349503,17.45680740351994,0.005778109,100.5975571,13.794,0.3706,0.62616666,0.002160049786354,0.8125,0.0,0.0,poland,2006,1.4934685955424818,-1.4934685955424818
2.0490400455452598,17.45626435332614,0.0036264355,100.348259,9.551,0.3701,0.62616666,0.0013556824952595,0.8125,0.0,0.0,poland,2007,1.4705007070478087,-1.4705007070478087
1.683389000982233,17.45640072711939,0.002023821,99.95082092,7.069,0.3764,0.62616666,0.0007565717639921,0.8125,0.0,0.0,poland,2008,1.4668423971124473,-1.4668423971124473
1.2851274270389148,17.457078359371835,0.003192718,99.64875793,8.131,0.3634,0.6386666599999999,0.0011536354586181,0.75,0.0,0.0,poland,2009,1.8114205200205842,-1.8114205200205842
1.4276588044082066,17.454222268231455,0.0031255645,100.2077789,9.578,0.3651,0.6495,0.00109551035725,0.8125,0.6931471805599453,1.0,poland,2010,1.5561881074854542,-0.8630409269255089
1.8334550925834856,17.454759965306106,0.0031212765,100.6178513,9.576,0.369,0.64996666,0.0010925508383585,0.8125,0.0,0.0,poland,2011,1.554039529870088,-1.554039529870088
0.9209923324084668,17.454757574546136,0.002467582,100.5648575,10.031,0.3672,0.64996666,0.0008637359691838,0.8125,0.0,0.0,poland,2012,1.565744640900199,-1.565744640900199
0.5213147838800409,17.454153974387253,0.0029497915,111.5169601,10.293,0.3658,0.64996666,0.0010325253710486,0.8125,0.0,0.0,poland,2013,1.505124147650412,-1.505124147650412
1.593411904022779,17.453405512114017,0.0029952735,110.0310211,8.971,0.3726,0.6523000000000001,0.0010414565959499,0.8125,0.0,0.0,poland,2014,1.5070234442794845,-1.5070234442794845
1.6922644959270208,17.452739101121896,0.0027119125,109.4147873,7.475,0.3779,0.64976666,0.0009498021726627,0.8125,0.0,0.0,poland,2015,1.4945477382478767,-1.4945477382478767
1.3940585605637976,17.452309249824474,0.0018475275,109.1172485,6.141,0.3744,0.59803334,0.0007426444584331,0.5625,1.0986122886681098,2.0,poland,2016,2.4966823161106504,-1.3980700274425406
1.8168516333691875,17.45243405080703,0.002181307,109.4592209,4.867,0.3709,0.59696666,0.0008791394457753,0.5625,0.6931471805599453,1.0,poland,2017,2.47666582866103,-1.7835186481010847
1.980430060402478,17.452432049479256,0.0015723635,110.5419388,3.835,0.3741,0.62196666,0.000594405825599,0.6875,0.6931471805599453,1.0,poland,2018,1.958622182884449,-1.2654750023245036
1.7192708828790206,17.452187778414693,0.000584234,109.7533035,3.267,0.3764,0.59996666,0.0002337130783615,0.6875,0.0,0.0,poland,2019,1.8875149599504666,-1.8875149599504666
-1.110398828367066,17.440271376109855,0.001890685,112.5762634,3.155,0.3764,0.624,0.00071089756,0.75,1.0986122886681098,2.0,poland,2020,1.6760441395637222,-0.5774318508956124
1.5050206253518617,16.124469892248186,0.006190363,109.3293266,7.298,0.3601,0.8574999999999999,0.0008821267275,0.9375,0.0,0.0,portugal,1996,0.8994528273947644,-0.8994528273947644
1.7592299396924935,16.133988389690412,0.006190363,109.3293266,4.64,0.3675,0.82,0.00111426534,1.0,0.0,0.0,portugal,1998,0.46094411453842477,-0.46094411453842477
1.5719804890991902,16.14667329240735,0.006190363,108.3728867,3.806,0.3727,0.82,0.00111426534,1.0,0.0,0.0,portugal,2000,0.4729179286806897,-0.4729179286806897
0.5715018852843673,16.15920227696719,0.006190363,109.7944717,4.497,0.379,0.82,0.00111426534,1.0,0.0,0.0,portugal,2002,0.48861946440004167,-0.48861946440004167
-0.6577899379836364,16.16295639075613,0.010826147,108.3112335,6.132,0.3735,0.77,0.0024900138099999,1.0,0.0,0.0,portugal,2003,0.3358637506230391,-0.3358637506230391
1.0255882776879417,16.165347680423885,0.006648847,95.08312988,6.319,0.392,0.7625,0.0015791011625,0.9375,0.0,0.0,portugal,2004,0.6868438976644611,-0.6868438976644611
0.5776507861082186,16.167203002913624,0.007043592,96.43460083,7.582,0.3865,0.7375,0.0018489428999999,0.9375,0.0,0.0,portugal,2005,0.6004880565733428,-0.6004880565733428
0.965094355000634,16.169006327156865,0.001753897,95.6554184,7.649,0.393,0.6394,0.0006324552582,0.75,0.0,0.0,portugal,2006,1.1605899928370187,-1.1605899928370187
1.2546410261263148,16.17096937081536,0.006144971,99.30796051,7.965,0.3929,0.6644,0.0020622522676,0.75,0.0,0.0,portugal,2007,1.2209236383662123,-1.2209236383662123
0.2770613800365008,16.172411283477228,0.00347878,101.6095581,7.553,0.378,0.65116666,0.0012135144465252,0.6875,0.0,0.0,portugal,2008,1.4610426793756255,-1.4610426793756255
-1.4163574718561385,16.173364591979354,0.00170344,105.0830994,9.432,0.3732,0.65116666,0.0005942166646896,0.6875,0.0,0.0,portugal,2009,1.468730770912115,-1.468730770912115
1.007090586710602,16.173823692303106,0.00219675,107.5233307,10.771,0.3777,0.6509666599999999,0.000766738989645,0.6875,0.0,0.0,portugal,2010,1.4410947394210991,-1.4410947394210991
-0.9982494338731068,16.172352843656565,0.006235755,108.8641815,12.715,0.3815,0.63706666,0.0022631633895717,0.625,1.0986122886681098,2.0,portugal,2011,1.7080622934379996,-0.6094500047698899
-1.61956697503657,16.16829862616388,0.008823911,110.2533722,15.509,0.3671,0.635,0.003220727515,0.625,0.0,0.0,portugal,2012,1.7018695385885896,-1.7018695385885896
-0.6851687241538599,16.162810474577736,0.010437044,118.9329605,16.237,0.3731,0.6359999999999999,0.003799084016,0.625,0.0,0.0,portugal,2013,1.6481968263148408,-1.6481968263148408
0.5546844609043202,16.15741857042682,0.007766962,114.9012909,13.88,0.373,0.6619333399999999,0.0026257509016869,0.75,0.0,0.0,portugal,2014,1.1432979266402994,-1.1432979266402994
0.9515798946787268,16.153277159805885,0.007302582,116.8045883,12.405,0.3706,0.74193334,0.0018845529461161,0.875,0.0,0.0,portugal,2015,0.8032833518295768,-0.8032833518295768
1.0999917690806702,16.15012256994094,0.004100629,115.4884186,11.058,0.3719,0.7424000000000001,0.0010563220303999,0.875,0.0,0.0,portugal,2016,0.806410013748392,-0.806410013748392
1.462032451515771,16.147683676073843,0.004408294,117.2353287,8.878,0.3748,0.7422666600000001,0.0011361643363219,0.875,0.0,0.0,portugal,2017,0.7786451873808391,-0.7786451873808391
1.3727742332013393,16.146082636017937,0.003823886,118.2883377,6.966,0.3655,0.69226666,0.0011767372105592,0.875,0.0,0.0,portugal,2018,0.5805613838556396,-0.5805613838556396
1.320604330850084,16.146319970941356,0.001849147,119.519371,6.422,0.356,0.69353334,0.000566701904939,0.875,0.0,0.0,portugal,2019,0.5725484552499861,-0.5725484552499861
-2.2197067913963417,16.14737111209169,0.006367835,118.682869,6.85,0.356,0.71433334,0.001819078155881,0.875,0.6931471805599453,1.0,portugal,2020,0.6809014736944485,0.012245706865496753
1.6815558688192538,13.178781517309128,0.0,97.44147524,0.295,0.5523,0.3075,0.0,0.1875,0.6931471805599453,1.0,qatar,1996,1.083176964876995,-0.3900297843170498
2.5029636727036357,13.271715706394293,0.0,97.44147524,0.295,0.5523,0.4775,0.0,0.8125,0.0,0.0,qatar,1998,-1.2486000200677612,1.2486000200677612
2.200344754738228,13.376990091781757,0.0,97.44147524,0.295,0.5523,0.5575,0.0,0.8125,0.6931471805599453,1.0,qatar,2000,-0.9079146979721295,1.6010618785320747
2.101955157590081,13.47471739959169,0.0,87.48439026,0.295,0.5523,0.5575,0.0,0.6875,0.0,0.0,qatar,2002,-0.20157312517938197,0.20157312517938197
1.5518000446862583,13.520713903453752,0.0,88.70198059,0.295,0.5523,0.575,0.0,0.75,0.0,0.0,qatar,2003,-0.4143270977276865,0.4143270977276865
3.0066185692256977,13.558465023939808,0.0,90.05525208,1.48,0.5523,0.5650000000000001,0.0,0.75,0.0,0.0,qatar,2004,-0.4434524142735101,0.4434524142735101
2.139213857209965,13.623634300045389,0.0,90.05448151,0.295,0.5523,0.575,0.0,0.75,0.6931471805599453,1.0,qatar,2005,-0.3722542395621746,1.0654014201221198
3.30212246535542,13.78796668438986,0.0,91.35224915,0.87,0.5523,0.5777,0.0,0.8125,0.0,0.0,qatar,2006,-0.5862377935938419,0.5862377935938419
2.943683789872248,14.004969913289688,0.0,91.99156952,0.52,0.5523,0.58645,0.0,0.84375,0.0,0.0,qatar,2007,-0.5894201795586078,0.5894201795586078
2.9265727646123616,14.17104214852357,0.0,97.62886047,0.31,0.5547,0.62113334,0.0,0.875,0.0,0.0,qatar,2008,-0.5593568028604599,0.5593568028604599
2.5616023108065327,14.291063759806711,0.0,97.20149994,0.31,0.5571,0.6778000000000001,0.0,0.875,0.0,0.0,qatar,2009,-0.28822350033166866,0.28822350033166866
3.024911124011347,14.295979855551032,0.0,98.15017872,0.45,0.5594,0.67893334,0.0,0.875,0.0,0.0,qatar,2010,-0.28939127759146843,0.28939127759146843
2.6655069030720404,14.300871901480974,0.0,96.46768676,0.56,0.5616,0.6245333399999999,0.0,0.875,0.0,0.0,qatar,2011,-0.46263267881521797,0.46263267881521797
1.7457303887314506,14.359251867599912,0.0,98.61398083,0.48,0.5637,0.57453334,0.0,0.875,0.0,0.0,qatar,2012,-0.6099166232714246,0.6099166232714246
1.880396469481459,14.465973072808575,0.0,97.36637788,0.28,0.5637,0.60286666,0.0,0.875,0.0,0.0,qatar,2013,-0.4479788034754413,0.4479788034754413
1.845985877511616,14.581790163557978,0.0,97.88453113,0.2,0.5637,0.60286666,0.0,0.875,0.0,0.0,qatar,2014,-0.388652967943264,0.388652967943264
1.749777727634678,14.667607455956048,0.0,101.9468307,0.17,0.5637,0.59036666,0.0,0.8125,0.6931471805599453,1.0,qatar,2015,-0.11219252443716754,0.8053397049971128
1.402193554430407,14.722604730827872,0.0,97.44147524,0.15,0.5637,0.59036666,0.0,0.8125,0.0,0.0,qatar,2016,-0.05290640105255817,0.05290640105255817
-0.9153150924927967,14.74996374926496,0.0,101.9896941,0.14,0.5637,0.54376666,0.0,0.6875,0.0,0.0,qatar,2017,0.387669520347636,-0.387669520347636
0.8041660440312297,14.763584800047068,0.0,102.1549014,0.11,0.5637,0.5221,0.0,0.6875,0.0,0.0,qatar,2018,0.30147975079095746,-0.30147975079095746
0.5236959806558211,14.785781012543977,0.0,105.1625675,0.1,0.5637,0.5471,0.0,0.6875,0.0,0.0,qatar,2019,0.3862265557494481,-0.3862265557494481
-1.5167748513773982,14.84303814593833,0.0,105.8693284,0.14,0.5637,0.55743334,0.0,0.6875,0.0,0.0,qatar,2020,0.46887047218274835,-0.46887047218274835
1.5908058257398865,16.93430104006319,0.0463733345,87.471019745,6.74,0.3622,0.3375,0.03072233410625,0.5625,0.0,0.0,romania,1996,1.3545148244436362,-1.3545148244436362
-1.1085008704201218,16.9293522583477,0.035570662,87.471019745,5.63,0.3835,0.2475,0.026766923155,0.4375,0.0,0.0,romania,1998,1.6761766040327242,-1.6761766040327242
1.24163368397507,16.92648807191683,0.118997743,82.38330078,6.969,0.3594,0.205,0.094603205685,0.25,0.0,0.0,romania,2000,2.284686261030421,-2.284686261030421
1.902553941664169,16.894227223577136,0.090992076,84.9503479,8.112,0.379,0.39,0.05550516636,0.625,0.0,0.0,romania,2002,1.1822814910732802,-1.1822814910732802
1.2063142596786278,16.88701460093623,0.070085744,84.22077179,6.95,0.4109,0.345,0.04590616232,0.625,0.0,0.0,romania,2003,1.072728122819,-1.072728122819
2.4360763740641107,16.88131673847576,0.052516174,82.5846405,7.719,0.4057,0.3875,0.032166156575,0.6875,0.0,0.0,romania,2004,0.9497037343496164,-0.9497037343496164
1.7348624419883585,16.87514142919849,0.041573018,81.05947876,7.174,0.4156,0.4049999999999999,0.02473594571,0.75,0.0,0.0,romania,2005,0.7455321754259343,-0.7455321754259343
2.200420694973081,16.86921740387689,0.0758844595,85.68206024,7.27,0.4139,0.41873334,0.0441091063194702,0.75,0.0,0.0,romania,2006,0.7066185514956926,-0.7066185514956926
2.1082485740345565,16.8544451747593,0.0544928155,84.26036072,6.413,0.453,0.43123334,0.0309936966659312,0.8125,0.0,0.0,romania,2007,0.5040157210887687,-0.5040157210887687
2.33286860063144,16.83778134913329,0.036238236,94.53840637,5.787,0.4509,0.43123334,0.0206111004540117,0.8125,0.6931471805599453,1.0,romania,2008,0.4553009480738467,0.2378462324860986
-1.874369057796054,16.82945046199283,0.030946702,103.3932419,6.859,0.4519,0.39373334,0.0187619536595553,0.625,0.0,0.0,romania,2009,1.2131969938719365,-1.2131969938719365
-1.5904205376384593,16.823510870449436,0.0376772015,102.4679031,6.959,0.4023,0.4406666599999999,0.021074114956848,0.625,0.0,0.0,romania,2010,1.340839060757339,-1.340839060757339
1.7039457884788194,16.818592208564308,0.040298834,100.7359009,7.177,0.4031,0.44026666,0.0225566009529255,0.625,0.0,0.0,romania,2011,1.313538286128439,-1.313538286128439
1.0659571901916085,16.814140429423773,0.0463733345,97.45037079,6.794,0.422,0.44026666,0.0259567014066222,0.625,0.0,0.0,romania,2012,1.3354215414165043,-1.3354215414165043
0.245900146250749,16.810427198980463,0.0485649895,95.69889832,7.096,0.4098,0.4627666599999999,0.0260907315161499,0.6875,0.0,0.0,romania,2013,1.12550616202976,-1.12550616202976
1.632373097360045,16.80668144419063,0.088859229,93.53399658,6.802,0.4275,0.4636999999999999,0.0476552045127,0.6875,0.0,0.0,romania,2014,1.0736783497747893,-1.0736783497747893
1.4248023333144388,16.80198092214864,0.075997445,91.33770752,6.812,0.4249,0.4761999999999999,0.039807461691,0.75,0.0,0.0,romania,2015,0.851116759705841,-0.851116759705841
1.3506497022358606,16.796244313985177,0.0261118155,88.7795105,5.901,0.3872,0.4758,0.0136878136851,0.75,0.0,0.0,romania,2016,0.9105695493539034,-0.9105695493539034
2.218711870406718,16.79046424412793,0.048952637,88.38432312,4.927,0.3941,0.4721,0.0258420970723,0.6875,0.0,0.0,romania,2017,1.1491106083328488,-1.1491106083328488
1.855441730442208,16.78458931135469,0.01869127,86.55771637,4.187,0.4097,0.4667,0.0099680542909999,0.6875,0.0,0.0,romania,2018,1.1907259686326301,-1.1907259686326301
1.6014641231051332,16.77932116340656,0.0154622815,86.40740967,3.912,0.4112,0.49243334,0.0078481385769347,0.8125,0.0,0.0,romania,2019,0.6914488519191296,-0.6914488519191296
-1.5256269635157425,16.77381356476624,0.0121462725,86.41687775,5.035,0.4112,0.49183334,0.0061723307277748,0.8125,0.0,0.0,romania,2020,0.7278498577238156,-0.7278498577238156
2.325038690420662,16.045443987103486,0.652409959,18.19928932,11.236,0.6163,0.3563,0.4199562906083,0.4375,0.0,0.0,rwanda,2006,1.1662998726988039,-1.1662998726988039
2.155626609488557,16.072044801438267,0.652409959,20.38500023,11.236,0.6082,0.3813,0.4036460416333,0.5625,0.0,0.0,rwanda,2007,0.664646198942895,-0.664646198942895
2.4982544469353924,16.09832856303061,0.652409959,22.10143089,11.236,0.6002,0.38556666,0.400862430157633,0.5625,0.6931471805599453,1.0,rwanda,2008,0.6770959863919609,0.016051194167984395
1.980761095979336,16.1241207634591,0.652409959,26.55381966,11.236,0.5921,0.3489,0.4247841243049,0.5625,0.6931471805599453,1.0,rwanda,2009,0.5274709526733038,0.1656762278866415
2.120422297596833,16.149357274421202,0.701623254,32.40290833,11.236,0.584,0.34083334,0.4624866569175117,0.5625,2.19722457733622,8.0,rwanda,2010,0.39417996310027603,1.803044614235944
2.19259037800248,16.17388355941799,0.652409959,36.62100983,11.236,0.5772,0.34083334,0.4300468936247669,0.5625,1.0986122886681098,2.0,rwanda,2011,0.45465378226737396,0.6439585064007358
2.266077544311065,16.197821569998098,0.652409959,39.66276932,11.236,0.5705,0.3415666599999999,0.429568468353633,0.5625,1.9459101490553128,6.0,rwanda,2012,0.44805959067376244,1.4978505583815505
1.7439423312650462,16.221855576354702,0.652409959,30.20928649,11.236,0.5637,0.3467,0.4262194262147,0.5625,1.6094379124341005,4.0,rwanda,2013,0.5369217865766637,1.0725161258574367
1.969510339664787,16.246027721597287,0.652409959,41.82186549,1.169,0.5537,0.35083334,0.4235227940347669,0.5625,1.0986122886681098,2.0,rwanda,2014,0.4273807634138004,0.6712315252543094
2.2881672127839665,16.269959976210632,0.652409959,39.40990429,11.236,0.5436,0.35463334,0.4210436361905669,0.5625,0.0,0.0,rwanda,2015,0.5223784576590743,-0.5223784576590743
1.941722142155561,16.293659760882395,0.638438187,38.50623858,11.236,0.5336,0.35463334,0.4120267203606454,0.5625,0.6931471805599453,1.0,rwanda,2016,0.5598046522794641,0.1333425282804812
1.592936700408364,16.3171154298619,0.652409959,39.6912129,11.875,0.5309,0.40543334,0.3879012102733669,0.5625,1.0986122886681098,2.0,rwanda,2017,0.7405852852340401,0.3580270034340697
2.253023690226568,16.340278500946756,0.652409959,41.17969406,10.759,0.5282,0.4115,0.3839432608715,0.5625,1.791759469228055,5.0,rwanda,2018,0.7524968658052281,1.0392626034228267
2.3463517256648068,16.363087109106846,0.652409959,44.07790325,11.236,0.5255,0.41023334,0.3847696424701669,0.5625,1.3862943611198906,3.0,rwanda,2019,0.7436148581227079,0.6426795029971827
-1.4756064665695348,16.385511595714206,0.652409959,37.563624205,11.829,0.5227,0.40983334,0.3850306064537669,0.5625,0.6931471805599453,1.0,rwanda,2020,0.8307414944664568,-0.13759431390651156
1.459703393464939,16.442423730620103,0.057169535,102.9792006,5.622,0.5146,0.2174999999999999,0.0447351611375,0.4375,0.6931471805599453,1.0,saudi arabia,1996,1.2308056062563826,-0.5376584256964373
1.336003679737376,16.51835965675296,0.057169535,102.9792006,5.622,0.5146,0.2299999999999999,0.04402054195,0.5,0.0,0.0,saudi arabia,1998,1.0200259114006087,-1.0200259114006087
1.7436425670419025,16.599145730395897,0.057169535,102.9792006,4.57,0.5146,0.2075,0.0453068564875,0.4375,1.791759469228055,5.0,saudi arabia,2000,1.2708858252809883,0.5208736439470667
-0.5237754891379758,16.700920638181593,0.057169535,102.9792006,5.265,0.5146,0.3125,0.0393040553125,0.5625,1.0986122886681098,2.0,saudi arabia,2002,1.1284233108940052,-0.02981102222589538
2.279186858577192,16.748663350208478,0.057169535,102.9792006,5.563,0.5146,0.3125,0.0393040553125,0.5625,2.19722457733622,8.0,saudi arabia,2003,1.129487909338327,1.067736667997893
2.2649876293940583,16.794578804658727,0.057169535,102.9792006,5.822,0.5146,0.2575,0.0424483797375,0.3125,2.8903717578961645,17.0,saudi arabia,2004,2.1501563361184464,0.7402154217777182
1.9380070357059296,16.838852696980766,0.057169535,87.14816284,6.051,0.5146,0.27,0.04173376055,0.375,0.6931471805599453,1.0,saudi arabia,2005,2.018465742451868,-1.3253185618919225
1.4617461008705326,16.88166145280743,0.057169535,102.9792006,6.254,0.5146,0.28196666,0.0410496321622969,0.4375,1.3862943611198906,3.0,saudi arabia,2006,1.69967053477431,-0.3133761736544194
1.16740859630432,16.923155961828446,0.057169535,91.67581177,5.734,0.5146,0.28196666,0.0410496321622969,0.4375,0.6931471805599453,1.0,saudi arabia,2007,1.7879340562042112,-1.094786875644266
1.9793432032555696,16.963443525644305,0.057169535,102.9792006,5.085,0.5146,0.28183334,0.0410572540047031,0.4375,0.0,0.0,saudi arabia,2008,1.7312171027603185,-1.7312171027603185
-0.7259614121172987,17.002592470592536,0.057169535,99.75537872,5.377,0.5146,0.28183334,0.0410572540047031,0.4375,1.3862943611198906,3.0,saudi arabia,2009,1.7987007128809192,-0.4124063517610286
1.7983237242866696,16.992667653031962,0.057169535,102.9792006,5.55,0.5146,0.29893334,0.040079654956203,0.5,0.0,0.0,saudi arabia,2010,1.514892684842899,-1.514892684842899
2.5462228512316365,17.038054367544092,0.057169535,102.9792006,5.622,0.5146,0.2943,0.0403445408495,0.5625,1.0986122886681098,2.0,saudi arabia,2011,1.219259721617473,-0.1206474329493632
1.911255677011141,17.080080788654453,0.057169535,102.9792006,5.622,0.5146,0.3038999999999999,0.0397957133135,0.5625,1.9459101490553128,6.0,saudi arabia,2012,1.2818920762698056,0.6640180727855072
1.372610637550857,17.134195699053976,0.057169535,93.01689052,5.6,0.5146,0.30463334,0.0397537886067031,0.5625,1.9459101490553128,6.0,saudi arabia,2013,1.3770934873239236,0.5688166617313892
1.6143600953914052,17.158700012110717,0.057169535,98.84960915,5.877,0.5146,0.33463334,0.0380387025567031,0.5625,2.70805020110221,14.0,saudi arabia,2014,1.461556472716547,1.246493728385663
1.732561889525417,17.210568565510837,0.057169535,102.9792006,5.6,0.5146,0.3353666599999999,0.0379967789932969,0.5625,4.653960350157523,104.0,saudi arabia,2015,1.4651011747556486,3.1888591754018742
0.9947496846543472,17.248019218328665,0.057169535,105.4915502,5.6,0.5146,0.3603666599999999,0.0365675406182969,0.5625,4.90527477843843,134.0,saudi arabia,2016,1.5659244063432636,3.339350372095166
0.7802909508268651,17.248767043926755,0.057169535,106.244904,5.89,0.5146,0.37953334,0.0354717904352031,0.625,4.060443010546419,57.0,saudi arabia,2017,1.3363436015182117,2.7240994090282076
1.4414809033482472,17.22322936218334,0.057169535,106.3762116,6.029,0.5146,0.4136999999999999,0.0335184983705,0.6875,4.553876891600541,94.0,saudi arabia,2018,1.1399942518946493,3.4138826397058915
0.975159179483694,17.218832348138534,0.057169535,104.0482578,5.636,0.5146,0.4136999999999999,0.0335184983705,0.6875,3.784189633918261,43.0,saudi arabia,2019,1.153258448694722,2.630931185223539
-1.5696131330295324,17.26716373174017,0.057169535,104.4110274,7.66,0.5146,0.4022,0.034175948023,0.625,4.110873864173311,60.0,saudi arabia,2020,1.470350935473721,2.6405229286995904
1.10524928466956,16.02015366097777,0.532875211,14.06694031,4.455,0.4945,0.2875,0.3796735878375,0.1875,0.0,0.0,senegal,1996,2.196456548349536,-2.196456548349536
1.931300998618404,16.067113150374635,0.532875211,13.80543995,4.455,0.5014,0.325,0.359690767425,0.125,0.6931471805599453,1.0,senegal,1998,2.6557549356530314,-1.962607755093086
1.5866217845345698,16.114916703454703,0.532875211,15.20925045,4.455,0.5083,0.3375,0.3530298272875,0.1875,1.6094379124341005,4.0,senegal,2000,2.4297462574216064,-0.8203083449875059
0.0664397517152824,16.163663008413018,0.532875211,16.92816925,5.65,0.4994,0.4825,0.2757629216925,0.4375,1.3862943611198906,3.0,senegal,2002,1.8127853622848356,-0.426491001164945
1.8861527052830744,16.187731502356044,0.532875211,33.914381025,4.455,0.4871,0.3575,0.3423723230675,0.4375,0.0,0.0,senegal,2003,1.230462784299727,-1.230462784299727
1.730467926412992,16.21119475176446,0.532875211,19.96574974,4.455,0.4747,0.3575,0.3423723230675,0.4375,0.0,0.0,senegal,2004,1.319484946011202,-1.319484946011202
1.6696367543956268,16.234586563293913,0.535722246,22.24824905,4.455,0.4623,0.4,0.3214333476,0.5,0.6931471805599453,1.0,senegal,2005,1.1687255779868655,-0.4755783974269202
1.203203803620672,16.257865854168923,0.532875211,24.22088051,10.03,0.4639,0.3733,0.3339528947337,0.5625,0.0,0.0,senegal,2006,0.8176251416582626,-0.8176251416582626
1.342112353332418,16.281093790616563,0.532875211,33.914381025,4.455,0.4655,0.3733,0.3339528947337,0.5625,0.6931471805599453,1.0,senegal,2007,0.7383919071800356,-0.04524472662009027
1.5482365504350153,16.304488907122327,0.532875211,30.7020607,4.455,0.4671,0.4258,0.3059769461562,0.5,1.0986122886681098,2.0,senegal,2008,1.2608904068627291,-0.16227811819461935
1.322316878570734,16.32814504677734,0.532875211,33.914381025,4.455,0.4687,0.4307999999999999,0.3033125701012,0.5,1.3862943611198906,3.0,senegal,2009,1.2764262954642789,0.10986806565561169
1.47953176989964,16.352014064393476,0.532875211,37.12670135,4.455,0.4702,0.36263334,0.3396368934318652,0.3125,0.6931471805599453,1.0,senegal,2010,1.9080555181307435,-1.2149083375707983
0.8476225562392283,16.377293214408876,0.532875211,42.63689832,2.853,0.4718,0.37673334,0.3321233529567652,0.375,1.6094379124341005,4.0,senegal,2011,1.6415922575182897,-0.03215434508418924
1.6100368432392325,16.404063454891087,0.532875211,46.41586771,4.455,0.4723,0.4606,0.2874328888134,0.75,2.5649493574615367,12.0,senegal,2012,0.16555147330374065,2.3993978841577963
1.2274115411913764,16.43369804815788,0.532875211,49.07765949,4.455,0.4728,0.461,0.287219738729,0.75,1.3862943611198906,3.0,senegal,2013,0.17133205106950133,1.2149623100503892
1.9774191203251616,16.465373792918506,0.532875211,50.54693138,4.455,0.4733,0.491,0.271233482399,0.75,1.0986122886681098,2.0,senegal,2014,0.2843986158107672,0.8142136728573426
1.9970164928901268,16.496075270024956,0.532875211,50.53805161,6.757,0.4738,0.46553334,0.2848040342199652,0.625,1.0986122886681098,2.0,senegal,2015,0.8150455784825061,0.28356671018560364
1.9955256286127097,16.525859581415173,0.532875211,33.914381025,4.455,0.4743,0.4664,0.2843422125896001,0.625,0.0,0.0,senegal,2016,0.9178810144008509,-0.9178810144008509
2.129122521574143,16.55473657039598,0.532875211,33.914381025,4.078,0.4748,0.466,0.284555362674,0.625,0.0,0.0,senegal,2017,0.9286673141362026,-0.9286673141362026
1.9753636800140053,16.582741138466734,0.191496989,33.914381025,4.455,0.4753,0.466,0.102259392126,0.625,1.3862943611198906,3.0,senegal,2018,1.4620128679658857,-0.07571850684599513
1.7251972301094416,16.609917216087286,0.532875211,44.46245526,2.863,0.4671,0.46373334,0.2857632095997652,0.625,0.6931471805599453,1.0,senegal,2019,0.8801928025037984,-0.1870456219438531
0.851036764679411,16.63624757175066,0.532875211,44.78662978,4.455,0.4589,0.4628,0.2862605633492,0.625,0.0,0.0,senegal,2020,0.9025996499091699,-0.9025996499091699
1.969202832794729,15.846573763162011,0.01561236025,91.862815855,13.2,0.324,0.1175,0.0137779079206249,0.0625,0.0,0.0,serbia,1996,2.4073638017773495,-2.4073638017773495
1.8472950387366984,15.839405826782755,0.01561236025,91.862815855,13.7,0.3321,0.055,0.01475368043625,0.0,0.0,0.0,serbia,1998,2.489508695348653,-2.489508695348653
1.9537493037214173,15.832590806624337,0.01561236025,91.18826294,12.6,0.3828,0.11,0.0138950006225,0.125,0.0,0.0,serbia,2000,2.1095220893678546,-2.1095220893678546
2.0203608995864677,15.830417845164105,0.004229091,88.70987701,13.8,0.3588,0.1325,0.0036687364425,0.4375,0.0,0.0,serbia,2002,0.7283916300512719,-0.7283916300512719
1.7155423475352287,15.827822491203936,0.008549827,88.29438019,15.2,0.3665,0.1325,0.0074169749224999,0.4375,0.0,0.0,serbia,2003,0.738226998041449,-0.738226998041449
2.039513466374927,15.825489207000231,0.012327886,88.1681366,18.5,0.3788,0.175,0.0101705059499999,0.375,0.0,0.0,serbia,2004,1.2023549875576123,-1.2023549875576123
1.9320279831292624,15.822484896077732,0.016416659,88.59040833,20.85,0.3846,0.1625,0.0137489519125,0.3125,0.0,0.0,serbia,2005,1.463594517176533,-1.463594517176533
1.5893712052558977,15.818552850673209,0.009439949,88.95658112,20.85,0.387,0.33163334,0.0063093471837003,0.3125,0.0,0.0,serbia,2006,2.069853676919517,-2.069853676919517
2.1783894412694287,15.814498265803124,0.006294723,89.4373703,18.06,0.396,0.34413334,0.0041284989496351,0.375,0.0,0.0,serbia,2007,1.798725617849039,-1.798725617849039
1.8182217787205617,15.810241210864822,0.002885629,90.46381378,13.67,0.3941,0.34326666,0.0018950887711708,0.375,1.6094379124341005,4.0,serbia,2008,1.7678354910298215,-0.158397578595721
-1.4213262059901477,15.806231262359454,0.006014689,91.48445892,16.116,0.3806,0.36493334,0.0038197284541687,0.375,1.3862943611198906,3.0,serbia,2009,1.869269549573045,-0.48297518845315435
0.9597228775601429,15.80221120390094,0.003454119,91.42762756,19.204,0.384,0.3638666599999999,0.0021972802562274,0.375,0.6931471805599453,1.0,serbia,2010,1.866089041947596,-1.1729418613876508
0.0528509404268373,15.794650985822992,0.01561236025,93.63105011,22.959,0.3864,0.3638666599999999,0.0099315428711157,0.375,0.0,0.0,serbia,2011,1.8634767569956283,-1.8634767569956283
-0.3673866182627315,15.789799617901284,0.071459499,94.1696167,24.0,0.4022,0.3638666599999999,0.0454577697735966,0.375,1.3862943611198906,3.0,serbia,2012,1.7906773877902538,-0.4043830266703632
0.3726517951203928,15.784935483375971,0.042499931,94.40921021,22.154,0.4036,0.4227999999999999,0.0245309601732,0.5,0.0,0.0,serbia,2013,1.4274080141720038,-1.4274080141720038
-1.0311434042512906,15.780072532341087,0.088788545,94.34441376,19.223,0.4211,0.42806666,0.0507811290955902,0.5,0.0,0.0,serbia,2014,1.3782961669446434,-1.3782961669446434
0.831054637047319,15.774954989733269,0.0431644074999999,96.66960907,17.66,0.4066,0.48056666,0.022421032356846,0.6875,0.0,0.0,serbia,2015,0.6897255683559802,-0.6897255683559802
1.3800745762988125,15.769718045842655,0.080929607,96.23473358,15.257,0.4178,0.4621333399999999,0.0435293374122026,0.625,0.0,0.0,serbia,2016,0.8507757000103369,-0.8507757000103369
1.2129532962254244,15.764396133188413,0.066460147,95.49508667,13.477,0.3736,0.4560666599999999,0.0361498897346009,0.625,0.6931471805599453,1.0,serbia,2017,0.8184823909658507,-0.12533521040590545
1.7315405571315503,15.75893261428239,0.021422292,95.08724213,12.733,0.3536,0.4560666599999999,0.0116522988380152,0.625,1.0986122886681098,2.0,serbia,2018,0.8652406826797272,0.23337160598838258
1.7492360174597303,15.753566514874729,0.0148080615,94.47219086,10.395,0.3789,0.4560666599999999,0.0080545983506204,0.625,0.0,0.0,serbia,2019,0.8754248972355139,-0.8754248972355139
-0.6678416760897105,15.746905439823808,0.020365922,92.24117279,9.011,0.3789,0.4423,0.0113580746994,0.5625,0.0,0.0,serbia,2020,1.1395237220572039,-1.1395237220572039
-1.3481910574520315,11.320262620909606,0.006736329,73.78370667,3.965,0.5172,0.6125,0.0026103274874999,0.8125,0.0,0.0,seychelles,2004,-1.659534427945865,1.659534427945865
2.3031611007697106,11.324895647009209,0.006736329,78.74212646,5.5,0.5164,0.6125,0.0026103274874999,0.8125,0.0,0.0,seychelles,2005,-1.7116539849585213,1.7116539849585213
2.342394916914422,11.345701365855424,0.006121244,72.13995361,3.965,0.5156,0.6025,0.00243319449,0.8125,0.0,0.0,seychelles,2006,-1.706273420139677,1.706273420139677
2.2901143005003903,11.35080645549378,0.006736329,75.90184021,3.965,0.5272,0.5875,0.0027787357125,0.8125,0.0,0.0,seychelles,2007,-1.772222578939074,1.772222578939074
-1.3153208496384627,11.373169022579944,0.006736329,72.87213898,3.965,0.5389,0.5725,0.0028797806475,0.8125,0.0,0.0,seychelles,2008,-1.7544083802056398,1.7544083802056398
-1.2468529521309168,11.377094287008363,0.006736329,72.26634979,3.965,0.5505,0.5625,0.0029471439375,0.8125,0.0,0.0,seychelles,2009,-1.7780559608740238,1.7780559608740238
1.7056807558996991,11.405017262267611,0.006736329,70.69724274,3.965,0.5621,0.575,0.002862939825,0.875,0.0,0.0,seychelles,2010,-2.028465949481318,2.028465949481318
2.3523065711654563,11.378730995415925,0.006736329,74.4660804,4.11,0.5738,0.575,0.002862939825,0.875,0.0,0.0,seychelles,2011,-2.063457945292881,2.063457945292881
1.4135880985816258,11.388540685679285,0.006736329,72.67632294,3.965,0.5854,0.575,0.002862939825,0.875,0.0,0.0,seychelles,2012,-2.033191850148045,2.033191850148045
0.8125888230782984,11.40700923937868,0.015764602,84.69742639,3.965,0.5971,0.575,0.00669995585,0.875,0.0,0.0,seychelles,2013,-2.0947167070923296,2.0947167070923296
1.62209582438012,11.422563024889838,0.006736329,89.3980344,3.841,0.554,0.58,0.00282925818,0.875,0.0,0.0,seychelles,2014,-2.1155874327878674,2.1155874327878674
2.2939487947966906,11.4448607340561,0.006736329,92.09116951,4.151,0.5108,0.5974999999999999,0.0027113724225,0.8125,0.0,0.0,seychelles,2015,-1.789276039870207,1.789276039870207
2.5739492939541213,11.458236939619429,0.006736329,101.712798,3.965,0.4677,0.5974999999999999,0.0027113724225,0.8125,0.0,0.0,seychelles,2016,-1.8663481110337379,1.8663481110337379
2.0736953373244043,11.47047714870539,0.006736329,112.3112128,3.715,0.4246,0.5974999999999999,0.0027113724225,0.8125,0.0,0.0,seychelles,2017,-1.9427652071876362,1.9427652071876362
1.7816203622627975,11.480019968790666,0.006736329,108.2740601,3.528,0.3814,0.585,0.002795576535,0.75,0.0,0.0,seychelles,2018,-1.6832564010618694,1.6832564010618694
1.8739985437364803,11.488899130367374,0.006736329,100.8258775,2.966,0.3814,0.61,0.00262716831,0.75,0.0,0.0,seychelles,2019,-1.5512670370402184,1.5512670370402184
-2.544735726222499,11.497436122074095,0.006736329,102.1881838,4.311,0.3814,0.61,0.00262716831,0.75,0.0,0.0,seychelles,2020,-1.5044555518355611,1.5044555518355611
0.9285367385173688,15.616501783100668,0.475913889,42.1386795,3.935,0.4377,0.23323334,0.3649149031161407,0.4375,0.0,0.0,sierra leone,2009,0.48140485671672273,-0.48140485671672273
1.9954708948898736,15.643716864655904,0.475913889,42.1386795,3.935,0.43,0.27006666,0.3473854145501592,0.5,0.0,0.0,sierra leone,2010,0.32055673545279084,-0.32055673545279084
2.20834640950246,15.669814686908651,0.536975781,40.42356873,3.935,0.4224,0.27006666,0.3919565253244385,0.5,0.0,0.0,sierra leone,2011,0.24195835669651866,-0.24195835669651866
2.4491353909539084,15.695140632162074,0.475913889,44.55229187,3.935,0.4281,0.22473334,0.3689601711726407,0.375,0.0,0.0,sierra leone,2012,0.7556849594032552,-0.7556849594032552
2.751321916444727,15.71971320150255,0.475913889,39.22378922,3.935,0.4338,0.26176666,0.3513354998288592,0.5625,0.0,0.0,sierra leone,2013,0.04587536602285991,-0.04587536602285991
-2.1764565316736597,15.74360378119836,0.475913889,42.1386795,4.678,0.4395,0.24873334,0.3575382378366407,0.5,0.0,0.0,sierra leone,2014,0.3451565337988046,-0.3451565337988046
-1.67958553952076,15.7667857181471,0.475913889,39.8463707,3.935,0.4453,0.28616666,0.3397232009372592,0.5625,0.0,0.0,sierra leone,2015,0.20612949650503443,-0.20612949650503443
2.0065262367849126,15.79033144910746,0.475913889,42.1386795,3.935,0.451,0.28616666,0.3397232009372592,0.5625,0.6931471805599453,1.0,sierra leone,2016,0.17365646921900413,0.5194907113409412
1.436954413339434,15.81418934112951,0.475913889,41.53121948,3.935,0.4567,0.2869,0.3393741942459,0.5625,1.3862943611198906,3.0,sierra leone,2017,0.20138726321337952,1.184907097906511
1.3594000321047566,15.83766244189794,0.414851997,43.11927032,3.192,0.4624,0.2869,0.2958309590606999,0.5625,0.0,0.0,sierra leone,2018,0.3001659011490575,-0.3001659011490575
1.8722189168226773,15.860877084648674,0.475913889,61.19807816,3.935,0.4624,0.28823334,0.3387396392211407,0.5625,0.0,0.0,sierra leone,2019,0.11524043732640687,-0.11524043732640687
-0.8124175682263999,15.883961801962853,0.475913889,62.56068039,3.935,0.4624,0.32573334,0.3208928683836407,0.5,0.0,0.0,sierra leone,2020,0.5807270815753794,-0.5807270815753794
2.1366947053364345,15.11589429967492,0.057169535,105.7452509,3.57,0.3422,0.8724999999999999,0.0072891157125,0.9375,0.0,0.0,singapore,1996,0.32062327846569627,-0.32062327846569627
-1.1603390498861148,15.183440826600457,0.057169535,105.7452509,3.41,0.3621,0.8225,0.0101475924624999,0.6875,0.0,0.0,singapore,1998,1.4102621339135182,-1.4102621339135182
2.306409403587388,15.20875272707155,0.057169535,105.7452509,3.7,0.411,0.8275,0.0098617447875,0.6875,0.0,0.0,singapore,2000,1.4378482998388618,-1.4378482998388618
1.5939913800329786,15.244852674759295,0.057169535,105.7452509,5.65,0.4515,0.935,0.003716019775,1.0,0.0,0.0,singapore,2002,0.3930320788388315,-0.3930320788388315
1.7134835406862483,15.230107349897274,0.057169535,105.7452509,5.93,0.4373,0.8975,0.0058598773375,0.9375,0.0,0.0,singapore,2003,0.5423498518096328,-0.5423498518096328
2.392424214177226,15.24262651360434,0.057169535,105.7452509,5.84,0.4146,0.8975,0.0058598773375,0.9375,0.0,0.0,singapore,2004,0.5294453319688934,-0.5294453319688934
2.1242144083760044,15.26613162091461,0.057169535,105.7452509,5.59,0.4062,0.9275,0.0041447912875,0.9375,0.0,0.0,singapore,2005,0.6444549296592008,-0.6444549296592008
2.303261472098118,15.297425505252903,0.057169535,105.7452509,4.48,0.4192,0.90843334,0.0052348233737031,0.9375,0.0,0.0,singapore,2006,0.5926654918396783,-0.5926654918396783
2.3047347321633147,15.3390855246182,0.057169535,105.7452509,3.9,0.4088,0.92093334,0.004520204186203,1.0,0.0,0.0,singapore,2007,0.35279669620218823,-0.35279669620218823
1.052038874940897,15.392300684154378,0.057169535,105.7452509,3.96,0.4571,0.92093334,0.004520204186203,1.0,0.0,0.0,singapore,2008,0.4207373418054863,-0.4207373418054863
0.1204048250942183,15.42246017716292,0.057169535,105.7452509,5.86,0.4382,0.92093334,0.004520204186203,1.0,0.0,0.0,singapore,2009,0.4470554747244373,-0.4470554747244373
2.7421133876920427,15.440178502434351,0.057169535,105.7452509,4.12,0.4231,0.90843334,0.0052348233737031,0.9375,0.0,0.0,singapore,2010,0.665534101903924,-0.665534101903924
1.9761530679984844,15.461027522930689,0.057169535,105.7452509,3.89,0.441,0.90843334,0.0052348233737031,0.9375,0.0,0.0,singapore,2011,0.6926192342900239,-0.6926192342900239
1.6929510700162491,15.485561421558472,0.057169535,105.7452509,3.72,0.4395,0.90836666,0.0052386354382968,0.9375,0.0,0.0,singapore,2012,0.706423947128098,-0.706423947128098
1.760893132657615,15.50175449952076,0.057169535,105.7452509,3.86,0.4424,0.90863334,0.005223389466703,0.9375,0.0,0.0,singapore,2013,0.7179514475142721,-0.7179514475142721
1.5964621455151848,15.514738898911338,0.057169535,105.7452509,3.74,0.4517,0.89686666,0.0058960850907968,0.875,0.0,0.0,singapore,2014,0.9865135069527498,-0.9865135069527498
1.380477303800725,15.526602666130149,0.057169535,105.7452509,3.79,0.4522,0.8976000000000001,0.0058541603839999,0.875,0.0,0.0,singapore,2015,0.9981457020665203,-0.9981457020665203
1.5576346960584284,15.539577024795092,0.057169535,107.7458686,4.08,0.4527,0.8867,0.0064773083154999,0.8125,0.0,0.0,singapore,2016,1.2524201124066556,-1.2524201124066556
1.700539093727756,15.540462979337086,0.057169535,107.4728739,4.2,0.4527,0.8896333399999999,0.0063096106317031,0.9375,0.0,0.0,singapore,2017,0.6700043649110663,-0.6700043649110663
1.49334803492613,15.545160021489265,0.057169535,105.7452509,3.96,0.4527,0.8900333399999999,0.0062867428177031,0.9375,0.0,0.0,singapore,2018,0.6845633492937586,-0.6845633492937586
0.836399191640912,15.556602852540376,0.057169535,104.6219879,3.1,0.4527,0.88763334,0.006423949701703,0.9375,0.0,0.0,singapore,2019,0.6897498007836618,-0.6897498007836618
-1.5716755771706334,15.55348380347558,0.057169535,103.1158392,4.1,0.4527,0.8876999999999999,0.0064201387805,0.9375,0.0,0.0,singapore,2020,0.7261394243256567,-0.7261394243256567
1.6677068199920384,17.624903073376665,0.312106044,86.276372665,26.54,0.4828,0.505,0.15449249178,0.5,3.871201010907891,47.0,south africa,1996,2.4155988134242596,1.4556021974836315
0.4054651081081644,17.649007127264625,0.312106044,82.7563324,25.0,0.5048,0.545,0.14200825002,0.5,1.9459101490553128,6.0,south africa,1998,2.6091743925259445,-0.6632642434706317
1.6486586257796894,17.669050696380875,0.4791,74.31938171,29.88,0.5269,0.54,0.220386,0.625,3.091042453358316,21.0,south africa,2000,1.8409950847229664,1.2500473686353497
1.5476421659688215,17.687115987084095,0.312106044,74.44502258,33.291,0.5489,0.525,0.1482503709,0.625,2.19722457733622,8.0,south africa,2002,2.0767543122102374,0.12047026512598258
1.373481492782833,17.69708155175811,0.312106044,75.53578186,32.31,0.5606,0.525,0.1482503709,0.625,0.0,0.0,south africa,2003,2.0778494030890458,-2.0778494030890458
1.7146191952906875,17.707155779525404,0.312106044,78.29666138,29.453,0.562,0.525,0.1482503709,0.625,0.0,0.0,south africa,2004,2.046964709792821,-2.046964709792821
1.8369004392119015,17.71728187393531,0.421128432,80.42034149,29.122,0.5787,0.525,0.2000360051999999,0.625,0.0,0.0,south africa,2005,1.8843249838584686,-1.8843249838584686
1.8876462189960896,17.72749912279935,0.312106044,83.78334808,28.342,0.5902,0.5569,0.1382941880964,0.6875,0.0,0.0,south africa,2006,1.8516785466178778,-1.8516785466178778
1.8501029113667549,17.73804977370956,0.312106044,85.53662872,26.54,0.6115,0.5569,0.1382941880964,0.6875,1.0986122886681098,2.0,south africa,2007,1.8481884687626264,-0.7495761800945167
1.4329498403746277,17.749580728651093,0.302781101,84.04734802,22.407,0.5917,0.5569,0.1341623058531,0.6875,0.6931471805599453,1.0,south africa,2008,1.8441902434023878,-1.1510430628424424
-0.931411488848862,17.761519773484476,0.312106044,85.96054077,23.523,0.5836,0.5569,0.1382941880964,0.6875,0.0,0.0,south africa,2009,1.850479075340974,-1.850479075340974
1.3961785712227737,17.77334886895931,0.295396167,86.59220456,24.683,0.6067,0.5561,0.1311263585312999,0.6875,0.0,0.0,south africa,2010,1.8728788660322375,-1.8728788660322375
1.4275697597969446,17.785712014595102,0.312106044,88.94422913,24.639,0.6178,0.5561,0.1385438729316,0.6875,0.0,0.0,south africa,2011,1.8467903488613162,-1.8467903488613162
1.222666695142099,17.800459957757965,0.312106044,92.16251373,24.727,0.6508,0.5436,0.1424451984816,0.625,1.6094379124341005,4.0,south africa,2012,2.108538620719507,-0.49910070828540665
1.248602327305148,17.816986477403347,0.312106044,86.276372665,24.561,0.6508,0.53683334,0.144557113965293,0.5625,2.6390573296152584,13.0,south africa,2013,2.423268837781823,0.21578849183343563
0.8812132277960186,17.833600931171414,0.312106044,101.1632004,24.89,0.6508,0.5363,0.1447235726028,0.5625,3.044522437723423,20.0,south africa,2014,2.348516807309575,0.6960056304138482
0.8423695520582735,17.85369981482955,0.312106044,104.622813,25.149,0.6508,0.52456666,0.1483856189331069,0.5625,1.791759469228055,5.0,south africa,2015,2.298457205197752,-0.5066977359696971
0.5095562031925164,17.863105033642757,0.312106044,103.8559875,26.536,0.6508,0.5185666600000001,0.1502582551971069,0.5625,3.332204510175204,27.0,south africa,2016,2.2979892429399467,1.0342152672352571
0.7691572845134109,17.869643408155873,0.312106044,105.6231689,27.035,0.6508,0.51743334,0.150611971218893,0.5625,3.4011973816621555,29.0,south africa,2017,2.2876704675041593,1.1135269141579962
0.9387501589071584,17.886467107069254,0.312106044,101.3996129,26.906,0.6508,0.51743334,0.150611971218893,0.5625,3.737669618283368,41.0,south africa,2018,2.319117946597671,1.4185516716856972
0.2310605902911567,17.902962856342917,0.312106044,103.7891203,28.468,0.6508,0.51743334,0.150611971218893,0.5625,3.1780538303479458,23.0,south africa,2019,2.3303839969038416,0.8476698334441042
-1.9697546969139448,17.91918449921295,0.312106044,103.5011781,29.217,0.6508,0.51616666,0.1510073097027069,0.5625,2.8903717578961645,17.0,south africa,2020,2.3617211183887132,0.5286506395074513
1.282990387939304,17.50163253874068,0.014911164,118.04782485,22.142,0.3496,0.8625,0.0020502850499999,0.8125,4.158883083359672,63.0,spain,1996,2.280008062090233,1.8788750212694394
1.6680798553115828,17.50996220851589,0.009527045,118.04782485,18.673,0.3399,0.8574999999999999,0.0013576039125,0.8125,2.8903717578961645,17.0,spain,1998,2.2436942669582516,0.6466774909379129
1.824652715089796,17.518486808705447,0.009126914,113.4145737,13.785,0.3393,0.8625,0.0012549506749999,0.8125,4.727387818712341,112.0,spain,2000,2.2615194369749547,2.465868381737386
1.3232097468140398,17.53955344308251,0.00947536,115.2862701,11.146,0.3357,0.8625,0.0013028619999999,0.8125,3.737669618283368,41.0,spain,2002,2.247852857538544,1.4898167607448238
1.3710004012152273,17.557637987331773,0.009082441,114.4527893,11.283,0.3377,0.875,0.001135305125,0.875,3.091042453358316,21.0,spain,2003,2.0113706487011687,1.0796718046571474
1.4145249710247618,17.57489264996077,0.010159495,115.0845032,11.09,0.3367,0.7424999999999999,0.0026160699625,0.8125,3.4657359027997265,31.0,spain,2004,1.8446097711145264,1.6211261316852001
1.5153965560328042,17.59178614004169,0.008567684,117.5709305,9.146,0.3345,0.805,0.0016706983799999,0.875,3.218875824868201,24.0,spain,2005,1.749755494882111,1.46912032998609
1.6180874284855198,17.608689665220332,0.008842268,117.2736664,8.452,0.3439,0.7281,0.0024042126692,0.6875,3.1780538303479458,23.0,spain,2006,2.3812559032386007,0.796797927109345
1.51149429722055,17.62720047789175,0.005590894,117.4886932,8.232,0.3418,0.7281,0.0015201640786,0.6875,2.4849066497880004,11.0,spain,2007,2.3930402692437056,0.09186638054429475
0.5693769908625992,17.643153782532448,0.005587316,117.2105865,11.254,0.3443,0.7288333399999999,0.0015150938180845,0.6875,3.6375861597263857,37.0,spain,2008,2.434893033368395,1.2026931263579907
-1.5619548381403847,17.652011142146286,0.008649965,117.3571167,17.857,0.3545,0.72383334,0.0023888319431669,0.6875,3.091042453358316,21.0,spain,2009,2.483686141654932,0.6073563117033842
0.0899525003097641,17.65661522509772,0.007495137,122.6225128,19.86,0.3395,0.7219,0.0020843975997,0.6875,1.3862943611198906,3.0,spain,2010,2.438494380489873,-1.0522000193699823
-0.4946478485920021,17.66016860898628,0.012902319,126.1527863,21.39,0.3372,0.70846666,0.0037614561518154,0.625,0.0,0.0,spain,2011,2.675691565015569,-2.675691565015569
-1.351991095837067,17.660817868598013,0.010190789,127.7867126,24.789,0.3428,0.6959666600000001,0.0030983396169052,0.5625,0.6931471805599453,1.0,spain,2012,2.955756216704054,-2.2626090361441085
-0.8867886941974723,17.657201180875298,0.01309105,126.7162704,26.094,0.345,0.6959666600000001,0.0039801156556069,0.5625,1.791759469228055,5.0,spain,2013,2.9608623822533096,-1.1691029130252546
0.9244517146797124,17.654118083718117,0.00947536,125.3358002,24.441,0.3468,0.72116666,0.0026420462765024,0.8125,1.6094379124341005,4.0,spain,2014,1.8461366200082956,-0.2366987075741951
1.62153775815669,17.653290591357393,0.01054392,124.85466,22.057,0.3493,0.72283334,0.0029224230897072,0.8125,0.6931471805599453,1.0,spain,2015,1.832901636800606,-1.1397544562406607
1.3648551718163535,17.65406225006691,0.01299179,123.2698898,19.635,0.3479,0.72283334,0.0036008910417214,0.8125,1.3862943611198906,3.0,spain,2016,1.8258232476902905,-0.4395288865703999
1.3599611862866448,17.65649359088035,0.008333411,120.5559235,17.224,0.3456,0.7213666599999999,0.0023219661405227,0.8125,1.6094379124341005,4.0,spain,2017,1.8283003095048183,-0.21886239707071775
1.2224248862225693,17.661009328028673,0.009773518,119.4301987,15.255,0.341,0.70386666,0.0028942645288901,0.75,1.0986122886681098,2.0,spain,2018,2.057455251196397,-0.9588429625282873
1.085587333692036,17.668176305630777,0.008941992,118.5247192,14.104,0.3359,0.70526666,0.0026355031684132,0.75,1.6094379124341005,4.0,spain,2019,2.064059916953938,-0.4546220045198375
-2.479900024194861,17.673276407419024,0.01096845,117.3677673,15.532,0.3359,0.69913334,0.0033000409168769,0.75,0.0,0.0,spain,2020,2.091783411560252,-2.091783411560252
1.568609085807173,16.700591622570208,0.07084108,94.10864258,11.35,0.4535,0.295,0.0499429614,0.125,5.176149732573829,176.0,sri lanka,1996,3.1605464331780477,2.015603299395781
1.740189478317938,16.73845727689261,0.07084108,94.10864258,9.17,0.4697,0.26,0.0524223992,0.25,3.58351893845611,35.0,sri lanka,1998,2.456804424945759,1.126714513510351
1.9459148859012367,16.77525574455594,0.07084108,94.10864258,7.74,0.4849,0.24,0.0538392208,0.125,4.219507705176107,67.0,sri lanka,2000,2.997830214826246,1.2216774903498608
1.602347975121984,16.80148300901723,0.207079868,94.10864258,8.76,0.4986,0.3775,0.12890721783,0.4375,1.3862943611198906,3.0,sri lanka,2002,1.8204462871835903,-0.4341519260636997
1.9373405458132065,16.808815989116972,0.07084108,94.10864258,8.22,0.4964,0.3775,0.0440985723,0.4375,2.302585092994046,9.0,sri lanka,2003,2.0264089931885225,0.2761760998055234
1.8633141443366408,16.815613565927485,0.07084108,94.10864258,8.38,0.4932,0.3775,0.0440985723,0.4375,3.5263605246161616,33.0,sri lanka,2004,2.029984227075365,1.4963762975407966
1.979862619796502,16.822010897242052,0.07084108,94.10864258,7.67,0.4907,0.3775,0.0440985723,0.4375,4.897839799950911,133.0,sri lanka,2005,2.0265439666063907,2.8712958333445204
2.1596717588108367,16.828709988627775,0.121606779,94.10864258,6.5,0.4889,0.39636666,0.0734059061744118,0.4375,5.37989735354046,216.0,sri lanka,2006,2.009184881836001,3.3707124717044588
2.0537167430655816,16.835571768230484,0.07084108,94.10864258,5.97,0.4791,0.4026166599999999,0.0423192809796072,0.46875,4.890349128221754,132.0,sri lanka,2007,1.9564929390891859,2.933856189132568
1.9387543422300888,16.84222678280086,0.07084108,94.10864258,5.22,0.4659,0.3873999999999999,0.043397245608,0.5,4.61512051684126,100.0,sri lanka,2008,1.7467497535913445,2.8683707632499154
1.512687347432902,16.84836692522332,0.078060978,94.10864258,5.85,0.4556,0.38573334,0.0479502562323934,0.625,3.6375861597263857,37.0,sri lanka,2009,1.1410093487626913,2.4965768109636945
2.198997157720279,16.854258737653495,0.07084108,92.34970856,4.784,0.4671,0.37343334,0.0443866588863927,0.5625,1.3862943611198906,3.0,sri lanka,2010,1.412514705954273,-0.026220344834382514
2.2689748449543057,16.860463807636805,0.07084108,94.10864258,4.118,0.4725,0.37303334,0.0444149953183928,0.5625,0.0,0.0,sri lanka,2011,1.4023641751827136,-1.4023641751827136
2.265109719057775,16.868070087753807,0.063621182,94.67446899,3.88,0.4781,0.3675,0.040240397615,0.5625,1.6094379124341005,4.0,sri lanka,2012,1.3964034221185058,0.21303449031559474
1.6197339914302822,16.840073261765202,0.07084108,95.14426362,4.186,0.4792,0.3421,0.0466063465319999,0.4375,2.70805020110221,14.0,sri lanka,2013,1.880371564855835,0.827678636246375
1.99849973891016,16.84940534074044,0.07084108,93.4926278,4.157,0.4799,0.3421,0.0466063465319999,0.4375,2.833213344056216,16.0,sri lanka,2014,1.8917188898354982,0.941494454220718
1.649803253712133,16.858603450565273,0.07084108,94.4516929,4.519,0.4799,0.4652999999999999,0.037878725476,0.6875,2.4849066497880004,11.0,sri lanka,2015,1.1441081567129787,1.3407984930750216
1.8006572479927352,16.869936225007276,0.038126644,93.90372213,4.242,0.481,0.4823666599999999,0.0197356220767109,0.6875,0.6931471805599453,1.0,sri lanka,2016,1.2603791493520409,-0.5672319687920956
2.009646733236309,16.88137510031217,0.07084108,94.04186609,4.046,0.4811,0.4823666599999999,0.0366697048496072,0.6875,3.737669618283368,41.0,sri lanka,2017,1.2135384197173313,2.5241311985660366
1.196973643747786,16.89143941965929,0.07084108,95.91073317,4.318,0.4811,0.4429333399999999,0.0394632038263928,0.375,2.079441541679836,7.0,sri lanka,2018,2.5634663472583332,-0.48402480557849703
-0.1992474087973237,16.897558178835432,0.027054541,94.10864258,4.67,0.4811,0.4343,0.0153047538437,0.4375,2.772588722239781,15.0,sri lanka,2019,2.33154016694677,0.441048555293011
-1.727134728729257,16.90286444418801,0.07084108,94.10864258,5.364,0.4811,0.43343334,0.0401361940863928,0.5625,0.6931471805599453,1.0,sri lanka,2020,1.6893880647999073,-0.996240884239962
1.934289137768172,17.043604921238376,0.1159462729999999,39.10970497,15.566,0.4196,0.01,0.1147868102699999,0.0,2.3978952727983707,10.0,sudan,1996,3.1819279272824206,-0.7840326544840499
1.669310111015862,17.091106923041977,0.1159462729999999,39.10970497,15.566,0.4196,0.01,0.1147868102699999,0.0,0.0,0.0,sudan,1998,3.210086537785382,-3.210086537785382
1.9941379020399956,17.14114877140713,0.1159462729999999,39.10970497,15.566,0.4196,0.01,0.1147868102699999,0.0,2.079441541679836,7.0,sudan,2000,3.234028156720039,-1.1545866150402029
1.946834227106503,17.190662619205884,0.1159462729999999,32.1063385,15.566,0.4196,0.055,0.1095692279849999,0.125,2.6390573296152584,13.0,sudan,2002,2.868053298961768,-0.22899596934650956
1.9863400430799296,17.213236454321205,0.1159462729999999,33.35290909,15.566,0.4196,0.0199999999999999,0.1136273475399999,0.0,0.0,0.0,sudan,2003,3.3423456544119396,-3.3423456544119396
1.814969441461589,17.235092503121706,0.1159462729999999,36.59130096,15.566,0.4196,0.045,0.1107286907149999,0.125,1.791759469228055,5.0,sudan,2004,2.8314296088037123,-1.0396701395756573
1.893641268110848,17.25792809487018,0.1159462729999999,36.36865997,15.566,0.4196,0.0574999999999999,0.1092793623024999,0.1875,1.9459101490553128,6.0,sudan,2005,2.591645086406287,-0.6457349373509744
2.019082507240389,17.28101005782303,0.1159462729999999,34.65692902,15.566,0.4196,0.2085,0.0917714750795,0.1875,3.218875824868201,24.0,sudan,2006,3.149917471273108,0.06895835359509306
1.907358527221932,17.30484506050634,0.1159462729999999,33.96913147,15.566,0.4196,0.18975,0.0939454676982499,0.21875,3.1780538303479458,23.0,sudan,2007,2.9526410948060935,0.22541273554185226
1.5783072901163535,17.330750090594364,0.1159462729999999,35.89350128,15.566,0.4196,0.1829,0.0947396996682999,0.1875,3.49650756146648,32.0,sudan,2008,3.0826640053967944,0.41384355606968537
-1.3264658945065264,17.358471182411144,0.130892984,39.49214935,13.0,0.4196,0.1704,0.1085888195264,0.125,3.295836866004329,26.0,sudan,2009,3.316661728347028,-0.020824862342698758
1.5806766341977263,17.382629075052602,0.1159462729999999,39.66677856,15.566,0.4243,0.1678,0.0964904883906,0.125,3.367295829986474,28.0,sudan,2010,3.3345774353295585,0.03271839465691562
-1.4383012729094635,17.402933172707495,0.1159462729999999,35.21297836,17.44,0.4291,0.16253334,0.0971011379887581,0.125,3.6635616461296463,38.0,sudan,2011,3.395814124331576,0.2677475217980705
-2.890632190647278,17.424350068984186,0.1159462729999999,38.72726059,15.566,0.4338,0.14086666,0.0996133087830418,0.125,3.713572066704308,40.0,sudan,2012,3.314507447752888,0.39906461895142
1.0835475948379505,17.447445251883284,0.1159462729999999,40.94340897,15.566,0.4386,0.14943334,0.0986200341650581,0.1875,3.8501476017100575,46.0,sudan,2013,3.0123443887310453,0.8378032129790123
1.7336675978521492,17.474531629216873,0.100999562,42.04698944,15.566,0.4433,0.14943334,0.0859068601118029,0.1875,5.062595033026967,157.0,sudan,2014,3.0412612054830657,2.0213338275439012
1.0682138666211525,17.505000625615814,0.1159462729999999,42.52307129,15.566,0.4433,0.1732999999999999,0.0958527838890999,0.3125,5.068904202220232,158.0,sudan,2015,2.5275468122704874,2.541357389949745
1.4968607938460632,17.535401472293305,0.1159462729999999,40.95560074,15.566,0.4433,0.1858,0.0944034554765999,0.375,5.159055299214529,173.0,sudan,2016,2.296417819376834,2.8626374798376952
0.5360583548563443,17.57004448062728,0.1159462729999999,43.09032822,15.566,0.4433,0.18933334,0.0939937778723581,0.375,4.672828834461906,106.0,sudan,2017,2.3242717820980747,2.348557052363831
-1.3031655870632328,17.604927347379462,0.1159462729999999,42.13669968,15.566,0.4433,0.18933334,0.0939937778723581,0.375,3.7612001156935615,42.0,sudan,2018,2.366125207212219,1.3950749084813423
-1.156331059645335,17.63428113696067,0.1159462729999999,43.53786087,15.566,0.4433,0.1555,0.0979166275484999,0.1875,3.295836866004329,26.0,sudan,2019,3.1434282709734234,0.15240859503090576
-1.5325138485983032,17.66116364894407,0.1159462729999999,39.10970497,15.566,0.4433,0.15443334,0.0980403028000581,0.1875,3.5263605246161616,33.0,sudan,2020,3.183683208907208,0.34267731570895377
1.389713255783348,13.20591193240711,0.057169535,68.56044006,8.72,0.5446,0.44053334,0.0319844488002031,0.625,0.0,0.0,suriname,2009,-0.3814790157181256,0.3814790157181256
1.8195084068204816,13.217535365842483,0.057169535,71.49025726,7.15,0.5455,0.441,0.0319577700649999,0.625,0.0,0.0,suriname,2010,-0.4040226505610127,0.4040226505610127
1.9241563373563089,13.2290090668724,0.057169535,69.04078674,7.54,0.5384,0.441,0.0319577700649999,0.625,0.0,0.0,suriname,2011,-0.3860046030028008,0.3860046030028008
1.3057212359456931,13.240384606912526,0.057169535,69.12728119,8.1,0.5325,0.441,0.0319577700649999,0.625,0.0,0.0,suriname,2012,-0.37433845824186385,0.37433845824186385
1.3695147810683956,13.251672619281557,0.057169535,69.1293335,6.6,0.5398,0.4417999999999999,0.031912034437,0.625,0.0,0.0,suriname,2013,-0.37124096795264916,0.37124096795264916
0.2275363145867005,13.262775543121071,0.057169535,67.30438995,6.94,0.5319,0.4417999999999999,0.031912034437,0.625,0.0,0.0,suriname,2014,-0.34603015668193704,0.34603015668193704
-1.4845644018925777,13.273586347096252,0.057169535,70.15602875,7.22,0.5282,0.4417999999999999,0.031912034437,0.625,0.0,0.0,suriname,2015,-0.34102741503225964,0.34102741503225964
-1.7769267579443029,13.284070577538948,0.057169535,69.1293335,7.917,0.5295,0.4417999999999999,0.031912034437,0.625,0.0,0.0,suriname,2016,-0.3215358053157722,0.3215358053157722
0.9423630069265766,13.294153000913871,0.057169535,69.1293335,7.38,0.5299,0.44173334,0.0319158453582031,0.625,0.0,0.0,suriname,2017,-0.3451926687728568,0.3451926687728568
1.783100603383169,13.303874605971028,0.057169535,74.74597931,7.38,0.5327,0.4431999999999999,0.031831997088,0.625,0.0,0.0,suriname,2018,-0.3741021138454306,0.3741021138454306
0.7736158461159252,13.31425400426198,0.057169535,69.1293335,7.38,0.5258,0.4556999999999999,0.0311173779005,0.6875,0.0,0.0,suriname,2019,-0.5827990063783972,0.5827990063783972
-2.8317529670481445,13.32500703438819,0.057169535,73.11669922,7.38,0.5411,0.41213334,0.0336080635942031,0.5,0.0,0.0,suriname,2020,0.17974392915031623,-0.17974392915031623
0.994998340946208,15.99491043727856,0.004660702,133.18687440000002,9.547,0.2999,1.0,0.0,1.0,0.6931471805599453,1.0,sweden,1996,0.8804202827426988,-0.1872731021827535
1.6574338172630754,15.996038180407425,0.004660702,133.18687440000002,8.941,0.311,1.0,0.0,1.0,0.0,0.0,sweden,1998,0.8771995767440555,-0.8771995767440555
1.728308599227926,15.998423206492737,0.002495684,151.7563782,5.466,0.3028,1.0,0.0,1.0,0.6931471805599453,1.0,sweden,2000,0.7456532189801026,-0.05250603842015733
1.1871507066092286,16.00436229178189,0.0,144.2185059,4.965,0.2934,1.0,0.0,1.0,0.0,0.0,sweden,2002,0.7930992987377679,-0.7930992987377679
1.0581470697319872,16.008083220793743,0.003536416,136.4743042,5.555,0.3054,0.975,8.841040000000008e-05,1.0,0.0,0.0,sweden,2003,0.7596468352339907,-0.7596468352339907
1.644724781427831,16.012016210269145,0.004543751,101.4254913,6.693,0.3108,0.975,0.000113593775,1.0,0.0,0.0,sweden,2004,0.9704913059767537,-0.9704913059767537
1.3331935995103212,16.016015637453407,0.011382971,101.4821625,7.81,0.3206,0.975,0.000284574275,1.0,1.3862943611198906,3.0,sweden,2005,0.9786698604251978,0.4076245006946928
1.7362599531853864,16.021640475897037,0.004128702,101.2040863,7.066,0.3306,0.9567,0.0001787727966,0.9375,0.6931471805599453,1.0,sweden,2006,1.2228505781124734,-0.5297033975525282
1.4409880510913498,16.02905600022967,0.004573916,100.9987106,6.161,0.3245,0.96295,0.0001694635878,0.96875,0.0,0.0,sweden,2007,1.0946612776688334,-1.0946612776688334
-0.6539453572282502,16.0368463322891,0.006590728,101.5210876,6.235,0.3145,0.9692,0.0002029944223999,1.0,0.6931471805599453,1.0,sweden,2008,0.9812736045358228,-0.2881264239758775
-1.659296808544144,16.04536537549838,0.005270563,101.4343109,8.351,0.3013,0.93503334,0.0003424108744295,0.9375,0.6931471805599453,1.0,sweden,2009,1.180427618275933,-0.4872804377159877
1.9096557986146092,16.05389062087309,0.006387346,102.2510605,8.61,0.3133,0.9325,0.000431145855,0.9375,1.3862943611198906,3.0,sweden,2010,1.1443406828066278,0.24195367831326275
1.426448694564085,16.061442121407552,0.006580607,102.1403732,7.804,0.3077,0.9325,0.0004441909725,0.9375,0.6931471805599453,1.0,sweden,2011,1.1452733365658343,-0.452126156005889
-0.3467037881827274,16.068839753351906,0.004747488,103.1068726,7.976,0.2953,0.93403334,0.00031317592675,0.9375,1.0986122886681098,2.0,sweden,2012,1.1623670307610956,-0.06375474209298582
0.7597149155123379,16.077313238987998,0.006508714,132.713501,8.052,0.2967,0.93403334,0.0004293581234752,0.9375,0.0,0.0,sweden,2013,0.9817417802644299,-0.9817417802644299
1.1926405526238433,16.087235435245507,0.005263104,133.6602478,7.954,0.2986,0.93403334,0.0003471893921126,0.9375,1.791759469228055,5.0,sweden,2014,0.9795550301482991,0.8122044390797558
1.6842200511150638,16.097809981015825,0.006491912,137.4629669,7.432,0.3062,0.9371666600000002,0.000407908513946,0.9375,3.58351893845611,35.0,sweden,2015,0.9686976541750703,2.6148212842810397
1.1414096578904367,16.110374519592675,0.004226093,137.5611572,6.99,0.2885,0.93676666,0.0002672299755406,0.9375,2.833213344056216,16.0,sweden,2016,0.9690344538410232,1.864178890215193
1.058769623476084,16.123848968839518,0.002654956,142.6415863,6.718,0.2983,0.93676666,0.000167881735433,0.9375,2.9444389791664403,18.0,sweden,2017,0.9531736195040597,1.9912653596623806
1.0189395018709635,16.135465419290824,0.008583864,140.8217468,6.365,0.2924,0.93176666,0.0005857057108257,0.9375,1.9459101490553128,6.0,sweden,2018,0.9395644956610982,1.0063456533942146
1.283217383148591,16.14560264093414,0.00360093,136.6410065,6.833,0.3009,0.93176666,0.0002457034810061,0.9375,1.0986122886681098,2.0,sweden,2019,0.9813220793387047,0.11729020932940504
-1.076297502140619,16.15282967936241,0.004512476,136.4261322,8.291,0.3009,0.9309,0.0003118120915999,0.9375,1.3862943611198906,3.0,sweden,2020,1.0136063684639258,0.37268799265596475
0.3861327872005953,15.771632814073136,0.000401207,96.6068573,3.684,0.3085,0.975,1.003017500000001e-05,1.0,1.6094379124341005,4.0,switzerland,1996,0.8664189803420117,0.7430189320920888
1.3937587595524157,15.777013083073337,0.000401207,96.6068573,3.568,0.3188,0.975,1.003017500000001e-05,1.0,0.6931471805599453,1.0,switzerland,1998,0.8648097358162363,-0.17166255525629104
1.6011476243631548,15.787401827106612,0.002408946,94.5499115,2.658,0.3185,0.975,6.022365000000005e-05,1.0,1.6094379124341005,4.0,switzerland,2000,0.8720796340568693,0.7373582783772312
-0.0706609193878706,15.801294229024816,0.0,93.58862305,2.924,0.299,0.975,0.0,1.0,0.0,0.0,switzerland,2002,0.8949818923980268,-0.8949818923980268
-0.0318846642582924,15.808713424043855,0.000401207,93.35119629,4.117,0.3182,0.975,1.003017500000001e-05,1.0,0.6931471805599453,1.0,switzerland,2003,0.9175892948132229,-0.22444211425327765
1.3087946397516146,15.81558768271272,0.002388521,93.22286987,4.316,0.3249,0.975,5.9713025000000045e-05,1.0,0.0,0.0,switzerland,2004,0.9117123456038512,-0.9117123456038512
1.3216755983630468,15.821993697251036,0.000401207,93.80995941,4.437,0.3371,0.975,1.003017500000001e-05,1.0,0.0,0.0,switzerland,2005,0.9217775603146328,-0.9217775603146328
1.624056225937316,15.828269281143315,0.000760773,94.16947937,3.995,0.3435,0.92846666,5.442063367182e-05,1.0,0.0,0.0,switzerland,2006,0.7571096593749533,-0.7571096593749533
1.592571627350451,15.837206189732724,0.000708955,95.07161713,3.641,0.3298,0.92846666,5.07139190597e-05,1.0,1.0986122886681098,2.0,switzerland,2007,0.7471716043191716,0.35144068434893816
1.3370998080963064,15.849912368799258,0.000783518,95.51357269,3.35,0.3052,0.92933334,5.536860010987999e-05,1.0,0.0,0.0,switzerland,2008,0.741269747267367,-0.741269747267367
-1.1931265536344178,15.862407213488352,0.000380577,95.84783173,4.109,0.312,0.92933334,2.689410546282e-05,1.0,0.0,0.0,switzerland,2009,0.7790599879459943,-0.7790599879459943
1.445364164715036,15.872822792726904,0.000712504,96.6068573,4.808,0.3331,0.92893334,5.063527951663996e-05,1.0,0.0,0.0,switzerland,2010,0.769493287910757,-0.769493287910757
1.034290030366268,15.883941580740146,0.000105144,97.19515991,4.409,0.3336,0.92893334,7.472232899039995e-06,1.0,1.3862943611198906,3.0,switzerland,2011,0.7745596824898948,0.6117346786299958
0.7789825489474486,15.894559772693956,8.97e-05,98.3727417,4.491,0.3239,0.93393334,5.926179401999995e-06,1.0,0.0,0.0,switzerland,2012,0.7884793435784114,-0.7884793435784114
1.0268097620083996,15.9060585688424,0.000421837,101.2213821,4.747,0.325,0.93393334,2.7869361654419977e-05,1.0,1.0986122886681098,2.0,switzerland,2013,0.777391031020825,0.3212212576472848
1.2089249467029703,15.918259607077609,0.000327681,96.6068573,4.826,0.3232,0.93393334,2.1648789215459983e-05,1.0,0.0,0.0,switzerland,2014,0.8089242684709916,-0.8089242684709916
0.972530226659506,15.929642977220125,0.000305426,103.9133911,4.801,0.3217,0.92143334,2.399630069715997e-05,0.9375,0.0,0.0,switzerland,2015,1.0267192888241499,-1.0267192888241499
1.121250659414415,15.940563287647526,0.00044919,104.0951309,4.918,0.3204,0.92143334,3.5291358005399954e-05,0.9375,1.0986122886681098,2.0,switzerland,2016,1.029947134398637,0.06866515426947273
0.8598472104377278,15.94989484542566,0.000218259,103.9000626,4.797,0.3167,0.92103334,1.7235184244940017e-05,0.9375,0.0,0.0,switzerland,2017,1.0346947378284723,-1.0346947378284723
1.3507826674817802,15.95726118430902,0.000352594,104.1880264,4.713,0.3075,0.92103334,2.784317051604003e-05,0.9375,0.6931471805599453,1.0,switzerland,2018,1.026495991684659,-0.3333488111247137
0.761731657331793,15.964394320158664,0.000173868,104.0711136,4.394,0.3035,0.92103334,1.3729775240880014e-05,0.9375,0.6931471805599453,1.0,switzerland,2019,1.032645018781027,-0.3394978382210817
-1.144775869878709,15.971701081260171,0.000705267,104.2116165,4.817,0.3035,0.9197,5.6632940099999945e-05,0.9375,1.0986122886681098,2.0,switzerland,2020,1.051055826652854,0.04755646201525576
2.0794419430547557,15.769610932511409,0.157076847,80.7600174,2.2,0.4129,0.1205,0.1381490869365,0.3125,0.0,0.0,tajikistan,2006,1.001955232933302,-1.001955232933302
2.174751735006888,15.78882434528949,0.241907747,81.42456055,2.874,0.4079,0.1205,0.2127578634865,0.3125,0.6931471805599453,1.0,tajikistan,2007,0.870067876551784,-0.17692069599183868
2.186051082580772,15.80863193825538,0.157076847,82.29414368,2.537,0.4034,0.1205,0.1381490869365,0.3125,0.0,0.0,tajikistan,2008,1.0097986038994444,-1.0097986038994444
1.5892354394022676,15.82911019613932,0.157076847,83.13363647,11.5,0.3994,0.0955,0.1420760081114999,0.1875,0.6931471805599453,1.0,tajikistan,2009,1.5797874328041956,-0.8866402522442504
2.0149028986755906,15.850496166610034,0.157076847,83.91149902,2.537,0.4008,0.0992333399999999,0.141489586835521,0.3125,0.6931471805599453,1.0,tajikistan,2010,0.9471321902374725,-0.25398500967752724
2.1282317772778367,15.872806945773709,0.157076847,85.02062988,2.537,0.3996,0.0992333399999999,0.141489586835521,0.3125,0.0,0.0,tajikistan,2011,0.950930273648136,-0.950930273648136
2.1400661003197983,15.89671117656071,0.157076847,86.34693146,2.537,0.4033,0.0992333399999999,0.141489586835521,0.3125,1.791759469228055,5.0,tajikistan,2012,0.9580125961626569,0.8337468730653981
2.12823167573022,15.921682269151145,0.157076847,86.98735046,2.537,0.4047,0.0992333399999999,0.141489586835521,0.3125,0.0,0.0,tajikistan,2013,0.9686334070604516,-0.9686334070604516
2.041220418470024,15.946779670030818,0.157076847,83.91149902,2.537,0.402,0.1032999999999999,0.1408508087049,0.3125,0.6931471805599453,1.0,tajikistan,2014,1.0140639691643138,-0.32091678860436856
1.94866397066272,15.97235760217782,0.133302542,83.91149902,2.537,0.3995,0.1004999999999999,0.1199056365289999,0.3125,1.3862943611198906,3.0,tajikistan,2015,1.0564456868434113,0.32984867427647924
2.066862759472976,15.997692786545484,0.157076847,83.91149902,0.081,0.4112,0.1001,0.1413534546153,0.3125,1.0986122886681098,2.0,tajikistan,2016,1.0198178836842835,0.07879440498382628
2.091864113406787,16.02223949213457,0.157076847,83.91149902,2.537,0.4145,0.10536666,0.1405261842682789,0.3125,1.0986122886681098,2.0,tajikistan,2017,1.0686878613285395,0.029924427339570236
2.151762074189686,16.046313249490726,0.157076847,83.91149902,2.537,0.4151,0.10536666,0.1405261842682789,0.3125,1.3862943611198906,3.0,tajikistan,2018,1.0814535874192692,0.30484077370062135
2.1282317252540297,16.069951812875175,0.157076847,83.91149902,2.537,0.4151,0.10536666,0.1405261842682789,0.3125,1.0986122886681098,2.0,tajikistan,2019,1.094439809971257,0.004172478696852888
1.686399160236874,16.092707173810357,0.157076847,90.90120728,2.537,0.4151,0.11793334,0.138552249796621,0.375,0.0,0.0,tajikistan,2020,0.8176792799551641,-0.8176792799551641
1.7127824220366334,17.24774664950052,0.5670381499999999,5.04445982,2.3125,0.4384,0.1649999999999999,0.4734768552499999,0.375,0.0,0.0,tanzania,1996,1.460222654884407,-1.460222654884407
1.5493718493821709,17.294300232098788,0.5670381499999999,29.112235185,2.3125,0.4435,0.2274999999999999,0.4380369708749999,0.4375,0.6931471805599453,1.0,tanzania,1998,1.2843894811789527,-0.5912423006190074
1.7085199943903726,17.34949313725003,0.86937364,29.112235185,2.3125,0.4485,0.19,0.7041926484,0.25,1.0986122886681098,2.0,tanzania,2000,1.5802193919157448,-0.481607103247635
2.0910235831431425,17.40239341542851,0.5670381499999999,29.112235185,3.6,0.4602,0.2274999999999999,0.4380369708749999,0.4375,1.0986122886681098,2.0,tanzania,2002,1.3549133086102856,-0.2563010199421758
2.0376802820996867,17.428845978512484,0.5670381499999999,29.112235185,2.3125,0.466,0.2274999999999999,0.4380369708749999,0.4375,0.0,0.0,tanzania,2003,1.3649711965512055,-1.3649711965512055
2.140514846234879,17.45597858742791,0.5670381499999999,29.112235185,2.3125,0.4718,0.2425,0.4295313986249999,0.4375,0.6931471805599453,1.0,tanzania,2004,1.4377823324804706,-0.7446351519205253
2.1372763060487463,17.483729980816282,0.5670381499999999,29.112235185,2.3125,0.4776,0.2174999999999999,0.4437073523749999,0.4375,0.0,0.0,tanzania,2005,1.3628730825294344,-1.3628730825294344
2.01919000335285,17.511735542491294,0.5670381499999999,29.112235185,3.299,0.4834,0.3787,0.3523008025949999,0.5625,0.0,0.0,tanzania,2006,1.3949172172334572,-1.3949172172334572
2.05008162704509,17.539648873026096,0.61875178,29.112235185,2.3125,0.4892,0.37245,0.388297679539,0.53125,0.0,0.0,tanzania,2007,1.4523855549302864,-1.4523855549302864
1.9000781340950303,17.56667746239344,0.5670381499999999,29.112235185,0.343,0.4872,0.36686666,0.3590107578169209,0.5,0.6931471805599453,1.0,tanzania,2008,1.6625654289516436,-0.9694182483916983
1.8356336409529428,17.591346831329595,0.5670381499999999,29.112235185,2.5,0.4851,0.36686666,0.3590107578169209,0.5,0.0,0.0,tanzania,2009,1.6886733442803517,-1.6886733442803517
1.9928650828723085,17.616791683018707,0.5670381499999999,31.89204979,1.314,0.483,0.3692666599999999,0.3576498662569209,0.5,0.6931471805599453,1.0,tanzania,2010,1.6850506778410081,-0.9919034972810629
2.160117368314337,17.644790185523192,0.51532452,29.112235185,3.47,0.481,0.3692666599999999,0.3250323556834968,0.5,0.0,0.0,tanzania,2011,1.8068898406320484,-1.8068898406320484
1.7047760118486692,17.673589622300607,0.5670381499999999,29.112235185,1.437,0.4853,0.37086666,0.3567426052169209,0.5,0.0,0.0,tanzania,2012,1.7427574883032204,-1.7427574883032204
2.0517601221807165,17.703735195346187,0.5670381499999999,32.38574462,2.93,0.4896,0.37513334,0.3543232348830789,0.5,2.079441541679836,7.0,tanzania,2013,1.7640899342207437,0.3153516074590925
2.0454272941714597,17.734539226329797,0.5670381499999999,29.63108063,2.125,0.494,0.37513334,0.3543232348830789,0.5,2.4849066497880004,11.0,tanzania,2014,1.7944112369363785,0.6904954128516219
1.96859779471458,17.76715732992416,0.5670381499999999,26.09066963,2.3125,0.4983,0.37386666,0.3550414907669209,0.5,2.70805020110221,14.0,tanzania,2015,1.832354598802243,0.8756956022999671
2.062691565290146,17.801230282421738,0.5670381499999999,25.64299926,2.3125,0.5026,0.37506666,0.3543610449869209,0.5,1.3862943611198906,3.0,tanzania,2016,1.85935821461335,-0.4730638534934595
2.044755626609529,17.834644584022023,0.5670381499999999,26.3711632,2.3125,0.5069,0.37313334,0.3554573111830789,0.5,1.9459101490553128,6.0,tanzania,2017,1.8684957070016093,0.07741444205370351
1.8722137835645607,17.866201794840293,0.513468689,28.59338974,2.3125,0.5069,0.37273334,0.3220817895636087,0.5,1.3862943611198906,3.0,tanzania,2018,1.9552164158277658,-0.5689220547078753
1.916922612182061,17.8960078882676,0.5670381499999999,30.18242633,2.3125,0.5069,0.3494,0.3689150203899999,0.5,0.6931471805599453,1.0,tanzania,2019,1.7920459064835041,-1.0988987259235588
1.0959302304968066,17.925938404653788,0.5670381499999999,30.92059386,1.792,0.5069,0.349,0.3691418356499999,0.5,2.19722457733622,8.0,tanzania,2020,1.806944193925275,0.39028038341094495
1.894909212678874,17.908521981952354,0.064248151,80.055383845,1.071,0.5522,0.5625,0.0281085660625,0.6875,2.995732273553991,19.0,thailand,1996,2.165805672027298,0.8299266015266928
-2.155711983990813,17.93491564882717,0.057169535,80.055383845,3.404,0.5286,0.5475,0.0258692145875,0.5625,1.6094379124341005,4.0,thailand,1998,2.771343778686049,-1.1619058662519484
1.696577905702302,17.95876934015263,0.084323625,80.055383845,2.389,0.5471,0.5725,0.0360483496875,0.6875,1.6094379124341005,4.0,thailand,2000,2.206061714314405,-0.5966238018803045
1.966977529715068,17.978548093374993,0.046585167,65.54582214,1.071,0.5486,0.4474999999999999,0.0257383047674999,0.6875,2.5649493574615367,12.0,thailand,2002,1.9060435354481577,0.658905822013379
2.102821500800408,17.98786756827699,0.005482246,80.055383845,1.54,0.5657,0.3225,0.0037142216649999,0.5625,1.9459101490553128,6.0,thailand,2003,2.0543048236704666,-0.10839467461515384
1.9864133009335123,17.996828340892506,0.030930887,67.4442215,1.51,0.5519,0.305,0.021496966465,0.5,3.80666248977032,44.0,thailand,2004,2.3220614921688156,1.4846009976015044
1.646278570309209,18.005429219706283,0.005482246,71.82627869,1.35,0.5487,0.2875,0.003906100275,0.4375,5.049856007249537,155.0,thailand,2005,2.5769544684303307,2.4729015388192064
1.7863801754020971,18.013729852614752,0.022190078,71.62985992,1.22,0.5452,0.2069666599999999,0.0175974716712005,0.1875,5.313205979041787,202.0,thailand,2006,3.45718504178123,1.8560209372605572
1.8617754135752285,18.02173029430046,0.012836678,75.7808075,1.18,0.5417,0.2569666599999999,0.0095380797288445,0.1875,5.683579767338681,293.0,thailand,2007,3.6251013390047806,2.058478428333901
1.0027248535840103,18.02941185598032,0.009915566,75.2078476,1.18,0.5534,0.2770666599999999,0.0071682932463704,0.25,5.303304908059076,200.0,thailand,2008,3.425457069926934,1.8778478381321415
-0.5250942797914615,18.03679728268746,0.007856127,76.60070801,1.49,0.5309,0.31456666,0.0053848513690741,0.3125,5.700443573390687,298.0,thailand,2009,3.26305147378884,2.4373920996018468
2.141640280746915,18.04350345597278,0.007086167,78.39437866,0.622,0.5531,0.3128333399999999,0.0048693777095922,0.3125,5.537334267018537,253.0,thailand,2010,3.233020523479852,2.3043137435386845
0.6098373532836595,18.04972153536493,0.003031061,86.98947906,0.66,0.5377,0.3128333399999999,0.0020828440636262,0.3125,5.209486152841421,182.0,thailand,2011,3.1984645663176448,2.0110215865237766
2.109339631259834,18.05591744874293,0.003878325,85.53652954,0.58,0.5458,0.3128333399999999,0.0026650556366445,0.3125,5.638354669333745,280.0,thailand,2012,3.1988254365335944,2.439529232800151
1.3049475184109771,18.061790705645404,0.00212615,83.85485077,0.249,0.5177,0.3208333399999999,0.001444010194159,0.3125,6.159095388491933,472.0,thailand,2013,3.2325870787243725,2.92650830976756
0.6853513035235437,18.06709200421108,0.002288203,123.5254593,0.576,0.5292,0.3076,0.0015843517572,0.25,6.049733455231958,423.0,thailand,2014,3.2674984939038643,2.7822349613280934
1.419256890560493,18.07170176708617,0.001318818,124.3305969,0.597,0.5028,0.2931,0.0009322724442,0.3125,5.631211781821365,278.0,thailand,2015,2.897161000539781,2.734050781281584
1.4895631770232585,18.076214427650317,0.001378377,122.5632172,0.688,0.5072,0.30196666,0.0009621531010891,0.3125,5.799092654460526,329.0,thailand,2016,2.943368669290895,2.8557239851696306
1.6443572788139509,18.080444062692088,0.001001059,79.50623718,0.83,0.5291,0.31253334,0.0006881946871929,0.375,5.19295685089021,179.0,thailand,2017,2.950383070726211,2.2425737801639993
1.6530471141850185,18.083473357174483,0.00106436,80.60453051,0.765,0.5047,0.31253334,0.0007317120142376,0.375,5.209486152841421,182.0,thailand,2018,2.9313707917061693,2.278115361135252
1.136087182611644,18.08551945566277,0.001346336,81.72064259,0.716,0.4806,0.4096333399999999,0.0007948318875577,0.5625,4.875197323201151,130.0,thailand,2019,2.3663385903761207,2.5088587328250305
-1.953033073405035,18.087184863585165,0.000630434,82.3668561,1.099,0.4983,0.3535999999999999,0.0004075125376,0.375,3.688879454113936,39.0,thailand,2020,3.1006237933612093,0.5882556607527265
2.4111660443776217,13.872630693293832,0.439356075,67.09385681,3.864,0.3999,0.20896666,0.3475453034565405,0.4375,0.0,0.0,timor-leste,2009,-0.6730957352743492,0.6730957352743492
2.3351972932366283,13.896795570580457,0.439356075,68.30263096,3.301,0.4016,0.19646666,0.3530372543940405,0.375,0.0,0.0,timor-leste,2010,-0.41780581636535197,0.41780581636535197
1.9399718401481616,13.920057943121082,0.439356075,70.16406026,3.864,0.4019,0.2181333399999999,0.3435178669109595,0.375,0.0,0.0,timor-leste,2011,-0.3290701136688561,0.3290701136688561
1.768255628855416,13.942042763324515,0.439356075,70.0278422,3.864,0.4008,0.24273334,0.3327097074659595,0.5,0.0,0.0,timor-leste,2012,-0.8191530749446299,0.8191530749446299
1.4120522134579605,13.96280579283455,0.439356075,67.8276666,4.05,0.4015,0.26826666,0.3214914882090405,0.5,0.0,0.0,timor-leste,2013,-0.696204841042477,0.696204841042477
1.6997354095286217,13.982637255375684,0.439356075,69.37394642,3.864,0.4036,0.26826666,0.3214914882090405,0.5,0.0,0.0,timor-leste,2014,-0.6972697530309191,0.6972697530309191
1.2470431713134291,14.0020996624759,0.439356075,72.98403256,3.678,0.4032,0.26826666,0.3214914882090405,0.5,0.0,0.0,timor-leste,2015,-0.7050179986134955,0.7050179986134955
1.3887746778396584,14.021152241204794,0.439356075,77.38569437,4.657,0.4036,0.26826666,0.3214914882090405,0.5,0.0,0.0,timor-leste,2016,-0.7156047985316152,0.7156047985316152
-1.430888867719702,14.04001638096492,0.439356075,81.16657009,3.864,0.4032,0.28043334,0.3161459834384595,0.5625,0.0,0.0,timor-leste,2017,-0.9583806095992176,0.9583806095992176
-0.3828802268905897,14.059209394433132,0.439356075,83.0952419,3.864,0.4024,0.28043334,0.3161459834384595,0.5625,0.0,0.0,timor-leste,2018,-0.9697047501818228,0.9697047501818228
3.227354932220444,14.078602250099786,0.439356075,85.12482426,3.864,0.4024,0.28043334,0.3161459834384595,0.5625,0.0,0.0,timor-leste,2019,-1.0053428735870724,1.0053428735870724
3.488162015281553,14.097718172880649,0.439356075,84.74104044,3.864,0.4024,0.27956666,0.3165267645615405,0.5625,0.0,0.0,timor-leste,2020,-0.9984297949990417,0.9984297949990417
1.2947633584463527,15.609046614792268,0.672224386,46.02996826,4.229,0.4903,0.18916666,0.5450619441298293,0.3125,0.0,0.0,togo,2006,0.597627005118184,-0.597627005118184
-0.7770916050885852,15.638178242191408,0.6333918055000001,42.75978851,2.974,0.4943,0.18,0.5193812805100001,0.375,0.0,0.0,togo,2007,0.37766534120252804,-0.37766534120252804
1.6165352971076834,15.666923667955276,0.6333918055000001,49.40029907,2.974,0.4982,0.2362,0.4837846610409,0.5,0.0,0.0,togo,2008,-0.04967095500263752,0.04967095500263752
1.864670804232758,15.69526045253545,0.6333918055000001,49.40029907,2.974,0.5022,0.2145333399999999,0.4975081459374547,0.5,0.0,0.0,togo,2009,-0.11577249434434633,0.11577249434434633
1.9248811516203015,15.722470620100866,0.6333918055000001,49.40029907,10.624,0.5062,0.2679999999999999,0.463642801626,0.5,0.0,0.0,togo,2010,0.14851246310711796,-0.14851246310711796
1.9203368096710771,15.749416804745543,0.652127711,52.77062988,1.982,0.5102,0.28966666,0.4632280550611847,0.5,0.0,0.0,togo,2011,0.14390309015771208,-0.14390309015771208
1.9882460967185176,15.775709139441306,0.6333918055000001,49.40029907,2.974,0.5016,0.2088333399999999,0.5011184792288047,0.3125,0.0,0.0,togo,2012,0.7961492444732432,-0.7961492444732432
1.9204825464723885,15.801388805645916,0.6333918055000001,49.40029907,2.974,0.493,0.2088333399999999,0.5011184792288047,0.3125,0.0,0.0,togo,2013,0.8058549715628633,-0.8058549715628633
1.8920929792893957,15.82673361574168,0.6333918055000001,49.40029907,2.974,0.4845,0.2088333399999999,0.5011184792288047,0.3125,0.0,0.0,togo,2014,0.8150626682289894,-0.8150626682289894
1.866873339498971,15.851939687075529,0.6146559,49.40029907,2.204,0.4759,0.25106666,0.460336296137706,0.375,0.0,0.0,togo,2015,0.710400279933702,-0.710400279933702
1.6515206556845792,15.87707958348447,0.6333918055000001,49.40029907,2.974,0.4832,0.25046666,0.4747482755050454,0.375,0.0,0.0,togo,2016,0.7028649192842004,-0.7028649192842004
1.6110191807700949,15.902069336916494,0.6333918055000001,60.76947222,3.744,0.4904,0.22366666,0.4917231758924454,0.25,0.0,0.0,togo,2017,1.1525603710397643,-1.1525603710397643
1.757027112356879,15.926787313747342,0.351255963,49.40029907,2.974,0.4977,0.224,0.272574627288,0.25,0.0,0.0,togo,2018,1.6824891427224296,-1.6824891427224296
1.7788149178573285,15.951222431756191,0.6333918055000001,49.40029907,2.036,0.4849,0.2378333399999999,0.4827501168693047,0.3125,0.0,0.0,togo,2019,0.9865649989364742,-0.9865649989364742
1.15129536529411,15.975347168308144,0.6333918055000001,49.40029907,2.974,0.4721,0.2294999999999999,0.48802838613775,0.3125,0.0,0.0,togo,2020,0.9729321490125968,-0.9729321490125968
2.0961115056639086,14.078589182600387,0.057169535,84.27310944,16.25,0.5541,0.6375,0.0207239564375,0.6875,1.3862943611198906,3.0,trinidad and tobago,1996,0.44169649241097364,0.9445978687089169
2.2109701171763145,14.085710199381598,0.057169535,84.27310944,14.21,0.5541,0.595,0.023153661675,0.75,0.0,0.0,trinidad and tobago,1998,-0.015484636378964689,0.015484636378964689
2.06703484479203,14.092971825488071,0.057169535,84.27310944,12.1,0.5541,0.515,0.027727224475,0.625,0.0,0.0,trinidad and tobago,2000,0.2882854293499699,-0.2882854293499699
2.1901674774808906,14.1022011390509,0.057169535,84.27310944,10.39,0.5619,0.5025000000000001,0.0284418436624999,0.5625,0.0,0.0,trinidad and tobago,2002,0.5388257183860846,-0.5388257183860846
2.737025631921232,14.107217021679606,0.057169535,84.27310944,10.48,0.562,0.4925,0.0290135390125,0.5625,0.0,0.0,trinidad and tobago,2003,0.5016272774176093,-0.5016272774176093
2.191659287689196,14.11218780227978,0.057169535,84.27310944,8.33,0.5588,0.4925,0.0290135390125,0.5625,0.0,0.0,trinidad and tobago,2004,0.49438513953589436,-0.49438513953589436
1.9753216283787955,14.073631215671098,0.057169535,84.27310944,7.95,0.5548,0.4725,0.0301569297125,0.5625,1.0986122886681098,2.0,trinidad and tobago,2005,0.4003554066962002,0.6982568819719096
2.6538093113820715,14.07629280246706,0.057169535,84.27310944,6.27,0.5516,0.42203334,0.033042085197703,0.5625,0.0,0.0,trinidad and tobago,2006,0.20483972777267057,-0.20483972777267057
1.7499317088517894,14.080324895473144,0.057169535,84.27310944,5.54,0.5618,0.43453334,0.0323274660102031,0.625,0.0,0.0,trinidad and tobago,2007,-0.03619431944217233,0.03619431944217233
1.4797248385719666,14.084459251270273,0.057169535,84.27310944,4.63,0.553,0.45973334,0.0308867937282031,0.75,0.0,0.0,trinidad and tobago,2008,-0.5471448601396527,0.5471448601396527
-1.6848661585139375,14.085619371231068,0.057169535,84.27310944,5.28,0.5446,0.45973334,0.0308867937282031,0.75,0.0,0.0,trinidad and tobago,2009,-0.5172014420029167,0.5172014420029167
1.4640015844409833,14.091409733939752,0.057169535,84.27310944,4.033,0.5455,0.4469,0.0316204698084999,0.6875,0.6931471805599453,1.0,trinidad and tobago,2010,-0.29935129145994277,0.9924984720198881
-0.2580120449774397,14.099199669146076,0.057169535,84.27310944,3.425,0.5384,0.4469,0.0316204698084999,0.6875,0.0,0.0,trinidad and tobago,2011,-0.2865565404125745,0.2865565404125745
2.0426149732934245,14.104587906565412,0.057169535,84.27310944,3.718,0.5325,0.44576666,0.0316852623292969,0.6875,0.0,0.0,trinidad and tobago,2012,-0.31093114274501565,0.31093114274501565
1.4743494034471691,14.108596503159664,0.057169535,84.27310944,2.683,0.5398,0.44576666,0.0316852623292969,0.6875,1.3862943611198906,3.0,trinidad and tobago,2013,-0.30571244926661545,1.692006810386506
1.5413450308347267,14.112160300398315,0.057169535,84.27310944,2.477,0.5319,0.44576666,0.0316852623292969,0.6875,0.0,0.0,trinidad and tobago,2014,-0.3101087973545018,0.3101087973545018
-0.3409502588681894,14.115369194243948,0.057169535,84.27310944,2.428,0.5282,0.4465,0.0316433376225,0.6875,0.6931471805599453,1.0,trinidad and tobago,2015,-0.29031931547694545,0.9834664960368907
-2.144335045194332,14.11849692005089,0.057169535,84.27310944,3.207,0.5295,0.4465,0.0316433376225,0.6875,0.0,0.0,trinidad and tobago,2016,-0.26599654394856254,0.26599654394856254
-1.7703229175341268,14.120517189836695,0.057169535,84.27310944,4.955,0.5299,0.4636,0.0306657385739999,0.75,0.0,0.0,trinidad and tobago,2017,-0.49410411908273244,0.49410411908273244
-0.6654931590861479,14.122402434968729,0.057169535,84.27310944,4.955,0.5327,0.4644,0.0306200029459999,0.75,0.6931471805599453,1.0,trinidad and tobago,2018,-0.499163945097578,1.1923111256575232
0.3837200752832023,14.125921853403252,0.057169535,84.27310944,3.523,0.5258,0.4894,0.029190764571,0.75,0.6931471805599453,1.0,trinidad and tobago,2019,-0.4315748488602753,1.1247220294202207
-2.2812386888433416,14.127928656698185,0.057169535,84.27310944,4.206,0.5411,0.4894,0.029190764571,0.75,0.6931471805599453,1.0,trinidad and tobago,2020,-0.3924715010973725,1.085618681657318
2.0975369487790823,16.04492617673915,0.045145203,58.36199188,14.55,0.5681,0.43,0.02573276571,0.5,0.0,0.0,tunisia,1996,1.829008878896131,-1.829008878896131
1.7550544186605617,16.07117887090855,0.045145203,66.0825882,14.55,0.5681,0.4549999999999999,0.024604135635,0.625,0.0,0.0,tunisia,1998,1.2951332237218958,-1.2951332237218958
1.7422142800489622,16.094308568251982,0.10512,72.48271179,14.94,0.5681,0.4674999999999999,0.0559764,0.6875,0.6931471805599453,1.0,tunisia,2000,0.9293195954411093,-0.23617241488116403
0.8426687976464002,16.115243186547158,0.045145203,76.49107361,14.55,0.5681,0.4599999999999999,0.02437840962,0.375,0.6931471805599453,1.0,tunisia,2002,2.472674876664577,-1.7795276961046316
1.7408870569589527,16.125233416393524,0.045145203,76.05935669,14.51,0.5681,0.42,0.0261842177399999,0.625,0.0,0.0,tunisia,2003,1.1421725888987877,-1.1421725888987877
1.979039645334817,16.134575509064252,0.045145203,80.00332642,14.23,0.5681,0.4275,0.0258456287175,0.4375,0.0,0.0,tunisia,2004,2.0379418709380897,-2.0379418709380897
1.5010830388244798,16.143322072266976,0.059001073,83.43923187,12.872,0.5681,0.3725,0.0370231733075,0.4375,0.0,0.0,tunisia,2005,1.803170336147892,-1.803170336147892
1.8316369909943016,16.152150254254337,0.045145203,85.95426941,12.51,0.5604,0.4587333399999999,0.0244355932428319,0.625,0.0,0.0,tunisia,2006,1.2178403043555166,-1.2178403043555166
2.0424560552948736,16.161318249721084,0.045145203,89.60930634,12.365,0.5532,0.4349833399999999,0.0255077918140819,0.59375,0.6931471805599453,1.0,tunisia,2007,1.2591828065389072,-0.566035625978962
1.6558980260476304,16.17093816468564,0.045145203,91.054039,12.444,0.5464,0.4247333399999999,0.0259705301448319,0.5,0.6931471805599453,1.0,tunisia,2008,1.6657713867352602,-0.9726242061753149
1.39709831861925,16.18113448562808,0.045145203,88.83683777,13.29,0.5399,0.40306666,0.026948676811768,0.5,0.0,0.0,tunisia,2009,1.6118708977624534,-1.6118708977624534
1.3790513817086985,16.191901813286325,0.031289333,88.11122894,13.049,0.5338,0.38776666,0.0191563728489622,0.5625,0.0,0.0,tunisia,2010,1.2873690052592035,-1.2873690052592035
-1.1140373401755452,16.20299142497063,0.045145203,89.34146881,18.334,0.5366,0.3927,0.0274166817818999,0.3125,1.3862943611198906,3.0,tunisia,2011,2.5286687368128775,-1.142374375692987
1.6518606311914463,16.214282537252267,0.045145203,85.78160095,17.63,0.53,0.40613334,0.0268102309206319,0.375,1.3862943611198906,3.0,tunisia,2012,2.2716784325936965,-0.8853840714738059
1.232540133861593,16.2261750471085,0.045145203,87.23570251,15.934,0.5238,0.4000666600000001,0.027084112420768,0.375,3.4011973816621555,29.0,tunisia,2013,2.2381756460669164,1.163021735595239
1.4086251700170915,16.238035381497696,0.045145203,84.96634674,14.259,0.5238,0.44123334,0.0252256342953319,0.4375,3.1780538303479458,23.0,tunisia,2014,2.0940163908023863,1.0840374395455594
0.6769335501625601,16.249322577840157,0.006576977,85.78160095,15.159,0.5238,0.4489666599999999,0.0036241336034131,0.4375,2.995732273553991,19.0,tunisia,2015,2.1934620754311553,0.8022701981228355
0.7501095581860509,16.260347968035465,0.045145203,90.32642365,15.557,0.5238,0.4393333399999999,0.0253114101810319,0.375,2.5649493574615367,12.0,tunisia,2016,2.37932160771281,0.18562774974872687
1.1794590963511793,16.27085956967672,0.045145203,85.78160095,15.33,0.5238,0.4846333399999999,0.0232663324851319,0.4375,1.6094379124341005,4.0,tunisia,2017,2.2689284282710114,-0.6594905158369109
1.282867988800345,16.280683353091202,0.045145203,85.78160095,15.459,0.5238,0.46773334,0.0240292864158319,0.375,2.995732273553991,19.0,tunisia,2018,2.511531411424065,0.48420086212992564
0.9361298487006622,16.289952813124295,0.045145203,85.78160095,17.153,0.5238,0.4448,0.0250646167055999,0.375,2.833213344056216,16.0,tunisia,2019,2.4493680679167404,0.3838452761394757
-2.3000946172322,16.298253034284,0.045145203,85.78160095,14.55,0.5238,0.4564333399999999,0.0245394272097319,0.4375,1.791759469228055,5.0,tunisia,2020,2.212334489586524,-0.42057502035846905
2.3097706726701914,16.870998888005726,0.785472057,21.606829645,2.563,0.4824,0.1825,0.6421234065975,0.0625,3.4011973816621555,29.0,uganda,1996,2.378583500320888,1.0226138813412673
1.7758444079951616,16.92972815384696,0.635498754,21.606829645,2.563,0.5118,0.0875,0.579892613025,0.0625,2.9444389791664403,18.0,uganda,1998,2.317237552061351,0.6272014271050894
1.421156391404947,16.993570679959095,0.635498754,21.606829645,2.563,0.537,0.0875,0.579892613025,0.0625,3.044522437723423,20.0,uganda,2000,2.3691389396347784,0.6753834980886446
2.275489887296944,17.055477238829166,0.785756108,21.606829645,3.5,0.5581,0.0875,0.71700244855,0.0625,3.218875824868201,24.0,uganda,2002,2.1642530518866563,1.0546227729815447
2.0113311385602555,17.087059474861288,0.635498754,21.606829645,3.6,0.5452,0.0875,0.579892613025,0.0625,3.4339872044851463,30.0,uganda,2003,2.425021398390033,1.0089658060951132
2.0550506557653923,17.11705392568701,0.635498754,19.12254906,2.563,0.5324,0.1125,0.5640051441749999,0.1875,2.3978952727983707,10.0,uganda,2004,1.941365783823967,0.4565294889744036
1.992325402293727,17.14640313650482,0.724035954,21.606829645,1.9,0.5196,0.13,0.62991127998,0.125,2.4849066497880004,11.0,uganda,2005,2.1501896574766706,0.3347169923113298
2.466805846717152,17.17567772898626,0.635498754,21.606829645,2.563,0.5252,0.3617666599999999,0.4055964923312583,0.4375,0.0,0.0,uganda,2006,1.6973669772291544,-1.6973669772291544
2.242030727597071,17.205088393408122,0.635498754,24.09111023,2.563,0.5308,0.3617666599999999,0.4055964923312583,0.4375,0.6931471805599453,1.0,uganda,2007,1.7039341184837944,-1.0107869379238492
2.273027736657456,17.234533253849825,0.635498754,21.606829645,2.563,0.5364,0.36103334,0.4060625162775416,0.4375,2.079441541679836,7.0,uganda,2008,1.7344827734708541,0.3449587682089821
2.054318246699742,17.263946170010623,0.635498754,21.606829645,3.6,0.542,0.37353334,0.3981187818525416,0.5,1.0986122886681098,2.0,uganda,2009,1.5117605168491932,-0.41314822818108343
1.8927522055603272,17.29338508244255,0.635498754,21.606829645,1.401,0.5275,0.37366666,0.3980340571586583,0.5,1.9459101490553128,6.0,uganda,2010,1.5079809470325252,0.4379292020227876
2.341003127644806,17.322704572918525,0.635498754,21.606829645,0.881,0.513,0.3617,0.4056388546782,0.4375,0.0,0.0,uganda,2011,1.7604718861758264,-1.7604718861758264
1.5763888812595273,17.351746832900652,0.561621117,21.606829645,3.551,0.4985,0.3619,0.3583704347577,0.4375,1.6094379124341005,4.0,uganda,2012,1.906751671833329,-0.29731375939922855
1.5232056847742377,17.380442348463145,0.635498754,21.606829645,1.91,0.5026,0.3622999999999999,0.4052575554258,0.4375,0.0,0.0,uganda,2013,1.8022084028507797,-1.8022084028507797
1.8093222246871008,17.409956797627338,0.635498754,21.606829645,1.566,0.5066,0.3622999999999999,0.4052575554258,0.4375,1.9459101490553128,6.0,uganda,2014,1.8155376227831754,0.13037252627213736
1.822589285395548,17.440689726189955,0.635498754,21.606829645,2.563,0.5107,0.3548,0.4100237960808,0.375,2.3978952727983707,10.0,uganda,2015,2.1094475589743285,0.2884477138240422
1.7545767287836105,17.47390897445832,0.601053166,21.606829645,2.563,0.5148,0.3334,0.4006620404556,0.375,2.772588722239781,15.0,uganda,2016,2.1036219783450307,0.6689667438947504
1.4186176679638027,17.508814932661206,0.635498754,21.606829645,3.428,0.5181,0.33226666,0.4243437055742584,0.375,2.6390573296152584,13.0,uganda,2017,2.0749903796575335,0.5640669499577249
1.9884117082710813,17.542789041588083,0.635498754,21.606829645,2.563,0.5215,0.333,0.423877668918,0.375,2.3978952727983707,10.0,uganda,2018,2.08723193135124,0.3106633414471305
2.0067021562569907,17.57670225501775,0.597843749,21.606829645,2.563,0.5248,0.3068,0.4144252868068001,0.375,1.6094379124341005,4.0,uganda,2019,2.067878429724595,-0.4584405172904944
1.3740462639775326,17.61003642936227,0.635498754,21.606829645,2.563,0.5248,0.31876666,0.4329229387532584,0.3125,1.791759469228055,5.0,uganda,2020,2.3749208777914608,-0.5831614085634058
-2.3978952727983707,17.751759920961348,0.152387766,97.53465271,7.65,0.369,0.1525,0.129148631685,0.3125,1.3862943611198906,3.0,ukraine,1996,2.147361094867377,-0.7610667337474866
-1.0647107376820837,17.735099509303332,0.0024258459999999,97.53465271,11.32,0.3129,0.0925,0.0022014552449999,0.1875,0.0,0.0,ukraine,1998,2.7442135608297216,-2.7442135608297216
1.9315214116032136,17.718627239574204,0.0024258459999999,97.83258057,11.707,0.3121,0.1125,0.0021529383249999,0.3125,0.6931471805599453,1.0,ukraine,2000,2.183144911282586,-1.4899977307226404
1.8468231213172652,17.700722990506748,0.062564627,100.0385284,10.136,0.3308,0.1575,0.0527106982475,0.4375,1.3862943611198906,3.0,ukraine,2002,1.6283152492161515,-0.24202088809626088
2.3529558991000883,17.69325546496984,0.032376096,101.2501221,9.057,0.3417,0.1575,0.02727686088,0.4375,0.6931471805599453,1.0,ukraine,2003,1.660776906086025,-0.9676297255260796
2.549082021401014,17.686284561050634,0.027920779,98.83901978,8.59,0.3489,0.1575,0.0235232563075,0.4375,0.0,0.0,ukraine,2004,1.677654014933026,-1.677654014933026
1.403945261385471,17.678039848789414,0.011141379,95.11811066,7.18,0.3338,0.1575,0.0093866118075,0.4375,0.0,0.0,ukraine,2005,1.7159440753243906,-1.7159440753243906
2.148433502183039,17.671570329158346,0.006670842,97.16278839,6.81,0.3489,0.25126666,0.0049946818112722,0.5,0.0,0.0,ukraine,2006,1.7392408971479363,-1.7392408971479363
2.2209242257729054,17.666993416757858,0.004617694,97.69142914,6.351,0.3294,0.26876666,0.0033766118067179,0.5625,0.6931471805599453,1.0,ukraine,2007,1.4868825732720485,-0.7937353927121032
1.176650402639406,17.66180342055564,0.001272872,97.74034882,6.363,0.3228,0.28126666,0.0009148555439524,0.625,0.6931471805599453,1.0,ukraine,2008,1.2421478556306587,-0.5490006750707134
-2.78108179812439,17.657620239847986,0.003170227,97.37787628,8.84,0.304,0.27793334,0.0022891152213318,0.5,1.0986122886681098,2.0,ukraine,2009,1.8638960161076472,-0.7652837274395374
1.627671538314588,17.654016272137,0.001337387,98.14168177,8.1,0.2916,0.28616666,0.0009546714290825,0.5625,1.6094379124341005,4.0,ukraine,2010,1.5388823330944579,0.07055557933964263
1.8633482056514612,17.650822137499816,0.000709468,96.11718264,7.851,0.2891,0.29856666,0.0004976445088631,0.5625,1.3862943611198906,3.0,ukraine,2011,1.5884035726877672,-0.20210921156787665
0.1417729337584766,17.64870801634493,0.001367843,99.47754931,7.529,0.2724,0.2710666599999999,0.0009970663665856,0.5,2.19722457733622,8.0,ukraine,2012,1.7720414509510123,0.4251831263852077
0.0444369828094397,17.646904055251827,0.00052962,99.43038011,7.17,0.2744,0.2656,0.0003889529279999,0.5,1.791759469228055,5.0,ukraine,2013,1.75328412274855,0.0384753464795049
-2.4050419452987346,17.6435513610898,0.00026386,98.29632493,9.27,0.2894,0.1703,0.000218924642,0.0625,6.799055862058796,896.0,ukraine,2014,3.5482763237499837,3.2507795383088123
-2.3770418169624974,17.63946483487636,0.002730814,90.50289611,9.14,0.3088,0.2471666599999999,0.0020558478245387,0.1875,6.459904454377535,638.0,ukraine,2015,3.273346526743099,3.1865579276344356
1.2357568797803629,17.6357873511043,0.00249074,88.54575087,9.35,0.3218,0.25716666,0.0018502047132716,0.1875,4.143134726391533,62.0,ukraine,2016,3.2926787997473204,0.8504559266442122
1.211932724238703,17.631816224710168,0.000833042,86.78870227,9.5,0.3184,0.2496,0.0006251147168,0.125,4.143134726391533,62.0,ukraine,2017,3.573268892432555,0.5698658339589775
1.5014879002555943,17.626804705030835,0.002360952,85.83318768,8.799,0.3163,0.2496,0.0017716583807999,0.125,3.610917912644224,36.0,ukraine,2018,3.5654858795401108,0.045432033104113145
1.4349663906926584,17.621227245048654,0.001800775,84.45682836,8.194,0.3188,0.251,0.001348780475,0.125,3.4657359027997265,31.0,ukraine,2019,3.574635312409592,-0.10889940960986566
-1.5587376926693386,17.615036867885898,0.000337678,84.42833386,9.475,0.3188,0.2804,0.0002429930888,0.25,3.6635616461296463,38.0,ukraine,2020,3.1190887867762136,0.5444728593534327
1.916687888901413,14.77008502570402,0.0,101.7473443,2.331,0.5505,0.48,0.0,0.75,0.0,0.0,united arab emirates,1996,-0.14177420754428272,0.14177420754428272
0.2561870260938552,14.92750687953786,0.0,101.7473443,2.331,0.5505,0.48,0.0,0.75,0.0,0.0,united arab emirates,1998,-0.04104369165254651,0.04104369165254651
2.4725560457659275,15.06643641142529,0.0,101.7473443,2.25,0.5527,0.48,0.0,0.75,0.0,0.0,united arab emirates,2000,0.01369635955889792,-0.01369635955889792
1.23356757028971,15.190952999421924,0.0,101.7473443,2.331,0.5551,0.5375,0.0,0.8125,0.0,0.0,united arab emirates,2002,-0.0006650382203161609,0.0006650382203161609
2.2824375692559253,15.248797754740234,0.0,101.7473443,2.331,0.5565,0.5375,0.0,0.8125,0.0,0.0,united arab emirates,2003,0.02141109997464863,-0.02141109997464863
2.3576826227037238,15.303677157771986,0.0,101.7473443,2.331,0.5579,0.5375,0.0,0.8125,0.0,0.0,united arab emirates,2004,0.051111110992082986,-0.051111110992082986
1.7673201122157822,15.355553589545057,0.0,101.7473443,3.12,0.5594,0.5375,0.0,0.8125,0.0,0.0,united arab emirates,2005,0.09043532081605465,-0.09043532081605465
2.382995711656956,15.4267670158418,0.0,101.7473443,2.331,0.561,0.5286333400000001,0.0,0.8125,0.0,0.0,united arab emirates,2006,0.08792099409998078,-0.08792099409998078
1.431360975999863,15.542666792849792,0.0,101.7473443,2.331,0.5627,0.50738334,0.0,0.71875,0.0,0.0,united arab emirates,2007,0.5315178459850756,-0.5315178459850756
1.433138889242637,15.656483117788786,0.0,101.7473443,2.331,0.5646,0.51983334,0.0,0.6875,0.0,0.0,united arab emirates,2008,0.7863046161842256,-0.7863046161842256
-1.8314483266308688,15.718671111822667,0.0,101.7473443,2.331,0.5666,0.49316666,0.0,0.8125,0.0,0.0,united arab emirates,2009,0.16402163263116631,-0.16402163263116631
0.9566070165927608,15.742651228698303,0.0,101.7473443,2.331,0.5479,0.49263334,0.0,0.8125,1.0986122886681098,2.0,united arab emirates,2010,0.1382389128533048,0.960373375814805
2.045945235768928,15.7762444335237,0.0,101.7473443,2.331,0.5293,0.49303334,0.0,0.8125,0.0,0.0,united arab emirates,2011,0.1370756017785142,-0.1370756017785142
1.7375260150492622,15.81583434948212,0.0,101.7473443,2.331,0.5108,0.49303334,0.0,0.8125,0.0,0.0,united arab emirates,2012,0.15104463983257266,-0.15104463983257266
1.7780793325673168,15.855825542058056,0.0,101.7473443,2.331,0.4923,0.49263334,0.0,0.8125,0.6931471805599453,1.0,united arab emirates,2013,0.1605189880150466,0.5326281925448987
1.7286211140671133,15.902354757238944,0.0,101.7473443,2.331,0.4959,0.49343334,0.0,0.8125,1.0986122886681098,2.0,united arab emirates,2014,0.19093009146630457,0.9076821972018052
2.090341110725231,15.956192766959662,0.0,101.7473443,2.331,0.4936,0.4991666599999999,0.0,0.8125,0.0,0.0,united arab emirates,2015,0.23542429699181056,-0.23542429699181056
1.895809119877648,16.005497450782077,0.0,101.7473443,1.64,0.4913,0.54666666,0.0,0.875,0.0,0.0,united arab emirates,2016,0.12803303588671766,-0.12803303588671766
-0.7233740193241337,16.037235425875135,0.0,101.7473443,2.462,0.489,0.5587666600000001,0.0,0.9375,0.0,0.0,united arab emirates,2017,-0.08083790488094,0.08083790488094
0.9310480380136136,16.050534111769245,0.0,102.1844482,2.236,0.4866,0.55923334,0.0,0.9375,0.0,0.0,united arab emirates,2018,-0.09299597996585063,0.09299597996585063
0.8203710258664703,16.061079274089465,0.0,101.7473443,2.331,0.4866,0.56423334,0.0,0.9375,0.0,0.0,united arab emirates,2019,-0.06554121976408123,0.06554121976408123
-2.2714479422525757,16.056330773046923,0.0,99.16354008,4.294,0.4866,0.5625,0.0,0.9375,0.0,0.0,united arab emirates,2020,-0.01759637282030635,0.01759637282030635
1.2850686379138134,17.878827899178848,0.002463672,103.4611893,8.189,0.351,0.9175,0.0002032529399999,0.9375,3.610917912644224,36.0,united kingdom,1996,2.0994725631270033,1.5114453495172206
1.446051507729659,17.884317493171856,0.002455574,103.4611893,6.198,0.3599,0.9175,0.0002025848549999,0.9375,4.158883083359672,63.0,united kingdom,1998,2.093568697276227,2.0653143860834455
1.7091711593122263,17.891224560750228,0.002488854,101.2043762,5.558,0.3536,0.9175,0.0002053304549999,0.9375,4.127134385045092,61.0,united kingdom,2000,2.1005171332739305,2.026617251771161
0.9965896638271392,17.899307691105534,0.002494058,102.6145172,5.037,0.3603,0.9175,0.0002057597849999,0.9375,3.091042453358316,21.0,united kingdom,2002,2.1038726744646454,0.9871697788936706
1.4394834375390768,17.903964102163318,0.002498727,102.1570511,4.807,0.3723,0.9175,0.0002061449774999,0.9375,3.1780538303479458,23.0,united kingdom,2003,2.110143537061827,1.0679102932861189
1.2017759529139609,17.909653533202416,0.002497664,104.9429321,4.594,0.3662,0.905,0.0002372780799999,0.875,1.791759469228055,5.0,united kingdom,2004,2.3476176120973102,-0.5558581428692553
1.3325387527238353,17.916519646149087,0.002466498,105.70504,4.884,0.3781,0.8875,0.000277481025,0.9375,3.4011973816621555,29.0,united kingdom,2005,1.9954924888114025,1.405704892850753
1.1599649039427962,17.923870132812052,0.002301396,98.46826172,5.472,0.3821,0.8763666600000001,0.0002845292741426,0.9375,1.9459101490553128,6.0,united kingdom,2006,2.0105190868944254,-0.06460893783911259
1.3688712911103091,17.931656793808987,0.002437754,97.77851105,5.399,0.3815,0.8763666600000001,0.0003013876691183,0.9375,3.218875824868201,24.0,united kingdom,2007,2.015818025075978,1.203057799792223
-0.048229695707751,17.939527119904337,0.002468745,98.81590271,5.748,0.3664,0.86433334,0.0003349263885417,0.875,3.688879454113936,39.0,united kingdom,2008,2.275947919607594,1.4129315345063418
-1.7205155288427287,17.947091028378356,0.002489277,100.6347427,7.683,0.3831,0.76433334,0.0005866395964048,0.75,3.1780538303479458,23.0,united kingdom,2009,2.5494169528256787,0.628636877522267
1.1818942394014469,17.95492991471944,0.002463516,103.4611893,7.973,0.3445,0.7644,0.0005804043696,0.75,4.060443010546419,57.0,united kingdom,2010,2.4900870727861193,1.5703559377602998
0.6159624934769264,17.96274498021778,0.002473062,94.16454315,8.195,0.3542,0.7375,0.0006491787749999,0.6875,3.871201010907891,47.0,united kingdom,2011,2.763586787305382,1.1076142236025093
0.9275314563459064,17.96986780578842,0.004941608,92.51107788,8.279,0.364,0.74223334,0.0012737817891892,0.6875,4.007333185232471,54.0,united kingdom,2012,2.79333753763998,1.2139956475924913
1.0000690796859306,17.976563176803964,0.002444582,125.997467,7.752,0.3852,0.7429,0.0006285020321999,0.6875,4.919980925828125,136.0,united kingdom,2013,2.6143015205533215,2.3056794052748035
1.4255567837398586,17.98403453383571,0.002463005,128.713028,6.398,0.3653,0.7554000000000001,0.0006024510229999,0.75,4.653960350157523,104.0,united kingdom,2014,2.3256514077101222,2.328308942447401
1.144351963552703,17.991250773754185,0.002492474,125.9768829,5.552,0.3536,0.7804,0.0005473472904,0.75,4.74493212836325,114.0,united kingdom,2015,2.4242773385020477,2.3206547898612024
1.1651863011618515,17.999192970780847,0.002491729,103.4611893,4.909,0.3533,0.78073334,0.0005463530954551,0.75,4.653960350157523,104.0,united kingdom,2016,2.557436525604415,2.096523824553108
1.3920831233589053,18.00465003089874,0.002492966,125.5118408,4.501,0.356,0.81936666,0.0004503127750864,0.8125,4.820281565605037,123.0,united kingdom,2017,2.2664975757491854,2.5537839898558516
0.9366151645748396,18.00953454395769,0.004984822,119.9941406,4.145,0.3566,0.8243666599999999,0.0008755009371654,0.8125,4.624972813284271,101.0,united kingdom,2018,2.3180908101129383,2.3068820031713324
0.8137258594283497,18.014680507688663,0.004980385,117.085289,3.657,0.3533,0.8118000000000001,0.0009373084569999,0.75,4.454347296253507,85.0,united kingdom,2019,2.587200336365802,1.8671469598877053
-2.4022400605237637,18.01637497854667,0.004993337,114.5668335,4.518,0.3533,0.8069333399999999,0.0009640468968444,0.75,4.51085950651685,90.0,united kingdom,2020,2.6215647011218426,1.8892948053950072
1.5629274129634525,19.411685553689637,0.007485454,98.76992798,5.451,0.408,0.8875,0.000842113575,0.9375,3.58351893845611,35.0,united states,1996,2.8547158762662597,0.7288030621898502
1.7016767174830734,19.43538230183709,0.007488341,98.76992798,4.511,0.4192,0.8875,0.0008424383625,0.9375,3.4657359027997265,31.0,united states,1998,2.86662758556524,0.5991083172344864
1.6248359039408038,19.4579933921969,0.007495954,98.76992798,3.992,0.4273,0.8875,0.000843294825,0.9375,3.7612001156935615,42.0,united states,2000,2.880864228981798,0.8803358867117637
0.9934174355837776,19.477168780808928,0.009995092,98.76992798,5.783,0.4149,0.905,0.0009495337399999,0.75,3.5263605246161616,33.0,united states,2002,3.8509000295685354,-0.3245395049523738
1.3338440721458455,19.485763597907585,0.009974197,98.76992798,5.989,0.4164,0.8,0.0019948393999999,0.75,3.58351893845611,35.0,united states,2003,3.485277855161227,0.09824108329488279
1.5785191552488902,19.495018437565264,0.00999882,98.76992798,5.529,0.4242,0.8,0.001999764,0.75,2.302585092994046,9.0,united states,2004,3.4894306126247807,-1.1868455196307348
1.5004151290751633,19.504235569205544,0.009997318,95.0524826,5.084,0.4359,0.775,0.00224939655,0.75,3.091042453358316,21.0,united states,2005,3.4328289605882683,-0.3417865072299522
1.3309242512226094,19.513878108344432,0.009986555,98.76992798,4.623,0.4429,0.7973,0.0020242746985,0.9375,1.9459101490553128,6.0,united states,2006,2.6059422777595085,-0.6600321287041957
1.0998975616841036,19.523388660740437,0.009996451,98.76992798,4.622,0.4404,0.7973,0.0020262806176999,0.9375,2.4849066497880004,11.0,united states,2007,2.611850614151627,-0.12694396436362654
0.1075865611790255,19.532847313582007,0.009997492,98.76992798,5.784,0.4356,0.7973,0.0020264916284,0.9375,2.9444389791664403,18.0,united states,2008,2.6308700261214004,0.31356895304503984
-1.274384732874981,19.541613826541333,0.00999386,98.76992798,9.254,0.4245,0.7973,0.002025755422,0.9375,2.5649493574615367,12.0,united states,2009,2.663981192706792,-0.09903183524525527
1.307032671309985,19.55007512517219,0.012480615,98.76992798,9.633,0.4381,0.7970333399999999,0.0025331487412959,0.9375,2.995732273553991,19.0,united states,2010,2.6496583167622187,0.3460739567917721
0.9417272074371692,19.55799906847832,0.009989762,98.76992798,8.949,0.4426,0.79656666,0.002032250649465,0.9375,2.302585092994046,9.0,united states,2011,2.657476161239364,-0.35489106824531813
1.1906180412250282,19.565982897466537,0.009984797,98.76992798,8.069,0.4559,0.79656666,0.0020312406029319,0.9375,3.044522437723423,20.0,united states,2012,2.6614149398446085,0.3831074978788145
1.1371372784517466,19.573548498276928,0.009954639,96.18649292,7.375,0.449,0.79656666,0.0020251054602642,0.9375,3.044522437723423,20.0,united states,2013,2.6730510498842435,0.37147138783917955
1.2595455756656722,19.581508736229985,0.012489468,96.92453766,6.168,0.4558,0.79656666,0.0025407741900631,0.9375,3.4011973816621555,29.0,united states,2014,2.664686259815232,0.7365111218469234
1.3725884768835006,19.58948778333892,0.012491881,97.65254974,5.28,0.455,0.79616666,0.0025462618271125,0.9375,3.737669618283368,41.0,united states,2015,2.6563012030743165,1.0813684152090515
1.0365423546827188,19.59734403817149,0.012479338,98.76992798,4.869,0.4536,0.7832,0.0027055204783999,0.875,4.23410650459726,68.0,united states,2016,2.905388167525964,1.3287183370712956
1.2405811560208588,19.60427310067612,0.012499229,98.95233917,4.355,0.4546,0.7706999999999999,0.0028660732097,0.8125,4.204692619390966,66.0,united states,2017,3.156639122827749,1.0480534965632167
1.3778853717119592,19.61013743140944,0.009997919,99.27558136,3.896,0.4581,0.7605666600000001,0.0023938351392194,0.8125,4.343805421853684,76.0,united states,2018,3.123572791091986,1.2202326307616982
1.276430758992063,19.61528851694395,0.009991705,100.0634308,3.669,0.4567,0.7605666600000001,0.0023923473004446,0.8125,4.290459441148391,72.0,united states,2019,3.120517031864723,1.169942409283668
-1.1515301570537586,19.61937279259919,0.004996183,100.509819,8.055,0.4461,0.7353,0.0013224896401,0.6875,4.6443908991413725,103.0,united states,2020,3.6767641809481715,0.967626718193201
1.883724326949657,14.980635979440498,0.002694947,105.2914696,11.93,0.4842,0.5825,0.0011251403725,0.6875,0.6931471805599453,1.0,uruguay,1996,0.6270154343273531,0.06613174623259221
1.7081767706877873,14.990861949561804,0.002694947,105.2914696,9.362,0.4842,0.62,0.00102407986,0.875,0.0,0.0,uruguay,1998,-0.14132205399971043,0.14132205399971043
-1.0749787486873077,14.999139930785793,0.002694947,96.85112762,12.627,0.4842,0.6075,0.0010577666975,0.8125,0.0,0.0,uruguay,2000,0.21243295780029836,-0.21243295780029836
-2.1669952649585427,15.00300879884082,0.002694947,105.9184189,16.648,0.4965,0.5825,0.0011251403725,0.6875,0.0,0.0,uruguay,2002,0.7098664217563389,-0.7098664217563389
0.5907178735982368,15.003715805137748,0.002694947,109.8031921,16.661,0.5128,0.5825,0.0011251403725,0.6875,0.0,0.0,uruguay,2003,0.6705182093217263,-0.6705182093217263
1.792452621609095,15.004313580772154,0.002694947,108.2588577,12.98,0.5022,0.5775,0.0011386151075,0.6875,0.0,0.0,uruguay,2004,0.6222447629933483,-0.6222447629933483
2.135364791699479,15.005112189901237,0.002694947,102.7509537,12.009,0.489,0.5725,0.0011520898425,0.6875,0.6931471805599453,1.0,uruguay,2005,0.6207822423639542,0.0723649381959911
1.6289615506203587,15.0062482634889,0.010247957,102.3182831,10.844,0.4931,0.64056666,0.0036834574126863,0.8125,0.0,0.0,uruguay,2006,0.25781654817667365,-0.25781654817667365
2.020422539267966,15.007963462307616,0.007409602,92.91506195,9.403,0.4972,0.65806666,0.0025335899599306,0.8125,0.0,0.0,uruguay,2007,0.3691497566491223,-0.3691497566491223
2.1012207271648924,15.010092808732493,0.004102528,88.04734039,8.025,0.4968,0.67136666,0.0013482274790835,0.8125,0.0,0.0,uruguay,2008,0.44080253279453785,-0.44080253279453785
1.6569881072067476,15.012486541528917,0.004380738,89.2928772,7.74,0.4807,0.67136666,0.0014396565606049,0.8125,0.0,0.0,uruguay,2009,0.4278490982139309,-0.4278490982139309
2.175139106781696,15.015047839888584,0.002916023,98.66429901,7.158,0.4685,0.6465,0.0010308141305,0.6875,0.0,0.0,uruguay,2010,0.8679278511731064,-0.8679278511731064
1.8184229878999143,15.017529254264153,0.002455418,101.5601807,6.307,0.4499,0.64696666,0.0008668444176361,0.6875,0.0,0.0,uruguay,2011,0.8423143920234465,-0.8423143920234465
1.5125257687906135,15.020103769797666,0.002694947,102.9772263,6.451,0.4293,0.65946666,0.0009177193030329,0.75,0.0,0.0,uruguay,2012,0.5741282585897955,-0.5741282585897955
1.729447556956097,15.023078292777448,0.003063146,104.6645203,6.444,0.4389,0.65446666,0.0010584190682876,0.75,0.0,0.0,uruguay,2013,0.5510060629885485,-0.5510060629885485
1.4442781413346164,15.026360162803162,0.002115371,106.469368,6.547,0.4332,0.65446666,0.0007309312069691,0.75,0.0,0.0,uruguay,2014,0.5437104123650995,-0.5437104123650995
0.3153516577511353,15.029834998748123,0.002163831,108.0432968,7.488,0.443,0.65446666,0.0007476757526255,0.75,0.0,0.0,uruguay,2015,0.5582788207251377,-0.5582788207251377
0.9894661833656052,15.033174410699615,0.001253963,112.0325775,7.841,0.446,0.72363334,0.0003465535660735,0.8125,0.6931471805599453,1.0,uruguay,2016,0.4813007557156379,0.21184642484430738
1.008095295635102,15.035879901330455,0.001175442,116.472847,7.89,0.4551,0.7233,0.0003252448013999,0.8125,0.0,0.0,uruguay,2017,0.46086886978163455,-0.46086886978163455
0.152530175232937,15.03767734346756,0.000902214,117.7690582,8.336,0.4607,0.7250333400000001,0.0002480787701852,0.8125,0.0,0.0,uruguay,2018,0.4747045145667943,-0.4747045145667943
0.6566653066799205,15.038464181406296,0.001317269,119.8485332,8.836,0.452,0.7250333400000001,0.0003622050572515,0.8125,0.0,0.0,uruguay,2019,0.45581023652258046,-0.45581023652258046
-2.123138646905389,15.038982708307154,0.002766145,116.9918289,10.413,0.4504,0.70156666,0.0008255098912742,0.6875,0.0,0.0,uruguay,2020,1.0178134421011675,-1.0178134421011675
0.9932517741213944,16.96619242070387,0.932181709,91.74183719,4.975,0.4194,0.06,0.87625080646,0.125,0.0,0.0,uzbekistan,1996,1.0037000785639962,-1.0037000785639962
1.6677068207467554,16.99917072672034,0.797930157,91.74183719,4.975,0.4806,0.0349999999999999,0.770002601505,0.0,0.0,0.0,uzbekistan,1998,1.7709878597985258,-1.7709878597985258
1.5758811289052577,17.025832099051964,0.937522293,85.34689331,0.4,0.4485,0.0349999999999999,0.904709012745,0.0,0.0,0.0,uzbekistan,2000,1.5445410840590064,-1.5445410840590064
1.6041214434243425,17.05025898395699,0.931025232,91.74183719,0.4,0.4406,0.06,0.8751637180799999,0.125,0.0,0.0,uzbekistan,2002,1.0287431783304049,-1.0287431783304049
1.654913519427747,17.06243958620924,0.933338186,95.44661713,0.3,0.4482,0.0349999999999999,0.9006713494899999,0.0,0.0,0.0,uzbekistan,2003,1.5105248669636688,-1.5105248669636688
2.1340481628951697,17.07473534389004,0.932181709,96.29509735,0.4,0.4482,0.0475,0.8879030778225,0.0625,1.791759469228055,5.0,uzbekistan,2004,1.2613782528288684,0.5303812163991866
2.0731728338230635,17.087243541746197,0.932181709,87.86533356,0.3,0.4482,0.0475,0.8879030778225,0.0625,1.0986122886681098,2.0,uzbekistan,2005,1.3175260992113407,-0.2189138105432309
2.1343342942632457,17.10013831748601,0.932181709,88.727211,0.2,0.4482,0.09233334,0.8461102583211219,0.125,0.0,0.0,uzbekistan,2006,1.1943679077149552,-1.1943679077149552
2.3488010233315086,17.114158617008275,0.932181709,89.76821899,4.99,0.4482,0.09858334,0.8402841226398718,0.15625,0.0,0.0,uzbekistan,2007,1.099037415120232,-1.099037415120232
2.305496951216992,17.129506544584512,0.932181709,88.23036957,4.89,0.4482,0.1041,0.8351415930931,0.1875,0.0,0.0,uzbekistan,2008,0.9888909634852865,-0.9888909634852865
2.202867882449545,17.145545895756676,0.932181709,89.04360199,5.04,0.4482,0.0666,0.8700984071805999,0.125,1.0986122886681098,2.0,uzbekistan,2009,1.146889848059241,-0.04827755939113132
2.1514328421655864,17.16138925597404,0.932181709,89.98355865,5.36,0.4482,0.0991,0.8398025016381,0.3125,0.0,0.0,uzbekistan,2010,0.3866205732178736,-0.3866205732178736
2.1430194328883125,17.176691072293167,0.932181709,89.78317261,4.96,0.4482,0.0940999999999999,0.8444634101831,0.3125,0.0,0.0,uzbekistan,2011,0.374339416343038,-0.374339416343038
2.092165854035733,17.19179702320951,0.932181709,92.0473723,4.87,0.4482,0.09396666,0.844587707292178,0.3125,0.0,0.0,uzbekistan,2012,0.36862675648097354,-0.36862675648097354
2.1158398103371336,17.20746757868497,0.932181709,92.06266764,4.86,0.4482,0.09396666,0.844587707292178,0.3125,0.0,0.0,uzbekistan,2013,0.3767119312492102,-0.3767119312492102
2.063545674277012,17.22411361645009,0.932181709,91.74183719,5.09,0.4482,0.10383334,0.835390168667622,0.3125,0.0,0.0,uzbekistan,2014,0.4276297036840149,-0.4276297036840149
2.106420989662921,17.24137931621896,0.932181709,92.24281249,5.15,0.4482,0.1129999999999999,0.826845175883,0.375,0.6931471805599453,1.0,uzbekistan,2015,0.17227866469846176,0.5208685158614835
1.9361701258002373,17.258635530749462,0.932181709,92.81486579,5.16,0.4453,0.1505,0.7918883617955,0.5625,0.0,0.0,uzbekistan,2016,-0.5681598633172398,0.5681598633172398
1.6855235025117898,17.275579779158274,0.932181709,93.87757366,5.83,0.4488,0.15966666,0.783343369010878,0.5,0.0,0.0,uzbekistan,2017,-0.2242184717385307,0.2242184717385307
1.8808679931531376,17.292850466859083,0.932181709,94.94650965,9.35,0.4488,0.18173334,0.7627732135365218,0.5,0.0,0.0,uzbekistan,2018,-0.11595124085873576,0.11595124085873576
2.0515465691194468,17.310947910597882,0.932181709,96.20747375,8.98,0.4488,0.18173334,0.7627732135365218,0.5,0.0,0.0,uzbekistan,2019,-0.11748187110862385,0.11748187110862385
0.9413121774174348,17.32963097719332,0.932181709,90.06429702,5.293,0.4488,0.1483,0.7939391615553,0.4375,0.0,0.0,uzbekistan,2020,0.08425502761985215,-0.08425502761985215
1.9766536153246648,16.013185478325294,0.56060181,85.67661285,15.3,0.546,0.15,0.4765115384999999,0.375,1.6094379124341005,4.0,zambia,1996,0.41329608944644514,1.1961418229876553
-0.3262387281484757,16.06494895587378,0.56623684,85.67661285,12.0,0.5562,0.125,0.4954572349999999,0.25,0.0,0.0,zambia,1998,0.940270535353021,-0.940270535353021
1.588688717656241,16.119857298345977,0.679815678,85.67661285,12.93,0.5352,0.15,0.5778433263,0.375,2.19722457733622,8.0,zambia,2000,0.2600837714549724,1.9371408058812476
1.7058410002513784,16.180877943328554,0.679815678,85.67661285,9.909,0.5143,0.15,0.5778433263,0.375,0.6931471805599453,1.0,zambia,2002,0.26155438465002256,0.4315927959099227
2.0725395252193146,16.211913444981484,0.679815678,85.67661285,9.909,0.558,0.15,0.5778433263,0.375,0.0,0.0,zambia,2003,0.2992362399525207,-0.2992362399525207
2.0834827543440384,16.24368802530876,0.689310164,85.67661285,9.909,0.6016,0.15,0.5859136394,0.375,0.0,0.0,zambia,2004,0.3251984740027699,-0.3251984740027699
2.108466100146352,16.27670665445045,0.679815678,85.67661285,15.9,0.6029,0.18,0.55744885596,0.375,0.0,0.0,zambia,2005,0.509101348184463,-0.509101348184463
2.1864662967851345,16.31115551190131,0.719630278,85.67661285,9.909,0.6042,0.3566666599999999,0.4629621503108685,0.625,0.0,0.0,zambia,2006,-0.09362532046831817,0.09362532046831817
2.2356368702161262,16.346432573345478,0.679815678,85.67661285,9.909,0.5986,0.3566666599999999,0.4373480907121045,0.625,0.0,0.0,zambia,2007,-0.01656013244708432,0.01656013244708432
2.171780928385854,16.382098956079894,0.679815678,85.67661285,7.93,0.5929,0.3316666599999999,0.4543434826621045,0.5,0.0,0.0,zambia,2008,0.4878936248870781,-0.4878936248870781
2.3243806748011404,16.417488138069974,0.679815678,85.67661285,9.909,0.5872,0.3566666599999999,0.4373480907121045,0.625,0.0,0.0,zambia,2009,0.014599388917093226,-0.014599388917093226
2.424645485038043,16.45210736297007,0.713671926,85.67661285,13.19,0.5816,0.3595333399999999,0.4570830747809872,0.625,0.0,0.0,zambia,2010,0.007972614191378957,-0.007972614191378957
1.8824000045571776,16.48536011746327,0.679815678,85.67661285,9.909,0.5864,0.41293334,0.3990971194990954,0.625,0.0,0.0,zambia,2011,0.2670619060528805,-0.2670619060528805
2.151457627694987,16.517786117873747,0.679815678,85.67661285,7.85,0.5912,0.4133999999999999,0.3987798767148,0.625,0.0,0.0,zambia,2012,0.27371599144281467,-0.27371599144281467
1.801303273566126,16.549813000331977,0.679815678,85.67661285,9.909,0.596,0.4234,0.3919817199347999,0.625,0.0,0.0,zambia,2013,0.347440560468939,-0.347440560468939
1.7392870877096949,16.58153503259498,0.679815678,85.67661285,9.909,0.6008,0.4025999999999999,0.4061218860372,0.625,0.0,0.0,zambia,2014,0.28943857775195436,-0.28943857775195436
1.366187341060934,16.612736403450043,0.678928365,85.67661285,11.888,0.6057,0.40186666,0.406089690578189,0.625,0.0,0.0,zambia,2015,0.3233983426034641,-0.3233983426034641
1.559217792935695,16.64367730700112,0.679815678,85.67661285,9.909,0.599,0.39993334,0.4079347233130954,0.625,0.0,0.0,zambia,2016,0.3136415460897235,-0.3136415460897235
1.5098082266014374,16.674352718989415,0.679815678,85.67661285,4.529,0.5923,0.37286666,0.4263350767285045,0.5,1.0986122886681098,2.0,zambia,2017,0.7858665072918849,0.3127457813762249
1.6163130041372231,16.704412903469308,0.679815678,85.67661285,5.032,0.5857,0.3724,0.4266523195127999,0.5,0.0,0.0,zambia,2018,0.7987571680336583,-0.7987571680336583
0.8925331526637929,16.734029118463276,0.679815678,85.67661285,5.538,0.579,0.36393334,0.4324080877210954,0.5,0.0,0.0,zambia,2019,0.7890848426984008,-0.7890848426984008
-1.3310604350002324,16.763070766286322,0.679815678,85.67661285,6.032,0.5723,0.3524,0.4402486330727999,0.5,0.0,0.0,zambia,2020,0.7816799173270744,-0.7816799173270744
2.430163416461944,16.227699640332613,0.446568731,40.53300858,5.071,0.5082,0.1775,0.3673027812475,0.3125,0.0,0.0,zimbabwe,1996,1.2888694234045226,-1.2888694234045226
1.35719895622321,16.266023983501302,0.446568731,40.99541855,5.071,0.5082,0.06,0.41977460714,0.0,0.0,0.0,zimbabwe,1998,2.3701273535506173,-2.3701273535506173
-1.400965660840369,16.291381172137136,0.446568731,40.01792908,5.071,0.5082,0.06,0.41977460714,0.0,0.6931471805599453,1.0,zimbabwe,2000,2.415684311505988,-1.7225371309460424
-2.291929812380173,16.307695159096863,0.446568731,41.45782852,5.071,0.5082,0.06,0.41977460714,0.0,2.19722457733622,8.0,zimbabwe,2002,2.4244902710739784,-0.2272656937377584
-2.890098017099238,16.319592514140826,0.446568731,39.10110092,5.071,0.5082,0.06,0.41977460714,0.0,0.6931471805599453,1.0,zimbabwe,2003,2.4504026625263666,-1.7572554819664212
-1.918030768831966,16.330452999775975,0.446568731,40.99541855,4.39,0.5082,0.06,0.41977460714,0.0,0.0,0.0,zimbabwe,2004,2.4317323717869916,-2.4317323717869916
-1.903766658529432,16.33991296320616,0.446568731,40.99541855,5.071,0.5082,0.06,0.41977460714,0.0,0.0,0.0,zimbabwe,2005,2.4409197837745635,-2.4409197837745635
-1.4954632688129403,16.352095736260964,0.446568731,40.99541855,5.071,0.5082,0.1874666599999999,0.3628519825389915,0.375,0.6931471805599453,1.0,zimbabwe,2006,1.1300802459388168,-0.43693306537887155
-1.5375660968330451,16.365272787996293,0.446568731,40.99541855,5.071,0.5082,0.1874666599999999,0.3628519825389915,0.375,0.6931471805599453,1.0,zimbabwe,2007,1.1375939093779222,-0.44444672881797687
-2.926864329977509,16.377312660317767,0.446568731,40.99541855,5.071,0.5082,0.1193666599999999,0.3932633131200915,0.3125,1.791759469228055,5.0,zimbabwe,2008,1.2037092691901532,0.5880502000379018
2.658303402904321,16.391383953336643,0.446568731,40.99541855,5.071,0.5082,0.1193666599999999,0.3932633131200915,0.3125,0.0,0.0,zimbabwe,2009,1.1583881131057494,-1.1583881131057494
3.0289449601832854,16.407517384322183,0.446568731,40.99541855,5.071,0.5082,0.1200999999999999,0.3929358264069,0.3125,0.6931471805599453,1.0,zimbabwe,2010,1.1662867266168815,-0.4731395460569362
2.7208950635065947,16.425243897053274,0.35717,40.99541855,5.368,0.5082,0.1203666599999999,0.3141786400478,0.3125,0.6931471805599453,1.0,zimbabwe,2011,1.3279178212168115,-0.6347706406568662
2.8716095680904696,16.44147454262822,0.446568731,75.86481098,5.071,0.5101,0.1078,0.3984286217982,0.25,0.0,0.0,zimbabwe,2012,1.2345302829284155,-1.2345302829284155
1.0951013123978717,16.455553758591822,0.446568731,52.41585159,5.071,0.512,0.10446666,0.3999171872119915,0.25,1.3862943611198906,3.0,zimbabwe,2013,1.3852717186780386,0.0010226424418520175
1.2169834822886454,16.469270698154485,0.446568731,40.99541855,4.774,0.514,0.1352,0.3861926385688,0.375,0.6931471805599453,1.0,zimbabwe,2014,0.9766554483227382,-0.2835082677627929
1.0223982514950347,16.482670289979676,0.446568731,40.99541855,5.071,0.5159,0.137,0.385388814853,0.375,0.0,0.0,zimbabwe,2015,0.9952587599837185,-0.9952587599837185
0.5629212098614629,16.49655229195389,0.446568731,40.99541855,5.071,0.5178,0.1245,0.3909709239905,0.3125,0.0,0.0,zimbabwe,2016,1.2592812297217197,-1.2592812297217197
1.746485073645024,16.51098082917964,0.446568731,40.99541855,5.071,0.5198,0.12023334,0.3928762809323085,0.3125,1.3862943611198906,3.0,zimbabwe,2017,1.2412688267524448,0.1450255343674458
1.7934116940525888,16.525854991967076,0.446568731,40.99541855,5.071,0.5523,0.10523334,0.3995748118973085,0.1875,1.0986122886681098,2.0,zimbabwe,2018,1.8060362884146122,-0.7074239997465024
-1.9923096701583043,16.541490326090443,0.492198937,40.99541855,7.373,0.5848,0.07106666,0.4572200024918595,0.125,1.0986122886681098,2.0,zimbabwe,2019,1.9785649240872452,-0.8799526354191354
-2.1766760735032817,16.558083853100246,0.446568731,40.99541855,5.071,0.5848,0.07106666,0.4148325828273915,0.125,0.6931471805599453,1.0,zimbabwe,2020,2.0505581539195514,-1.357410973359606
